row_id,source,masked,id,var_key,sel_group,color_idx,x,y
0,imagenet,1,ILSVRC2012_val_00000043.JPEG,,,,-13.75466728,21.37356949
1,imagenet,1,ILSVRC2012_val_00000072.JPEG,,,,-9.18647289,-31.84515572
2,imagenet,1,ILSVRC2012_val_00000085.JPEG,,,,60.89460754,-0.06071992
3,imagenet,1,ILSVRC2012_val_00000107.JPEG,,,,52.05489731,3.07644105
4,imagenet,1,ILSVRC2012_val_00000164.JPEG,,,,-4.47376204,42.71230316
5,imagenet,1,ILSVRC2012_val_00000210.JPEG,,,,-9.73719597,-30.92964554
6,imagenet,1,ILSVRC2012_val_00000279.JPEG,,,,-12.69476032,9.34879684
7,imagenet,1,ILSVRC2012_val_00000294.JPEG,,,,-18.24315643,-35.75725174
8,imagenet,1,ILSVRC2012_val_00000303.JPEG,,,,-28.09767151,27.16840553
9,imagenet,1,ILSVRC2012_val_00000319.JPEG,,,,17.32425499,-6.24661112
10,imagenet,1,ILSVRC2012_val_00000343.JPEG,,,,-37.33478165,0.69404018
11,imagenet,1,ILSVRC2012_val_00000361.JPEG,,,,35.26039124,25.32450867
12,imagenet,1,ILSVRC2012_val_00000397.JPEG,,,,-19.98473740,19.00541687
13,imagenet,1,ILSVRC2012_val_00000453.JPEG,,,,-13.71470165,-25.67529678
14,imagenet,1,ILSVRC2012_val_00000460.JPEG,,,,-25.02234650,-5.62035894
15,imagenet,1,ILSVRC2012_val_00000464.JPEG,,,,42.65317154,-5.15006304
16,imagenet,1,ILSVRC2012_val_00000472.JPEG,,,,-37.88936234,17.77142334
17,imagenet,1,ILSVRC2012_val_00000498.JPEG,,,,53.14049530,-0.26826519
18,imagenet,1,ILSVRC2012_val_00000500.JPEG,,,,-34.98313904,-9.36555099
19,imagenet,1,ILSVRC2012_val_00000507.JPEG,,,,-22.49897385,-12.84803200
20,imagenet,1,ILSVRC2012_val_00000547.JPEG,,,,50.24751663,14.05395889
21,imagenet,1,ILSVRC2012_val_00000559.JPEG,,,,-48.41722870,-1.21901107
22,imagenet,1,ILSVRC2012_val_00000620.JPEG,,,,-3.68395472,-17.31526566
23,imagenet,1,ILSVRC2012_val_00000650.JPEG,,,,-37.14593506,13.12959671
24,imagenet,1,ILSVRC2012_val_00000651.JPEG,,,,57.85777664,1.34645641
25,imagenet,1,ILSVRC2012_val_00000652.JPEG,,,,-39.69135666,-1.18347633
26,imagenet,1,ILSVRC2012_val_00000660.JPEG,,,,-35.05880356,-24.37383652
27,imagenet,1,ILSVRC2012_val_00000724.JPEG,,,,23.37624550,-24.87821007
28,imagenet,1,ILSVRC2012_val_00000728.JPEG,,,,-23.54208374,23.50128555
29,imagenet,1,ILSVRC2012_val_00000746.JPEG,,,,2.69298434,27.17926407
30,imagenet,1,ILSVRC2012_val_00000790.JPEG,,,,-28.06213951,7.38722849
31,imagenet,1,ILSVRC2012_val_00000810.JPEG,,,,0.88427556,11.24019241
32,imagenet,1,ILSVRC2012_val_00000824.JPEG,,,,49.30593872,-4.06684113
33,imagenet,1,ILSVRC2012_val_00000842.JPEG,,,,-45.55653763,-1.20430768
34,imagenet,1,ILSVRC2012_val_00000875.JPEG,,,,-13.80149078,15.63779354
35,imagenet,1,ILSVRC2012_val_00000898.JPEG,,,,28.69646645,22.40403557
36,imagenet,1,ILSVRC2012_val_00000940.JPEG,,,,-11.53250694,4.42100811
37,imagenet,1,ILSVRC2012_val_00000963.JPEG,,,,-26.55447006,23.17885780
38,imagenet,1,ILSVRC2012_val_00000997.JPEG,,,,-7.30315113,12.79860497
39,imagenet,1,ILSVRC2012_val_00001006.JPEG,,,,-44.45914459,13.95940971
40,imagenet,1,ILSVRC2012_val_00001033.JPEG,,,,-23.32893753,29.48004532
41,imagenet,1,ILSVRC2012_val_00001051.JPEG,,,,-35.82058334,17.72294044
42,imagenet,1,ILSVRC2012_val_00001060.JPEG,,,,-10.61533833,26.92948723
43,imagenet,1,ILSVRC2012_val_00001085.JPEG,,,,11.67381954,-25.89939308
44,imagenet,1,ILSVRC2012_val_00001095.JPEG,,,,-30.17187309,-29.56437492
45,imagenet,1,ILSVRC2012_val_00001106.JPEG,,,,33.21519852,-21.91752434
46,imagenet,1,ILSVRC2012_val_00001124.JPEG,,,,32.63645172,7.64066792
47,imagenet,1,ILSVRC2012_val_00001140.JPEG,,,,28.91820526,4.50404596
48,imagenet,1,ILSVRC2012_val_00001161.JPEG,,,,-49.28225327,-10.66364098
49,imagenet,1,ILSVRC2012_val_00001164.JPEG,,,,41.28265762,1.69836605
50,imagenet,1,ILSVRC2012_val_00001189.JPEG,,,,-30.30641747,12.63105965
51,imagenet,1,ILSVRC2012_val_00001232.JPEG,,,,41.77243423,10.68455601
52,imagenet,1,ILSVRC2012_val_00001252.JPEG,,,,53.86737061,-9.85149574
53,imagenet,1,ILSVRC2012_val_00001281.JPEG,,,,-17.14275551,-36.12939072
54,imagenet,1,ILSVRC2012_val_00001303.JPEG,,,,-55.66068268,-3.88607597
55,imagenet,1,ILSVRC2012_val_00001349.JPEG,,,,39.19279861,1.09636807
56,imagenet,1,ILSVRC2012_val_00001352.JPEG,,,,-33.71313477,18.09570885
57,imagenet,1,ILSVRC2012_val_00001355.JPEG,,,,-7.54125929,18.45160484
58,imagenet,1,ILSVRC2012_val_00001356.JPEG,,,,6.91046190,8.98153973
59,imagenet,1,ILSVRC2012_val_00001368.JPEG,,,,-37.84880066,-10.18602371
60,imagenet,1,ILSVRC2012_val_00001378.JPEG,,,,-6.48249960,44.14646530
61,imagenet,1,ILSVRC2012_val_00001396.JPEG,,,,60.44203186,-3.21152449
62,imagenet,1,ILSVRC2012_val_00001397.JPEG,,,,5.98749208,-11.37722111
63,imagenet,1,ILSVRC2012_val_00001415.JPEG,,,,-24.12082863,-19.70755196
64,imagenet,1,ILSVRC2012_val_00001418.JPEG,,,,-10.79542637,-36.26163483
65,imagenet,1,ILSVRC2012_val_00001428.JPEG,,,,17.70333862,-28.39899635
66,imagenet,1,ILSVRC2012_val_00001439.JPEG,,,,42.03056335,26.88375282
67,imagenet,1,ILSVRC2012_val_00001477.JPEG,,,,14.90984249,4.24554825
68,imagenet,1,ILSVRC2012_val_00001484.JPEG,,,,-10.31850529,11.84857082
69,imagenet,1,ILSVRC2012_val_00001495.JPEG,,,,-46.34485626,-23.64144707
70,imagenet,1,ILSVRC2012_val_00001544.JPEG,,,,18.91377449,-30.58321190
71,imagenet,1,ILSVRC2012_val_00001556.JPEG,,,,17.61318207,-27.62169456
72,imagenet,1,ILSVRC2012_val_00001639.JPEG,,,,59.42387009,0.28309625
73,imagenet,1,ILSVRC2012_val_00001689.JPEG,,,,58.31583786,5.81509686
74,imagenet,1,ILSVRC2012_val_00001695.JPEG,,,,11.74929237,-10.95065022
75,imagenet,1,ILSVRC2012_val_00001719.JPEG,,,,-40.54247284,29.87393379
76,imagenet,1,ILSVRC2012_val_00001758.JPEG,,,,3.42170429,24.76027870
77,imagenet,1,ILSVRC2012_val_00001776.JPEG,,,,-23.02669144,16.20359421
78,imagenet,1,ILSVRC2012_val_00001797.JPEG,,,,-14.93087101,-33.11672592
79,imagenet,1,ILSVRC2012_val_00001800.JPEG,,,,33.63079834,-10.61500740
80,imagenet,1,ILSVRC2012_val_00001876.JPEG,,,,12.05732632,42.16967392
81,imagenet,1,ILSVRC2012_val_00001892.JPEG,,,,47.29863739,-13.26196289
82,imagenet,1,ILSVRC2012_val_00001917.JPEG,,,,49.15436554,18.65487289
83,imagenet,1,ILSVRC2012_val_00001930.JPEG,,,,10.31600189,45.35854721
84,imagenet,1,ILSVRC2012_val_00001950.JPEG,,,,-52.39078140,-3.01366997
85,imagenet,1,ILSVRC2012_val_00001953.JPEG,,,,-6.63731670,-25.36864662
86,imagenet,1,ILSVRC2012_val_00001984.JPEG,,,,-35.93645096,0.51774263
87,imagenet,1,ILSVRC2012_val_00002025.JPEG,,,,-16.82199287,34.60220337
88,imagenet,1,ILSVRC2012_val_00002039.JPEG,,,,2.47931433,-20.01106834
89,imagenet,1,ILSVRC2012_val_00002073.JPEG,,,,49.09507370,15.62632656
90,imagenet,1,ILSVRC2012_val_00002136.JPEG,,,,-18.26282883,13.03227520
91,imagenet,1,ILSVRC2012_val_00002186.JPEG,,,,33.08111191,-22.21580315
92,imagenet,1,ILSVRC2012_val_00002200.JPEG,,,,-31.50623512,-20.16622734
93,imagenet,1,ILSVRC2012_val_00002233.JPEG,,,,37.92431259,1.48464429
94,imagenet,1,ILSVRC2012_val_00002254.JPEG,,,,-14.40344429,-36.84456253
95,imagenet,1,ILSVRC2012_val_00002260.JPEG,,,,0.62892157,38.87255478
96,imagenet,1,ILSVRC2012_val_00002263.JPEG,,,,18.35905457,41.78891754
97,imagenet,1,ILSVRC2012_val_00002272.JPEG,,,,-19.97692680,-8.09574509
98,imagenet,1,ILSVRC2012_val_00002279.JPEG,,,,41.54824066,4.71644831
99,imagenet,1,ILSVRC2012_val_00002287.JPEG,,,,16.58195686,-21.26614952
100,imagenet,1,ILSVRC2012_val_00002293.JPEG,,,,-50.78538132,5.70239162
101,imagenet,1,ILSVRC2012_val_00002321.JPEG,,,,21.96903229,27.57429886
102,imagenet,1,ILSVRC2012_val_00002323.JPEG,,,,-24.92037964,36.20285416
103,imagenet,1,ILSVRC2012_val_00002378.JPEG,,,,40.67036438,5.43125343
104,imagenet,1,ILSVRC2012_val_00002397.JPEG,,,,25.21164894,35.73777008
105,imagenet,1,ILSVRC2012_val_00002431.JPEG,,,,-39.55268860,-22.67871666
106,imagenet,1,ILSVRC2012_val_00002455.JPEG,,,,-14.32079697,-37.46908188
107,imagenet,1,ILSVRC2012_val_00002486.JPEG,,,,-19.71125031,17.74298286
108,imagenet,1,ILSVRC2012_val_00002509.JPEG,,,,27.73257256,26.93478775
109,imagenet,1,ILSVRC2012_val_00002559.JPEG,,,,49.26868439,14.36654186
110,imagenet,1,ILSVRC2012_val_00002584.JPEG,,,,-28.57901764,-8.29827881
111,imagenet,1,ILSVRC2012_val_00002624.JPEG,,,,-10.03117752,13.57821751
112,imagenet,1,ILSVRC2012_val_00002645.JPEG,,,,-52.20145035,11.37225056
113,imagenet,1,ILSVRC2012_val_00002646.JPEG,,,,48.89889526,-12.43009186
114,imagenet,1,ILSVRC2012_val_00002660.JPEG,,,,35.16733932,-16.53206253
115,imagenet,1,ILSVRC2012_val_00002690.JPEG,,,,-40.27989960,28.71809959
116,imagenet,1,ILSVRC2012_val_00002749.JPEG,,,,-12.35852146,-8.19097614
117,imagenet,1,ILSVRC2012_val_00002759.JPEG,,,,13.79773712,44.80484772
118,imagenet,1,ILSVRC2012_val_00002762.JPEG,,,,-20.12988663,-27.81272125
119,imagenet,1,ILSVRC2012_val_00002805.JPEG,,,,-6.26899767,-28.92127037
120,imagenet,1,ILSVRC2012_val_00002811.JPEG,,,,-11.82670975,-21.65743828
121,imagenet,1,ILSVRC2012_val_00002830.JPEG,,,,41.33694458,-3.84248805
122,imagenet,1,ILSVRC2012_val_00002912.JPEG,,,,-35.78506470,-8.10531902
123,imagenet,1,ILSVRC2012_val_00002954.JPEG,,,,28.69015503,30.23477364
124,imagenet,1,ILSVRC2012_val_00002957.JPEG,,,,-48.04762650,-7.77525187
125,imagenet,1,ILSVRC2012_val_00002981.JPEG,,,,25.32258415,3.57695055
126,imagenet,1,ILSVRC2012_val_00002986.JPEG,,,,-20.84995651,-37.82418823
127,imagenet,1,ILSVRC2012_val_00002996.JPEG,,,,35.48051453,32.05520248
128,imagenet,1,ILSVRC2012_val_00003008.JPEG,,,,-2.20622635,12.23544025
129,imagenet,1,ILSVRC2012_val_00003016.JPEG,,,,24.68752098,36.75413513
130,imagenet,1,ILSVRC2012_val_00003132.JPEG,,,,-13.10947704,29.63408470
131,imagenet,1,ILSVRC2012_val_00003135.JPEG,,,,-43.79948044,-16.13683891
132,imagenet,1,ILSVRC2012_val_00003177.JPEG,,,,-11.22956085,15.14274120
133,imagenet,1,ILSVRC2012_val_00003195.JPEG,,,,-34.96268463,-17.33623314
134,imagenet,1,ILSVRC2012_val_00003220.JPEG,,,,5.81251860,-16.58984184
135,imagenet,1,ILSVRC2012_val_00003231.JPEG,,,,-44.89209747,-20.06757355
136,imagenet,1,ILSVRC2012_val_00003294.JPEG,,,,33.07736588,13.99235630
137,imagenet,1,ILSVRC2012_val_00003304.JPEG,,,,-2.15940905,43.28915787
138,imagenet,1,ILSVRC2012_val_00003309.JPEG,,,,-35.90280151,12.85356236
139,imagenet,1,ILSVRC2012_val_00003411.JPEG,,,,45.76637268,0.96356851
140,imagenet,1,ILSVRC2012_val_00003413.JPEG,,,,46.33215332,8.91629696
141,imagenet,1,ILSVRC2012_val_00003431.JPEG,,,,21.85206604,3.01451349
142,imagenet,1,ILSVRC2012_val_00003447.JPEG,,,,-25.75441170,38.15322876
143,imagenet,1,ILSVRC2012_val_00003467.JPEG,,,,-46.16279602,-9.15226460
144,imagenet,1,ILSVRC2012_val_00003491.JPEG,,,,36.35442734,-21.93453217
145,imagenet,1,ILSVRC2012_val_00003568.JPEG,,,,-21.75038338,29.86597061
146,imagenet,1,ILSVRC2012_val_00003600.JPEG,,,,-2.60489702,18.23427391
147,imagenet,1,ILSVRC2012_val_00003603.JPEG,,,,34.52406311,1.25978637
148,imagenet,1,ILSVRC2012_val_00003619.JPEG,,,,13.12021351,44.16570663
149,imagenet,1,ILSVRC2012_val_00003653.JPEG,,,,19.32564354,30.95003700
150,imagenet,1,ILSVRC2012_val_00003657.JPEG,,,,-43.64667892,8.06302643
151,imagenet,1,ILSVRC2012_val_00003693.JPEG,,,,-18.30232048,-16.57606506
152,imagenet,1,ILSVRC2012_val_00003735.JPEG,,,,39.85582352,-3.38498473
153,imagenet,1,ILSVRC2012_val_00003736.JPEG,,,,-22.06129074,31.57556343
154,imagenet,1,ILSVRC2012_val_00003771.JPEG,,,,-8.63764572,-35.39291000
155,imagenet,1,ILSVRC2012_val_00003772.JPEG,,,,-25.72326851,-6.60318995
156,imagenet,1,ILSVRC2012_val_00003819.JPEG,,,,35.86086273,-2.39789200
157,imagenet,1,ILSVRC2012_val_00003825.JPEG,,,,39.78427124,15.61439896
158,imagenet,1,ILSVRC2012_val_00003832.JPEG,,,,-13.23255539,-25.09076881
159,imagenet,1,ILSVRC2012_val_00003895.JPEG,,,,-48.90055084,22.27483749
160,imagenet,1,ILSVRC2012_val_00003900.JPEG,,,,-25.53534698,-19.14114571
161,imagenet,1,ILSVRC2012_val_00003925.JPEG,,,,10.34251308,-13.24278164
162,imagenet,1,ILSVRC2012_val_00003928.JPEG,,,,28.80654907,28.26267815
163,imagenet,1,ILSVRC2012_val_00003933.JPEG,,,,24.57139778,-0.60852629
164,imagenet,1,ILSVRC2012_val_00003943.JPEG,,,,-22.65575218,-3.77346611
165,imagenet,1,ILSVRC2012_val_00003964.JPEG,,,,39.89143372,-9.89197063
166,imagenet,1,ILSVRC2012_val_00003990.JPEG,,,,30.04270554,-5.19927549
167,imagenet,1,ILSVRC2012_val_00004005.JPEG,,,,29.04041100,-14.36253548
168,imagenet,1,ILSVRC2012_val_00004030.JPEG,,,,-43.07491684,-15.72755432
169,imagenet,1,ILSVRC2012_val_00004072.JPEG,,,,14.86421299,25.93486404
170,imagenet,1,ILSVRC2012_val_00004093.JPEG,,,,-20.01561928,-36.34637070
171,imagenet,1,ILSVRC2012_val_00004100.JPEG,,,,-6.36304522,11.56788921
172,imagenet,1,ILSVRC2012_val_00004151.JPEG,,,,12.96200371,23.91183853
173,imagenet,1,ILSVRC2012_val_00004246.JPEG,,,,-17.18606567,13.17651463
174,imagenet,1,ILSVRC2012_val_00004259.JPEG,,,,-13.25342274,-18.19392967
175,imagenet,1,ILSVRC2012_val_00004268.JPEG,,,,-43.83093643,17.38549232
176,imagenet,1,ILSVRC2012_val_00004277.JPEG,,,,-46.99252701,13.45750332
177,imagenet,1,ILSVRC2012_val_00004294.JPEG,,,,-14.92347336,12.95197392
178,imagenet,1,ILSVRC2012_val_00004311.JPEG,,,,-6.65492487,-29.45476723
179,imagenet,1,ILSVRC2012_val_00004373.JPEG,,,,38.71520233,-7.51805782
180,imagenet,1,ILSVRC2012_val_00004381.JPEG,,,,52.51195908,-3.19419479
181,imagenet,1,ILSVRC2012_val_00004404.JPEG,,,,-24.69195938,-17.57235146
182,imagenet,1,ILSVRC2012_val_00004435.JPEG,,,,-27.91587830,14.40970039
183,imagenet,1,ILSVRC2012_val_00004502.JPEG,,,,-39.47376633,9.72011280
184,imagenet,1,ILSVRC2012_val_00004621.JPEG,,,,33.34787369,-14.09657955
185,imagenet,1,ILSVRC2012_val_00004629.JPEG,,,,-15.47432232,17.76265907
186,imagenet,1,ILSVRC2012_val_00004651.JPEG,,,,3.48725772,44.58396912
187,imagenet,1,ILSVRC2012_val_00004665.JPEG,,,,25.00705719,11.92399311
188,imagenet,1,ILSVRC2012_val_00004688.JPEG,,,,43.75755310,-11.95465755
189,imagenet,1,ILSVRC2012_val_00004712.JPEG,,,,-14.01000786,-13.57916164
190,imagenet,1,ILSVRC2012_val_00004720.JPEG,,,,-12.67900848,8.10621738
191,imagenet,1,ILSVRC2012_val_00004734.JPEG,,,,-13.08803368,-6.06796503
192,imagenet,1,ILSVRC2012_val_00004771.JPEG,,,,36.45999527,9.94486332
193,imagenet,1,ILSVRC2012_val_00004796.JPEG,,,,-0.13811681,41.33001709
194,imagenet,1,ILSVRC2012_val_00004800.JPEG,,,,25.23871231,3.05686903
195,imagenet,1,ILSVRC2012_val_00004887.JPEG,,,,-19.49839401,25.16542625
196,imagenet,1,ILSVRC2012_val_00005014.JPEG,,,,-42.54658127,20.00639153
197,imagenet,1,ILSVRC2012_val_00005069.JPEG,,,,-16.30786705,-36.28416443
198,imagenet,1,ILSVRC2012_val_00005094.JPEG,,,,-15.64886856,-13.90195274
199,imagenet,1,ILSVRC2012_val_00005109.JPEG,,,,32.11748886,31.56619644
200,imagenet,1,ILSVRC2012_val_00005122.JPEG,,,,36.27624512,-11.38021183
201,imagenet,1,ILSVRC2012_val_00005134.JPEG,,,,22.20164490,-24.21283913
202,imagenet,1,ILSVRC2012_val_00005172.JPEG,,,,-41.96848679,7.12763929
203,imagenet,1,ILSVRC2012_val_00005193.JPEG,,,,-46.10167694,7.51689672
204,imagenet,1,ILSVRC2012_val_00005241.JPEG,,,,-31.08172417,-7.75541162
205,imagenet,1,ILSVRC2012_val_00005262.JPEG,,,,-28.37664986,8.71162224
206,imagenet,1,ILSVRC2012_val_00005309.JPEG,,,,-38.98440552,26.48971939
207,imagenet,1,ILSVRC2012_val_00005385.JPEG,,,,26.33955765,-10.34163761
208,imagenet,1,ILSVRC2012_val_00005433.JPEG,,,,-31.45189476,-0.87080187
209,imagenet,1,ILSVRC2012_val_00005503.JPEG,,,,-25.93047714,35.48321915
210,imagenet,1,ILSVRC2012_val_00005517.JPEG,,,,23.58560181,-11.76526642
211,imagenet,1,ILSVRC2012_val_00005561.JPEG,,,,-35.37767792,-3.25344634
212,imagenet,1,ILSVRC2012_val_00005608.JPEG,,,,16.71749687,-29.33054352
213,imagenet,1,ILSVRC2012_val_00005623.JPEG,,,,24.15396881,25.18113518
214,imagenet,1,ILSVRC2012_val_00005629.JPEG,,,,-4.14277744,43.01096725
215,imagenet,1,ILSVRC2012_val_00005667.JPEG,,,,6.55469704,-20.01962662
216,imagenet,1,ILSVRC2012_val_00005669.JPEG,,,,-12.75505733,-7.21332502
217,imagenet,1,ILSVRC2012_val_00005670.JPEG,,,,-40.35868073,-25.02083969
218,imagenet,1,ILSVRC2012_val_00005712.JPEG,,,,41.01734161,-15.01218700
219,imagenet,1,ILSVRC2012_val_00005716.JPEG,,,,50.50105667,15.37291241
220,imagenet,1,ILSVRC2012_val_00005758.JPEG,,,,-39.37539291,-4.37733841
221,imagenet,1,ILSVRC2012_val_00005851.JPEG,,,,-52.45307541,6.24012136
222,imagenet,1,ILSVRC2012_val_00005915.JPEG,,,,-24.50745583,-14.06409454
223,imagenet,1,ILSVRC2012_val_00005944.JPEG,,,,-27.69509315,9.63736820
224,imagenet,1,ILSVRC2012_val_00005960.JPEG,,,,30.56576347,-28.01873016
225,imagenet,1,ILSVRC2012_val_00005986.JPEG,,,,59.49158859,-1.59057152
226,imagenet,1,ILSVRC2012_val_00005992.JPEG,,,,-5.39856577,-13.16758442
227,imagenet,1,ILSVRC2012_val_00006005.JPEG,,,,35.94130325,2.28862643
228,imagenet,1,ILSVRC2012_val_00006078.JPEG,,,,20.41237068,9.41927528
229,imagenet,1,ILSVRC2012_val_00006135.JPEG,,,,-16.42215538,37.33945465
230,imagenet,1,ILSVRC2012_val_00006137.JPEG,,,,31.86024284,21.50163651
231,imagenet,1,ILSVRC2012_val_00006144.JPEG,,,,33.63541412,-10.73523617
232,imagenet,1,ILSVRC2012_val_00006183.JPEG,,,,-18.35288811,8.66138172
233,imagenet,1,ILSVRC2012_val_00006216.JPEG,,,,24.56248474,11.92722797
234,imagenet,1,ILSVRC2012_val_00006242.JPEG,,,,11.63096142,7.34957981
235,imagenet,1,ILSVRC2012_val_00006280.JPEG,,,,-19.15148354,-28.23031807
236,imagenet,1,ILSVRC2012_val_00006324.JPEG,,,,39.56004715,-26.36291695
237,imagenet,1,ILSVRC2012_val_00006344.JPEG,,,,-2.19758868,-1.92843461
238,imagenet,1,ILSVRC2012_val_00006362.JPEG,,,,-35.94963455,11.87442398
239,imagenet,1,ILSVRC2012_val_00006385.JPEG,,,,28.07386971,21.25538826
240,imagenet,1,ILSVRC2012_val_00006390.JPEG,,,,56.18199539,3.45769072
241,imagenet,1,ILSVRC2012_val_00006398.JPEG,,,,-5.88262749,-11.40863609
242,imagenet,1,ILSVRC2012_val_00006406.JPEG,,,,-15.04919720,37.06772232
243,imagenet,1,ILSVRC2012_val_00006434.JPEG,,,,-45.59859848,28.49365425
244,imagenet,1,ILSVRC2012_val_00006450.JPEG,,,,2.37108183,-13.92604923
245,imagenet,1,ILSVRC2012_val_00006454.JPEG,,,,26.14703178,15.75712204
246,imagenet,1,ILSVRC2012_val_00006455.JPEG,,,,25.95450211,-29.80920982
247,imagenet,1,ILSVRC2012_val_00006475.JPEG,,,,-29.47345543,-18.68299103
248,imagenet,1,ILSVRC2012_val_00006476.JPEG,,,,38.31567001,-8.34433174
249,imagenet,1,ILSVRC2012_val_00006493.JPEG,,,,47.93356323,7.47669649
250,imagenet,1,ILSVRC2012_val_00006514.JPEG,,,,-14.16387463,12.36493301
251,imagenet,1,ILSVRC2012_val_00006575.JPEG,,,,-26.55194855,26.86044502
252,imagenet,1,ILSVRC2012_val_00006584.JPEG,,,,37.10650635,-18.92900467
253,imagenet,1,ILSVRC2012_val_00006599.JPEG,,,,-50.82823944,-8.35052013
254,imagenet,1,ILSVRC2012_val_00006618.JPEG,,,,50.93820953,-6.01853657
255,imagenet,1,ILSVRC2012_val_00006623.JPEG,,,,1.72306502,-4.41218281
256,imagenet,1,ILSVRC2012_val_00006631.JPEG,,,,20.43533707,-28.16761017
257,imagenet,1,ILSVRC2012_val_00006637.JPEG,,,,3.78140140,-29.69349480
258,imagenet,1,ILSVRC2012_val_00006641.JPEG,,,,-53.90878677,6.29510021
259,imagenet,1,ILSVRC2012_val_00006651.JPEG,,,,-43.06290436,-5.22814655
260,imagenet,1,ILSVRC2012_val_00006668.JPEG,,,,-28.83285713,13.46403694
261,imagenet,1,ILSVRC2012_val_00006758.JPEG,,,,32.09282684,3.09210062
262,imagenet,1,ILSVRC2012_val_00006860.JPEG,,,,-7.61269760,22.16855049
263,imagenet,1,ILSVRC2012_val_00006899.JPEG,,,,-45.50153351,5.73611546
264,imagenet,1,ILSVRC2012_val_00006956.JPEG,,,,-44.94640732,2.74510837
265,imagenet,1,ILSVRC2012_val_00006965.JPEG,,,,30.95914459,18.65117264
266,imagenet,1,ILSVRC2012_val_00006977.JPEG,,,,44.41966248,-11.43692684
267,imagenet,1,ILSVRC2012_val_00006981.JPEG,,,,50.71687317,13.66765404
268,imagenet,1,ILSVRC2012_val_00007007.JPEG,,,,-13.93797302,4.55924702
269,imagenet,1,ILSVRC2012_val_00007013.JPEG,,,,2.82217932,41.91085434
270,imagenet,1,ILSVRC2012_val_00007019.JPEG,,,,-1.19177687,2.87581372
271,imagenet,1,ILSVRC2012_val_00007027.JPEG,,,,-17.54002190,-8.05977726
272,imagenet,1,ILSVRC2012_val_00007070.JPEG,,,,47.56438828,-0.02028261
273,imagenet,1,ILSVRC2012_val_00007075.JPEG,,,,5.45016670,16.29943466
274,imagenet,1,ILSVRC2012_val_00007087.JPEG,,,,14.74435997,41.25383377
275,imagenet,1,ILSVRC2012_val_00007092.JPEG,,,,-37.98065186,3.67268944
276,imagenet,1,ILSVRC2012_val_00007127.JPEG,,,,-47.19514465,-23.82355690
277,imagenet,1,ILSVRC2012_val_00007168.JPEG,,,,-36.24066162,-17.43470955
278,imagenet,1,ILSVRC2012_val_00007195.JPEG,,,,65.47468567,-3.39186645
279,imagenet,1,ILSVRC2012_val_00007209.JPEG,,,,-0.99935555,17.81253433
280,imagenet,1,ILSVRC2012_val_00007264.JPEG,,,,-40.20912170,-7.68049288
281,imagenet,1,ILSVRC2012_val_00007265.JPEG,,,,26.69607353,27.23342323
282,imagenet,1,ILSVRC2012_val_00007293.JPEG,,,,10.90764999,-30.98490334
283,imagenet,1,ILSVRC2012_val_00007298.JPEG,,,,-1.40832388,44.43210602
284,imagenet,1,ILSVRC2012_val_00007326.JPEG,,,,58.03241730,-6.13963175
285,imagenet,1,ILSVRC2012_val_00007348.JPEG,,,,16.35797691,44.51080704
286,imagenet,1,ILSVRC2012_val_00007372.JPEG,,,,11.21040821,-29.20118523
287,imagenet,1,ILSVRC2012_val_00007461.JPEG,,,,41.77732468,-19.27765083
288,imagenet,1,ILSVRC2012_val_00007472.JPEG,,,,-56.38317871,-1.29320228
289,imagenet,1,ILSVRC2012_val_00007478.JPEG,,,,-42.26782227,7.01558971
290,imagenet,1,ILSVRC2012_val_00007495.JPEG,,,,-25.16992950,-23.21728134
291,imagenet,1,ILSVRC2012_val_00007540.JPEG,,,,42.59252167,-18.45795059
292,imagenet,1,ILSVRC2012_val_00007601.JPEG,,,,5.05375719,18.14810371
293,imagenet,1,ILSVRC2012_val_00007622.JPEG,,,,-39.16336060,-26.84446716
294,imagenet,1,ILSVRC2012_val_00007650.JPEG,,,,48.80738068,-14.26580620
295,imagenet,1,ILSVRC2012_val_00007696.JPEG,,,,11.30944633,5.06926298
296,imagenet,1,ILSVRC2012_val_00007711.JPEG,,,,53.45209885,0.87349099
297,imagenet,1,ILSVRC2012_val_00007718.JPEG,,,,-11.35161209,-12.84705257
298,imagenet,1,ILSVRC2012_val_00007719.JPEG,,,,-36.84649658,17.81278229
299,imagenet,1,ILSVRC2012_val_00007726.JPEG,,,,-9.28308010,37.32796478
300,imagenet,1,ILSVRC2012_val_00007773.JPEG,,,,-16.38247681,3.35955381
301,imagenet,1,ILSVRC2012_val_00007775.JPEG,,,,-17.23694038,-22.76148605
302,imagenet,1,ILSVRC2012_val_00007792.JPEG,,,,37.14687729,15.89392471
303,imagenet,1,ILSVRC2012_val_00007842.JPEG,,,,7.19461775,9.93726921
304,imagenet,1,ILSVRC2012_val_00007856.JPEG,,,,-57.84363937,-4.04620695
305,imagenet,1,ILSVRC2012_val_00007862.JPEG,,,,-40.87347031,-2.62504888
306,imagenet,1,ILSVRC2012_val_00007872.JPEG,,,,35.63286591,19.40392876
307,imagenet,1,ILSVRC2012_val_00007882.JPEG,,,,57.89216232,1.76131809
308,imagenet,1,ILSVRC2012_val_00007887.JPEG,,,,-1.70579314,42.08159256
309,imagenet,1,ILSVRC2012_val_00007922.JPEG,,,,2.66097116,-71.37321472
310,imagenet,1,ILSVRC2012_val_00007931.JPEG,,,,-17.06329346,3.94390655
311,imagenet,1,ILSVRC2012_val_00008036.JPEG,,,,-51.76581955,-3.66368151
312,imagenet,1,ILSVRC2012_val_00008100.JPEG,,,,0.77531099,16.12889862
313,imagenet,1,ILSVRC2012_val_00008120.JPEG,,,,38.02931213,-4.61029863
314,imagenet,1,ILSVRC2012_val_00008188.JPEG,,,,27.61005020,-11.77968407
315,imagenet,1,ILSVRC2012_val_00008193.JPEG,,,,59.98268127,7.96036482
316,imagenet,1,ILSVRC2012_val_00008233.JPEG,,,,11.88025188,-14.31694794
317,imagenet,1,ILSVRC2012_val_00008234.JPEG,,,,-24.24593163,-2.99485636
318,imagenet,1,ILSVRC2012_val_00008237.JPEG,,,,-20.05599022,-14.25210762
319,imagenet,1,ILSVRC2012_val_00008293.JPEG,,,,-20.92216110,-0.52990282
320,imagenet,1,ILSVRC2012_val_00008304.JPEG,,,,-3.74916172,47.93801498
321,imagenet,1,ILSVRC2012_val_00008363.JPEG,,,,37.49291611,7.03933716
322,imagenet,1,ILSVRC2012_val_00008369.JPEG,,,,-34.29889679,22.61267662
323,imagenet,1,ILSVRC2012_val_00008429.JPEG,,,,44.05486298,3.59147811
324,imagenet,1,ILSVRC2012_val_00008446.JPEG,,,,-11.47459984,36.10680008
325,imagenet,1,ILSVRC2012_val_00008470.JPEG,,,,-29.49784088,-20.56133842
326,imagenet,1,ILSVRC2012_val_00008538.JPEG,,,,15.69121170,0.47319695
327,imagenet,1,ILSVRC2012_val_00008544.JPEG,,,,-39.54439545,-17.65316772
328,imagenet,1,ILSVRC2012_val_00008562.JPEG,,,,18.25126457,-2.72862053
329,imagenet,1,ILSVRC2012_val_00008568.JPEG,,,,4.33554077,40.52349091
330,imagenet,1,ILSVRC2012_val_00008577.JPEG,,,,47.70797348,-1.13409984
331,imagenet,1,ILSVRC2012_val_00008578.JPEG,,,,-9.17191410,-32.88106537
332,imagenet,1,ILSVRC2012_val_00008603.JPEG,,,,-9.74595928,-27.56352997
333,imagenet,1,ILSVRC2012_val_00008604.JPEG,,,,-41.47863388,29.51088142
334,imagenet,1,ILSVRC2012_val_00008657.JPEG,,,,-35.92218399,4.23273325
335,imagenet,1,ILSVRC2012_val_00008698.JPEG,,,,-5.22244549,-13.38663006
336,imagenet,1,ILSVRC2012_val_00008718.JPEG,,,,-7.17128181,29.21231079
337,imagenet,1,ILSVRC2012_val_00008768.JPEG,,,,11.85556507,36.63427353
338,imagenet,1,ILSVRC2012_val_00008777.JPEG,,,,1.30343807,-4.77253819
339,imagenet,1,ILSVRC2012_val_00008787.JPEG,,,,-38.72229385,29.88400078
340,imagenet,1,ILSVRC2012_val_00008795.JPEG,,,,21.81439400,-14.78709507
341,imagenet,1,ILSVRC2012_val_00008810.JPEG,,,,-40.00312805,18.21531868
342,imagenet,1,ILSVRC2012_val_00008819.JPEG,,,,-11.38274765,5.31537914
343,imagenet,1,ILSVRC2012_val_00008922.JPEG,,,,-36.72321701,24.80997467
344,imagenet,1,ILSVRC2012_val_00008935.JPEG,,,,-34.93167496,21.72309875
345,imagenet,1,ILSVRC2012_val_00008968.JPEG,,,,11.02908230,5.61688662
346,imagenet,1,ILSVRC2012_val_00009041.JPEG,,,,-23.19399452,11.05676842
347,imagenet,1,ILSVRC2012_val_00009061.JPEG,,,,39.78427505,0.17890425
348,imagenet,1,ILSVRC2012_val_00009089.JPEG,,,,33.02618790,-24.49664879
349,imagenet,1,ILSVRC2012_val_00009091.JPEG,,,,-23.02410126,31.55595398
350,imagenet,1,ILSVRC2012_val_00009108.JPEG,,,,-8.84357166,4.98285723
351,imagenet,1,ILSVRC2012_val_00009111.JPEG,,,,14.13942528,14.46971416
352,imagenet,1,ILSVRC2012_val_00009121.JPEG,,,,-28.46389198,-4.10815573
353,imagenet,1,ILSVRC2012_val_00009141.JPEG,,,,32.69301987,-27.51035500
354,imagenet,1,ILSVRC2012_val_00009175.JPEG,,,,-28.51244926,33.91453552
355,imagenet,1,ILSVRC2012_val_00009190.JPEG,,,,35.79820633,1.18857157
356,imagenet,1,ILSVRC2012_val_00009209.JPEG,,,,-5.26084280,2.65218019
357,imagenet,1,ILSVRC2012_val_00009217.JPEG,,,,31.97386551,3.06652761
358,imagenet,1,ILSVRC2012_val_00009270.JPEG,,,,1.90946138,25.74712372
359,imagenet,1,ILSVRC2012_val_00009286.JPEG,,,,3.92535496,-29.85040855
360,imagenet,1,ILSVRC2012_val_00009294.JPEG,,,,-19.66287422,-8.48084164
361,imagenet,1,ILSVRC2012_val_00009297.JPEG,,,,-40.54610825,-10.58028030
362,imagenet,1,ILSVRC2012_val_00009312.JPEG,,,,9.96770191,26.42538261
363,imagenet,1,ILSVRC2012_val_00009367.JPEG,,,,27.12704086,-28.28417206
364,imagenet,1,ILSVRC2012_val_00009369.JPEG,,,,-41.05611038,16.53081322
365,imagenet,1,ILSVRC2012_val_00009487.JPEG,,,,-14.71429157,-11.80921078
366,imagenet,1,ILSVRC2012_val_00009550.JPEG,,,,47.91475677,2.82711029
367,imagenet,1,ILSVRC2012_val_00009610.JPEG,,,,11.35620785,-11.80510616
368,imagenet,1,ILSVRC2012_val_00009637.JPEG,,,,32.20143127,-22.24356079
369,imagenet,1,ILSVRC2012_val_00009638.JPEG,,,,-13.94050980,22.02746964
370,imagenet,1,ILSVRC2012_val_00009657.JPEG,,,,30.12142754,-25.22732925
371,imagenet,1,ILSVRC2012_val_00009671.JPEG,,,,-49.15199661,-3.64219904
372,imagenet,1,ILSVRC2012_val_00009708.JPEG,,,,-37.00666428,0.46355590
373,imagenet,1,ILSVRC2012_val_00009745.JPEG,,,,-10.18252182,-28.04289627
374,imagenet,1,ILSVRC2012_val_00009758.JPEG,,,,-9.28023148,42.20199203
375,imagenet,1,ILSVRC2012_val_00009789.JPEG,,,,47.12270737,-2.74025655
376,imagenet,1,ILSVRC2012_val_00009816.JPEG,,,,-18.72220230,-9.47745132
377,imagenet,1,ILSVRC2012_val_00009850.JPEG,,,,-54.71102524,-3.34790921
378,imagenet,1,ILSVRC2012_val_00009895.JPEG,,,,56.29867172,7.07916832
379,imagenet,1,ILSVRC2012_val_00009897.JPEG,,,,16.18195534,44.54401398
380,imagenet,1,ILSVRC2012_val_00009928.JPEG,,,,-9.71860600,13.68933773
381,imagenet,1,ILSVRC2012_val_00009932.JPEG,,,,-21.09374619,8.81166649
382,imagenet,1,ILSVRC2012_val_00009947.JPEG,,,,-13.83615303,4.16987562
383,imagenet,1,ILSVRC2012_val_00009974.JPEG,,,,57.13582611,9.83118248
384,imagenet,1,ILSVRC2012_val_00010026.JPEG,,,,14.70556450,27.38309479
385,imagenet,1,ILSVRC2012_val_00010040.JPEG,,,,-44.38935852,-8.70478725
386,imagenet,1,ILSVRC2012_val_00010101.JPEG,,,,44.25460052,16.18758011
387,imagenet,1,ILSVRC2012_val_00010123.JPEG,,,,8.47426987,12.19916153
388,imagenet,1,ILSVRC2012_val_00010196.JPEG,,,,-12.52318764,18.08801460
389,imagenet,1,ILSVRC2012_val_00010248.JPEG,,,,16.63076210,2.57406592
390,imagenet,1,ILSVRC2012_val_00010314.JPEG,,,,41.94729233,29.09411621
391,imagenet,1,ILSVRC2012_val_00010338.JPEG,,,,54.62693787,17.22246170
392,imagenet,1,ILSVRC2012_val_00010350.JPEG,,,,3.28679848,-19.91003990
393,imagenet,1,ILSVRC2012_val_00010351.JPEG,,,,33.80610275,-15.97410107
394,imagenet,1,ILSVRC2012_val_00010371.JPEG,,,,-56.73181534,-2.29521179
395,imagenet,1,ILSVRC2012_val_00010374.JPEG,,,,55.97821426,6.61524105
396,imagenet,1,ILSVRC2012_val_00010419.JPEG,,,,39.40938950,2.46224546
397,imagenet,1,ILSVRC2012_val_00010429.JPEG,,,,24.15430832,12.04574203
398,imagenet,1,ILSVRC2012_val_00010471.JPEG,,,,39.43194962,22.67016029
399,imagenet,1,ILSVRC2012_val_00010528.JPEG,,,,38.45577240,17.54226112
400,imagenet,1,ILSVRC2012_val_00010547.JPEG,,,,34.64826584,-6.57506466
401,imagenet,1,ILSVRC2012_val_00010549.JPEG,,,,44.16514206,-10.73288155
402,imagenet,1,ILSVRC2012_val_00010564.JPEG,,,,-0.53759664,43.49901581
403,imagenet,1,ILSVRC2012_val_00010593.JPEG,,,,-22.60009384,19.75134468
404,imagenet,1,ILSVRC2012_val_00010659.JPEG,,,,-31.68218231,22.75869370
405,imagenet,1,ILSVRC2012_val_00010726.JPEG,,,,-35.51956558,9.88986206
406,imagenet,1,ILSVRC2012_val_00010739.JPEG,,,,15.30202484,-29.14667892
407,imagenet,1,ILSVRC2012_val_00010749.JPEG,,,,34.29430771,-0.83621764
408,imagenet,1,ILSVRC2012_val_00010766.JPEG,,,,-12.72598457,39.74427032
409,imagenet,1,ILSVRC2012_val_00010810.JPEG,,,,23.53522110,-14.75238132
410,imagenet,1,ILSVRC2012_val_00010812.JPEG,,,,-51.54193497,-3.90504694
411,imagenet,1,ILSVRC2012_val_00010833.JPEG,,,,15.92339516,1.39170742
412,imagenet,1,ILSVRC2012_val_00010844.JPEG,,,,-34.60125732,-7.24354887
413,imagenet,1,ILSVRC2012_val_00010845.JPEG,,,,26.84355736,-23.03551674
414,imagenet,1,ILSVRC2012_val_00010847.JPEG,,,,-54.25760651,-10.53668118
415,imagenet,1,ILSVRC2012_val_00010851.JPEG,,,,19.83396149,-15.42187119
416,imagenet,1,ILSVRC2012_val_00010861.JPEG,,,,14.59627247,27.96727180
417,imagenet,1,ILSVRC2012_val_00010874.JPEG,,,,-33.04874039,24.42460823
418,imagenet,1,ILSVRC2012_val_00010895.JPEG,,,,14.63734341,43.92288208
419,imagenet,1,ILSVRC2012_val_00010920.JPEG,,,,39.40327454,17.91139793
420,imagenet,1,ILSVRC2012_val_00011004.JPEG,,,,31.33067894,-1.60893881
421,imagenet,1,ILSVRC2012_val_00011009.JPEG,,,,-9.94696331,17.51236725
422,imagenet,1,ILSVRC2012_val_00011025.JPEG,,,,-22.67043495,6.90504026
423,imagenet,1,ILSVRC2012_val_00011043.JPEG,,,,38.54315567,10.24290752
424,imagenet,1,ILSVRC2012_val_00011057.JPEG,,,,35.31278610,19.72831726
425,imagenet,1,ILSVRC2012_val_00011080.JPEG,,,,-3.82998753,47.45978546
426,imagenet,1,ILSVRC2012_val_00011122.JPEG,,,,36.96352386,27.84028816
427,imagenet,1,ILSVRC2012_val_00011150.JPEG,,,,-17.46102715,14.26780033
428,imagenet,1,ILSVRC2012_val_00011179.JPEG,,,,-18.65892601,36.85002136
429,imagenet,1,ILSVRC2012_val_00011192.JPEG,,,,-23.16928482,-27.09099960
430,imagenet,1,ILSVRC2012_val_00011204.JPEG,,,,-43.15909958,-6.90674067
431,imagenet,1,ILSVRC2012_val_00011243.JPEG,,,,16.13031578,-10.06686687
432,imagenet,1,ILSVRC2012_val_00011281.JPEG,,,,-29.93164253,32.70302200
433,imagenet,1,ILSVRC2012_val_00011310.JPEG,,,,42.38737488,-16.72473145
434,imagenet,1,ILSVRC2012_val_00011315.JPEG,,,,34.80332947,18.83712196
435,imagenet,1,ILSVRC2012_val_00011322.JPEG,,,,20.78526497,-25.30853271
436,imagenet,1,ILSVRC2012_val_00011399.JPEG,,,,7.35521746,14.48301697
437,imagenet,1,ILSVRC2012_val_00011401.JPEG,,,,-28.17181206,17.34760475
438,imagenet,1,ILSVRC2012_val_00011462.JPEG,,,,-35.38442612,-3.01092744
439,imagenet,1,ILSVRC2012_val_00011483.JPEG,,,,28.76373291,28.58275032
440,imagenet,1,ILSVRC2012_val_00011499.JPEG,,,,17.46240807,-29.24340630
441,imagenet,1,ILSVRC2012_val_00011526.JPEG,,,,-11.68026829,31.49092865
442,imagenet,1,ILSVRC2012_val_00011557.JPEG,,,,-39.38597107,19.56012917
443,imagenet,1,ILSVRC2012_val_00011565.JPEG,,,,-32.04928207,-26.75451660
444,imagenet,1,ILSVRC2012_val_00011566.JPEG,,,,48.33610153,-1.69454074
445,imagenet,1,ILSVRC2012_val_00011626.JPEG,,,,40.38239288,19.65938759
446,imagenet,1,ILSVRC2012_val_00011647.JPEG,,,,-46.47756577,-8.53671265
447,imagenet,1,ILSVRC2012_val_00011686.JPEG,,,,36.81633759,22.54627037
448,imagenet,1,ILSVRC2012_val_00011730.JPEG,,,,24.85903740,21.61694336
449,imagenet,1,ILSVRC2012_val_00011752.JPEG,,,,2.80441952,0.53981107
450,imagenet,1,ILSVRC2012_val_00011769.JPEG,,,,24.64568520,-20.11494827
451,imagenet,1,ILSVRC2012_val_00011779.JPEG,,,,33.19848633,-4.35584116
452,imagenet,1,ILSVRC2012_val_00011797.JPEG,,,,-53.82277679,-9.77208233
453,imagenet,1,ILSVRC2012_val_00011862.JPEG,,,,-31.15156937,6.64128065
454,imagenet,1,ILSVRC2012_val_00011870.JPEG,,,,29.04705048,-16.52641296
455,imagenet,1,ILSVRC2012_val_00011884.JPEG,,,,-10.24216652,23.75291061
456,imagenet,1,ILSVRC2012_val_00011894.JPEG,,,,-7.33792019,-22.75430298
457,imagenet,1,ILSVRC2012_val_00011904.JPEG,,,,-8.23772621,20.76998711
458,imagenet,1,ILSVRC2012_val_00011905.JPEG,,,,34.85992813,15.36864090
459,imagenet,1,ILSVRC2012_val_00011947.JPEG,,,,4.59373808,-13.13543224
460,imagenet,1,ILSVRC2012_val_00011956.JPEG,,,,-46.20626450,-10.16977787
461,imagenet,1,ILSVRC2012_val_00012013.JPEG,,,,-34.69449234,17.92395401
462,imagenet,1,ILSVRC2012_val_00012018.JPEG,,,,39.88963318,16.50554466
463,imagenet,1,ILSVRC2012_val_00012077.JPEG,,,,27.43966866,-34.27894974
464,imagenet,1,ILSVRC2012_val_00012108.JPEG,,,,-45.44475555,22.01660347
465,imagenet,1,ILSVRC2012_val_00012148.JPEG,,,,61.33683014,-2.11685514
466,imagenet,1,ILSVRC2012_val_00012150.JPEG,,,,30.04704666,-24.80837059
467,imagenet,1,ILSVRC2012_val_00012238.JPEG,,,,-45.46575165,-7.80144262
468,imagenet,1,ILSVRC2012_val_00012241.JPEG,,,,19.44818306,21.47525787
469,imagenet,1,ILSVRC2012_val_00012245.JPEG,,,,33.49445724,29.47370148
470,imagenet,1,ILSVRC2012_val_00012266.JPEG,,,,7.14056396,-20.33130074
471,imagenet,1,ILSVRC2012_val_00012270.JPEG,,,,-52.02424622,11.46202087
472,imagenet,1,ILSVRC2012_val_00012315.JPEG,,,,-21.15799522,15.54362392
473,imagenet,1,ILSVRC2012_val_00012349.JPEG,,,,2.80450749,-26.32899475
474,imagenet,1,ILSVRC2012_val_00012355.JPEG,,,,-42.18255997,-13.08303070
475,imagenet,1,ILSVRC2012_val_00012366.JPEG,,,,-50.04421234,-9.61869335
476,imagenet,1,ILSVRC2012_val_00012374.JPEG,,,,-16.50388908,-14.37919235
477,imagenet,1,ILSVRC2012_val_00012375.JPEG,,,,-15.10504532,-34.68847656
478,imagenet,1,ILSVRC2012_val_00012469.JPEG,,,,-42.78078079,11.39474201
479,imagenet,1,ILSVRC2012_val_00012492.JPEG,,,,19.74166679,40.04089737
480,imagenet,1,ILSVRC2012_val_00012513.JPEG,,,,-14.28490162,-26.18596458
481,imagenet,1,ILSVRC2012_val_00012601.JPEG,,,,-32.35537338,-13.16912174
482,imagenet,1,ILSVRC2012_val_00012604.JPEG,,,,43.95328140,-22.52062988
483,imagenet,1,ILSVRC2012_val_00012607.JPEG,,,,-27.00765991,39.12020493
484,imagenet,1,ILSVRC2012_val_00012659.JPEG,,,,-23.32061195,-14.16518211
485,imagenet,1,ILSVRC2012_val_00012661.JPEG,,,,-12.18777180,-12.68682384
486,imagenet,1,ILSVRC2012_val_00012663.JPEG,,,,48.68000793,10.16586208
487,imagenet,1,ILSVRC2012_val_00012703.JPEG,,,,1.16180491,-3.16297007
488,imagenet,1,ILSVRC2012_val_00012721.JPEG,,,,-8.77249908,12.71330452
489,imagenet,1,ILSVRC2012_val_00012742.JPEG,,,,-11.53617859,-1.74263358
490,imagenet,1,ILSVRC2012_val_00012754.JPEG,,,,-29.91146469,26.70253754
491,imagenet,1,ILSVRC2012_val_00012794.JPEG,,,,48.24641037,-15.82894039
492,imagenet,1,ILSVRC2012_val_00012800.JPEG,,,,-30.28830147,13.51829815
493,imagenet,1,ILSVRC2012_val_00012825.JPEG,,,,-22.85671997,21.48760986
494,imagenet,1,ILSVRC2012_val_00012867.JPEG,,,,58.18692017,2.67000675
495,imagenet,1,ILSVRC2012_val_00012869.JPEG,,,,-40.05663681,24.98061371
496,imagenet,1,ILSVRC2012_val_00012954.JPEG,,,,5.14391899,25.63689423
497,imagenet,1,ILSVRC2012_val_00012981.JPEG,,,,-23.14071655,-28.14097404
498,imagenet,1,ILSVRC2012_val_00012996.JPEG,,,,56.24544907,-0.59802949
499,imagenet,1,ILSVRC2012_val_00013000.JPEG,,,,-40.83270645,3.29628944
500,imagenet,1,ILSVRC2012_val_00013025.JPEG,,,,7.23427916,-30.76204872
501,imagenet,1,ILSVRC2012_val_00013071.JPEG,,,,9.50870323,25.73427963
502,imagenet,1,ILSVRC2012_val_00013149.JPEG,,,,-22.26287842,-10.93647575
503,imagenet,1,ILSVRC2012_val_00013157.JPEG,,,,-0.40912563,-26.32216644
504,imagenet,1,ILSVRC2012_val_00013164.JPEG,,,,30.58898354,28.07335472
505,imagenet,1,ILSVRC2012_val_00013204.JPEG,,,,16.34087563,21.73804092
506,imagenet,1,ILSVRC2012_val_00013242.JPEG,,,,49.60443497,-6.67160130
507,imagenet,1,ILSVRC2012_val_00013249.JPEG,,,,59.71059036,6.49370098
508,imagenet,1,ILSVRC2012_val_00013293.JPEG,,,,-24.16093636,-29.32870865
509,imagenet,1,ILSVRC2012_val_00013301.JPEG,,,,63.54033661,-3.34171534
510,imagenet,1,ILSVRC2012_val_00013305.JPEG,,,,-1.55011690,43.06674576
511,imagenet,1,ILSVRC2012_val_00013322.JPEG,,,,-22.37363815,16.75206184
512,imagenet,1,ILSVRC2012_val_00013369.JPEG,,,,-15.32159328,15.19773769
513,imagenet,1,ILSVRC2012_val_00013379.JPEG,,,,-6.48786783,27.67198944
514,imagenet,1,ILSVRC2012_val_00013385.JPEG,,,,4.57830429,-19.45524406
515,imagenet,1,ILSVRC2012_val_00013421.JPEG,,,,-43.66716766,-20.08693886
516,imagenet,1,ILSVRC2012_val_00013444.JPEG,,,,-47.81786346,13.27474499
517,imagenet,1,ILSVRC2012_val_00013450.JPEG,,,,9.03051186,23.70293808
518,imagenet,1,ILSVRC2012_val_00013474.JPEG,,,,-16.50653267,20.16326714
519,imagenet,1,ILSVRC2012_val_00013494.JPEG,,,,-11.11730671,32.06749344
520,imagenet,1,ILSVRC2012_val_00013509.JPEG,,,,-38.04140091,-23.64765930
521,imagenet,1,ILSVRC2012_val_00013512.JPEG,,,,55.77434921,0.16723333
522,imagenet,1,ILSVRC2012_val_00013554.JPEG,,,,58.86741638,10.88431263
523,imagenet,1,ILSVRC2012_val_00013579.JPEG,,,,4.88688135,26.49542427
524,imagenet,1,ILSVRC2012_val_00013581.JPEG,,,,50.85495758,-2.28274941
525,imagenet,1,ILSVRC2012_val_00013588.JPEG,,,,12.54001522,24.07009315
526,imagenet,1,ILSVRC2012_val_00013624.JPEG,,,,58.89434052,7.82112408
527,imagenet,1,ILSVRC2012_val_00013670.JPEG,,,,-44.34628296,-18.11682510
528,imagenet,1,ILSVRC2012_val_00013676.JPEG,,,,-48.49102020,3.22883201
529,imagenet,1,ILSVRC2012_val_00013682.JPEG,,,,5.43003607,-13.60450268
530,imagenet,1,ILSVRC2012_val_00013698.JPEG,,,,-17.31559372,11.36203098
531,imagenet,1,ILSVRC2012_val_00013709.JPEG,,,,48.49711227,3.06287813
532,imagenet,1,ILSVRC2012_val_00013717.JPEG,,,,48.97959900,14.73917389
533,imagenet,1,ILSVRC2012_val_00013767.JPEG,,,,6.48866606,-21.13952065
534,imagenet,1,ILSVRC2012_val_00013808.JPEG,,,,33.97441864,-11.94771481
535,imagenet,1,ILSVRC2012_val_00013810.JPEG,,,,2.04303193,-11.61426640
536,imagenet,1,ILSVRC2012_val_00013826.JPEG,,,,18.62689972,-14.00303936
537,imagenet,1,ILSVRC2012_val_00013833.JPEG,,,,56.28713608,19.02323151
538,imagenet,1,ILSVRC2012_val_00013844.JPEG,,,,-42.16465759,-7.73654985
539,imagenet,1,ILSVRC2012_val_00013873.JPEG,,,,25.76700592,17.96564293
540,imagenet,1,ILSVRC2012_val_00013877.JPEG,,,,-43.91771698,-0.67153949
541,imagenet,1,ILSVRC2012_val_00013883.JPEG,,,,4.61945200,16.37224579
542,imagenet,1,ILSVRC2012_val_00013896.JPEG,,,,25.96563530,-14.21934319
543,imagenet,1,ILSVRC2012_val_00013898.JPEG,,,,30.63556480,-1.82855427
544,imagenet,1,ILSVRC2012_val_00013907.JPEG,,,,59.95080948,-0.13091114
545,imagenet,1,ILSVRC2012_val_00013922.JPEG,,,,15.66095638,-9.48801327
546,imagenet,1,ILSVRC2012_val_00013935.JPEG,,,,-17.21506882,40.71489334
547,imagenet,1,ILSVRC2012_val_00013936.JPEG,,,,-17.34561157,4.50648165
548,imagenet,1,ILSVRC2012_val_00013949.JPEG,,,,-28.82542419,-19.87231255
549,imagenet,1,ILSVRC2012_val_00013963.JPEG,,,,57.36273956,-2.21721172
550,imagenet,1,ILSVRC2012_val_00013974.JPEG,,,,-41.52318954,17.54836082
551,imagenet,1,ILSVRC2012_val_00013993.JPEG,,,,-11.11609268,15.91491318
552,imagenet,1,ILSVRC2012_val_00014003.JPEG,,,,-56.39326859,-2.83186913
553,imagenet,1,ILSVRC2012_val_00014008.JPEG,,,,41.52603912,17.09835243
554,imagenet,1,ILSVRC2012_val_00014026.JPEG,,,,34.08494949,-4.60587835
555,imagenet,1,ILSVRC2012_val_00014052.JPEG,,,,36.95229340,19.91621399
556,imagenet,1,ILSVRC2012_val_00014061.JPEG,,,,51.38759995,9.46150208
557,imagenet,1,ILSVRC2012_val_00014163.JPEG,,,,39.75886917,30.38125038
558,imagenet,1,ILSVRC2012_val_00014182.JPEG,,,,24.67487144,-27.15103149
559,imagenet,1,ILSVRC2012_val_00014190.JPEG,,,,-43.81298065,27.72785950
560,imagenet,1,ILSVRC2012_val_00014202.JPEG,,,,23.51279259,-7.33340693
561,imagenet,1,ILSVRC2012_val_00014265.JPEG,,,,-8.17984581,-36.97325516
562,imagenet,1,ILSVRC2012_val_00014307.JPEG,,,,-36.35256577,27.62043190
563,imagenet,1,ILSVRC2012_val_00014314.JPEG,,,,61.89580917,10.00195122
564,imagenet,1,ILSVRC2012_val_00014327.JPEG,,,,36.16833115,23.22916794
565,imagenet,1,ILSVRC2012_val_00014382.JPEG,,,,23.17428780,24.14426994
566,imagenet,1,ILSVRC2012_val_00014414.JPEG,,,,27.93983459,-18.60183144
567,imagenet,1,ILSVRC2012_val_00014425.JPEG,,,,37.76635361,-9.79086971
568,imagenet,1,ILSVRC2012_val_00014427.JPEG,,,,-22.97831154,30.31154442
569,imagenet,1,ILSVRC2012_val_00014438.JPEG,,,,-26.25695038,-25.12142181
570,imagenet,1,ILSVRC2012_val_00014514.JPEG,,,,47.45680237,15.56043625
571,imagenet,1,ILSVRC2012_val_00014532.JPEG,,,,23.17772102,-6.34396172
572,imagenet,1,ILSVRC2012_val_00014547.JPEG,,,,62.41734314,1.24725962
573,imagenet,1,ILSVRC2012_val_00014625.JPEG,,,,11.71703243,12.97755527
574,imagenet,1,ILSVRC2012_val_00014655.JPEG,,,,-24.99730873,-4.79254341
575,imagenet,1,ILSVRC2012_val_00014661.JPEG,,,,-34.44808197,20.82561111
576,imagenet,1,ILSVRC2012_val_00014699.JPEG,,,,12.84941387,-14.13909245
577,imagenet,1,ILSVRC2012_val_00014780.JPEG,,,,-49.04285431,13.68317795
578,imagenet,1,ILSVRC2012_val_00014835.JPEG,,,,14.19639111,-7.64642239
579,imagenet,1,ILSVRC2012_val_00014841.JPEG,,,,-22.56243706,-14.20705986
580,imagenet,1,ILSVRC2012_val_00015005.JPEG,,,,-51.38618469,-5.81706858
581,imagenet,1,ILSVRC2012_val_00015025.JPEG,,,,-34.69134903,13.61688423
582,imagenet,1,ILSVRC2012_val_00015034.JPEG,,,,-7.45691967,19.39864540
583,imagenet,1,ILSVRC2012_val_00015059.JPEG,,,,-16.51955986,35.80834198
584,imagenet,1,ILSVRC2012_val_00015064.JPEG,,,,-6.80114555,11.96852303
585,imagenet,1,ILSVRC2012_val_00015084.JPEG,,,,-5.82386541,25.91950035
586,imagenet,1,ILSVRC2012_val_00015111.JPEG,,,,33.53877640,7.23992109
587,imagenet,1,ILSVRC2012_val_00015158.JPEG,,,,-13.34093952,-17.09832573
588,imagenet,1,ILSVRC2012_val_00015169.JPEG,,,,-43.17054749,29.94916344
589,imagenet,1,ILSVRC2012_val_00015193.JPEG,,,,-37.01647949,19.13643837
590,imagenet,1,ILSVRC2012_val_00015263.JPEG,,,,-1.08818829,-16.90338707
591,imagenet,1,ILSVRC2012_val_00015316.JPEG,,,,-52.46098709,-3.68782973
592,imagenet,1,ILSVRC2012_val_00015351.JPEG,,,,-22.42476463,38.12554550
593,imagenet,1,ILSVRC2012_val_00015365.JPEG,,,,-50.59803391,-4.69644880
594,imagenet,1,ILSVRC2012_val_00015366.JPEG,,,,-10.64329147,-12.86804008
595,imagenet,1,ILSVRC2012_val_00015387.JPEG,,,,-39.76062775,29.61908150
596,imagenet,1,ILSVRC2012_val_00015425.JPEG,,,,43.45552063,-0.52150637
597,imagenet,1,ILSVRC2012_val_00015426.JPEG,,,,-27.65824890,23.01065636
598,imagenet,1,ILSVRC2012_val_00015438.JPEG,,,,-40.99182892,16.81270790
599,imagenet,1,ILSVRC2012_val_00015449.JPEG,,,,-0.43319482,-26.26186180
600,imagenet,1,ILSVRC2012_val_00015453.JPEG,,,,16.42317009,-22.83005142
601,imagenet,1,ILSVRC2012_val_00015516.JPEG,,,,30.74932289,-24.89394760
602,imagenet,1,ILSVRC2012_val_00015522.JPEG,,,,14.86573505,41.89024734
603,imagenet,1,ILSVRC2012_val_00015543.JPEG,,,,57.12402344,-4.14957190
604,imagenet,1,ILSVRC2012_val_00015554.JPEG,,,,11.71426964,33.74738693
605,imagenet,1,ILSVRC2012_val_00015569.JPEG,,,,52.96368027,19.80821037
606,imagenet,1,ILSVRC2012_val_00015595.JPEG,,,,35.60897064,-16.50914764
607,imagenet,1,ILSVRC2012_val_00015597.JPEG,,,,34.63636780,23.73955154
608,imagenet,1,ILSVRC2012_val_00015618.JPEG,,,,18.22438622,-14.80720615
609,imagenet,1,ILSVRC2012_val_00015641.JPEG,,,,-30.43966293,-5.49530649
610,imagenet,1,ILSVRC2012_val_00015644.JPEG,,,,23.16444206,-5.18459606
611,imagenet,1,ILSVRC2012_val_00015647.JPEG,,,,-1.36656785,20.88229942
612,imagenet,1,ILSVRC2012_val_00015734.JPEG,,,,-38.87126923,-16.32536316
613,imagenet,1,ILSVRC2012_val_00015742.JPEG,,,,33.07029724,26.38047981
614,imagenet,1,ILSVRC2012_val_00015753.JPEG,,,,-0.41299939,-10.17321491
615,imagenet,1,ILSVRC2012_val_00015780.JPEG,,,,-29.66973114,24.06241035
616,imagenet,1,ILSVRC2012_val_00015825.JPEG,,,,-12.52194405,-15.93306732
617,imagenet,1,ILSVRC2012_val_00015836.JPEG,,,,-3.14062905,43.37140656
618,imagenet,1,ILSVRC2012_val_00015862.JPEG,,,,-22.80549622,-10.64520454
619,imagenet,1,ILSVRC2012_val_00015877.JPEG,,,,38.95304108,-12.69609261
620,imagenet,1,ILSVRC2012_val_00015892.JPEG,,,,49.72482300,-13.23692322
621,imagenet,1,ILSVRC2012_val_00015898.JPEG,,,,62.68266678,9.69399452
622,imagenet,1,ILSVRC2012_val_00015910.JPEG,,,,15.05383873,39.22352600
623,imagenet,1,ILSVRC2012_val_00015940.JPEG,,,,-54.58336639,7.24655104
624,imagenet,1,ILSVRC2012_val_00015965.JPEG,,,,37.83379364,16.47512627
625,imagenet,1,ILSVRC2012_val_00016061.JPEG,,,,-33.14453125,2.50434589
626,imagenet,1,ILSVRC2012_val_00016095.JPEG,,,,26.58693695,29.73733330
627,imagenet,1,ILSVRC2012_val_00016113.JPEG,,,,-12.28736687,40.55133438
628,imagenet,1,ILSVRC2012_val_00016147.JPEG,,,,20.05835342,-21.46323204
629,imagenet,1,ILSVRC2012_val_00016171.JPEG,,,,-16.96989059,29.34776497
630,imagenet,1,ILSVRC2012_val_00016204.JPEG,,,,18.47232628,18.50093269
631,imagenet,1,ILSVRC2012_val_00016214.JPEG,,,,28.86947060,6.15990496
632,imagenet,1,ILSVRC2012_val_00016219.JPEG,,,,-15.43882751,-2.39942575
633,imagenet,1,ILSVRC2012_val_00016250.JPEG,,,,19.47410202,31.83547783
634,imagenet,1,ILSVRC2012_val_00016251.JPEG,,,,33.33945465,13.99385738
635,imagenet,1,ILSVRC2012_val_00016275.JPEG,,,,27.53539658,-28.51646042
636,imagenet,1,ILSVRC2012_val_00016322.JPEG,,,,-26.55826950,-19.96341896
637,imagenet,1,ILSVRC2012_val_00016359.JPEG,,,,-47.16298676,5.67975092
638,imagenet,1,ILSVRC2012_val_00016387.JPEG,,,,57.71938705,7.68381453
639,imagenet,1,ILSVRC2012_val_00016420.JPEG,,,,35.58984756,28.61601639
640,imagenet,1,ILSVRC2012_val_00016425.JPEG,,,,6.71129751,11.89966202
641,imagenet,1,ILSVRC2012_val_00016470.JPEG,,,,-19.97706032,-27.80363655
642,imagenet,1,ILSVRC2012_val_00016474.JPEG,,,,-4.85708952,49.32039642
643,imagenet,1,ILSVRC2012_val_00016495.JPEG,,,,-52.51107025,1.05790138
644,imagenet,1,ILSVRC2012_val_00016509.JPEG,,,,-33.02182770,-25.26560593
645,imagenet,1,ILSVRC2012_val_00016528.JPEG,,,,50.74048996,-12.98898029
646,imagenet,1,ILSVRC2012_val_00016542.JPEG,,,,-25.29551125,-15.87799931
647,imagenet,1,ILSVRC2012_val_00016591.JPEG,,,,-40.01764679,6.00861740
648,imagenet,1,ILSVRC2012_val_00016605.JPEG,,,,29.01650620,-18.34370232
649,imagenet,1,ILSVRC2012_val_00016616.JPEG,,,,56.27063370,11.42813015
650,imagenet,1,ILSVRC2012_val_00016680.JPEG,,,,-18.03144646,37.85091400
651,imagenet,1,ILSVRC2012_val_00016707.JPEG,,,,9.50379848,-20.19128990
652,imagenet,1,ILSVRC2012_val_00016708.JPEG,,,,8.38794708,43.41351700
653,imagenet,1,ILSVRC2012_val_00016740.JPEG,,,,-28.81246948,-21.75844193
654,imagenet,1,ILSVRC2012_val_00016791.JPEG,,,,-6.74241257,15.46297264
655,imagenet,1,ILSVRC2012_val_00016796.JPEG,,,,7.10140228,33.00150299
656,imagenet,1,ILSVRC2012_val_00016798.JPEG,,,,-34.24282455,2.65871215
657,imagenet,1,ILSVRC2012_val_00016813.JPEG,,,,-37.70124435,-21.40701103
658,imagenet,1,ILSVRC2012_val_00016832.JPEG,,,,-14.73003006,-34.25230408
659,imagenet,1,ILSVRC2012_val_00016843.JPEG,,,,8.51399040,19.05469131
660,imagenet,1,ILSVRC2012_val_00016918.JPEG,,,,-39.47246933,-2.42398047
661,imagenet,1,ILSVRC2012_val_00016926.JPEG,,,,-22.08467865,16.90889931
662,imagenet,1,ILSVRC2012_val_00016960.JPEG,,,,-16.90911484,37.34796143
663,imagenet,1,ILSVRC2012_val_00016997.JPEG,,,,18.54208755,-29.52997971
664,imagenet,1,ILSVRC2012_val_00016999.JPEG,,,,-9.88058949,41.67551422
665,imagenet,1,ILSVRC2012_val_00017018.JPEG,,,,43.14128494,-1.02966905
666,imagenet,1,ILSVRC2012_val_00017060.JPEG,,,,-16.04481506,-3.78344798
667,imagenet,1,ILSVRC2012_val_00017104.JPEG,,,,-24.36188698,10.98396683
668,imagenet,1,ILSVRC2012_val_00017154.JPEG,,,,-56.15930176,1.22046709
669,imagenet,1,ILSVRC2012_val_00017168.JPEG,,,,57.20168686,2.15407276
670,imagenet,1,ILSVRC2012_val_00017216.JPEG,,,,-41.39083099,27.33994484
671,imagenet,1,ILSVRC2012_val_00017264.JPEG,,,,0.08264084,11.44438744
672,imagenet,1,ILSVRC2012_val_00017273.JPEG,,,,-21.14823151,-29.59244919
673,imagenet,1,ILSVRC2012_val_00017286.JPEG,,,,-29.36890030,29.78479767
674,imagenet,1,ILSVRC2012_val_00017320.JPEG,,,,40.83820343,13.25873661
675,imagenet,1,ILSVRC2012_val_00017332.JPEG,,,,32.00737000,-23.62578583
676,imagenet,1,ILSVRC2012_val_00017340.JPEG,,,,-37.99495316,30.52106285
677,imagenet,1,ILSVRC2012_val_00017392.JPEG,,,,-25.62696075,37.19801331
678,imagenet,1,ILSVRC2012_val_00017414.JPEG,,,,57.39654922,-3.67215323
679,imagenet,1,ILSVRC2012_val_00017426.JPEG,,,,41.43664551,-5.25375223
680,imagenet,1,ILSVRC2012_val_00017438.JPEG,,,,-16.95660210,23.82842445
681,imagenet,1,ILSVRC2012_val_00017461.JPEG,,,,-13.02825546,-12.73695660
682,imagenet,1,ILSVRC2012_val_00017477.JPEG,,,,44.60218048,16.58435249
683,imagenet,1,ILSVRC2012_val_00017497.JPEG,,,,18.74569321,-6.85506153
684,imagenet,1,ILSVRC2012_val_00017503.JPEG,,,,-6.83005524,46.44680023
685,imagenet,1,ILSVRC2012_val_00017508.JPEG,,,,25.22266960,-1.17983830
686,imagenet,1,ILSVRC2012_val_00017520.JPEG,,,,-32.43500519,39.38967133
687,imagenet,1,ILSVRC2012_val_00017543.JPEG,,,,-18.20690727,-0.04816982
688,imagenet,1,ILSVRC2012_val_00017585.JPEG,,,,-43.01950455,19.12625122
689,imagenet,1,ILSVRC2012_val_00017590.JPEG,,,,-41.40365982,-7.37751532
690,imagenet,1,ILSVRC2012_val_00017607.JPEG,,,,15.62992764,39.50185394
691,imagenet,1,ILSVRC2012_val_00017613.JPEG,,,,-40.44110489,24.66760635
692,imagenet,1,ILSVRC2012_val_00017614.JPEG,,,,-43.37815094,-6.37624693
693,imagenet,1,ILSVRC2012_val_00017638.JPEG,,,,-33.50092697,13.40480709
694,imagenet,1,ILSVRC2012_val_00017639.JPEG,,,,17.80845261,-22.00389099
695,imagenet,1,ILSVRC2012_val_00017707.JPEG,,,,12.83049393,44.44453430
696,imagenet,1,ILSVRC2012_val_00017713.JPEG,,,,9.75925541,42.44682693
697,imagenet,1,ILSVRC2012_val_00017715.JPEG,,,,-8.00451660,15.86172390
698,imagenet,1,ILSVRC2012_val_00017728.JPEG,,,,44.06345749,-12.48572063
699,imagenet,1,ILSVRC2012_val_00017775.JPEG,,,,-14.82841873,-12.18605423
700,imagenet,1,ILSVRC2012_val_00017814.JPEG,,,,23.86651039,0.14876099
701,imagenet,1,ILSVRC2012_val_00017880.JPEG,,,,26.94969368,-25.63000679
702,imagenet,1,ILSVRC2012_val_00017890.JPEG,,,,-41.10182953,31.01074219
703,imagenet,1,ILSVRC2012_val_00017898.JPEG,,,,-44.33648300,22.81953621
704,imagenet,1,ILSVRC2012_val_00017909.JPEG,,,,-33.14283752,-7.60122204
705,imagenet,1,ILSVRC2012_val_00017920.JPEG,,,,-48.90516663,22.27716637
706,imagenet,1,ILSVRC2012_val_00017937.JPEG,,,,-39.18263245,-18.49221420
707,imagenet,1,ILSVRC2012_val_00017948.JPEG,,,,-26.90127563,5.07131577
708,imagenet,1,ILSVRC2012_val_00017963.JPEG,,,,-15.22918892,16.89689445
709,imagenet,1,ILSVRC2012_val_00017970.JPEG,,,,-16.02498436,11.15809536
710,imagenet,1,ILSVRC2012_val_00017981.JPEG,,,,-50.54468918,-0.45679533
711,imagenet,1,ILSVRC2012_val_00017984.JPEG,,,,-28.76542473,26.52515221
712,imagenet,1,ILSVRC2012_val_00018027.JPEG,,,,-15.25453377,-23.87304688
713,imagenet,1,ILSVRC2012_val_00018077.JPEG,,,,-18.54075813,-10.77606678
714,imagenet,1,ILSVRC2012_val_00018110.JPEG,,,,53.16891861,-5.75026655
715,imagenet,1,ILSVRC2012_val_00018132.JPEG,,,,18.15686226,-2.70551133
716,imagenet,1,ILSVRC2012_val_00018133.JPEG,,,,-18.08298302,-28.69799423
717,imagenet,1,ILSVRC2012_val_00018142.JPEG,,,,25.12875366,6.24728107
718,imagenet,1,ILSVRC2012_val_00018177.JPEG,,,,33.82618713,-13.69089699
719,imagenet,1,ILSVRC2012_val_00018228.JPEG,,,,-23.86758995,30.26807213
720,imagenet,1,ILSVRC2012_val_00018255.JPEG,,,,-20.99860954,19.79861069
721,imagenet,1,ILSVRC2012_val_00018382.JPEG,,,,-6.10306883,14.89455223
722,imagenet,1,ILSVRC2012_val_00018391.JPEG,,,,-49.55640411,-7.34394121
723,imagenet,1,ILSVRC2012_val_00018416.JPEG,,,,16.62335777,2.28606057
724,imagenet,1,ILSVRC2012_val_00018481.JPEG,,,,-37.54178238,15.99384308
725,imagenet,1,ILSVRC2012_val_00018509.JPEG,,,,18.25280380,-29.26301003
726,imagenet,1,ILSVRC2012_val_00018543.JPEG,,,,11.68734837,29.65358734
727,imagenet,1,ILSVRC2012_val_00018619.JPEG,,,,14.48766422,-24.06811905
728,imagenet,1,ILSVRC2012_val_00018621.JPEG,,,,-2.75620508,44.45340729
729,imagenet,1,ILSVRC2012_val_00018635.JPEG,,,,-42.42312622,28.69619751
730,imagenet,1,ILSVRC2012_val_00018649.JPEG,,,,-43.90148544,15.44204140
731,imagenet,1,ILSVRC2012_val_00018658.JPEG,,,,47.81929398,-9.66159153
732,imagenet,1,ILSVRC2012_val_00018692.JPEG,,,,-31.96659660,5.59208870
733,imagenet,1,ILSVRC2012_val_00018715.JPEG,,,,-29.13100815,1.73324943
734,imagenet,1,ILSVRC2012_val_00018729.JPEG,,,,-30.78934669,12.36105347
735,imagenet,1,ILSVRC2012_val_00018732.JPEG,,,,7.40057755,-20.31048775
736,imagenet,1,ILSVRC2012_val_00018752.JPEG,,,,-32.92701340,-7.59868765
737,imagenet,1,ILSVRC2012_val_00018804.JPEG,,,,-22.54550743,-29.67421341
738,imagenet,1,ILSVRC2012_val_00018809.JPEG,,,,-25.28794289,34.31624222
739,imagenet,1,ILSVRC2012_val_00018839.JPEG,,,,48.04501343,8.23090839
740,imagenet,1,ILSVRC2012_val_00018886.JPEG,,,,-52.87513351,-1.81218362
741,imagenet,1,ILSVRC2012_val_00018914.JPEG,,,,12.59621716,43.30793381
742,imagenet,1,ILSVRC2012_val_00018930.JPEG,,,,-36.11120605,27.44394875
743,imagenet,1,ILSVRC2012_val_00018938.JPEG,,,,57.41502380,5.32880974
744,imagenet,1,ILSVRC2012_val_00018955.JPEG,,,,-24.40079308,6.88291693
745,imagenet,1,ILSVRC2012_val_00018981.JPEG,,,,11.83641815,8.30949879
746,imagenet,1,ILSVRC2012_val_00018995.JPEG,,,,38.69734573,-15.25031567
747,imagenet,1,ILSVRC2012_val_00019003.JPEG,,,,45.54011154,11.45448494
748,imagenet,1,ILSVRC2012_val_00019015.JPEG,,,,-9.78585911,42.95314789
749,imagenet,1,ILSVRC2012_val_00019029.JPEG,,,,42.91103745,9.07363796
750,imagenet,1,ILSVRC2012_val_00019048.JPEG,,,,-16.57246208,12.60506916
751,imagenet,1,ILSVRC2012_val_00019062.JPEG,,,,-38.85354996,11.28248215
752,imagenet,1,ILSVRC2012_val_00019089.JPEG,,,,-44.37656784,3.58797407
753,imagenet,1,ILSVRC2012_val_00019113.JPEG,,,,13.36775112,29.46934891
754,imagenet,1,ILSVRC2012_val_00019124.JPEG,,,,14.38860321,37.22713470
755,imagenet,1,ILSVRC2012_val_00019125.JPEG,,,,16.15140533,-2.96892715
756,imagenet,1,ILSVRC2012_val_00019146.JPEG,,,,41.50943756,-25.67084885
757,imagenet,1,ILSVRC2012_val_00019228.JPEG,,,,-45.58477402,-19.21262550
758,imagenet,1,ILSVRC2012_val_00019319.JPEG,,,,-28.82765198,38.78234100
759,imagenet,1,ILSVRC2012_val_00019331.JPEG,,,,-12.55671310,30.69761658
760,imagenet,1,ILSVRC2012_val_00019386.JPEG,,,,-10.14166164,-35.65589523
761,imagenet,1,ILSVRC2012_val_00019426.JPEG,,,,-16.61114693,-11.66700840
762,imagenet,1,ILSVRC2012_val_00019516.JPEG,,,,-30.71833992,-9.50829029
763,imagenet,1,ILSVRC2012_val_00019548.JPEG,,,,15.71881771,0.21365069
764,imagenet,1,ILSVRC2012_val_00019592.JPEG,,,,36.11083984,24.64871407
765,imagenet,1,ILSVRC2012_val_00019616.JPEG,,,,-47.56520081,-20.77507973
766,imagenet,1,ILSVRC2012_val_00019620.JPEG,,,,-46.23176575,-2.49362326
767,imagenet,1,ILSVRC2012_val_00019622.JPEG,,,,-29.02566910,-18.95490837
768,imagenet,1,ILSVRC2012_val_00019652.JPEG,,,,23.88214111,-5.70969772
769,imagenet,1,ILSVRC2012_val_00019774.JPEG,,,,-16.58001518,30.45313072
770,imagenet,1,ILSVRC2012_val_00019778.JPEG,,,,22.43780708,-12.03395653
771,imagenet,1,ILSVRC2012_val_00019795.JPEG,,,,-32.43360901,3.84704185
772,imagenet,1,ILSVRC2012_val_00019803.JPEG,,,,-24.29499626,11.69617271
773,imagenet,1,ILSVRC2012_val_00019872.JPEG,,,,-17.10024452,-16.60367584
774,imagenet,1,ILSVRC2012_val_00019903.JPEG,,,,-7.57829237,43.20141983
775,imagenet,1,ILSVRC2012_val_00019907.JPEG,,,,-45.37639618,3.92157698
776,imagenet,1,ILSVRC2012_val_00019914.JPEG,,,,42.06909561,1.46069682
777,imagenet,1,ILSVRC2012_val_00019932.JPEG,,,,-9.13867474,15.48636627
778,imagenet,1,ILSVRC2012_val_00019941.JPEG,,,,58.76345444,9.64347267
779,imagenet,1,ILSVRC2012_val_00019949.JPEG,,,,14.74650478,42.73320770
780,imagenet,1,ILSVRC2012_val_00019958.JPEG,,,,39.56428528,24.64308739
781,imagenet,1,ILSVRC2012_val_00019983.JPEG,,,,21.17756271,-11.60821915
782,imagenet,1,ILSVRC2012_val_00019989.JPEG,,,,-51.19761658,-2.67326880
783,imagenet,1,ILSVRC2012_val_00020032.JPEG,,,,41.60279083,29.19050598
784,imagenet,1,ILSVRC2012_val_00020033.JPEG,,,,-28.89111519,-10.78713036
785,imagenet,1,ILSVRC2012_val_00020043.JPEG,,,,-11.10068226,10.55166912
786,imagenet,1,ILSVRC2012_val_00020061.JPEG,,,,-33.31497955,22.83544540
787,imagenet,1,ILSVRC2012_val_00020076.JPEG,,,,38.56375504,1.21433067
788,imagenet,1,ILSVRC2012_val_00020087.JPEG,,,,-48.15471268,10.59642029
789,imagenet,1,ILSVRC2012_val_00020108.JPEG,,,,-1.16126645,11.08269119
790,imagenet,1,ILSVRC2012_val_00020182.JPEG,,,,-32.65526581,40.19172287
791,imagenet,1,ILSVRC2012_val_00020188.JPEG,,,,-29.33293915,7.42346096
792,imagenet,1,ILSVRC2012_val_00020196.JPEG,,,,-12.28276920,-28.87997437
793,imagenet,1,ILSVRC2012_val_00020220.JPEG,,,,-30.32770157,-11.64676094
794,imagenet,1,ILSVRC2012_val_00020232.JPEG,,,,-1.47442591,43.46253586
795,imagenet,1,ILSVRC2012_val_00020246.JPEG,,,,1.17073011,10.40147114
796,imagenet,1,ILSVRC2012_val_00020249.JPEG,,,,-23.26007271,-26.96952629
797,imagenet,1,ILSVRC2012_val_00020250.JPEG,,,,41.06481934,10.31064415
798,imagenet,1,ILSVRC2012_val_00020258.JPEG,,,,-48.64124298,-0.62273288
799,imagenet,1,ILSVRC2012_val_00020292.JPEG,,,,58.36634064,5.52960491
800,imagenet,1,ILSVRC2012_val_00020297.JPEG,,,,-9.67056274,5.40450716
801,imagenet,1,ILSVRC2012_val_00020314.JPEG,,,,8.47080231,-21.25130653
802,imagenet,1,ILSVRC2012_val_00020342.JPEG,,,,-22.41896629,-21.92141151
803,imagenet,1,ILSVRC2012_val_00020362.JPEG,,,,26.03562927,-13.73759079
804,imagenet,1,ILSVRC2012_val_00020375.JPEG,,,,4.30764341,24.49971962
805,imagenet,1,ILSVRC2012_val_00020399.JPEG,,,,-2.52043772,-27.78144836
806,imagenet,1,ILSVRC2012_val_00020419.JPEG,,,,56.23899460,-5.07130671
807,imagenet,1,ILSVRC2012_val_00020442.JPEG,,,,5.46508980,10.12407017
808,imagenet,1,ILSVRC2012_val_00020462.JPEG,,,,-26.17073822,-16.32227135
809,imagenet,1,ILSVRC2012_val_00020512.JPEG,,,,-39.99547577,12.16032982
810,imagenet,1,ILSVRC2012_val_00020516.JPEG,,,,-1.99456000,-19.95602226
811,imagenet,1,ILSVRC2012_val_00020533.JPEG,,,,-13.14685249,-33.44149780
812,imagenet,1,ILSVRC2012_val_00020543.JPEG,,,,-32.24142075,-5.17195225
813,imagenet,1,ILSVRC2012_val_00020550.JPEG,,,,-13.13134956,-23.03728104
814,imagenet,1,ILSVRC2012_val_00020557.JPEG,,,,41.22584152,-2.31428647
815,imagenet,1,ILSVRC2012_val_00020560.JPEG,,,,12.10310745,-68.11653137
816,imagenet,1,ILSVRC2012_val_00020565.JPEG,,,,-52.74243164,10.79866409
817,imagenet,1,ILSVRC2012_val_00020573.JPEG,,,,45.55834198,4.03892803
818,imagenet,1,ILSVRC2012_val_00020665.JPEG,,,,-39.25256729,33.05373001
819,imagenet,1,ILSVRC2012_val_00020739.JPEG,,,,39.68036270,29.72825050
820,imagenet,1,ILSVRC2012_val_00020755.JPEG,,,,49.98217010,-12.50156879
821,imagenet,1,ILSVRC2012_val_00020756.JPEG,,,,-4.76592731,48.44454193
822,imagenet,1,ILSVRC2012_val_00020789.JPEG,,,,-31.57110214,38.49581909
823,imagenet,1,ILSVRC2012_val_00020806.JPEG,,,,44.68719482,-10.45711040
824,imagenet,1,ILSVRC2012_val_00020844.JPEG,,,,6.06172323,24.97908020
825,imagenet,1,ILSVRC2012_val_00020849.JPEG,,,,14.46532345,-28.98417091
826,imagenet,1,ILSVRC2012_val_00020863.JPEG,,,,14.71696758,-30.68237114
827,imagenet,1,ILSVRC2012_val_00020865.JPEG,,,,26.81912613,-1.66237414
828,imagenet,1,ILSVRC2012_val_00020902.JPEG,,,,-45.52929306,-19.83715248
829,imagenet,1,ILSVRC2012_val_00020928.JPEG,,,,61.58816528,4.07211971
830,imagenet,1,ILSVRC2012_val_00020929.JPEG,,,,-14.54241562,-7.35597038
831,imagenet,1,ILSVRC2012_val_00020948.JPEG,,,,11.27323818,45.19221115
832,imagenet,1,ILSVRC2012_val_00020963.JPEG,,,,-18.48943710,-28.37928009
833,imagenet,1,ILSVRC2012_val_00020981.JPEG,,,,-6.18135548,45.75256348
834,imagenet,1,ILSVRC2012_val_00021011.JPEG,,,,-21.51092911,21.81309700
835,imagenet,1,ILSVRC2012_val_00021033.JPEG,,,,37.14442444,-23.37744331
836,imagenet,1,ILSVRC2012_val_00021103.JPEG,,,,37.84886932,15.28905487
837,imagenet,1,ILSVRC2012_val_00021138.JPEG,,,,-28.18954659,10.19081783
838,imagenet,1,ILSVRC2012_val_00021162.JPEG,,,,45.23347473,12.43937302
839,imagenet,1,ILSVRC2012_val_00021216.JPEG,,,,-38.16061783,-8.09681225
840,imagenet,1,ILSVRC2012_val_00021220.JPEG,,,,-40.91089630,-20.41629219
841,imagenet,1,ILSVRC2012_val_00021241.JPEG,,,,-32.83672714,-9.67837143
842,imagenet,1,ILSVRC2012_val_00021255.JPEG,,,,-43.49228668,15.55795193
843,imagenet,1,ILSVRC2012_val_00021291.JPEG,,,,-29.29228020,-11.45638657
844,imagenet,1,ILSVRC2012_val_00021341.JPEG,,,,32.24571991,-12.19598675
845,imagenet,1,ILSVRC2012_val_00021371.JPEG,,,,38.89414215,-15.04353714
846,imagenet,1,ILSVRC2012_val_00021492.JPEG,,,,-26.35671806,7.63068485
847,imagenet,1,ILSVRC2012_val_00021506.JPEG,,,,35.82218552,30.85233879
848,imagenet,1,ILSVRC2012_val_00021533.JPEG,,,,-2.18207741,-31.53113365
849,imagenet,1,ILSVRC2012_val_00021575.JPEG,,,,-18.78456688,-34.12852478
850,imagenet,1,ILSVRC2012_val_00021606.JPEG,,,,31.03086662,-4.49060631
851,imagenet,1,ILSVRC2012_val_00021656.JPEG,,,,39.84315109,-8.94901943
852,imagenet,1,ILSVRC2012_val_00021663.JPEG,,,,17.28245926,-24.32402802
853,imagenet,1,ILSVRC2012_val_00021665.JPEG,,,,63.25010681,-2.90007901
854,imagenet,1,ILSVRC2012_val_00021730.JPEG,,,,31.60821342,-10.29172134
855,imagenet,1,ILSVRC2012_val_00021733.JPEG,,,,-39.98467255,-26.31529427
856,imagenet,1,ILSVRC2012_val_00021745.JPEG,,,,-57.96572113,-4.09178877
857,imagenet,1,ILSVRC2012_val_00021751.JPEG,,,,10.60998917,-13.37755013
858,imagenet,1,ILSVRC2012_val_00021788.JPEG,,,,8.18456841,7.14671803
859,imagenet,1,ILSVRC2012_val_00021790.JPEG,,,,32.89175415,-19.47472763
860,imagenet,1,ILSVRC2012_val_00021800.JPEG,,,,-47.98023224,-9.25407696
861,imagenet,1,ILSVRC2012_val_00021839.JPEG,,,,-24.13033676,-13.30601311
862,imagenet,1,ILSVRC2012_val_00021856.JPEG,,,,60.58109665,5.81645536
863,imagenet,1,ILSVRC2012_val_00021928.JPEG,,,,-16.77174950,11.63072968
864,imagenet,1,ILSVRC2012_val_00021989.JPEG,,,,42.22293854,-18.85726929
865,imagenet,1,ILSVRC2012_val_00022021.JPEG,,,,-22.00831413,29.44547272
866,imagenet,1,ILSVRC2012_val_00022026.JPEG,,,,55.00293350,-1.95702434
867,imagenet,1,ILSVRC2012_val_00022029.JPEG,,,,21.13222504,19.21566200
868,imagenet,1,ILSVRC2012_val_00022074.JPEG,,,,63.88591003,-4.38500023
869,imagenet,1,ILSVRC2012_val_00022130.JPEG,,,,28.55684853,-17.95947647
870,imagenet,1,ILSVRC2012_val_00022158.JPEG,,,,-12.80022430,-35.66810608
871,imagenet,1,ILSVRC2012_val_00022159.JPEG,,,,40.46747589,6.59287691
872,imagenet,1,ILSVRC2012_val_00022174.JPEG,,,,-16.54777145,13.86807537
873,imagenet,1,ILSVRC2012_val_00022220.JPEG,,,,13.88395500,39.07833099
874,imagenet,1,ILSVRC2012_val_00022235.JPEG,,,,11.09232712,12.83348179
875,imagenet,1,ILSVRC2012_val_00022246.JPEG,,,,-23.85575867,20.97377205
876,imagenet,1,ILSVRC2012_val_00022279.JPEG,,,,-20.35441589,-15.23909569
877,imagenet,1,ILSVRC2012_val_00022299.JPEG,,,,25.27481461,13.41725731
878,imagenet,1,ILSVRC2012_val_00022348.JPEG,,,,-10.83331871,45.17655563
879,imagenet,1,ILSVRC2012_val_00022354.JPEG,,,,-6.62363768,21.74857903
880,imagenet,1,ILSVRC2012_val_00022362.JPEG,,,,-37.38874817,6.20423651
881,imagenet,1,ILSVRC2012_val_00022518.JPEG,,,,-29.91257477,33.10048676
882,imagenet,1,ILSVRC2012_val_00022555.JPEG,,,,-21.53643990,-33.40215302
883,imagenet,1,ILSVRC2012_val_00022561.JPEG,,,,-12.24493408,-36.57169724
884,imagenet,1,ILSVRC2012_val_00022581.JPEG,,,,-18.37833405,-24.99981117
885,imagenet,1,ILSVRC2012_val_00022586.JPEG,,,,-2.53793216,-13.36281681
886,imagenet,1,ILSVRC2012_val_00022604.JPEG,,,,52.30159378,-1.36005771
887,imagenet,1,ILSVRC2012_val_00022624.JPEG,,,,22.92445374,-9.70456600
888,imagenet,1,ILSVRC2012_val_00022626.JPEG,,,,46.72446442,9.51293182
889,imagenet,1,ILSVRC2012_val_00022631.JPEG,,,,-45.66310120,5.46409273
890,imagenet,1,ILSVRC2012_val_00022656.JPEG,,,,-47.42027283,17.72175026
891,imagenet,1,ILSVRC2012_val_00022681.JPEG,,,,50.35131836,-6.73226213
892,imagenet,1,ILSVRC2012_val_00022683.JPEG,,,,-15.24337864,-16.29851532
893,imagenet,1,ILSVRC2012_val_00022693.JPEG,,,,7.12811613,25.60500908
894,imagenet,1,ILSVRC2012_val_00022714.JPEG,,,,35.17970657,32.23636627
895,imagenet,1,ILSVRC2012_val_00022720.JPEG,,,,21.08452606,43.34720993
896,imagenet,1,ILSVRC2012_val_00022735.JPEG,,,,49.67340851,1.47142124
897,imagenet,1,ILSVRC2012_val_00022751.JPEG,,,,-23.67359352,34.43863297
898,imagenet,1,ILSVRC2012_val_00022758.JPEG,,,,-20.86347198,-8.99708080
899,imagenet,1,ILSVRC2012_val_00022772.JPEG,,,,42.88622284,22.29193687
900,imagenet,1,ILSVRC2012_val_00022779.JPEG,,,,-10.23669147,-32.98723602
901,imagenet,1,ILSVRC2012_val_00022807.JPEG,,,,-19.26509094,-20.83370018
902,imagenet,1,ILSVRC2012_val_00022839.JPEG,,,,3.46222258,16.81974983
903,imagenet,1,ILSVRC2012_val_00022856.JPEG,,,,-38.66978455,16.49445724
904,imagenet,1,ILSVRC2012_val_00022922.JPEG,,,,-27.75790405,8.37327576
905,imagenet,1,ILSVRC2012_val_00022942.JPEG,,,,51.95755386,-0.05486163
906,imagenet,1,ILSVRC2012_val_00022948.JPEG,,,,10.13936043,23.44953537
907,imagenet,1,ILSVRC2012_val_00022970.JPEG,,,,-28.68508720,6.30096769
908,imagenet,1,ILSVRC2012_val_00022971.JPEG,,,,-36.07771301,6.35905886
909,imagenet,1,ILSVRC2012_val_00022972.JPEG,,,,41.74119949,-2.53545308
910,imagenet,1,ILSVRC2012_val_00022991.JPEG,,,,-9.51090336,-15.70809746
911,imagenet,1,ILSVRC2012_val_00022998.JPEG,,,,-18.49106789,-3.70755935
912,imagenet,1,ILSVRC2012_val_00023007.JPEG,,,,36.90353394,-18.83464432
913,imagenet,1,ILSVRC2012_val_00023060.JPEG,,,,-35.80866241,21.08325386
914,imagenet,1,ILSVRC2012_val_00023087.JPEG,,,,35.33144760,-23.08179855
915,imagenet,1,ILSVRC2012_val_00023110.JPEG,,,,-37.89529800,-13.67667961
916,imagenet,1,ILSVRC2012_val_00023155.JPEG,,,,-41.37313461,2.64580727
917,imagenet,1,ILSVRC2012_val_00023157.JPEG,,,,-27.59955025,-4.14351130
918,imagenet,1,ILSVRC2012_val_00023159.JPEG,,,,34.41094971,12.99020195
919,imagenet,1,ILSVRC2012_val_00023201.JPEG,,,,-10.65203571,20.71763229
920,imagenet,1,ILSVRC2012_val_00023225.JPEG,,,,53.46662903,-1.67545629
921,imagenet,1,ILSVRC2012_val_00023258.JPEG,,,,-52.95140457,0.99783468
922,imagenet,1,ILSVRC2012_val_00023260.JPEG,,,,-41.66830826,-15.09999466
923,imagenet,1,ILSVRC2012_val_00023265.JPEG,,,,-12.25242519,-17.85042000
924,imagenet,1,ILSVRC2012_val_00023327.JPEG,,,,-13.61253643,18.33606720
925,imagenet,1,ILSVRC2012_val_00023363.JPEG,,,,-21.07681465,28.27443504
926,imagenet,1,ILSVRC2012_val_00023419.JPEG,,,,18.68835068,-32.21225357
927,imagenet,1,ILSVRC2012_val_00023448.JPEG,,,,5.42194223,30.55188370
928,imagenet,1,ILSVRC2012_val_00023455.JPEG,,,,-2.50830221,21.40287971
929,imagenet,1,ILSVRC2012_val_00023517.JPEG,,,,5.32265472,-28.44762802
930,imagenet,1,ILSVRC2012_val_00023591.JPEG,,,,-46.30297852,7.97685194
931,imagenet,1,ILSVRC2012_val_00023594.JPEG,,,,9.00528622,21.67341232
932,imagenet,1,ILSVRC2012_val_00023606.JPEG,,,,30.15995026,0.37428343
933,imagenet,1,ILSVRC2012_val_00023644.JPEG,,,,-4.76958466,46.35289764
934,imagenet,1,ILSVRC2012_val_00023646.JPEG,,,,-40.94387436,-1.68184590
935,imagenet,1,ILSVRC2012_val_00023675.JPEG,,,,-29.87243462,-18.49433517
936,imagenet,1,ILSVRC2012_val_00023703.JPEG,,,,23.87699890,31.13034439
937,imagenet,1,ILSVRC2012_val_00023729.JPEG,,,,-27.22145081,12.31765079
938,imagenet,1,ILSVRC2012_val_00023740.JPEG,,,,5.07566404,6.23132515
939,imagenet,1,ILSVRC2012_val_00023750.JPEG,,,,-44.39913177,-22.20539856
940,imagenet,1,ILSVRC2012_val_00023784.JPEG,,,,-13.18012619,-34.10399628
941,imagenet,1,ILSVRC2012_val_00023786.JPEG,,,,-43.13358307,-21.58689690
942,imagenet,1,ILSVRC2012_val_00023788.JPEG,,,,-24.71073341,-0.37184030
943,imagenet,1,ILSVRC2012_val_00023811.JPEG,,,,-6.45181036,-5.92816353
944,imagenet,1,ILSVRC2012_val_00023822.JPEG,,,,-19.34798622,25.08802605
945,imagenet,1,ILSVRC2012_val_00023832.JPEG,,,,16.10135651,40.29189682
946,imagenet,1,ILSVRC2012_val_00023838.JPEG,,,,20.38302422,41.99452209
947,imagenet,1,ILSVRC2012_val_00023843.JPEG,,,,39.49171829,24.33876038
948,imagenet,1,ILSVRC2012_val_00023862.JPEG,,,,26.78175545,0.84901416
949,imagenet,1,ILSVRC2012_val_00023873.JPEG,,,,-39.29381561,22.35778427
950,imagenet,1,ILSVRC2012_val_00023922.JPEG,,,,-27.56999207,-24.78984642
951,imagenet,1,ILSVRC2012_val_00023929.JPEG,,,,49.55109024,-18.39934349
952,imagenet,1,ILSVRC2012_val_00023939.JPEG,,,,-21.34660149,-18.73066521
953,imagenet,1,ILSVRC2012_val_00023951.JPEG,,,,-29.53611755,-16.15441895
954,imagenet,1,ILSVRC2012_val_00023959.JPEG,,,,31.68950462,-25.11076736
955,imagenet,1,ILSVRC2012_val_00024049.JPEG,,,,-45.28708649,10.98133850
956,imagenet,1,ILSVRC2012_val_00024101.JPEG,,,,-3.54303098,-2.41174412
957,imagenet,1,ILSVRC2012_val_00024119.JPEG,,,,-43.15264130,18.84488297
958,imagenet,1,ILSVRC2012_val_00024142.JPEG,,,,-8.90893745,-35.63871002
959,imagenet,1,ILSVRC2012_val_00024145.JPEG,,,,13.07064342,-18.46792793
960,imagenet,1,ILSVRC2012_val_00024176.JPEG,,,,32.83246613,25.92374229
961,imagenet,1,ILSVRC2012_val_00024179.JPEG,,,,-21.16647720,-31.00142860
962,imagenet,1,ILSVRC2012_val_00024222.JPEG,,,,41.52910614,-24.14731216
963,imagenet,1,ILSVRC2012_val_00024241.JPEG,,,,20.81963348,26.53917122
964,imagenet,1,ILSVRC2012_val_00024244.JPEG,,,,-18.84403419,-21.52144051
965,imagenet,1,ILSVRC2012_val_00024302.JPEG,,,,-0.24699026,10.12115288
966,imagenet,1,ILSVRC2012_val_00024316.JPEG,,,,19.58985519,-26.75373077
967,imagenet,1,ILSVRC2012_val_00024326.JPEG,,,,-4.36659384,-6.41544390
968,imagenet,1,ILSVRC2012_val_00024333.JPEG,,,,-33.54103088,7.97824287
969,imagenet,1,ILSVRC2012_val_00024377.JPEG,,,,9.97419357,13.63029003
970,imagenet,1,ILSVRC2012_val_00024447.JPEG,,,,-11.49517822,-6.32150221
971,imagenet,1,ILSVRC2012_val_00024463.JPEG,,,,-8.63994884,-34.13177109
972,imagenet,1,ILSVRC2012_val_00024467.JPEG,,,,0.14346594,18.61826324
973,imagenet,1,ILSVRC2012_val_00024491.JPEG,,,,6.22756720,-26.79449272
974,imagenet,1,ILSVRC2012_val_00024513.JPEG,,,,32.53271484,-21.19957161
975,imagenet,1,ILSVRC2012_val_00024549.JPEG,,,,-21.17938423,35.78885651
976,imagenet,1,ILSVRC2012_val_00024561.JPEG,,,,9.73090744,35.93016052
977,imagenet,1,ILSVRC2012_val_00024581.JPEG,,,,7.43346977,27.20408058
978,imagenet,1,ILSVRC2012_val_00024599.JPEG,,,,42.10402679,26.79367828
979,imagenet,1,ILSVRC2012_val_00024620.JPEG,,,,-19.85329247,-4.32003593
980,imagenet,1,ILSVRC2012_val_00024667.JPEG,,,,-41.67382050,9.92424393
981,imagenet,1,ILSVRC2012_val_00024709.JPEG,,,,36.00075912,-10.24128056
982,imagenet,1,ILSVRC2012_val_00024784.JPEG,,,,-45.46413040,-22.26642418
983,imagenet,1,ILSVRC2012_val_00024805.JPEG,,,,-32.09284973,-20.17170334
984,imagenet,1,ILSVRC2012_val_00024824.JPEG,,,,-39.14251709,9.26252460
985,imagenet,1,ILSVRC2012_val_00024904.JPEG,,,,-36.20740891,-12.03314304
986,imagenet,1,ILSVRC2012_val_00024914.JPEG,,,,-7.06268454,29.02514076
987,imagenet,1,ILSVRC2012_val_00024977.JPEG,,,,-2.39899230,-20.84908867
988,imagenet,1,ILSVRC2012_val_00025045.JPEG,,,,-48.73034668,7.14419031
989,imagenet,1,ILSVRC2012_val_00025052.JPEG,,,,-24.07006073,-22.84716988
990,imagenet,1,ILSVRC2012_val_00025062.JPEG,,,,-22.91934395,-35.29802704
991,imagenet,1,ILSVRC2012_val_00025082.JPEG,,,,37.66192627,19.11484146
992,imagenet,1,ILSVRC2012_val_00025085.JPEG,,,,29.83837891,-14.24031258
993,imagenet,1,ILSVRC2012_val_00025144.JPEG,,,,-0.53312737,18.67180824
994,imagenet,1,ILSVRC2012_val_00025164.JPEG,,,,-41.07887268,13.30127811
995,imagenet,1,ILSVRC2012_val_00025180.JPEG,,,,-10.79823875,36.59195709
996,imagenet,1,ILSVRC2012_val_00025214.JPEG,,,,-49.29153442,-3.01224709
997,imagenet,1,ILSVRC2012_val_00025257.JPEG,,,,17.13974190,42.85852051
998,imagenet,1,ILSVRC2012_val_00025271.JPEG,,,,38.66787720,-2.18076754
999,imagenet,1,ILSVRC2012_val_00025283.JPEG,,,,28.07747459,-2.92162895
1000,imagenet,1,ILSVRC2012_val_00025336.JPEG,,,,-31.55334663,17.48050308
1001,imagenet,1,ILSVRC2012_val_00025353.JPEG,,,,-44.72824860,16.54120255
1002,imagenet,1,ILSVRC2012_val_00025357.JPEG,,,,-47.12999725,-4.81744432
1003,imagenet,1,ILSVRC2012_val_00025373.JPEG,,,,-53.01325607,-3.92197323
1004,imagenet,1,ILSVRC2012_val_00025422.JPEG,,,,-41.71842957,1.71118128
1005,imagenet,1,ILSVRC2012_val_00025428.JPEG,,,,34.33951950,18.61703110
1006,imagenet,1,ILSVRC2012_val_00025476.JPEG,,,,-20.65559769,14.93243790
1007,imagenet,1,ILSVRC2012_val_00025512.JPEG,,,,-35.78231812,4.07122421
1008,imagenet,1,ILSVRC2012_val_00025514.JPEG,,,,-40.31784821,-17.64063644
1009,imagenet,1,ILSVRC2012_val_00025519.JPEG,,,,5.30509233,43.04847336
1010,imagenet,1,ILSVRC2012_val_00025557.JPEG,,,,44.70325089,26.89642525
1011,imagenet,1,ILSVRC2012_val_00025570.JPEG,,,,41.87381363,4.53891850
1012,imagenet,1,ILSVRC2012_val_00025597.JPEG,,,,61.86310196,2.56772876
1013,imagenet,1,ILSVRC2012_val_00025610.JPEG,,,,19.54872131,31.81270218
1014,imagenet,1,ILSVRC2012_val_00025611.JPEG,,,,17.04273796,-1.98444414
1015,imagenet,1,ILSVRC2012_val_00025619.JPEG,,,,41.55300903,-22.09686279
1016,imagenet,1,ILSVRC2012_val_00025631.JPEG,,,,-29.56896210,-1.43588412
1017,imagenet,1,ILSVRC2012_val_00025636.JPEG,,,,17.53428078,-29.86412048
1018,imagenet,1,ILSVRC2012_val_00025686.JPEG,,,,27.94405174,-25.40618324
1019,imagenet,1,ILSVRC2012_val_00025694.JPEG,,,,22.99373055,-4.92760468
1020,imagenet,1,ILSVRC2012_val_00025718.JPEG,,,,5.64513683,16.55773735
1021,imagenet,1,ILSVRC2012_val_00025720.JPEG,,,,-13.97792149,22.85724258
1022,imagenet,1,ILSVRC2012_val_00025726.JPEG,,,,-24.69161606,-4.23867083
1023,imagenet,1,ILSVRC2012_val_00025731.JPEG,,,,-53.04638672,-5.41635275
1024,imagenet,1,ILSVRC2012_val_00025732.JPEG,,,,30.86111450,-14.96854782
1025,imagenet,1,ILSVRC2012_val_00025765.JPEG,,,,-38.30934143,7.57058096
1026,imagenet,1,ILSVRC2012_val_00025792.JPEG,,,,10.92457485,-25.64184380
1027,imagenet,1,ILSVRC2012_val_00025803.JPEG,,,,52.91590881,-3.87551308
1028,imagenet,1,ILSVRC2012_val_00025830.JPEG,,,,-26.69953346,5.96664476
1029,imagenet,1,ILSVRC2012_val_00025848.JPEG,,,,-40.34755707,-12.56547546
1030,imagenet,1,ILSVRC2012_val_00025851.JPEG,,,,-48.09413528,-6.18082714
1031,imagenet,1,ILSVRC2012_val_00025853.JPEG,,,,16.81011200,-28.33675194
1032,imagenet,1,ILSVRC2012_val_00025871.JPEG,,,,-19.38849640,16.88787270
1033,imagenet,1,ILSVRC2012_val_00025880.JPEG,,,,18.52704048,24.74782181
1034,imagenet,1,ILSVRC2012_val_00025882.JPEG,,,,-51.25081253,-13.34959221
1035,imagenet,1,ILSVRC2012_val_00025901.JPEG,,,,18.54664612,-14.73880863
1036,imagenet,1,ILSVRC2012_val_00025906.JPEG,,,,18.35685539,15.86108112
1037,imagenet,1,ILSVRC2012_val_00025927.JPEG,,,,-12.44303131,20.70883179
1038,imagenet,1,ILSVRC2012_val_00025948.JPEG,,,,-2.13690019,-27.75247955
1039,imagenet,1,ILSVRC2012_val_00025972.JPEG,,,,-28.02868843,-9.47395802
1040,imagenet,1,ILSVRC2012_val_00025986.JPEG,,,,0.65724194,-5.36885118
1041,imagenet,1,ILSVRC2012_val_00025992.JPEG,,,,-25.98250580,-20.88006020
1042,imagenet,1,ILSVRC2012_val_00026017.JPEG,,,,49.24247742,13.60823250
1043,imagenet,1,ILSVRC2012_val_00026047.JPEG,,,,-4.64078283,-12.78137302
1044,imagenet,1,ILSVRC2012_val_00026081.JPEG,,,,-31.96388054,-16.78574181
1045,imagenet,1,ILSVRC2012_val_00026095.JPEG,,,,58.21458817,10.92528534
1046,imagenet,1,ILSVRC2012_val_00026103.JPEG,,,,-27.44921875,-6.54785681
1047,imagenet,1,ILSVRC2012_val_00026113.JPEG,,,,20.38107681,-10.65229034
1048,imagenet,1,ILSVRC2012_val_00026120.JPEG,,,,-44.23668671,1.14091170
1049,imagenet,1,ILSVRC2012_val_00026132.JPEG,,,,58.83864212,1.20912361
1050,imagenet,1,ILSVRC2012_val_00026141.JPEG,,,,-31.78506470,-16.83297729
1051,imagenet,1,ILSVRC2012_val_00026146.JPEG,,,,18.81459999,21.15546227
1052,imagenet,1,ILSVRC2012_val_00026152.JPEG,,,,-39.33250046,29.48534775
1053,imagenet,1,ILSVRC2012_val_00026155.JPEG,,,,60.62054062,-4.10467100
1054,imagenet,1,ILSVRC2012_val_00026204.JPEG,,,,65.21938324,-2.91785002
1055,imagenet,1,ILSVRC2012_val_00026212.JPEG,,,,-34.31006622,13.18330002
1056,imagenet,1,ILSVRC2012_val_00026225.JPEG,,,,7.14854240,-30.74252892
1057,imagenet,1,ILSVRC2012_val_00026327.JPEG,,,,57.47340012,-0.58037609
1058,imagenet,1,ILSVRC2012_val_00026328.JPEG,,,,39.24266815,-17.62043953
1059,imagenet,1,ILSVRC2012_val_00026339.JPEG,,,,-13.66211605,-17.27201462
1060,imagenet,1,ILSVRC2012_val_00026344.JPEG,,,,-29.57807350,29.68787384
1061,imagenet,1,ILSVRC2012_val_00026346.JPEG,,,,7.05268240,34.59943771
1062,imagenet,1,ILSVRC2012_val_00026355.JPEG,,,,-44.40189362,-10.70327282
1063,imagenet,1,ILSVRC2012_val_00026372.JPEG,,,,-13.72571945,3.16369247
1064,imagenet,1,ILSVRC2012_val_00026400.JPEG,,,,39.61722565,-8.19759274
1065,imagenet,1,ILSVRC2012_val_00026477.JPEG,,,,-35.72936630,-11.87557793
1066,imagenet,1,ILSVRC2012_val_00026479.JPEG,,,,12.02445507,14.18042374
1067,imagenet,1,ILSVRC2012_val_00026486.JPEG,,,,-30.37119484,-30.16027832
1068,imagenet,1,ILSVRC2012_val_00026536.JPEG,,,,-0.53556567,0.58361667
1069,imagenet,1,ILSVRC2012_val_00026545.JPEG,,,,32.97043991,28.16566086
1070,imagenet,1,ILSVRC2012_val_00026598.JPEG,,,,21.76692581,-5.15052509
1071,imagenet,1,ILSVRC2012_val_00026602.JPEG,,,,38.87135696,5.10126591
1072,imagenet,1,ILSVRC2012_val_00026616.JPEG,,,,20.40464020,-30.40155792
1073,imagenet,1,ILSVRC2012_val_00026632.JPEG,,,,39.48068237,-12.40056515
1074,imagenet,1,ILSVRC2012_val_00026652.JPEG,,,,22.82802391,-17.38794327
1075,imagenet,1,ILSVRC2012_val_00026661.JPEG,,,,-8.39136505,36.75431442
1076,imagenet,1,ILSVRC2012_val_00026672.JPEG,,,,14.21381283,-10.79117393
1077,imagenet,1,ILSVRC2012_val_00026688.JPEG,,,,-10.37304211,-29.42964745
1078,imagenet,1,ILSVRC2012_val_00026697.JPEG,,,,-38.57160568,-3.29303622
1079,imagenet,1,ILSVRC2012_val_00026706.JPEG,,,,-15.99005985,20.61809540
1080,imagenet,1,ILSVRC2012_val_00026755.JPEG,,,,19.26530647,-29.55297661
1081,imagenet,1,ILSVRC2012_val_00026778.JPEG,,,,34.07715988,23.01472473
1082,imagenet,1,ILSVRC2012_val_00026807.JPEG,,,,-12.46589851,-0.11267734
1083,imagenet,1,ILSVRC2012_val_00026862.JPEG,,,,29.41394615,27.11001587
1084,imagenet,1,ILSVRC2012_val_00026875.JPEG,,,,37.08651352,-5.96197653
1085,imagenet,1,ILSVRC2012_val_00026878.JPEG,,,,-13.96761131,20.04309273
1086,imagenet,1,ILSVRC2012_val_00026880.JPEG,,,,-30.74304008,33.65676498
1087,imagenet,1,ILSVRC2012_val_00026922.JPEG,,,,-25.30469131,-0.26962566
1088,imagenet,1,ILSVRC2012_val_00026930.JPEG,,,,26.93037796,-34.22550201
1089,imagenet,1,ILSVRC2012_val_00027006.JPEG,,,,54.21656418,7.74598980
1090,imagenet,1,ILSVRC2012_val_00027019.JPEG,,,,38.90980530,-27.06946754
1091,imagenet,1,ILSVRC2012_val_00027021.JPEG,,,,-3.40574670,-18.04960442
1092,imagenet,1,ILSVRC2012_val_00027053.JPEG,,,,32.63022232,25.67876816
1093,imagenet,1,ILSVRC2012_val_00027061.JPEG,,,,31.83625793,9.86523628
1094,imagenet,1,ILSVRC2012_val_00027065.JPEG,,,,-40.69371414,22.30980492
1095,imagenet,1,ILSVRC2012_val_00027066.JPEG,,,,15.92166901,-8.43636036
1096,imagenet,1,ILSVRC2012_val_00027067.JPEG,,,,-44.64968109,-6.70102596
1097,imagenet,1,ILSVRC2012_val_00027108.JPEG,,,,-38.91201401,-10.01902390
1098,imagenet,1,ILSVRC2012_val_00027117.JPEG,,,,28.95867538,-26.73964500
1099,imagenet,1,ILSVRC2012_val_00027124.JPEG,,,,-41.09613800,-14.36051464
1100,imagenet,1,ILSVRC2012_val_00027132.JPEG,,,,49.16016388,9.05017853
1101,imagenet,1,ILSVRC2012_val_00027134.JPEG,,,,-0.07898919,-13.85607719
1102,imagenet,1,ILSVRC2012_val_00027146.JPEG,,,,-19.86086273,38.93500137
1103,imagenet,1,ILSVRC2012_val_00027151.JPEG,,,,0.02368005,-0.31723434
1104,imagenet,1,ILSVRC2012_val_00027153.JPEG,,,,8.51762772,21.28765678
1105,imagenet,1,ILSVRC2012_val_00027163.JPEG,,,,23.75798607,-16.22388458
1106,imagenet,1,ILSVRC2012_val_00027177.JPEG,,,,-21.00471497,-21.90345764
1107,imagenet,1,ILSVRC2012_val_00027178.JPEG,,,,-12.54942226,7.72804070
1108,imagenet,1,ILSVRC2012_val_00027211.JPEG,,,,33.94683838,-21.50683212
1109,imagenet,1,ILSVRC2012_val_00027237.JPEG,,,,-41.92885590,9.27525139
1110,imagenet,1,ILSVRC2012_val_00027248.JPEG,,,,39.99407578,-7.86467457
1111,imagenet,1,ILSVRC2012_val_00027330.JPEG,,,,-33.80724716,12.81004906
1112,imagenet,1,ILSVRC2012_val_00027351.JPEG,,,,43.12417984,12.29879475
1113,imagenet,1,ILSVRC2012_val_00027375.JPEG,,,,5.88727617,-21.63928795
1114,imagenet,1,ILSVRC2012_val_00027385.JPEG,,,,-0.23789409,-0.78456444
1115,imagenet,1,ILSVRC2012_val_00027428.JPEG,,,,-28.02271271,-10.06795120
1116,imagenet,1,ILSVRC2012_val_00027481.JPEG,,,,-32.89207458,10.48910236
1117,imagenet,1,ILSVRC2012_val_00027517.JPEG,,,,-17.19205856,-31.36198616
1118,imagenet,1,ILSVRC2012_val_00027533.JPEG,,,,44.54259872,0.72979558
1119,imagenet,1,ILSVRC2012_val_00027539.JPEG,,,,-23.21561241,-28.64519691
1120,imagenet,1,ILSVRC2012_val_00027560.JPEG,,,,-24.63346100,31.73737717
1121,imagenet,1,ILSVRC2012_val_00027584.JPEG,,,,-10.22880745,44.03127289
1122,imagenet,1,ILSVRC2012_val_00027631.JPEG,,,,8.94469833,-11.99049950
1123,imagenet,1,ILSVRC2012_val_00027632.JPEG,,,,9.76389980,23.03413391
1124,imagenet,1,ILSVRC2012_val_00027642.JPEG,,,,-37.71690750,-13.76324749
1125,imagenet,1,ILSVRC2012_val_00027659.JPEG,,,,6.82883358,40.23856735
1126,imagenet,1,ILSVRC2012_val_00027660.JPEG,,,,62.53365326,-5.64047241
1127,imagenet,1,ILSVRC2012_val_00027703.JPEG,,,,-26.29319954,10.17582703
1128,imagenet,1,ILSVRC2012_val_00027713.JPEG,,,,-16.11524773,-4.17008829
1129,imagenet,1,ILSVRC2012_val_00027760.JPEG,,,,-9.55135918,-1.73188806
1130,imagenet,1,ILSVRC2012_val_00027807.JPEG,,,,-7.59562778,14.13084221
1131,imagenet,1,ILSVRC2012_val_00027820.JPEG,,,,49.06208801,8.37110233
1132,imagenet,1,ILSVRC2012_val_00027836.JPEG,,,,-33.01254272,-13.16571045
1133,imagenet,1,ILSVRC2012_val_00027866.JPEG,,,,56.27322006,-9.30642033
1134,imagenet,1,ILSVRC2012_val_00027951.JPEG,,,,49.50533676,-0.53917462
1135,imagenet,1,ILSVRC2012_val_00027985.JPEG,,,,-46.47340012,17.26175880
1136,imagenet,1,ILSVRC2012_val_00028049.JPEG,,,,-41.96109772,-16.01219177
1137,imagenet,1,ILSVRC2012_val_00028076.JPEG,,,,38.96360779,-8.70571423
1138,imagenet,1,ILSVRC2012_val_00028101.JPEG,,,,-27.74905014,-18.17832947
1139,imagenet,1,ILSVRC2012_val_00028109.JPEG,,,,-10.13193417,-29.64971542
1140,imagenet,1,ILSVRC2012_val_00028132.JPEG,,,,-11.99240112,35.51094818
1141,imagenet,1,ILSVRC2012_val_00028296.JPEG,,,,10.73088837,27.75522423
1142,imagenet,1,ILSVRC2012_val_00028323.JPEG,,,,-49.58916092,3.11678839
1143,imagenet,1,ILSVRC2012_val_00028418.JPEG,,,,-39.25223160,4.86544275
1144,imagenet,1,ILSVRC2012_val_00028424.JPEG,,,,-20.48627472,8.18279171
1145,imagenet,1,ILSVRC2012_val_00028437.JPEG,,,,-48.13260269,-20.61042213
1146,imagenet,1,ILSVRC2012_val_00028438.JPEG,,,,-28.90544891,4.14832783
1147,imagenet,1,ILSVRC2012_val_00028466.JPEG,,,,-43.65280533,9.62730885
1148,imagenet,1,ILSVRC2012_val_00028475.JPEG,,,,6.56515026,35.00892639
1149,imagenet,1,ILSVRC2012_val_00028557.JPEG,,,,-21.37849426,15.06054020
1150,imagenet,1,ILSVRC2012_val_00028582.JPEG,,,,59.19594574,2.08420897
1151,imagenet,1,ILSVRC2012_val_00028584.JPEG,,,,27.20138168,27.12894440
1152,imagenet,1,ILSVRC2012_val_00028590.JPEG,,,,28.11148071,-33.94377899
1153,imagenet,1,ILSVRC2012_val_00028592.JPEG,,,,-5.77535868,-16.65496445
1154,imagenet,1,ILSVRC2012_val_00028657.JPEG,,,,32.30646515,10.01423073
1155,imagenet,1,ILSVRC2012_val_00028660.JPEG,,,,44.29251480,-11.72757816
1156,imagenet,1,ILSVRC2012_val_00028667.JPEG,,,,-31.45965195,11.21224594
1157,imagenet,1,ILSVRC2012_val_00028671.JPEG,,,,3.93885565,-28.14079475
1158,imagenet,1,ILSVRC2012_val_00028683.JPEG,,,,-18.28036880,8.56250954
1159,imagenet,1,ILSVRC2012_val_00028702.JPEG,,,,-4.43317175,39.13645172
1160,imagenet,1,ILSVRC2012_val_00028794.JPEG,,,,-21.05796242,5.57312059
1161,imagenet,1,ILSVRC2012_val_00028898.JPEG,,,,-39.93592072,30.57415199
1162,imagenet,1,ILSVRC2012_val_00028901.JPEG,,,,-14.48420048,-21.43037605
1163,imagenet,1,ILSVRC2012_val_00028905.JPEG,,,,-0.89525509,-22.62038612
1164,imagenet,1,ILSVRC2012_val_00028919.JPEG,,,,2.05542135,39.31763840
1165,imagenet,1,ILSVRC2012_val_00028946.JPEG,,,,20.67624092,26.45645905
1166,imagenet,1,ILSVRC2012_val_00028959.JPEG,,,,5.67454672,40.42609024
1167,imagenet,1,ILSVRC2012_val_00028993.JPEG,,,,0.49169677,39.34944534
1168,imagenet,1,ILSVRC2012_val_00029050.JPEG,,,,-22.43483353,-14.02506733
1169,imagenet,1,ILSVRC2012_val_00029059.JPEG,,,,8.80904388,25.87934113
1170,imagenet,1,ILSVRC2012_val_00029077.JPEG,,,,11.60368729,-30.88225746
1171,imagenet,1,ILSVRC2012_val_00029102.JPEG,,,,2.82919836,9.93968010
1172,imagenet,1,ILSVRC2012_val_00029108.JPEG,,,,-16.15399551,16.73651695
1173,imagenet,1,ILSVRC2012_val_00029111.JPEG,,,,-28.36355209,18.67446518
1174,imagenet,1,ILSVRC2012_val_00029120.JPEG,,,,-53.40452194,6.36450624
1175,imagenet,1,ILSVRC2012_val_00029127.JPEG,,,,-25.11963463,-12.50442791
1176,imagenet,1,ILSVRC2012_val_00029135.JPEG,,,,34.69504929,32.90389633
1177,imagenet,1,ILSVRC2012_val_00029140.JPEG,,,,-28.15937996,12.35221195
1178,imagenet,1,ILSVRC2012_val_00029163.JPEG,,,,-49.25286484,8.71067333
1179,imagenet,1,ILSVRC2012_val_00029171.JPEG,,,,-5.42920637,46.18607330
1180,imagenet,1,ILSVRC2012_val_00029194.JPEG,,,,2.87666774,-13.62938881
1181,imagenet,1,ILSVRC2012_val_00029205.JPEG,,,,-14.51345062,43.04311752
1182,imagenet,1,ILSVRC2012_val_00029222.JPEG,,,,-46.89407349,25.04379845
1183,imagenet,1,ILSVRC2012_val_00029229.JPEG,,,,12.43096828,43.94444656
1184,imagenet,1,ILSVRC2012_val_00029275.JPEG,,,,53.08380508,-10.48278809
1185,imagenet,1,ILSVRC2012_val_00029282.JPEG,,,,-48.39046860,4.21212673
1186,imagenet,1,ILSVRC2012_val_00029290.JPEG,,,,-47.71730042,3.30016494
1187,imagenet,1,ILSVRC2012_val_00029298.JPEG,,,,10.72323990,27.04639435
1188,imagenet,1,ILSVRC2012_val_00029320.JPEG,,,,28.14419365,-13.77939034
1189,imagenet,1,ILSVRC2012_val_00029353.JPEG,,,,59.16598511,14.00964069
1190,imagenet,1,ILSVRC2012_val_00029413.JPEG,,,,-17.11607361,-14.56551456
1191,imagenet,1,ILSVRC2012_val_00029424.JPEG,,,,45.32583237,10.92993832
1192,imagenet,1,ILSVRC2012_val_00029435.JPEG,,,,10.45462132,-17.98497772
1193,imagenet,1,ILSVRC2012_val_00029483.JPEG,,,,-46.10420990,24.12401199
1194,imagenet,1,ILSVRC2012_val_00029513.JPEG,,,,-32.47378159,1.78080451
1195,imagenet,1,ILSVRC2012_val_00029527.JPEG,,,,46.05324554,-3.81198239
1196,imagenet,1,ILSVRC2012_val_00029592.JPEG,,,,12.86055183,27.60218239
1197,imagenet,1,ILSVRC2012_val_00029621.JPEG,,,,-18.78038025,-0.37042198
1198,imagenet,1,ILSVRC2012_val_00029650.JPEG,,,,-4.73151064,-1.80329931
1199,imagenet,1,ILSVRC2012_val_00029686.JPEG,,,,-45.84597015,-2.85701513
1200,imagenet,1,ILSVRC2012_val_00029691.JPEG,,,,-29.16735840,33.40355301
1201,imagenet,1,ILSVRC2012_val_00029708.JPEG,,,,22.06615067,40.85818481
1202,imagenet,1,ILSVRC2012_val_00029756.JPEG,,,,-49.60204697,-2.02138996
1203,imagenet,1,ILSVRC2012_val_00029867.JPEG,,,,37.08898926,-0.75481755
1204,imagenet,1,ILSVRC2012_val_00029897.JPEG,,,,-52.31414032,1.38931930
1205,imagenet,1,ILSVRC2012_val_00029916.JPEG,,,,-10.65893745,24.49880028
1206,imagenet,1,ILSVRC2012_val_00029941.JPEG,,,,6.21824694,42.82070541
1207,imagenet,1,ILSVRC2012_val_00029963.JPEG,,,,-46.04563904,-24.77577019
1208,imagenet,1,ILSVRC2012_val_00030044.JPEG,,,,32.88471222,-19.05112076
1209,imagenet,1,ILSVRC2012_val_00030067.JPEG,,,,-29.41456604,-28.03252220
1210,imagenet,1,ILSVRC2012_val_00030079.JPEG,,,,54.88626862,3.44794440
1211,imagenet,1,ILSVRC2012_val_00030096.JPEG,,,,25.16983604,5.55348682
1212,imagenet,1,ILSVRC2012_val_00030112.JPEG,,,,-49.11388779,1.68158126
1213,imagenet,1,ILSVRC2012_val_00030183.JPEG,,,,-40.69930649,-1.14820325
1214,imagenet,1,ILSVRC2012_val_00030194.JPEG,,,,-51.25573349,4.77734804
1215,imagenet,1,ILSVRC2012_val_00030244.JPEG,,,,29.76908302,-18.96540642
1216,imagenet,1,ILSVRC2012_val_00030293.JPEG,,,,-24.66291618,37.94865417
1217,imagenet,1,ILSVRC2012_val_00030295.JPEG,,,,36.71875763,-6.21710300
1218,imagenet,1,ILSVRC2012_val_00030298.JPEG,,,,4.03403854,36.75078583
1219,imagenet,1,ILSVRC2012_val_00030304.JPEG,,,,-28.16045761,-18.90106201
1220,imagenet,1,ILSVRC2012_val_00030323.JPEG,,,,-30.34890366,37.99729919
1221,imagenet,1,ILSVRC2012_val_00030365.JPEG,,,,-37.72943497,-22.04838753
1222,imagenet,1,ILSVRC2012_val_00030380.JPEG,,,,14.37548065,-28.38189888
1223,imagenet,1,ILSVRC2012_val_00030425.JPEG,,,,-34.45456314,24.06688118
1224,imagenet,1,ILSVRC2012_val_00030466.JPEG,,,,28.31354904,31.71191788
1225,imagenet,1,ILSVRC2012_val_00030534.JPEG,,,,-6.92506790,-6.33794022
1226,imagenet,1,ILSVRC2012_val_00030560.JPEG,,,,62.91607666,-5.24375725
1227,imagenet,1,ILSVRC2012_val_00030572.JPEG,,,,-46.71755219,10.49203777
1228,imagenet,1,ILSVRC2012_val_00030582.JPEG,,,,45.91455460,-8.26257801
1229,imagenet,1,ILSVRC2012_val_00030619.JPEG,,,,39.23750305,-1.32614589
1230,imagenet,1,ILSVRC2012_val_00030641.JPEG,,,,18.30055618,-21.60587120
1231,imagenet,1,ILSVRC2012_val_00030643.JPEG,,,,64.03469086,-4.88603067
1232,imagenet,1,ILSVRC2012_val_00030687.JPEG,,,,55.72022247,-3.08461833
1233,imagenet,1,ILSVRC2012_val_00030752.JPEG,,,,-49.21040344,8.60397530
1234,imagenet,1,ILSVRC2012_val_00030772.JPEG,,,,49.06194305,19.39173126
1235,imagenet,1,ILSVRC2012_val_00030800.JPEG,,,,-49.36587906,14.66429234
1236,imagenet,1,ILSVRC2012_val_00030814.JPEG,,,,-29.16830826,-6.41462374
1237,imagenet,1,ILSVRC2012_val_00030851.JPEG,,,,-7.50704765,21.72837448
1238,imagenet,1,ILSVRC2012_val_00030872.JPEG,,,,56.35309982,4.61217594
1239,imagenet,1,ILSVRC2012_val_00030886.JPEG,,,,40.45444107,7.96239042
1240,imagenet,1,ILSVRC2012_val_00030891.JPEG,,,,-21.91454697,18.15244484
1241,imagenet,1,ILSVRC2012_val_00030928.JPEG,,,,57.66526031,3.88916659
1242,imagenet,1,ILSVRC2012_val_00030943.JPEG,,,,11.93566322,9.06598568
1243,imagenet,1,ILSVRC2012_val_00030951.JPEG,,,,-38.01736450,-8.02105999
1244,imagenet,1,ILSVRC2012_val_00030954.JPEG,,,,10.24298000,-22.77906227
1245,imagenet,1,ILSVRC2012_val_00030955.JPEG,,,,-50.85332108,-3.85730839
1246,imagenet,1,ILSVRC2012_val_00031051.JPEG,,,,-24.26270294,16.07044792
1247,imagenet,1,ILSVRC2012_val_00031080.JPEG,,,,-13.42757416,-16.08609009
1248,imagenet,1,ILSVRC2012_val_00031091.JPEG,,,,27.88384819,-34.05644226
1249,imagenet,1,ILSVRC2012_val_00031092.JPEG,,,,28.82093811,4.63513279
1250,imagenet,1,ILSVRC2012_val_00031135.JPEG,,,,-45.21665192,-16.67487717
1251,imagenet,1,ILSVRC2012_val_00031143.JPEG,,,,-29.19335747,2.50462127
1252,imagenet,1,ILSVRC2012_val_00031185.JPEG,,,,2.95681715,-11.26521587
1253,imagenet,1,ILSVRC2012_val_00031191.JPEG,,,,0.40681732,5.63817930
1254,imagenet,1,ILSVRC2012_val_00031205.JPEG,,,,19.11729813,20.24090576
1255,imagenet,1,ILSVRC2012_val_00031209.JPEG,,,,48.35519409,-7.72611761
1256,imagenet,1,ILSVRC2012_val_00031221.JPEG,,,,-13.40037155,20.80349922
1257,imagenet,1,ILSVRC2012_val_00031230.JPEG,,,,-9.54232025,-33.04965973
1258,imagenet,1,ILSVRC2012_val_00031243.JPEG,,,,-9.68419266,-33.95748901
1259,imagenet,1,ILSVRC2012_val_00031244.JPEG,,,,29.26452446,-27.40567398
1260,imagenet,1,ILSVRC2012_val_00031257.JPEG,,,,-39.99301910,-8.77467728
1261,imagenet,1,ILSVRC2012_val_00031288.JPEG,,,,-33.87308884,-24.61686516
1262,imagenet,1,ILSVRC2012_val_00031299.JPEG,,,,-39.39646530,19.49058342
1263,imagenet,1,ILSVRC2012_val_00031350.JPEG,,,,-21.00917435,-0.40891674
1264,imagenet,1,ILSVRC2012_val_00031436.JPEG,,,,-52.86531067,-9.17921066
1265,imagenet,1,ILSVRC2012_val_00031488.JPEG,,,,35.49691772,25.22603035
1266,imagenet,1,ILSVRC2012_val_00031491.JPEG,,,,29.57406044,24.77060127
1267,imagenet,1,ILSVRC2012_val_00031522.JPEG,,,,-19.09580803,-35.22199631
1268,imagenet,1,ILSVRC2012_val_00031567.JPEG,,,,-8.84661198,-30.51362991
1269,imagenet,1,ILSVRC2012_val_00031589.JPEG,,,,-42.99342728,6.07896614
1270,imagenet,1,ILSVRC2012_val_00031606.JPEG,,,,-25.57623863,-18.56749535
1271,imagenet,1,ILSVRC2012_val_00031636.JPEG,,,,-37.67235184,16.49424934
1272,imagenet,1,ILSVRC2012_val_00031639.JPEG,,,,0.26358917,10.41234016
1273,imagenet,1,ILSVRC2012_val_00031669.JPEG,,,,-20.55357361,4.54963493
1274,imagenet,1,ILSVRC2012_val_00031674.JPEG,,,,-3.42982960,-13.25396156
1275,imagenet,1,ILSVRC2012_val_00031684.JPEG,,,,26.47874451,-1.51220405
1276,imagenet,1,ILSVRC2012_val_00031778.JPEG,,,,24.98554039,34.93935013
1277,imagenet,1,ILSVRC2012_val_00031806.JPEG,,,,35.82293320,23.47623253
1278,imagenet,1,ILSVRC2012_val_00031813.JPEG,,,,38.61636734,27.22076988
1279,imagenet,1,ILSVRC2012_val_00031836.JPEG,,,,-11.87789345,-29.02884483
1280,imagenet,1,ILSVRC2012_val_00031862.JPEG,,,,38.48691940,12.19193459
1281,imagenet,1,ILSVRC2012_val_00031869.JPEG,,,,5.69780731,-29.36903191
1282,imagenet,1,ILSVRC2012_val_00031897.JPEG,,,,53.98928452,7.17950058
1283,imagenet,1,ILSVRC2012_val_00031904.JPEG,,,,0.68500239,16.33014870
1284,imagenet,1,ILSVRC2012_val_00031925.JPEG,,,,2.00368977,18.62323189
1285,imagenet,1,ILSVRC2012_val_00031932.JPEG,,,,7.90426016,41.05434418
1286,imagenet,1,ILSVRC2012_val_00031934.JPEG,,,,12.78097248,-6.84180260
1287,imagenet,1,ILSVRC2012_val_00031962.JPEG,,,,-31.53163338,-12.57035446
1288,imagenet,1,ILSVRC2012_val_00031969.JPEG,,,,-38.62985992,3.66963220
1289,imagenet,1,ILSVRC2012_val_00031970.JPEG,,,,5.24562073,36.94274902
1290,imagenet,1,ILSVRC2012_val_00031977.JPEG,,,,23.42082596,3.52936053
1291,imagenet,1,ILSVRC2012_val_00032071.JPEG,,,,9.79032230,-31.10267830
1292,imagenet,1,ILSVRC2012_val_00032105.JPEG,,,,-40.27934265,-19.83713531
1293,imagenet,1,ILSVRC2012_val_00032192.JPEG,,,,-16.04085732,21.45505905
1294,imagenet,1,ILSVRC2012_val_00032195.JPEG,,,,29.52212143,16.63853455
1295,imagenet,1,ILSVRC2012_val_00032199.JPEG,,,,-12.63874722,30.59781647
1296,imagenet,1,ILSVRC2012_val_00032243.JPEG,,,,57.58367920,2.82611227
1297,imagenet,1,ILSVRC2012_val_00032264.JPEG,,,,-25.90968704,-6.73875856
1298,imagenet,1,ILSVRC2012_val_00032320.JPEG,,,,55.88471222,4.84292412
1299,imagenet,1,ILSVRC2012_val_00032328.JPEG,,,,45.12923813,-22.80550575
1300,imagenet,1,ILSVRC2012_val_00032333.JPEG,,,,48.56343460,12.29483414
1301,imagenet,1,ILSVRC2012_val_00032340.JPEG,,,,56.21667099,18.92157364
1302,imagenet,1,ILSVRC2012_val_00032348.JPEG,,,,-57.74985504,-1.92048872
1303,imagenet,1,ILSVRC2012_val_00032385.JPEG,,,,-9.60203838,19.60100555
1304,imagenet,1,ILSVRC2012_val_00032410.JPEG,,,,50.86219025,17.08998489
1305,imagenet,1,ILSVRC2012_val_00032414.JPEG,,,,-25.43928909,27.68140793
1306,imagenet,1,ILSVRC2012_val_00032427.JPEG,,,,13.59379768,43.23801804
1307,imagenet,1,ILSVRC2012_val_00032444.JPEG,,,,-2.69707417,18.21601295
1308,imagenet,1,ILSVRC2012_val_00032448.JPEG,,,,53.16137314,4.50541687
1309,imagenet,1,ILSVRC2012_val_00032462.JPEG,,,,17.45631218,-25.44096184
1310,imagenet,1,ILSVRC2012_val_00032469.JPEG,,,,-24.06924820,-15.46384621
1311,imagenet,1,ILSVRC2012_val_00032590.JPEG,,,,25.22375107,-16.01164627
1312,imagenet,1,ILSVRC2012_val_00032606.JPEG,,,,11.01719284,-29.49071312
1313,imagenet,1,ILSVRC2012_val_00032623.JPEG,,,,-12.60865021,26.53829384
1314,imagenet,1,ILSVRC2012_val_00032689.JPEG,,,,35.76052094,15.78876972
1315,imagenet,1,ILSVRC2012_val_00032727.JPEG,,,,-38.19243240,1.34593034
1316,imagenet,1,ILSVRC2012_val_00032746.JPEG,,,,21.71685410,43.54967499
1317,imagenet,1,ILSVRC2012_val_00032754.JPEG,,,,1.84490395,26.40126228
1318,imagenet,1,ILSVRC2012_val_00032795.JPEG,,,,-48.57755661,-3.51584530
1319,imagenet,1,ILSVRC2012_val_00032804.JPEG,,,,27.50291061,-17.58896446
1320,imagenet,1,ILSVRC2012_val_00032810.JPEG,,,,-32.01454926,1.25990772
1321,imagenet,1,ILSVRC2012_val_00032846.JPEG,,,,44.43799591,6.69761515
1322,imagenet,1,ILSVRC2012_val_00032863.JPEG,,,,-54.21442795,-3.94803333
1323,imagenet,1,ILSVRC2012_val_00032878.JPEG,,,,59.49826431,15.29927635
1324,imagenet,1,ILSVRC2012_val_00032886.JPEG,,,,38.86910629,-26.24751282
1325,imagenet,1,ILSVRC2012_val_00032889.JPEG,,,,48.91451645,-14.14014244
1326,imagenet,1,ILSVRC2012_val_00032993.JPEG,,,,55.51692963,-7.18845940
1327,imagenet,1,ILSVRC2012_val_00033006.JPEG,,,,42.88346481,-18.53211975
1328,imagenet,1,ILSVRC2012_val_00033022.JPEG,,,,-37.78248596,-18.85295105
1329,imagenet,1,ILSVRC2012_val_00033085.JPEG,,,,31.38171959,-3.95423055
1330,imagenet,1,ILSVRC2012_val_00033138.JPEG,,,,2.63484764,-31.09915352
1331,imagenet,1,ILSVRC2012_val_00033142.JPEG,,,,-50.92895889,-10.33521748
1332,imagenet,1,ILSVRC2012_val_00033151.JPEG,,,,18.11464500,21.07220459
1333,imagenet,1,ILSVRC2012_val_00033161.JPEG,,,,42.33137131,-10.34990788
1334,imagenet,1,ILSVRC2012_val_00033162.JPEG,,,,-32.93625641,13.18011189
1335,imagenet,1,ILSVRC2012_val_00033180.JPEG,,,,45.44743347,14.98621273
1336,imagenet,1,ILSVRC2012_val_00033232.JPEG,,,,-33.84295654,-13.33250523
1337,imagenet,1,ILSVRC2012_val_00033280.JPEG,,,,36.37507629,-3.96967411
1338,imagenet,1,ILSVRC2012_val_00033289.JPEG,,,,9.07164097,39.13927078
1339,imagenet,1,ILSVRC2012_val_00033311.JPEG,,,,-24.76131439,-27.48224258
1340,imagenet,1,ILSVRC2012_val_00033326.JPEG,,,,-43.53282166,2.72658300
1341,imagenet,1,ILSVRC2012_val_00033328.JPEG,,,,-10.17583370,-1.82639790
1342,imagenet,1,ILSVRC2012_val_00033329.JPEG,,,,28.53366852,33.00289536
1343,imagenet,1,ILSVRC2012_val_00033359.JPEG,,,,36.40064621,17.23589897
1344,imagenet,1,ILSVRC2012_val_00033374.JPEG,,,,-43.48762512,3.74713588
1345,imagenet,1,ILSVRC2012_val_00033378.JPEG,,,,45.36141205,9.04452038
1346,imagenet,1,ILSVRC2012_val_00033401.JPEG,,,,-12.69087601,-7.24710226
1347,imagenet,1,ILSVRC2012_val_00033406.JPEG,,,,-15.18449783,36.55753326
1348,imagenet,1,ILSVRC2012_val_00033436.JPEG,,,,-24.49838066,36.97667313
1349,imagenet,1,ILSVRC2012_val_00033439.JPEG,,,,-8.90616322,23.04351616
1350,imagenet,1,ILSVRC2012_val_00033449.JPEG,,,,-11.46189499,16.94219208
1351,imagenet,1,ILSVRC2012_val_00033500.JPEG,,,,-40.71925354,28.95852470
1352,imagenet,1,ILSVRC2012_val_00033553.JPEG,,,,9.86771107,-12.67575836
1353,imagenet,1,ILSVRC2012_val_00033557.JPEG,,,,-43.77914047,-0.92567259
1354,imagenet,1,ILSVRC2012_val_00033586.JPEG,,,,-8.34351921,-35.64567566
1355,imagenet,1,ILSVRC2012_val_00033609.JPEG,,,,61.39651871,10.00891972
1356,imagenet,1,ILSVRC2012_val_00033645.JPEG,,,,-15.35750484,-36.15771866
1357,imagenet,1,ILSVRC2012_val_00033658.JPEG,,,,-20.25636864,27.99102402
1358,imagenet,1,ILSVRC2012_val_00033725.JPEG,,,,-2.66233969,-18.13258743
1359,imagenet,1,ILSVRC2012_val_00033786.JPEG,,,,36.53819275,24.65351105
1360,imagenet,1,ILSVRC2012_val_00033806.JPEG,,,,-22.83641624,-16.26473427
1361,imagenet,1,ILSVRC2012_val_00033838.JPEG,,,,-33.52006912,10.90733051
1362,imagenet,1,ILSVRC2012_val_00033843.JPEG,,,,47.57558441,0.32165828
1363,imagenet,1,ILSVRC2012_val_00033851.JPEG,,,,46.71770096,-14.42382717
1364,imagenet,1,ILSVRC2012_val_00033874.JPEG,,,,54.21216202,17.99295998
1365,imagenet,1,ILSVRC2012_val_00033906.JPEG,,,,-24.70006943,-21.30472565
1366,imagenet,1,ILSVRC2012_val_00033959.JPEG,,,,-16.45066833,34.33662415
1367,imagenet,1,ILSVRC2012_val_00033977.JPEG,,,,33.56174088,18.27672386
1368,imagenet,1,ILSVRC2012_val_00033995.JPEG,,,,-45.26930237,22.39055824
1369,imagenet,1,ILSVRC2012_val_00033999.JPEG,,,,-26.54403305,35.65671158
1370,imagenet,1,ILSVRC2012_val_00034015.JPEG,,,,25.66750145,23.28291130
1371,imagenet,1,ILSVRC2012_val_00034064.JPEG,,,,4.50356722,36.77727127
1372,imagenet,1,ILSVRC2012_val_00034117.JPEG,,,,37.61050797,28.49842262
1373,imagenet,1,ILSVRC2012_val_00034137.JPEG,,,,24.07783890,38.11948395
1374,imagenet,1,ILSVRC2012_val_00034200.JPEG,,,,-29.21861076,-11.54029942
1375,imagenet,1,ILSVRC2012_val_00034227.JPEG,,,,22.54873848,-31.87906265
1376,imagenet,1,ILSVRC2012_val_00034228.JPEG,,,,36.44448090,-23.13085747
1377,imagenet,1,ILSVRC2012_val_00034305.JPEG,,,,-8.33377838,13.39620686
1378,imagenet,1,ILSVRC2012_val_00034374.JPEG,,,,-35.14244080,-15.85355568
1379,imagenet,1,ILSVRC2012_val_00034400.JPEG,,,,-34.59342575,29.88693810
1380,imagenet,1,ILSVRC2012_val_00034420.JPEG,,,,13.72013855,-6.88698101
1381,imagenet,1,ILSVRC2012_val_00034439.JPEG,,,,-8.71059799,-17.90329742
1382,imagenet,1,ILSVRC2012_val_00034446.JPEG,,,,-35.92893219,-17.06466866
1383,imagenet,1,ILSVRC2012_val_00034477.JPEG,,,,19.59351730,-27.56847191
1384,imagenet,1,ILSVRC2012_val_00034526.JPEG,,,,-32.38611984,27.69421577
1385,imagenet,1,ILSVRC2012_val_00034529.JPEG,,,,38.42542267,-13.04600239
1386,imagenet,1,ILSVRC2012_val_00034555.JPEG,,,,50.59129715,-2.20677567
1387,imagenet,1,ILSVRC2012_val_00034640.JPEG,,,,1.08285820,-30.08774567
1388,imagenet,1,ILSVRC2012_val_00034667.JPEG,,,,-8.39481831,14.11455536
1389,imagenet,1,ILSVRC2012_val_00034668.JPEG,,,,-49.49641800,-1.41801846
1390,imagenet,1,ILSVRC2012_val_00034675.JPEG,,,,29.46606827,-5.55181026
1391,imagenet,1,ILSVRC2012_val_00034682.JPEG,,,,-32.92763519,4.88363075
1392,imagenet,1,ILSVRC2012_val_00034699.JPEG,,,,25.54719353,25.24762726
1393,imagenet,1,ILSVRC2012_val_00034704.JPEG,,,,54.73974228,-9.54652786
1394,imagenet,1,ILSVRC2012_val_00034714.JPEG,,,,-33.46316910,-20.78256798
1395,imagenet,1,ILSVRC2012_val_00034742.JPEG,,,,13.12767315,-61.43281555
1396,imagenet,1,ILSVRC2012_val_00034800.JPEG,,,,49.47477722,-10.17852211
1397,imagenet,1,ILSVRC2012_val_00034810.JPEG,,,,-11.00122929,-34.31319046
1398,imagenet,1,ILSVRC2012_val_00034815.JPEG,,,,-2.48189259,5.66557503
1399,imagenet,1,ILSVRC2012_val_00034830.JPEG,,,,1.54462028,41.52856827
1400,imagenet,1,ILSVRC2012_val_00034924.JPEG,,,,29.14221191,20.19832230
1401,imagenet,1,ILSVRC2012_val_00034926.JPEG,,,,14.11851215,27.30087662
1402,imagenet,1,ILSVRC2012_val_00034938.JPEG,,,,-24.84094620,10.64241409
1403,imagenet,1,ILSVRC2012_val_00034948.JPEG,,,,22.41773415,3.19546461
1404,imagenet,1,ILSVRC2012_val_00034953.JPEG,,,,43.12059021,-9.72690010
1405,imagenet,1,ILSVRC2012_val_00034961.JPEG,,,,43.40515518,-22.37445831
1406,imagenet,1,ILSVRC2012_val_00034963.JPEG,,,,-46.45292282,28.55217743
1407,imagenet,1,ILSVRC2012_val_00034967.JPEG,,,,40.94303894,-25.50876045
1408,imagenet,1,ILSVRC2012_val_00034994.JPEG,,,,22.74036598,-14.99172592
1409,imagenet,1,ILSVRC2012_val_00035010.JPEG,,,,36.14603806,-8.78535748
1410,imagenet,1,ILSVRC2012_val_00035016.JPEG,,,,-44.04232025,30.85770607
1411,imagenet,1,ILSVRC2012_val_00035057.JPEG,,,,3.66364217,-22.06251335
1412,imagenet,1,ILSVRC2012_val_00035121.JPEG,,,,-6.18013334,-5.70914125
1413,imagenet,1,ILSVRC2012_val_00035175.JPEG,,,,41.65188980,11.37334633
1414,imagenet,1,ILSVRC2012_val_00035280.JPEG,,,,20.03911400,-25.89299011
1415,imagenet,1,ILSVRC2012_val_00035293.JPEG,,,,17.57186890,21.60138130
1416,imagenet,1,ILSVRC2012_val_00035338.JPEG,,,,11.41680336,-25.68690109
1417,imagenet,1,ILSVRC2012_val_00035361.JPEG,,,,-30.42529488,-5.44712734
1418,imagenet,1,ILSVRC2012_val_00035387.JPEG,,,,-46.60552597,4.23465109
1419,imagenet,1,ILSVRC2012_val_00035444.JPEG,,,,-20.35695648,-23.02349091
1420,imagenet,1,ILSVRC2012_val_00035446.JPEG,,,,-9.30578995,44.25740433
1421,imagenet,1,ILSVRC2012_val_00035465.JPEG,,,,27.25451279,23.13816833
1422,imagenet,1,ILSVRC2012_val_00035470.JPEG,,,,46.76923752,4.76171732
1423,imagenet,1,ILSVRC2012_val_00035491.JPEG,,,,32.58966446,-7.20934486
1424,imagenet,1,ILSVRC2012_val_00035546.JPEG,,,,7.28791380,34.05507278
1425,imagenet,1,ILSVRC2012_val_00035562.JPEG,,,,34.40843964,1.30511999
1426,imagenet,1,ILSVRC2012_val_00035614.JPEG,,,,50.49059677,-16.12251472
1427,imagenet,1,ILSVRC2012_val_00035646.JPEG,,,,-38.28477859,7.87334681
1428,imagenet,1,ILSVRC2012_val_00035651.JPEG,,,,25.95525169,2.04847360
1429,imagenet,1,ILSVRC2012_val_00035722.JPEG,,,,-37.27746582,-10.78854179
1430,imagenet,1,ILSVRC2012_val_00035758.JPEG,,,,-25.51288414,31.35187340
1431,imagenet,1,ILSVRC2012_val_00035771.JPEG,,,,5.48811340,-20.62869835
1432,imagenet,1,ILSVRC2012_val_00035789.JPEG,,,,42.41368484,1.49713635
1433,imagenet,1,ILSVRC2012_val_00035791.JPEG,,,,-21.72259140,29.03814316
1434,imagenet,1,ILSVRC2012_val_00035866.JPEG,,,,-46.35826111,4.65228033
1435,imagenet,1,ILSVRC2012_val_00035914.JPEG,,,,55.33618164,0.01338566
1436,imagenet,1,ILSVRC2012_val_00035935.JPEG,,,,-7.14540958,6.95606518
1437,imagenet,1,ILSVRC2012_val_00035941.JPEG,,,,-10.33174229,11.51305389
1438,imagenet,1,ILSVRC2012_val_00035952.JPEG,,,,15.12974930,21.80928230
1439,imagenet,1,ILSVRC2012_val_00035987.JPEG,,,,30.33751869,-22.77397346
1440,imagenet,1,ILSVRC2012_val_00036022.JPEG,,,,-49.34003067,-20.04778862
1441,imagenet,1,ILSVRC2012_val_00036048.JPEG,,,,27.89630127,-13.45454693
1442,imagenet,1,ILSVRC2012_val_00036057.JPEG,,,,-59.18880081,-4.64162350
1443,imagenet,1,ILSVRC2012_val_00036063.JPEG,,,,28.73212814,-4.10587692
1444,imagenet,1,ILSVRC2012_val_00036066.JPEG,,,,-23.10303497,21.95190239
1445,imagenet,1,ILSVRC2012_val_00036080.JPEG,,,,-10.51540279,22.39673233
1446,imagenet,1,ILSVRC2012_val_00036084.JPEG,,,,-29.10897064,-14.06000328
1447,imagenet,1,ILSVRC2012_val_00036107.JPEG,,,,-43.98761749,6.57716084
1448,imagenet,1,ILSVRC2012_val_00036110.JPEG,,,,30.40292931,-26.48047066
1449,imagenet,1,ILSVRC2012_val_00036114.JPEG,,,,26.92329979,-10.49106121
1450,imagenet,1,ILSVRC2012_val_00036119.JPEG,,,,20.41691399,42.98762512
1451,imagenet,1,ILSVRC2012_val_00036130.JPEG,,,,-4.72796345,-16.33695984
1452,imagenet,1,ILSVRC2012_val_00036155.JPEG,,,,28.29581451,0.95755684
1453,imagenet,1,ILSVRC2012_val_00036174.JPEG,,,,38.92812729,-27.55945587
1454,imagenet,1,ILSVRC2012_val_00036214.JPEG,,,,-4.00299263,45.67459106
1455,imagenet,1,ILSVRC2012_val_00036246.JPEG,,,,54.73702240,16.25910950
1456,imagenet,1,ILSVRC2012_val_00036272.JPEG,,,,-33.04089737,21.10168266
1457,imagenet,1,ILSVRC2012_val_00036302.JPEG,,,,-16.77492523,22.35793304
1458,imagenet,1,ILSVRC2012_val_00036339.JPEG,,,,12.61391354,-31.61204910
1459,imagenet,1,ILSVRC2012_val_00036352.JPEG,,,,33.81847000,-4.23214531
1460,imagenet,1,ILSVRC2012_val_00036390.JPEG,,,,21.22712517,41.59378433
1461,imagenet,1,ILSVRC2012_val_00036399.JPEG,,,,-20.93517685,-13.70606995
1462,imagenet,1,ILSVRC2012_val_00036423.JPEG,,,,11.53084946,35.55657196
1463,imagenet,1,ILSVRC2012_val_00036472.JPEG,,,,-2.31824183,-20.82970238
1464,imagenet,1,ILSVRC2012_val_00036475.JPEG,,,,24.22821426,24.94644928
1465,imagenet,1,ILSVRC2012_val_00036495.JPEG,,,,42.01877975,22.01625252
1466,imagenet,1,ILSVRC2012_val_00036519.JPEG,,,,31.88233757,-4.93680048
1467,imagenet,1,ILSVRC2012_val_00036539.JPEG,,,,-30.54997253,21.64242744
1468,imagenet,1,ILSVRC2012_val_00036549.JPEG,,,,-28.94686890,-23.09178925
1469,imagenet,1,ILSVRC2012_val_00036614.JPEG,,,,48.60729218,-3.61756372
1470,imagenet,1,ILSVRC2012_val_00036675.JPEG,,,,7.48587179,23.88110733
1471,imagenet,1,ILSVRC2012_val_00036676.JPEG,,,,-21.49771118,17.10843658
1472,imagenet,1,ILSVRC2012_val_00036688.JPEG,,,,12.62203121,-18.64829445
1473,imagenet,1,ILSVRC2012_val_00036694.JPEG,,,,48.01695633,-10.49102211
1474,imagenet,1,ILSVRC2012_val_00036700.JPEG,,,,-4.17357445,21.57635117
1475,imagenet,1,ILSVRC2012_val_00036705.JPEG,,,,13.23028564,25.52364159
1476,imagenet,1,ILSVRC2012_val_00036717.JPEG,,,,53.08945084,20.67249489
1477,imagenet,1,ILSVRC2012_val_00036728.JPEG,,,,20.49052429,21.37400436
1478,imagenet,1,ILSVRC2012_val_00036741.JPEG,,,,-37.33893204,-5.85288334
1479,imagenet,1,ILSVRC2012_val_00036773.JPEG,,,,19.84977913,-3.06919384
1480,imagenet,1,ILSVRC2012_val_00036829.JPEG,,,,43.01006699,7.94348621
1481,imagenet,1,ILSVRC2012_val_00036845.JPEG,,,,44.37317657,19.39695930
1482,imagenet,1,ILSVRC2012_val_00036902.JPEG,,,,-6.73642921,42.23803329
1483,imagenet,1,ILSVRC2012_val_00036903.JPEG,,,,-5.82041740,3.10853505
1484,imagenet,1,ILSVRC2012_val_00036907.JPEG,,,,28.40220642,21.14602470
1485,imagenet,1,ILSVRC2012_val_00036929.JPEG,,,,-20.95406914,-8.35952663
1486,imagenet,1,ILSVRC2012_val_00036947.JPEG,,,,56.21963120,1.09730351
1487,imagenet,1,ILSVRC2012_val_00036977.JPEG,,,,9.21893024,13.63322830
1488,imagenet,1,ILSVRC2012_val_00037036.JPEG,,,,-12.87805939,26.56328583
1489,imagenet,1,ILSVRC2012_val_00037071.JPEG,,,,-38.41198730,-9.46351242
1490,imagenet,1,ILSVRC2012_val_00037092.JPEG,,,,2.32617283,20.41128922
1491,imagenet,1,ILSVRC2012_val_00037103.JPEG,,,,-46.13232803,-18.47547531
1492,imagenet,1,ILSVRC2012_val_00037113.JPEG,,,,32.52582550,-1.18085861
1493,imagenet,1,ILSVRC2012_val_00037184.JPEG,,,,47.95384216,-16.39904404
1494,imagenet,1,ILSVRC2012_val_00037195.JPEG,,,,10.79443264,14.30855656
1495,imagenet,1,ILSVRC2012_val_00037280.JPEG,,,,41.23370361,-5.55664778
1496,imagenet,1,ILSVRC2012_val_00037294.JPEG,,,,-2.36658096,41.99231339
1497,imagenet,1,ILSVRC2012_val_00037298.JPEG,,,,-1.02635515,-16.76462936
1498,imagenet,1,ILSVRC2012_val_00037363.JPEG,,,,39.72819138,28.75839233
1499,imagenet,1,ILSVRC2012_val_00037402.JPEG,,,,-6.13024998,-33.76706696
1500,imagenet,1,ILSVRC2012_val_00037405.JPEG,,,,51.29216766,-1.28848577
1501,imagenet,1,ILSVRC2012_val_00037407.JPEG,,,,-17.17748070,-8.30156803
1502,imagenet,1,ILSVRC2012_val_00037444.JPEG,,,,48.81849289,-10.76199436
1503,imagenet,1,ILSVRC2012_val_00037474.JPEG,,,,12.84959126,-31.75754547
1504,imagenet,1,ILSVRC2012_val_00037485.JPEG,,,,41.15390778,19.00436783
1505,imagenet,1,ILSVRC2012_val_00037491.JPEG,,,,45.42530441,4.72425890
1506,imagenet,1,ILSVRC2012_val_00037587.JPEG,,,,9.47003078,-25.26966858
1507,imagenet,1,ILSVRC2012_val_00037626.JPEG,,,,-32.44046402,21.98434639
1508,imagenet,1,ILSVRC2012_val_00037631.JPEG,,,,-29.65608597,25.19649124
1509,imagenet,1,ILSVRC2012_val_00037638.JPEG,,,,-11.36200905,4.18320179
1510,imagenet,1,ILSVRC2012_val_00037643.JPEG,,,,-31.79320908,17.57822418
1511,imagenet,1,ILSVRC2012_val_00037673.JPEG,,,,-12.66072369,21.58055115
1512,imagenet,1,ILSVRC2012_val_00037733.JPEG,,,,52.65901184,5.69107485
1513,imagenet,1,ILSVRC2012_val_00037784.JPEG,,,,25.39953423,29.33984566
1514,imagenet,1,ILSVRC2012_val_00037786.JPEG,,,,-21.35400581,-36.32249069
1515,imagenet,1,ILSVRC2012_val_00037797.JPEG,,,,10.56640148,14.92338848
1516,imagenet,1,ILSVRC2012_val_00037826.JPEG,,,,5.68246317,-13.34548664
1517,imagenet,1,ILSVRC2012_val_00037828.JPEG,,,,51.50989914,-5.16555691
1518,imagenet,1,ILSVRC2012_val_00037847.JPEG,,,,28.99008369,15.31418037
1519,imagenet,1,ILSVRC2012_val_00037862.JPEG,,,,14.43027687,-26.53307724
1520,imagenet,1,ILSVRC2012_val_00037882.JPEG,,,,-39.34734344,-20.59737396
1521,imagenet,1,ILSVRC2012_val_00037885.JPEG,,,,-49.31918716,-9.56217194
1522,imagenet,1,ILSVRC2012_val_00037965.JPEG,,,,25.55036354,-29.83539772
1523,imagenet,1,ILSVRC2012_val_00038027.JPEG,,,,-42.70112610,8.74057293
1524,imagenet,1,ILSVRC2012_val_00038055.JPEG,,,,-26.43041992,0.23991922
1525,imagenet,1,ILSVRC2012_val_00038061.JPEG,,,,11.49472809,41.16206360
1526,imagenet,1,ILSVRC2012_val_00038065.JPEG,,,,-29.98961067,-28.78398705
1527,imagenet,1,ILSVRC2012_val_00038070.JPEG,,,,47.90318680,13.75252151
1528,imagenet,1,ILSVRC2012_val_00038118.JPEG,,,,52.51712418,-1.83520079
1529,imagenet,1,ILSVRC2012_val_00038165.JPEG,,,,-34.22256470,-2.76328802
1530,imagenet,1,ILSVRC2012_val_00038184.JPEG,,,,-2.21925998,38.06221008
1531,imagenet,1,ILSVRC2012_val_00038186.JPEG,,,,-35.39964676,34.75389099
1532,imagenet,1,ILSVRC2012_val_00038203.JPEG,,,,-31.47463417,-14.08220863
1533,imagenet,1,ILSVRC2012_val_00038210.JPEG,,,,-3.93209600,-14.17268753
1534,imagenet,1,ILSVRC2012_val_00038251.JPEG,,,,-48.56806183,-4.35793304
1535,imagenet,1,ILSVRC2012_val_00038252.JPEG,,,,60.25397491,11.09752941
1536,imagenet,1,ILSVRC2012_val_00038268.JPEG,,,,18.94723892,-26.16970062
1537,imagenet,1,ILSVRC2012_val_00038311.JPEG,,,,19.62491608,-30.80157471
1538,imagenet,1,ILSVRC2012_val_00038350.JPEG,,,,-38.81455994,-17.11589050
1539,imagenet,1,ILSVRC2012_val_00038395.JPEG,,,,-20.04665375,-4.67961740
1540,imagenet,1,ILSVRC2012_val_00038410.JPEG,,,,51.28074265,4.37760401
1541,imagenet,1,ILSVRC2012_val_00038430.JPEG,,,,50.44036865,1.97334325
1542,imagenet,1,ILSVRC2012_val_00038452.JPEG,,,,-12.50519562,-22.22954369
1543,imagenet,1,ILSVRC2012_val_00038518.JPEG,,,,-28.92440605,11.05581951
1544,imagenet,1,ILSVRC2012_val_00038521.JPEG,,,,57.02981567,0.75234908
1545,imagenet,1,ILSVRC2012_val_00038561.JPEG,,,,33.19900513,-15.26348686
1546,imagenet,1,ILSVRC2012_val_00038570.JPEG,,,,-37.81589508,8.71514034
1547,imagenet,1,ILSVRC2012_val_00038573.JPEG,,,,30.45870209,-0.48925000
1548,imagenet,1,ILSVRC2012_val_00038581.JPEG,,,,-23.21455956,23.46500206
1549,imagenet,1,ILSVRC2012_val_00038593.JPEG,,,,-45.17214203,-3.68874025
1550,imagenet,1,ILSVRC2012_val_00038608.JPEG,,,,21.43053627,-28.81321526
1551,imagenet,1,ILSVRC2012_val_00038644.JPEG,,,,-45.82751846,20.32147789
1552,imagenet,1,ILSVRC2012_val_00038651.JPEG,,,,-17.99618530,24.51507568
1553,imagenet,1,ILSVRC2012_val_00038681.JPEG,,,,-7.49166632,-22.58710670
1554,imagenet,1,ILSVRC2012_val_00038692.JPEG,,,,-45.80804825,-25.61593246
1555,imagenet,1,ILSVRC2012_val_00038771.JPEG,,,,28.35348511,31.87155914
1556,imagenet,1,ILSVRC2012_val_00038807.JPEG,,,,-34.12839890,34.78656769
1557,imagenet,1,ILSVRC2012_val_00038850.JPEG,,,,5.23264360,-29.21736145
1558,imagenet,1,ILSVRC2012_val_00038940.JPEG,,,,-38.97426224,21.36680603
1559,imagenet,1,ILSVRC2012_val_00039002.JPEG,,,,59.06707764,11.73959064
1560,imagenet,1,ILSVRC2012_val_00039006.JPEG,,,,-40.35562515,-16.14651871
1561,imagenet,1,ILSVRC2012_val_00039029.JPEG,,,,-0.59072912,16.81040001
1562,imagenet,1,ILSVRC2012_val_00039039.JPEG,,,,-0.27037227,29.09278679
1563,imagenet,1,ILSVRC2012_val_00039068.JPEG,,,,-31.05286980,-23.07920837
1564,imagenet,1,ILSVRC2012_val_00039070.JPEG,,,,60.59128952,1.81363201
1565,imagenet,1,ILSVRC2012_val_00039082.JPEG,,,,-9.92616272,42.73867035
1566,imagenet,1,ILSVRC2012_val_00039083.JPEG,,,,41.03582764,-10.40530300
1567,imagenet,1,ILSVRC2012_val_00039085.JPEG,,,,-5.26345444,14.91814518
1568,imagenet,1,ILSVRC2012_val_00039139.JPEG,,,,50.42417526,-14.86146641
1569,imagenet,1,ILSVRC2012_val_00039164.JPEG,,,,-22.61123276,-16.71502495
1570,imagenet,1,ILSVRC2012_val_00039165.JPEG,,,,-28.37656403,-15.02952480
1571,imagenet,1,ILSVRC2012_val_00039211.JPEG,,,,43.91032410,-2.49195814
1572,imagenet,1,ILSVRC2012_val_00039242.JPEG,,,,16.41271019,19.62161827
1573,imagenet,1,ILSVRC2012_val_00039275.JPEG,,,,3.92398143,41.09385300
1574,imagenet,1,ILSVRC2012_val_00039287.JPEG,,,,55.51848602,1.49993658
1575,imagenet,1,ILSVRC2012_val_00039311.JPEG,,,,-44.99582291,6.31702137
1576,imagenet,1,ILSVRC2012_val_00039321.JPEG,,,,62.42148972,1.58471870
1577,imagenet,1,ILSVRC2012_val_00039335.JPEG,,,,36.25010300,-12.76476765
1578,imagenet,1,ILSVRC2012_val_00039380.JPEG,,,,43.97285843,-10.19407558
1579,imagenet,1,ILSVRC2012_val_00039415.JPEG,,,,-29.34243011,26.08677483
1580,imagenet,1,ILSVRC2012_val_00039425.JPEG,,,,54.54251480,1.91597962
1581,imagenet,1,ILSVRC2012_val_00039433.JPEG,,,,6.39539337,-23.23421097
1582,imagenet,1,ILSVRC2012_val_00039455.JPEG,,,,-50.86828232,-1.19525945
1583,imagenet,1,ILSVRC2012_val_00039510.JPEG,,,,36.35631943,29.93331337
1584,imagenet,1,ILSVRC2012_val_00039537.JPEG,,,,-17.84950638,-35.13657761
1585,imagenet,1,ILSVRC2012_val_00039541.JPEG,,,,31.29281616,-9.72982979
1586,imagenet,1,ILSVRC2012_val_00039557.JPEG,,,,-36.03826141,14.53458691
1587,imagenet,1,ILSVRC2012_val_00039648.JPEG,,,,51.74782181,3.05580044
1588,imagenet,1,ILSVRC2012_val_00039655.JPEG,,,,-6.70636272,-24.26827240
1589,imagenet,1,ILSVRC2012_val_00039674.JPEG,,,,42.29752350,-3.31947851
1590,imagenet,1,ILSVRC2012_val_00039678.JPEG,,,,-30.75281906,17.29835510
1591,imagenet,1,ILSVRC2012_val_00039690.JPEG,,,,-49.52286911,-8.02689266
1592,imagenet,1,ILSVRC2012_val_00039694.JPEG,,,,-17.44765663,-32.73231888
1593,imagenet,1,ILSVRC2012_val_00039697.JPEG,,,,38.33189011,10.00080204
1594,imagenet,1,ILSVRC2012_val_00039700.JPEG,,,,44.82857513,21.79758263
1595,imagenet,1,ILSVRC2012_val_00039712.JPEG,,,,-29.03433228,8.39987373
1596,imagenet,1,ILSVRC2012_val_00039754.JPEG,,,,-29.30131340,25.92812157
1597,imagenet,1,ILSVRC2012_val_00039776.JPEG,,,,-43.88792419,-17.84630966
1598,imagenet,1,ILSVRC2012_val_00039779.JPEG,,,,-5.28262568,45.40368652
1599,imagenet,1,ILSVRC2012_val_00039835.JPEG,,,,-7.97588396,40.83994293
1600,imagenet,1,ILSVRC2012_val_00039837.JPEG,,,,-6.29834366,44.03606033
1601,imagenet,1,ILSVRC2012_val_00039886.JPEG,,,,2.47030497,41.76371002
1602,imagenet,1,ILSVRC2012_val_00039895.JPEG,,,,17.88681221,36.91474152
1603,imagenet,1,ILSVRC2012_val_00039905.JPEG,,,,-28.59023094,7.59499454
1604,imagenet,1,ILSVRC2012_val_00039927.JPEG,,,,-6.80788803,1.46831417
1605,imagenet,1,ILSVRC2012_val_00039935.JPEG,,,,2.61174870,10.10187817
1606,imagenet,1,ILSVRC2012_val_00039983.JPEG,,,,3.57973003,40.84073257
1607,imagenet,1,ILSVRC2012_val_00039986.JPEG,,,,3.51333928,44.85451126
1608,imagenet,1,ILSVRC2012_val_00039993.JPEG,,,,12.17657661,-13.79935455
1609,imagenet,1,ILSVRC2012_val_00040000.JPEG,,,,6.88335419,-13.61878490
1610,imagenet,1,ILSVRC2012_val_00040033.JPEG,,,,-19.63876724,-36.24704742
1611,imagenet,1,ILSVRC2012_val_00040053.JPEG,,,,-46.76239777,-1.11926544
1612,imagenet,1,ILSVRC2012_val_00040075.JPEG,,,,-10.30569077,-15.29010868
1613,imagenet,1,ILSVRC2012_val_00040096.JPEG,,,,1.08094704,0.15464407
1614,imagenet,1,ILSVRC2012_val_00040130.JPEG,,,,-14.97290039,-20.96829033
1615,imagenet,1,ILSVRC2012_val_00040158.JPEG,,,,-43.11616516,-10.53930759
1616,imagenet,1,ILSVRC2012_val_00040172.JPEG,,,,47.54933548,12.44553375
1617,imagenet,1,ILSVRC2012_val_00040227.JPEG,,,,-22.27245712,18.94463921
1618,imagenet,1,ILSVRC2012_val_00040280.JPEG,,,,-10.44518661,43.34572983
1619,imagenet,1,ILSVRC2012_val_00040306.JPEG,,,,-51.06740570,-8.68034840
1620,imagenet,1,ILSVRC2012_val_00040328.JPEG,,,,17.44571686,41.93745041
1621,imagenet,1,ILSVRC2012_val_00040330.JPEG,,,,55.84769821,0.83871371
1622,imagenet,1,ILSVRC2012_val_00040369.JPEG,,,,-46.30967712,9.92617512
1623,imagenet,1,ILSVRC2012_val_00040392.JPEG,,,,4.28077459,10.03378010
1624,imagenet,1,ILSVRC2012_val_00040417.JPEG,,,,27.95668793,30.23888588
1625,imagenet,1,ILSVRC2012_val_00040429.JPEG,,,,19.61209106,-10.12531185
1626,imagenet,1,ILSVRC2012_val_00040434.JPEG,,,,7.70277309,-18.00695419
1627,imagenet,1,ILSVRC2012_val_00040478.JPEG,,,,-47.95772171,1.62032068
1628,imagenet,1,ILSVRC2012_val_00040479.JPEG,,,,-34.10365295,-23.78853035
1629,imagenet,1,ILSVRC2012_val_00040483.JPEG,,,,52.54339600,-11.72896671
1630,imagenet,1,ILSVRC2012_val_00040500.JPEG,,,,-22.18534660,-21.78516960
1631,imagenet,1,ILSVRC2012_val_00040527.JPEG,,,,-33.45121384,14.92872906
1632,imagenet,1,ILSVRC2012_val_00040546.JPEG,,,,-15.55871201,15.18735218
1633,imagenet,1,ILSVRC2012_val_00040564.JPEG,,,,-38.53871536,13.80563259
1634,imagenet,1,ILSVRC2012_val_00040576.JPEG,,,,24.12318039,38.19001770
1635,imagenet,1,ILSVRC2012_val_00040636.JPEG,,,,-39.36395645,4.68257141
1636,imagenet,1,ILSVRC2012_val_00040703.JPEG,,,,-41.87361908,11.12639236
1637,imagenet,1,ILSVRC2012_val_00040775.JPEG,,,,0.66117150,-10.71805954
1638,imagenet,1,ILSVRC2012_val_00040787.JPEG,,,,-27.67568970,22.30962372
1639,imagenet,1,ILSVRC2012_val_00040801.JPEG,,,,-39.15442276,21.89334488
1640,imagenet,1,ILSVRC2012_val_00040809.JPEG,,,,13.51890564,-10.62220192
1641,imagenet,1,ILSVRC2012_val_00040831.JPEG,,,,-35.16873169,-15.12738800
1642,imagenet,1,ILSVRC2012_val_00040854.JPEG,,,,-23.21343994,36.82279968
1643,imagenet,1,ILSVRC2012_val_00040860.JPEG,,,,11.99500656,37.15713882
1644,imagenet,1,ILSVRC2012_val_00040865.JPEG,,,,31.16341400,-28.24661636
1645,imagenet,1,ILSVRC2012_val_00040896.JPEG,,,,45.65768051,21.74743843
1646,imagenet,1,ILSVRC2012_val_00040900.JPEG,,,,34.34770203,33.32959747
1647,imagenet,1,ILSVRC2012_val_00040924.JPEG,,,,53.00249863,-4.83780622
1648,imagenet,1,ILSVRC2012_val_00040974.JPEG,,,,16.57748985,-27.51214409
1649,imagenet,1,ILSVRC2012_val_00041169.JPEG,,,,-18.20761490,-7.84505129
1650,imagenet,1,ILSVRC2012_val_00041214.JPEG,,,,19.00595856,-20.35791016
1651,imagenet,1,ILSVRC2012_val_00041233.JPEG,,,,40.65557861,-22.90887833
1652,imagenet,1,ILSVRC2012_val_00041241.JPEG,,,,52.12902451,7.03614330
1653,imagenet,1,ILSVRC2012_val_00041247.JPEG,,,,-42.04278183,27.49563408
1654,imagenet,1,ILSVRC2012_val_00041261.JPEG,,,,40.54083252,22.67252541
1655,imagenet,1,ILSVRC2012_val_00041323.JPEG,,,,43.26619720,-8.85558891
1656,imagenet,1,ILSVRC2012_val_00041326.JPEG,,,,35.32528687,16.46940804
1657,imagenet,1,ILSVRC2012_val_00041340.JPEG,,,,-36.88326645,22.54109573
1658,imagenet,1,ILSVRC2012_val_00041403.JPEG,,,,30.33549309,-25.53403664
1659,imagenet,1,ILSVRC2012_val_00041406.JPEG,,,,47.60796738,10.10489845
1660,imagenet,1,ILSVRC2012_val_00041411.JPEG,,,,-37.14953995,-8.24725151
1661,imagenet,1,ILSVRC2012_val_00041424.JPEG,,,,49.06129837,-17.46446991
1662,imagenet,1,ILSVRC2012_val_00041455.JPEG,,,,-38.30805206,33.80715942
1663,imagenet,1,ILSVRC2012_val_00041461.JPEG,,,,-17.59410286,-37.47772598
1664,imagenet,1,ILSVRC2012_val_00041464.JPEG,,,,47.86218643,-5.16666555
1665,imagenet,1,ILSVRC2012_val_00041489.JPEG,,,,-38.17444229,29.01188660
1666,imagenet,1,ILSVRC2012_val_00041495.JPEG,,,,8.59214306,24.46144676
1667,imagenet,1,ILSVRC2012_val_00041513.JPEG,,,,29.53188324,24.88389969
1668,imagenet,1,ILSVRC2012_val_00041591.JPEG,,,,38.20620346,29.16465950
1669,imagenet,1,ILSVRC2012_val_00041608.JPEG,,,,-22.49364090,-35.38515472
1670,imagenet,1,ILSVRC2012_val_00041609.JPEG,,,,50.01202011,11.72254753
1671,imagenet,1,ILSVRC2012_val_00041627.JPEG,,,,-47.05639267,1.24358523
1672,imagenet,1,ILSVRC2012_val_00041660.JPEG,,,,-2.05344224,48.24868774
1673,imagenet,1,ILSVRC2012_val_00041698.JPEG,,,,-29.46547508,-23.31860542
1674,imagenet,1,ILSVRC2012_val_00041728.JPEG,,,,40.89861679,-1.30116439
1675,imagenet,1,ILSVRC2012_val_00041737.JPEG,,,,30.31347466,-7.63866043
1676,imagenet,1,ILSVRC2012_val_00041777.JPEG,,,,8.42721462,12.70439720
1677,imagenet,1,ILSVRC2012_val_00041779.JPEG,,,,-24.67891693,39.62635422
1678,imagenet,1,ILSVRC2012_val_00041788.JPEG,,,,15.61906910,40.31650162
1679,imagenet,1,ILSVRC2012_val_00041819.JPEG,,,,-38.63572311,2.14779067
1680,imagenet,1,ILSVRC2012_val_00041830.JPEG,,,,45.43187332,21.91628838
1681,imagenet,1,ILSVRC2012_val_00041832.JPEG,,,,7.45956898,14.26081467
1682,imagenet,1,ILSVRC2012_val_00041848.JPEG,,,,-31.77738380,33.41136932
1683,imagenet,1,ILSVRC2012_val_00041865.JPEG,,,,34.44296646,-9.51190662
1684,imagenet,1,ILSVRC2012_val_00041926.JPEG,,,,14.87313747,-24.40708733
1685,imagenet,1,ILSVRC2012_val_00041930.JPEG,,,,-1.11003089,-25.63801384
1686,imagenet,1,ILSVRC2012_val_00041934.JPEG,,,,-3.48781872,-7.13051653
1687,imagenet,1,ILSVRC2012_val_00041942.JPEG,,,,-36.55232620,31.99321556
1688,imagenet,1,ILSVRC2012_val_00041954.JPEG,,,,12.07714462,-4.96969461
1689,imagenet,1,ILSVRC2012_val_00041999.JPEG,,,,-23.63148499,12.89704609
1690,imagenet,1,ILSVRC2012_val_00042024.JPEG,,,,-26.95984840,6.43393135
1691,imagenet,1,ILSVRC2012_val_00042028.JPEG,,,,-40.36059189,-21.97837448
1692,imagenet,1,ILSVRC2012_val_00042047.JPEG,,,,38.43255234,16.65765381
1693,imagenet,1,ILSVRC2012_val_00042064.JPEG,,,,-25.44633675,4.42132187
1694,imagenet,1,ILSVRC2012_val_00042138.JPEG,,,,-26.28533554,-27.84214211
1695,imagenet,1,ILSVRC2012_val_00042273.JPEG,,,,32.29254150,-12.62975788
1696,imagenet,1,ILSVRC2012_val_00042275.JPEG,,,,28.79463768,18.04183006
1697,imagenet,1,ILSVRC2012_val_00042286.JPEG,,,,-33.90652084,30.09572220
1698,imagenet,1,ILSVRC2012_val_00042303.JPEG,,,,50.94721222,10.21428680
1699,imagenet,1,ILSVRC2012_val_00042327.JPEG,,,,-25.94893646,-24.64250755
1700,imagenet,1,ILSVRC2012_val_00042338.JPEG,,,,53.80812073,10.83401489
1701,imagenet,1,ILSVRC2012_val_00042345.JPEG,,,,-41.65871048,-5.57220316
1702,imagenet,1,ILSVRC2012_val_00042374.JPEG,,,,-37.55076218,-3.77140069
1703,imagenet,1,ILSVRC2012_val_00042389.JPEG,,,,9.56882668,-16.69838142
1704,imagenet,1,ILSVRC2012_val_00042401.JPEG,,,,7.34777498,24.99940491
1705,imagenet,1,ILSVRC2012_val_00042406.JPEG,,,,-10.01282024,21.12364960
1706,imagenet,1,ILSVRC2012_val_00042445.JPEG,,,,-17.32444191,-14.21180820
1707,imagenet,1,ILSVRC2012_val_00042489.JPEG,,,,-2.05741477,21.08583832
1708,imagenet,1,ILSVRC2012_val_00042530.JPEG,,,,-23.91194344,36.85231400
1709,imagenet,1,ILSVRC2012_val_00042536.JPEG,,,,-48.52572250,-2.49327922
1710,imagenet,1,ILSVRC2012_val_00042675.JPEG,,,,19.58316422,-27.51018143
1711,imagenet,1,ILSVRC2012_val_00042714.JPEG,,,,-28.06102180,-22.69564629
1712,imagenet,1,ILSVRC2012_val_00042745.JPEG,,,,42.09672546,11.10907269
1713,imagenet,1,ILSVRC2012_val_00042773.JPEG,,,,29.28153801,31.68022728
1714,imagenet,1,ILSVRC2012_val_00042776.JPEG,,,,39.99521637,18.39123535
1715,imagenet,1,ILSVRC2012_val_00042781.JPEG,,,,26.91660500,32.68848419
1716,imagenet,1,ILSVRC2012_val_00042787.JPEG,,,,-45.73282623,0.79182667
1717,imagenet,1,ILSVRC2012_val_00042838.JPEG,,,,45.72192383,21.02500153
1718,imagenet,1,ILSVRC2012_val_00042860.JPEG,,,,-41.77744293,-23.73045349
1719,imagenet,1,ILSVRC2012_val_00042908.JPEG,,,,45.52679443,-1.06357777
1720,imagenet,1,ILSVRC2012_val_00042926.JPEG,,,,23.34528160,-0.03766690
1721,imagenet,1,ILSVRC2012_val_00042969.JPEG,,,,61.84620667,-1.19981158
1722,imagenet,1,ILSVRC2012_val_00042995.JPEG,,,,-44.91728210,-13.03103256
1723,imagenet,1,ILSVRC2012_val_00043025.JPEG,,,,26.68181038,30.44697380
1724,imagenet,1,ILSVRC2012_val_00043056.JPEG,,,,-4.50680208,-6.30508423
1725,imagenet,1,ILSVRC2012_val_00043080.JPEG,,,,25.15996742,14.65473843
1726,imagenet,1,ILSVRC2012_val_00043081.JPEG,,,,18.59695435,15.03211689
1727,imagenet,1,ILSVRC2012_val_00043097.JPEG,,,,-9.82194614,-34.49644470
1728,imagenet,1,ILSVRC2012_val_00043132.JPEG,,,,25.13217354,4.82159615
1729,imagenet,1,ILSVRC2012_val_00043179.JPEG,,,,51.67733002,1.05982244
1730,imagenet,1,ILSVRC2012_val_00043213.JPEG,,,,21.06694794,-20.86494064
1731,imagenet,1,ILSVRC2012_val_00043248.JPEG,,,,-30.18771553,20.72553635
1732,imagenet,1,ILSVRC2012_val_00043257.JPEG,,,,21.14694977,19.22083664
1733,imagenet,1,ILSVRC2012_val_00043278.JPEG,,,,-32.54120255,31.94547653
1734,imagenet,1,ILSVRC2012_val_00043280.JPEG,,,,12.19948864,-5.02299166
1735,imagenet,1,ILSVRC2012_val_00043349.JPEG,,,,-40.32647705,14.05430889
1736,imagenet,1,ILSVRC2012_val_00043368.JPEG,,,,19.68452454,-18.52625656
1737,imagenet,1,ILSVRC2012_val_00043409.JPEG,,,,-17.08821106,30.05496025
1738,imagenet,1,ILSVRC2012_val_00043424.JPEG,,,,-1.56823730,11.41367626
1739,imagenet,1,ILSVRC2012_val_00043581.JPEG,,,,51.26644516,6.12880802
1740,imagenet,1,ILSVRC2012_val_00043630.JPEG,,,,9.07826328,6.10796022
1741,imagenet,1,ILSVRC2012_val_00043637.JPEG,,,,19.57288742,39.82384491
1742,imagenet,1,ILSVRC2012_val_00043639.JPEG,,,,13.22940922,28.44370079
1743,imagenet,1,ILSVRC2012_val_00043658.JPEG,,,,-15.57361031,-2.86871743
1744,imagenet,1,ILSVRC2012_val_00043689.JPEG,,,,46.94018173,-15.33103466
1745,imagenet,1,ILSVRC2012_val_00043695.JPEG,,,,-35.71379089,-19.45353699
1746,imagenet,1,ILSVRC2012_val_00043705.JPEG,,,,24.08626175,30.92024612
1747,imagenet,1,ILSVRC2012_val_00043737.JPEG,,,,-19.54180145,38.55984497
1748,imagenet,1,ILSVRC2012_val_00043753.JPEG,,,,43.24099350,20.41991043
1749,imagenet,1,ILSVRC2012_val_00043758.JPEG,,,,-41.81150818,3.75717211
1750,imagenet,1,ILSVRC2012_val_00043794.JPEG,,,,10.47938251,26.63890076
1751,imagenet,1,ILSVRC2012_val_00043925.JPEG,,,,-4.86940813,39.87469864
1752,imagenet,1,ILSVRC2012_val_00043931.JPEG,,,,0.89125788,41.17669296
1753,imagenet,1,ILSVRC2012_val_00043932.JPEG,,,,15.62509727,38.55967331
1754,imagenet,1,ILSVRC2012_val_00043957.JPEG,,,,59.19520187,-3.47847056
1755,imagenet,1,ILSVRC2012_val_00043968.JPEG,,,,-9.49715710,10.08193016
1756,imagenet,1,ILSVRC2012_val_00044001.JPEG,,,,-36.81389236,24.70106316
1757,imagenet,1,ILSVRC2012_val_00044104.JPEG,,,,24.58698845,-20.09820747
1758,imagenet,1,ILSVRC2012_val_00044124.JPEG,,,,-5.39256811,45.75080490
1759,imagenet,1,ILSVRC2012_val_00044179.JPEG,,,,12.82130814,-18.30018616
1760,imagenet,1,ILSVRC2012_val_00044243.JPEG,,,,9.12115860,-18.94280052
1761,imagenet,1,ILSVRC2012_val_00044246.JPEG,,,,46.75523758,-10.71700859
1762,imagenet,1,ILSVRC2012_val_00044255.JPEG,,,,36.43543243,28.45306396
1763,imagenet,1,ILSVRC2012_val_00044264.JPEG,,,,39.23257446,-24.71195602
1764,imagenet,1,ILSVRC2012_val_00044269.JPEG,,,,33.37893295,29.56056976
1765,imagenet,1,ILSVRC2012_val_00044273.JPEG,,,,-30.76534271,38.16581345
1766,imagenet,1,ILSVRC2012_val_00044299.JPEG,,,,10.91611958,42.96337891
1767,imagenet,1,ILSVRC2012_val_00044315.JPEG,,,,-37.26173019,9.46688843
1768,imagenet,1,ILSVRC2012_val_00044322.JPEG,,,,55.07290268,3.13144517
1769,imagenet,1,ILSVRC2012_val_00044342.JPEG,,,,28.37571144,-27.31975555
1770,imagenet,1,ILSVRC2012_val_00044417.JPEG,,,,-42.89349365,18.48265457
1771,imagenet,1,ILSVRC2012_val_00044428.JPEG,,,,-39.45758057,31.11484337
1772,imagenet,1,ILSVRC2012_val_00044439.JPEG,,,,43.89321136,26.91375542
1773,imagenet,1,ILSVRC2012_val_00044458.JPEG,,,,25.94245911,-25.45859718
1774,imagenet,1,ILSVRC2012_val_00044491.JPEG,,,,23.19414711,-4.50561047
1775,imagenet,1,ILSVRC2012_val_00044493.JPEG,,,,-45.49712753,1.07040513
1776,imagenet,1,ILSVRC2012_val_00044503.JPEG,,,,-12.90772724,-31.77931404
1777,imagenet,1,ILSVRC2012_val_00044540.JPEG,,,,-1.86373234,10.99283504
1778,imagenet,1,ILSVRC2012_val_00044583.JPEG,,,,18.80940628,-6.89283848
1779,imagenet,1,ILSVRC2012_val_00044620.JPEG,,,,37.43339157,27.91675758
1780,imagenet,1,ILSVRC2012_val_00044683.JPEG,,,,-43.21401596,4.28027534
1781,imagenet,1,ILSVRC2012_val_00044700.JPEG,,,,-18.42614746,-34.34811020
1782,imagenet,1,ILSVRC2012_val_00044706.JPEG,,,,-30.03066254,-17.54350662
1783,imagenet,1,ILSVRC2012_val_00044784.JPEG,,,,56.67670059,2.11926913
1784,imagenet,1,ILSVRC2012_val_00044801.JPEG,,,,17.31946564,-26.41955566
1785,imagenet,1,ILSVRC2012_val_00044818.JPEG,,,,-8.93846321,10.90341377
1786,imagenet,1,ILSVRC2012_val_00044947.JPEG,,,,40.01733017,5.49679756
1787,imagenet,1,ILSVRC2012_val_00044971.JPEG,,,,12.07899094,-11.30323601
1788,imagenet,1,ILSVRC2012_val_00044985.JPEG,,,,-42.92480850,-11.25597668
1789,imagenet,1,ILSVRC2012_val_00045024.JPEG,,,,-7.15056944,-34.09396744
1790,imagenet,1,ILSVRC2012_val_00045056.JPEG,,,,-34.29501343,3.23019743
1791,imagenet,1,ILSVRC2012_val_00045117.JPEG,,,,-46.19790268,-5.37239313
1792,imagenet,1,ILSVRC2012_val_00045222.JPEG,,,,33.40098953,1.17514086
1793,imagenet,1,ILSVRC2012_val_00045269.JPEG,,,,-25.57528877,27.43608665
1794,imagenet,1,ILSVRC2012_val_00045276.JPEG,,,,20.12690735,-25.32232094
1795,imagenet,1,ILSVRC2012_val_00045281.JPEG,,,,35.31738663,-8.68239117
1796,imagenet,1,ILSVRC2012_val_00045296.JPEG,,,,26.90213203,-23.29218864
1797,imagenet,1,ILSVRC2012_val_00045301.JPEG,,,,45.39807510,6.91467524
1798,imagenet,1,ILSVRC2012_val_00045309.JPEG,,,,28.99276543,-15.60243320
1799,imagenet,1,ILSVRC2012_val_00045329.JPEG,,,,7.48146963,32.23925018
1800,imagenet,1,ILSVRC2012_val_00045357.JPEG,,,,-39.13331223,13.01447487
1801,imagenet,1,ILSVRC2012_val_00045359.JPEG,,,,17.99215317,-15.90556812
1802,imagenet,1,ILSVRC2012_val_00045390.JPEG,,,,29.61190796,17.08984947
1803,imagenet,1,ILSVRC2012_val_00045391.JPEG,,,,33.89268494,-16.14675713
1804,imagenet,1,ILSVRC2012_val_00045404.JPEG,,,,41.71764374,-22.22028542
1805,imagenet,1,ILSVRC2012_val_00045431.JPEG,,,,-43.97282791,-9.03582764
1806,imagenet,1,ILSVRC2012_val_00045447.JPEG,,,,-31.48258591,-7.63175869
1807,imagenet,1,ILSVRC2012_val_00045497.JPEG,,,,37.75397873,-4.10812235
1808,imagenet,1,ILSVRC2012_val_00045519.JPEG,,,,49.69343567,2.85148478
1809,imagenet,1,ILSVRC2012_val_00045552.JPEG,,,,13.07199860,-61.55142593
1810,imagenet,1,ILSVRC2012_val_00045575.JPEG,,,,42.52379608,-2.40177727
1811,imagenet,1,ILSVRC2012_val_00045598.JPEG,,,,-13.04741192,26.21310997
1812,imagenet,1,ILSVRC2012_val_00045609.JPEG,,,,-6.00986242,-10.48711872
1813,imagenet,1,ILSVRC2012_val_00045698.JPEG,,,,-19.98889542,-1.17111945
1814,imagenet,1,ILSVRC2012_val_00045802.JPEG,,,,-0.80370349,42.40131760
1815,imagenet,1,ILSVRC2012_val_00045805.JPEG,,,,-3.72680140,-12.44941139
1816,imagenet,1,ILSVRC2012_val_00045815.JPEG,,,,-27.58023453,22.90442085
1817,imagenet,1,ILSVRC2012_val_00045835.JPEG,,,,-53.20199203,0.52462304
1818,imagenet,1,ILSVRC2012_val_00045842.JPEG,,,,-26.60122871,0.50937992
1819,imagenet,1,ILSVRC2012_val_00045848.JPEG,,,,17.09223938,-31.36787224
1820,imagenet,1,ILSVRC2012_val_00045888.JPEG,,,,59.32775497,0.87863094
1821,imagenet,1,ILSVRC2012_val_00045917.JPEG,,,,-7.44605589,6.64072704
1822,imagenet,1,ILSVRC2012_val_00045941.JPEG,,,,28.07785988,0.92436159
1823,imagenet,1,ILSVRC2012_val_00045954.JPEG,,,,23.54390144,-9.86167908
1824,imagenet,1,ILSVRC2012_val_00045956.JPEG,,,,-10.71829891,40.81027985
1825,imagenet,1,ILSVRC2012_val_00045996.JPEG,,,,-39.46984100,5.28859758
1826,imagenet,1,ILSVRC2012_val_00046091.JPEG,,,,5.33204412,30.97526360
1827,imagenet,1,ILSVRC2012_val_00046104.JPEG,,,,-32.78023148,38.17823792
1828,imagenet,1,ILSVRC2012_val_00046130.JPEG,,,,-21.98421478,-15.54583359
1829,imagenet,1,ILSVRC2012_val_00046135.JPEG,,,,31.65316582,31.68707848
1830,imagenet,1,ILSVRC2012_val_00046149.JPEG,,,,7.51331663,-18.25822258
1831,imagenet,1,ILSVRC2012_val_00046190.JPEG,,,,17.19370461,45.77847672
1832,imagenet,1,ILSVRC2012_val_00046196.JPEG,,,,27.57871246,-17.66715050
1833,imagenet,1,ILSVRC2012_val_00046232.JPEG,,,,-30.72062111,21.15145874
1834,imagenet,1,ILSVRC2012_val_00046256.JPEG,,,,-23.84603691,35.24620056
1835,imagenet,1,ILSVRC2012_val_00046275.JPEG,,,,15.12007618,-27.39148712
1836,imagenet,1,ILSVRC2012_val_00046292.JPEG,,,,0.25278232,-29.58949089
1837,imagenet,1,ILSVRC2012_val_00046297.JPEG,,,,-0.39077327,45.42452621
1838,imagenet,1,ILSVRC2012_val_00046303.JPEG,,,,-9.35119915,41.15306854
1839,imagenet,1,ILSVRC2012_val_00046311.JPEG,,,,-36.59730911,16.46643448
1840,imagenet,1,ILSVRC2012_val_00046360.JPEG,,,,22.72490692,-30.99903297
1841,imagenet,1,ILSVRC2012_val_00046366.JPEG,,,,-27.68768120,-20.40085220
1842,imagenet,1,ILSVRC2012_val_00046381.JPEG,,,,54.22650528,4.52123690
1843,imagenet,1,ILSVRC2012_val_00046394.JPEG,,,,-3.01427054,21.57424927
1844,imagenet,1,ILSVRC2012_val_00046476.JPEG,,,,27.91325378,-18.67935944
1845,imagenet,1,ILSVRC2012_val_00046477.JPEG,,,,-15.91509914,3.22506142
1846,imagenet,1,ILSVRC2012_val_00046516.JPEG,,,,45.25643158,20.12572289
1847,imagenet,1,ILSVRC2012_val_00046552.JPEG,,,,-46.93470383,-12.16975880
1848,imagenet,1,ILSVRC2012_val_00046586.JPEG,,,,45.90614319,-0.87291861
1849,imagenet,1,ILSVRC2012_val_00046605.JPEG,,,,-29.86871147,-24.10011482
1850,imagenet,1,ILSVRC2012_val_00046669.JPEG,,,,8.11531162,-19.61453247
1851,imagenet,1,ILSVRC2012_val_00046696.JPEG,,,,5.14184809,5.80354786
1852,imagenet,1,ILSVRC2012_val_00046705.JPEG,,,,3.90973997,24.67756844
1853,imagenet,1,ILSVRC2012_val_00046719.JPEG,,,,20.39881897,9.42943192
1854,imagenet,1,ILSVRC2012_val_00046723.JPEG,,,,58.98516464,3.56878853
1855,imagenet,1,ILSVRC2012_val_00046755.JPEG,,,,-31.51359558,-14.17644596
1856,imagenet,1,ILSVRC2012_val_00046796.JPEG,,,,-14.51480198,-26.45776176
1857,imagenet,1,ILSVRC2012_val_00046820.JPEG,,,,-24.64445114,6.82497311
1858,imagenet,1,ILSVRC2012_val_00046850.JPEG,,,,53.45454407,2.19777250
1859,imagenet,1,ILSVRC2012_val_00046871.JPEG,,,,55.82371140,12.53437328
1860,imagenet,1,ILSVRC2012_val_00046878.JPEG,,,,-39.41045380,-3.59967852
1861,imagenet,1,ILSVRC2012_val_00046894.JPEG,,,,-7.15213394,40.76355362
1862,imagenet,1,ILSVRC2012_val_00046906.JPEG,,,,52.90702438,8.57935047
1863,imagenet,1,ILSVRC2012_val_00046916.JPEG,,,,-7.54968214,16.91123009
1864,imagenet,1,ILSVRC2012_val_00046929.JPEG,,,,-12.68031883,-13.13880062
1865,imagenet,1,ILSVRC2012_val_00046940.JPEG,,,,-21.44731140,-24.73749352
1866,imagenet,1,ILSVRC2012_val_00046971.JPEG,,,,42.30638123,-10.93786621
1867,imagenet,1,ILSVRC2012_val_00046974.JPEG,,,,16.56860352,19.20655251
1868,imagenet,1,ILSVRC2012_val_00046976.JPEG,,,,58.34854126,11.96557331
1869,imagenet,1,ILSVRC2012_val_00046979.JPEG,,,,10.62079144,-16.84686279
1870,imagenet,1,ILSVRC2012_val_00046983.JPEG,,,,15.17332745,3.86858010
1871,imagenet,1,ILSVRC2012_val_00047067.JPEG,,,,-53.22333908,8.13678265
1872,imagenet,1,ILSVRC2012_val_00047129.JPEG,,,,17.49803352,42.74589157
1873,imagenet,1,ILSVRC2012_val_00047175.JPEG,,,,-36.87208557,28.89271927
1874,imagenet,1,ILSVRC2012_val_00047224.JPEG,,,,-53.44183731,2.17313576
1875,imagenet,1,ILSVRC2012_val_00047281.JPEG,,,,-5.96013737,25.85120583
1876,imagenet,1,ILSVRC2012_val_00047305.JPEG,,,,12.49360657,41.90457916
1877,imagenet,1,ILSVRC2012_val_00047308.JPEG,,,,26.00369835,27.30006409
1878,imagenet,1,ILSVRC2012_val_00047323.JPEG,,,,-14.01402760,-12.99849224
1879,imagenet,1,ILSVRC2012_val_00047341.JPEG,,,,14.33441448,27.36699867
1880,imagenet,1,ILSVRC2012_val_00047381.JPEG,,,,-15.03879929,-23.89297104
1881,imagenet,1,ILSVRC2012_val_00047417.JPEG,,,,31.50318718,21.22686005
1882,imagenet,1,ILSVRC2012_val_00047452.JPEG,,,,-37.16432190,-19.55920792
1883,imagenet,1,ILSVRC2012_val_00047469.JPEG,,,,-51.53386688,-4.52559996
1884,imagenet,1,ILSVRC2012_val_00047476.JPEG,,,,2.42377353,19.69578934
1885,imagenet,1,ILSVRC2012_val_00047484.JPEG,,,,-21.28198051,-13.39228725
1886,imagenet,1,ILSVRC2012_val_00047505.JPEG,,,,7.45509338,8.67222500
1887,imagenet,1,ILSVRC2012_val_00047552.JPEG,,,,42.01198959,29.69190025
1888,imagenet,1,ILSVRC2012_val_00047569.JPEG,,,,-6.84990311,-36.32571030
1889,imagenet,1,ILSVRC2012_val_00047606.JPEG,,,,-9.37299824,-15.99898338
1890,imagenet,1,ILSVRC2012_val_00047666.JPEG,,,,42.90511322,29.86672401
1891,imagenet,1,ILSVRC2012_val_00047701.JPEG,,,,-24.89700317,37.05894470
1892,imagenet,1,ILSVRC2012_val_00047722.JPEG,,,,18.37555313,15.92799568
1893,imagenet,1,ILSVRC2012_val_00047723.JPEG,,,,-7.97212410,-35.68888092
1894,imagenet,1,ILSVRC2012_val_00047727.JPEG,,,,39.45434570,25.62635040
1895,imagenet,1,ILSVRC2012_val_00047728.JPEG,,,,42.75103378,17.10291481
1896,imagenet,1,ILSVRC2012_val_00047739.JPEG,,,,22.46392250,37.30021286
1897,imagenet,1,ILSVRC2012_val_00047763.JPEG,,,,-43.43465042,28.29607582
1898,imagenet,1,ILSVRC2012_val_00047767.JPEG,,,,-29.90315437,23.77394676
1899,imagenet,1,ILSVRC2012_val_00047823.JPEG,,,,9.86399364,27.60871696
1900,imagenet,1,ILSVRC2012_val_00047848.JPEG,,,,56.45631027,10.62991714
1901,imagenet,1,ILSVRC2012_val_00047873.JPEG,,,,-41.98342896,24.59809303
1902,imagenet,1,ILSVRC2012_val_00047881.JPEG,,,,-33.33722687,5.04004622
1903,imagenet,1,ILSVRC2012_val_00047921.JPEG,,,,36.78396606,-9.70821571
1904,imagenet,1,ILSVRC2012_val_00047952.JPEG,,,,-40.56552505,-19.45262337
1905,imagenet,1,ILSVRC2012_val_00047959.JPEG,,,,-3.12880063,-2.45101666
1906,imagenet,1,ILSVRC2012_val_00047963.JPEG,,,,-6.18358850,24.99706650
1907,imagenet,1,ILSVRC2012_val_00047967.JPEG,,,,11.77691555,34.56029892
1908,imagenet,1,ILSVRC2012_val_00047996.JPEG,,,,7.97681761,21.23867226
1909,imagenet,1,ILSVRC2012_val_00048013.JPEG,,,,31.13645935,9.68163013
1910,imagenet,1,ILSVRC2012_val_00048039.JPEG,,,,-29.20867538,-6.82567167
1911,imagenet,1,ILSVRC2012_val_00048071.JPEG,,,,-10.36677933,-2.80152488
1912,imagenet,1,ILSVRC2012_val_00048110.JPEG,,,,-13.69546223,-15.35370922
1913,imagenet,1,ILSVRC2012_val_00048134.JPEG,,,,-13.39194107,9.14076328
1914,imagenet,1,ILSVRC2012_val_00048136.JPEG,,,,42.56961060,-1.82950282
1915,imagenet,1,ILSVRC2012_val_00048190.JPEG,,,,-6.10725164,-16.70271111
1916,imagenet,1,ILSVRC2012_val_00048205.JPEG,,,,-32.86049271,-20.47832870
1917,imagenet,1,ILSVRC2012_val_00048206.JPEG,,,,59.09258270,13.58516121
1918,imagenet,1,ILSVRC2012_val_00048217.JPEG,,,,55.66918945,13.11433697
1919,imagenet,1,ILSVRC2012_val_00048222.JPEG,,,,-42.74151993,15.75498390
1920,imagenet,1,ILSVRC2012_val_00048231.JPEG,,,,-37.12247849,-4.81197500
1921,imagenet,1,ILSVRC2012_val_00048275.JPEG,,,,-44.68339157,-5.94358158
1922,imagenet,1,ILSVRC2012_val_00048316.JPEG,,,,-0.77158087,3.51849461
1923,imagenet,1,ILSVRC2012_val_00048335.JPEG,,,,38.91550064,11.62373161
1924,imagenet,1,ILSVRC2012_val_00048341.JPEG,,,,-39.72163773,12.04087734
1925,imagenet,1,ILSVRC2012_val_00048355.JPEG,,,,-0.31701159,4.97454691
1926,imagenet,1,ILSVRC2012_val_00048370.JPEG,,,,-31.82687569,22.93460274
1927,imagenet,1,ILSVRC2012_val_00048425.JPEG,,,,-3.58262062,-37.96715927
1928,imagenet,1,ILSVRC2012_val_00048426.JPEG,,,,-45.86898804,24.65450287
1929,imagenet,1,ILSVRC2012_val_00048427.JPEG,,,,25.38544655,22.00106239
1930,imagenet,1,ILSVRC2012_val_00048544.JPEG,,,,-7.54471731,-26.48859024
1931,imagenet,1,ILSVRC2012_val_00048554.JPEG,,,,-38.31645584,-17.79297256
1932,imagenet,1,ILSVRC2012_val_00048556.JPEG,,,,42.11877441,-11.97759151
1933,imagenet,1,ILSVRC2012_val_00048559.JPEG,,,,36.54413986,6.52066374
1934,imagenet,1,ILSVRC2012_val_00048560.JPEG,,,,-37.88010025,18.66749954
1935,imagenet,1,ILSVRC2012_val_00048613.JPEG,,,,25.73074341,17.95873451
1936,imagenet,1,ILSVRC2012_val_00048615.JPEG,,,,-29.37391090,-7.34881306
1937,imagenet,1,ILSVRC2012_val_00048616.JPEG,,,,43.46876526,-5.14412928
1938,imagenet,1,ILSVRC2012_val_00048626.JPEG,,,,14.40711403,4.69615602
1939,imagenet,1,ILSVRC2012_val_00048632.JPEG,,,,23.68211746,35.65907669
1940,imagenet,1,ILSVRC2012_val_00048633.JPEG,,,,17.42098236,38.24823380
1941,imagenet,1,ILSVRC2012_val_00048644.JPEG,,,,47.63340759,-9.34947586
1942,imagenet,1,ILSVRC2012_val_00048663.JPEG,,,,4.36392403,24.11496353
1943,imagenet,1,ILSVRC2012_val_00048708.JPEG,,,,-0.41538149,11.18805313
1944,imagenet,1,ILSVRC2012_val_00048744.JPEG,,,,0.21055077,-17.52990532
1945,imagenet,1,ILSVRC2012_val_00048802.JPEG,,,,49.75269699,-4.06636858
1946,imagenet,1,ILSVRC2012_val_00048805.JPEG,,,,14.85526562,44.84238815
1947,imagenet,1,ILSVRC2012_val_00048815.JPEG,,,,-25.47274971,35.91100693
1948,imagenet,1,ILSVRC2012_val_00048825.JPEG,,,,-7.67753363,-20.72910881
1949,imagenet,1,ILSVRC2012_val_00048831.JPEG,,,,-43.84143829,-3.01509356
1950,imagenet,1,ILSVRC2012_val_00048851.JPEG,,,,12.19922352,39.58658218
1951,imagenet,1,ILSVRC2012_val_00048869.JPEG,,,,-44.66281891,-4.60926390
1952,imagenet,1,ILSVRC2012_val_00048907.JPEG,,,,-4.14475250,38.41377258
1953,imagenet,1,ILSVRC2012_val_00048912.JPEG,,,,-16.01514435,9.86598110
1954,imagenet,1,ILSVRC2012_val_00048926.JPEG,,,,25.06523132,14.46033955
1955,imagenet,1,ILSVRC2012_val_00048942.JPEG,,,,45.65602875,3.27167654
1956,imagenet,1,ILSVRC2012_val_00048955.JPEG,,,,41.39135742,21.91211891
1957,imagenet,1,ILSVRC2012_val_00048960.JPEG,,,,33.36996460,-13.01871300
1958,imagenet,1,ILSVRC2012_val_00048970.JPEG,,,,60.51049042,3.96351457
1959,imagenet,1,ILSVRC2012_val_00049060.JPEG,,,,-26.76747131,-20.91403770
1960,imagenet,1,ILSVRC2012_val_00049083.JPEG,,,,0.52718270,-18.56650925
1961,imagenet,1,ILSVRC2012_val_00049118.JPEG,,,,-51.55528259,6.73697042
1962,imagenet,1,ILSVRC2012_val_00049149.JPEG,,,,5.46123600,-17.66362381
1963,imagenet,1,ILSVRC2012_val_00049287.JPEG,,,,-0.59722584,3.54257917
1964,imagenet,1,ILSVRC2012_val_00049311.JPEG,,,,7.56850958,40.91377640
1965,imagenet,1,ILSVRC2012_val_00049333.JPEG,,,,-47.51629257,-5.87449503
1966,imagenet,1,ILSVRC2012_val_00049354.JPEG,,,,-55.52689743,-7.02105474
1967,imagenet,1,ILSVRC2012_val_00049385.JPEG,,,,11.53610420,2.67577553
1968,imagenet,1,ILSVRC2012_val_00049402.JPEG,,,,-40.26279068,-25.29193497
1969,imagenet,1,ILSVRC2012_val_00049442.JPEG,,,,2.93997622,-26.26853561
1970,imagenet,1,ILSVRC2012_val_00049472.JPEG,,,,17.07201958,41.42924118
1971,imagenet,1,ILSVRC2012_val_00049484.JPEG,,,,22.50775146,-8.75771141
1972,imagenet,1,ILSVRC2012_val_00049490.JPEG,,,,-2.00373101,42.52257156
1973,imagenet,1,ILSVRC2012_val_00049494.JPEG,,,,-54.89105606,-5.57374287
1974,imagenet,1,ILSVRC2012_val_00049539.JPEG,,,,62.89232635,3.09637427
1975,imagenet,1,ILSVRC2012_val_00049543.JPEG,,,,1.58071733,-30.39572334
1976,imagenet,1,ILSVRC2012_val_00049545.JPEG,,,,23.11491013,-17.09576225
1977,imagenet,1,ILSVRC2012_val_00049560.JPEG,,,,-20.31381607,-8.79957390
1978,imagenet,1,ILSVRC2012_val_00049563.JPEG,,,,-19.12371635,36.65422058
1979,imagenet,1,ILSVRC2012_val_00049564.JPEG,,,,18.52837181,33.30080032
1980,imagenet,1,ILSVRC2012_val_00049616.JPEG,,,,-51.30533218,-9.44900608
1981,imagenet,1,ILSVRC2012_val_00049635.JPEG,,,,31.40164948,18.31486130
1982,imagenet,1,ILSVRC2012_val_00049644.JPEG,,,,-8.31482697,21.22460175
1983,imagenet,1,ILSVRC2012_val_00049666.JPEG,,,,-2.43912411,-11.15594864
1984,imagenet,1,ILSVRC2012_val_00049671.JPEG,,,,-45.55234528,-6.57109594
1985,imagenet,1,ILSVRC2012_val_00049706.JPEG,,,,28.71552086,25.72633362
1986,imagenet,1,ILSVRC2012_val_00049710.JPEG,,,,-25.10061646,19.82823944
1987,imagenet,1,ILSVRC2012_val_00049726.JPEG,,,,-45.14923477,-7.20229101
1988,imagenet,1,ILSVRC2012_val_00049737.JPEG,,,,-42.86207962,13.30301189
1989,imagenet,1,ILSVRC2012_val_00049742.JPEG,,,,26.74767876,-1.73142576
1990,imagenet,1,ILSVRC2012_val_00049746.JPEG,,,,7.82735014,24.94161415
1991,imagenet,1,ILSVRC2012_val_00049757.JPEG,,,,-22.17007065,-30.11268234
1992,imagenet,1,ILSVRC2012_val_00049828.JPEG,,,,35.98693466,-2.28338599
1993,imagenet,1,ILSVRC2012_val_00049844.JPEG,,,,48.83623886,-17.09641266
1994,imagenet,1,ILSVRC2012_val_00049855.JPEG,,,,-12.17093658,17.57097054
1995,imagenet,1,ILSVRC2012_val_00049891.JPEG,,,,-39.36415863,-20.67738152
1996,imagenet,1,ILSVRC2012_val_00049909.JPEG,,,,-49.46892929,0.13305500
1997,imagenet,1,ILSVRC2012_val_00049961.JPEG,,,,-22.58472824,18.90662575
1998,imagenet,1,ILSVRC2012_val_00049968.JPEG,,,,52.24959946,7.10240078
1999,imagenet,1,ILSVRC2012_val_00049975.JPEG,,,,14.52963543,44.39173508
4093,timesx,1,CropsAndStaples__rice_usd_cwt_96_12_12_10events__20250611T000000,CropsAndStaples__rice_usd_cwt_96_12_12_10events,middle,0,4.58663702,-72.46427917
4094,timesx,1,CropsAndStaples__rice_usd_cwt_96_12_12_10events__20250630T000000,CropsAndStaples__rice_usd_cwt_96_12_12_10events,middle,0,7.74859953,-70.39524078
4095,timesx,1,CropsAndStaples__rice_usd_cwt_96_12_12_10events__20250717T000000,CropsAndStaples__rice_usd_cwt_96_12_12_10events,middle,0,5.25536156,-73.23312378
4096,timesx,1,CropsAndStaples__rice_usd_cwt_96_12_12_10events__20250804T000000,CropsAndStaples__rice_usd_cwt_96_12_12_10events,middle,0,6.12260294,-70.26083374
4097,timesx,1,CropsAndStaples__rice_usd_cwt_96_12_12_10events__20250820T000000,CropsAndStaples__rice_usd_cwt_96_12_12_10events,middle,0,5.07131624,-73.02494812
4098,timesx,1,CropsAndStaples__rice_usd_cwt_96_12_12_10events__20250908T000000,CropsAndStaples__rice_usd_cwt_96_12_12_10events,middle,0,4.22487259,-70.30436707
4099,timesx,1,CropsAndStaples__rice_usd_cwt_96_12_12_10events__20250924T000000,CropsAndStaples__rice_usd_cwt_96_12_12_10events,middle,0,5.80971622,-69.80023193
4100,timesx,1,CropsAndStaples__rice_usd_cwt_96_12_12_10events__20251010T000000,CropsAndStaples__rice_usd_cwt_96_12_12_10events,middle,0,2.84304500,-69.91525269
4101,timesx,1,CropsAndStaples__rice_usd_cwt_96_12_12_10events__20251028T000000,CropsAndStaples__rice_usd_cwt_96_12_12_10events,middle,0,3.58644223,-68.23171234
4102,timesx,1,CropsAndStaples__rice_usd_cwt_96_12_12_10events__20251113T000000,CropsAndStaples__rice_usd_cwt_96_12_12_10events,middle,0,3.16019416,-69.22169495
4103,timesx,1,CropsAndStaples__rice_usd_cwt_96_12_12_10events__20251201T000000,CropsAndStaples__rice_usd_cwt_96_12_12_10events,middle,0,3.91668081,-68.45648956
4104,timesx,1,CropsAndStaples__rice_usd_cwt_96_12_12_10events__20251217T000000,CropsAndStaples__rice_usd_cwt_96_12_12_10events,middle,0,2.97041249,-69.48304749
4105,timesx,1,CropsAndStaples__rice_usd_cwt_96_12_12_10events__20260105T000000,CropsAndStaples__rice_usd_cwt_96_12_12_10events,middle,0,3.76302147,-68.45477295
4106,timesx,1,CropsAndStaples__rice_usd_cwt_96_12_12_10events__20260122T000000,CropsAndStaples__rice_usd_cwt_96_12_12_10events,middle,0,5.24732828,-70.25503540
4107,timesx,1,CropsAndStaples__rice_usd_cwt_96_12_12_10events__20260209T000000,CropsAndStaples__rice_usd_cwt_96_12_12_10events,middle,0,5.12132645,-69.55854797
4108,timesx,1,CropsAndStaples__rice_usd_cwt_96_12_12_10events__20260226T000000,CropsAndStaples__rice_usd_cwt_96_12_12_10events,middle,0,4.72010279,-71.49500275
4109,timesx,1,CropsAndStaples__rice_usd_cwt_96_12_12_10events__20260316T000000,CropsAndStaples__rice_usd_cwt_96_12_12_10events,middle,0,12.04967213,-74.47402954
4983,timesx,1,arts__food_wine_festivals_96_12_4_10events__20250119T000000,arts__food_wine_festivals_96_12_4_10events,middle,1,11.36279583,-70.67607880
4984,timesx,1,arts__food_wine_festivals_96_12_4_10events__20250216T000000,arts__food_wine_festivals_96_12_4_10events,middle,1,10.51975155,-72.87213898
4985,timesx,1,arts__food_wine_festivals_96_12_4_10events__20250316T000000,arts__food_wine_festivals_96_12_4_10events,middle,1,10.90916920,-75.67684937
4986,timesx,1,arts__food_wine_festivals_96_12_4_10events__20250413T000000,arts__food_wine_festivals_96_12_4_10events,middle,1,9.40848255,-76.49134827
5023,timesx,1,climate__endangered_species_96_12_4_10events__20250803T000000,climate__endangered_species_96_12_4_10events,middle,2,6.04972124,-73.68553925
5024,timesx,1,climate__endangered_species_96_12_4_10events__20250831T000000,climate__endangered_species_96_12_4_10events,middle,2,12.21440220,-70.33766174
5025,timesx,1,climate__endangered_species_96_12_4_10events__20250928T000000,climate__endangered_species_96_12_4_10events,middle,2,14.70207882,-71.09598541
5026,timesx,1,climate__endangered_species_96_12_4_10events__20251026T000000,climate__endangered_species_96_12_4_10events,middle,2,14.04727459,-77.02766418
5027,timesx,1,climate__endangered_species_96_12_4_10events__20251123T000000,climate__endangered_species_96_12_4_10events,middle,2,4.54048729,-80.78865051
5028,timesx,1,climate__endangered_species_96_12_4_10events__20251221T000000,climate__endangered_species_96_12_4_10events,middle,2,2.85040998,-78.78569031
5059,timesx,1,climate__sustainable_fashion_96_12_4_10events__20250803T000000,climate__sustainable_fashion_96_12_4_10events,worst,3,12.37918854,-71.95427704
5060,timesx,1,climate__sustainable_fashion_96_12_4_10events__20250831T000000,climate__sustainable_fashion_96_12_4_10events,worst,3,13.28779125,-73.88073730
5061,timesx,1,climate__sustainable_fashion_96_12_4_10events__20250928T000000,climate__sustainable_fashion_96_12_4_10events,worst,3,13.57748318,-75.46355438
5062,timesx,1,climate__sustainable_fashion_96_12_4_10events__20251026T000000,climate__sustainable_fashion_96_12_4_10events,worst,3,6.67431259,-80.86867523
5063,timesx,1,climate__sustainable_fashion_96_12_4_10events__20251123T000000,climate__sustainable_fashion_96_12_4_10events,worst,3,5.07256603,-79.93386841
5064,timesx,1,climate__sustainable_fashion_96_12_4_10events__20251221T000000,climate__sustainable_fashion_96_12_4_10events,worst,3,7.40938330,-79.21367645
5071,timesx,1,economy__cost_of_living_96_12_4_10events__20250803T000000,economy__cost_of_living_96_12_4_10events,worst,4,14.23516750,-73.54248810
5072,timesx,1,economy__cost_of_living_96_12_4_10events__20250831T000000,economy__cost_of_living_96_12_4_10events,worst,4,10.99961567,-76.14369965
5073,timesx,1,economy__cost_of_living_96_12_4_10events__20250928T000000,economy__cost_of_living_96_12_4_10events,worst,4,9.79162312,-77.34928131
5074,timesx,1,economy__cost_of_living_96_12_4_10events__20251026T000000,economy__cost_of_living_96_12_4_10events,worst,4,5.82504845,-78.60393524
5075,timesx,1,economy__cost_of_living_96_12_4_10events__20251123T000000,economy__cost_of_living_96_12_4_10events,worst,4,6.37303495,-76.32884216
5076,timesx,1,economy__cost_of_living_96_12_4_10events__20251221T000000,economy__cost_of_living_96_12_4_10events,worst,4,11.57722378,-74.26873016
5161,timesx,1,electronic_technology__drones_96_12_4_10events__20250803T000000,electronic_technology__drones_96_12_4_10events,best,5,-3.54549813,-70.47525024
5162,timesx,1,electronic_technology__drones_96_12_4_10events__20250831T000000,electronic_technology__drones_96_12_4_10events,best,5,-2.39346290,-70.50051880
5163,timesx,1,electronic_technology__drones_96_12_4_10events__20250928T000000,electronic_technology__drones_96_12_4_10events,best,5,-1.89152741,-70.99424744
5164,timesx,1,electronic_technology__drones_96_12_4_10events__20251026T000000,electronic_technology__drones_96_12_4_10events,best,5,-1.59075296,-69.89746094
5165,timesx,1,electronic_technology__drones_96_12_4_10events__20251123T000000,electronic_technology__drones_96_12_4_10events,best,5,8.83127499,-65.44000244
5166,timesx,1,electronic_technology__drones_96_12_4_10events__20251221T000000,electronic_technology__drones_96_12_4_10events,best,5,-3.46039414,-69.38049316
5203,timesx,1,finance__financial_regulation_96_12_4_10events__20250803T000000,finance__financial_regulation_96_12_4_10events,worst,6,12.98070335,-73.33375549
5204,timesx,1,finance__financial_regulation_96_12_4_10events__20250831T000000,finance__financial_regulation_96_12_4_10events,worst,6,13.04544067,-74.68699646
5205,timesx,1,finance__financial_regulation_96_12_4_10events__20250928T000000,finance__financial_regulation_96_12_4_10events,worst,6,13.55276394,-76.80398560
5206,timesx,1,finance__financial_regulation_96_12_4_10events__20251026T000000,finance__financial_regulation_96_12_4_10events,worst,6,5.49491310,-80.57876587
5207,timesx,1,finance__financial_regulation_96_12_4_10events__20251123T000000,finance__financial_regulation_96_12_4_10events,worst,6,7.51862097,-79.62641144
5208,timesx,1,finance__financial_regulation_96_12_4_10events__20251221T000000,finance__financial_regulation_96_12_4_10events,worst,6,8.01559448,-79.35231018
5263,timesx,1,pets__animal_welfare_96_12_4_10events__20250803T000000,pets__animal_welfare_96_12_4_10events,worst,7,13.63243389,-70.73953247
5264,timesx,1,pets__animal_welfare_96_12_4_10events__20250831T000000,pets__animal_welfare_96_12_4_10events,worst,7,13.79718113,-74.39095306
5265,timesx,1,pets__animal_welfare_96_12_4_10events__20250928T000000,pets__animal_welfare_96_12_4_10events,worst,7,13.15429497,-75.68981171
5266,timesx,1,pets__animal_welfare_96_12_4_10events__20251026T000000,pets__animal_welfare_96_12_4_10events,worst,7,5.81057358,-81.08386993
5267,timesx,1,pets__animal_welfare_96_12_4_10events__20251123T000000,pets__animal_welfare_96_12_4_10events,worst,7,5.28097296,-79.31223297
5268,timesx,1,pets__animal_welfare_96_12_4_10events__20251221T000000,pets__animal_welfare_96_12_4_10events,worst,7,6.21035004,-75.87944794
5275,timesx,1,pets__biodiversity_96_12_4_10events__20250803T000000,pets__biodiversity_96_12_4_10events,middle,8,7.05400848,-72.89591980
5276,timesx,1,pets__biodiversity_96_12_4_10events__20250831T000000,pets__biodiversity_96_12_4_10events,middle,8,12.76219559,-70.27124023
5277,timesx,1,pets__biodiversity_96_12_4_10events__20250928T000000,pets__biodiversity_96_12_4_10events,middle,8,15.05155087,-71.44146729
5278,timesx,1,pets__biodiversity_96_12_4_10events__20251026T000000,pets__biodiversity_96_12_4_10events,middle,8,14.01280594,-77.56472015
5279,timesx,1,pets__biodiversity_96_12_4_10events__20251123T000000,pets__biodiversity_96_12_4_10events,middle,8,4.08542252,-80.73352814
5280,timesx,1,pets__biodiversity_96_12_4_10events__20251221T000000,pets__biodiversity_96_12_4_10events,middle,8,2.71598816,-78.72822571
5317,timesx,1,public_health__climate_change_96_12_4_10events__20250803T000000,public_health__climate_change_96_12_4_10events,best,9,-1.51769650,-70.64589691
5318,timesx,1,public_health__climate_change_96_12_4_10events__20250831T000000,public_health__climate_change_96_12_4_10events,best,9,3.09200120,-67.12179565
5319,timesx,1,public_health__climate_change_96_12_4_10events__20250928T000000,public_health__climate_change_96_12_4_10events,best,9,-2.84086537,-68.27552795
5320,timesx,1,public_health__climate_change_96_12_4_10events__20251026T000000,public_health__climate_change_96_12_4_10events,best,9,-3.44326568,-69.74607086
5321,timesx,1,public_health__climate_change_96_12_4_10events__20251123T000000,public_health__climate_change_96_12_4_10events,best,9,-3.62865710,-71.16266632
5322,timesx,1,public_health__climate_change_96_12_4_10events__20251221T000000,public_health__climate_change_96_12_4_10events,best,9,-2.75875449,-71.20506287
5341,timesx,1,public_health__hiv_aids_96_12_4_10events__20250803T000000,public_health__hiv_aids_96_12_4_10events,middle,10,5.36081648,-75.14427948
5342,timesx,1,public_health__hiv_aids_96_12_4_10events__20250831T000000,public_health__hiv_aids_96_12_4_10events,middle,10,6.36573601,-72.61869049
5343,timesx,1,public_health__hiv_aids_96_12_4_10events__20250928T000000,public_health__hiv_aids_96_12_4_10events,middle,10,12.64338207,-70.80478668
5344,timesx,1,public_health__hiv_aids_96_12_4_10events__20251026T000000,public_health__hiv_aids_96_12_4_10events,middle,10,14.19871044,-76.47221375
5345,timesx,1,public_health__hiv_aids_96_12_4_10events__20251123T000000,public_health__hiv_aids_96_12_4_10events,middle,10,6.18724012,-80.65352631
5346,timesx,1,public_health__hiv_aids_96_12_4_10events__20251221T000000,public_health__hiv_aids_96_12_4_10events,middle,10,4.87486506,-76.53829193
5359,timesx,1,public_health__obesity_96_12_4_10events__20250803T000000,public_health__obesity_96_12_4_10events,worst,11,11.70860004,-72.66030884
5360,timesx,1,public_health__obesity_96_12_4_10events__20250831T000000,public_health__obesity_96_12_4_10events,worst,11,10.02958775,-72.45201874
5361,timesx,1,public_health__obesity_96_12_4_10events__20250928T000000,public_health__obesity_96_12_4_10events,worst,11,10.68906116,-71.73651886
5362,timesx,1,public_health__obesity_96_12_4_10events__20251026T000000,public_health__obesity_96_12_4_10events,worst,11,14.73631191,-77.25258636
5363,timesx,1,public_health__obesity_96_12_4_10events__20251123T000000,public_health__obesity_96_12_4_10events,worst,11,5.88772821,-79.98797607
5364,timesx,1,public_health__obesity_96_12_4_10events__20251221T000000,public_health__obesity_96_12_4_10events,worst,11,4.73606396,-76.46389771
5401,timesx,1,public_policy__national_debt_96_12_4_10events__20250803T000000,public_policy__national_debt_96_12_4_10events,middle,12,13.95061016,-71.14566040
5402,timesx,1,public_policy__national_debt_96_12_4_10events__20250831T000000,public_policy__national_debt_96_12_4_10events,middle,12,11.67419720,-75.84041595
5403,timesx,1,public_policy__national_debt_96_12_4_10events__20250928T000000,public_policy__national_debt_96_12_4_10events,middle,12,10.64783287,-77.00486755
5404,timesx,1,public_policy__national_debt_96_12_4_10events__20251026T000000,public_policy__national_debt_96_12_4_10events,middle,12,5.77693033,-79.35735321
5405,timesx,1,public_policy__national_debt_96_12_4_10events__20251123T000000,public_policy__national_debt_96_12_4_10events,middle,12,4.87152243,-78.01307678
5406,timesx,1,public_policy__national_debt_96_12_4_10events__20251221T000000,public_policy__national_debt_96_12_4_10events,middle,12,8.83291626,-72.90238953
5449,timesx,1,science__earthquake_96_12_4_10events__20250803T000000,science__earthquake_96_12_4_10events,best,13,9.33620739,-73.47917938
5450,timesx,1,science__earthquake_96_12_4_10events__20250831T000000,science__earthquake_96_12_4_10events,best,13,9.47620678,-75.35814667
5451,timesx,1,science__earthquake_96_12_4_10events__20250928T000000,science__earthquake_96_12_4_10events,best,13,2.70591021,-75.26609039
5452,timesx,1,science__earthquake_96_12_4_10events__20251026T000000,science__earthquake_96_12_4_10events,best,13,2.61856127,-75.21626282
5453,timesx,1,science__earthquake_96_12_4_10events__20251123T000000,science__earthquake_96_12_4_10events,best,13,1.25726223,-74.52959442
5454,timesx,1,science__earthquake_96_12_4_10events__20251221T000000,science__earthquake_96_12_4_10events,best,13,2.53939509,-74.27707672
5473,timesx,1,science__nobel_prize_96_12_4_10events__20250803T000000,science__nobel_prize_96_12_4_10events,worst,14,11.67917728,-69.49643707
5474,timesx,1,science__nobel_prize_96_12_4_10events__20250831T000000,science__nobel_prize_96_12_4_10events,worst,14,8.21771336,-70.30185699
5475,timesx,1,science__nobel_prize_96_12_4_10events__20250928T000000,science__nobel_prize_96_12_4_10events,worst,14,10.56026268,-77.32957458
5476,timesx,1,science__nobel_prize_96_12_4_10events__20251026T000000,science__nobel_prize_96_12_4_10events,worst,14,-4.08320761,-69.53259277
5477,timesx,1,science__nobel_prize_96_12_4_10events__20251123T000000,science__nobel_prize_96_12_4_10events,worst,14,-3.55637217,-70.76858521
5478,timesx,1,science__nobel_prize_96_12_4_10events__20251221T000000,science__nobel_prize_96_12_4_10events,worst,14,-2.65576005,-70.66656494
5497,timesx,1,shopping__air_conditioner_96_12_4_10events__20250803T000000,shopping__air_conditioner_96_12_4_10events,best,15,-4.10422039,-68.49299622
5498,timesx,1,shopping__air_conditioner_96_12_4_10events__20250831T000000,shopping__air_conditioner_96_12_4_10events,best,15,-1.44589841,-72.73860168
5499,timesx,1,shopping__air_conditioner_96_12_4_10events__20250928T000000,shopping__air_conditioner_96_12_4_10events,best,15,-1.15941489,-72.84960938
5500,timesx,1,shopping__air_conditioner_96_12_4_10events__20251026T000000,shopping__air_conditioner_96_12_4_10events,best,15,0.65143561,-72.76856995
5501,timesx,1,shopping__air_conditioner_96_12_4_10events__20251123T000000,shopping__air_conditioner_96_12_4_10events,best,15,9.51581860,-67.64945221
5502,timesx,1,shopping__air_conditioner_96_12_4_10events__20251221T000000,shopping__air_conditioner_96_12_4_10events,best,15,9.09881020,-67.51286316
5503,timesx,1,shopping__back_to_school_96_12_4_10events__20250803T000000,shopping__back_to_school_96_12_4_10events,best,16,8.73434830,-65.45092010
5504,timesx,1,shopping__back_to_school_96_12_4_10events__20250831T000000,shopping__back_to_school_96_12_4_10events,best,16,-5.18482351,-70.70046997
5505,timesx,1,shopping__back_to_school_96_12_4_10events__20250928T000000,shopping__back_to_school_96_12_4_10events,best,16,-4.38567066,-72.36470032
5506,timesx,1,shopping__back_to_school_96_12_4_10events__20251026T000000,shopping__back_to_school_96_12_4_10events,best,16,-3.23388624,-73.49548340
5507,timesx,1,shopping__back_to_school_96_12_4_10events__20251123T000000,shopping__back_to_school_96_12_4_10events,best,16,-2.59525418,-73.85340881
5508,timesx,1,shopping__back_to_school_96_12_4_10events__20251221T000000,shopping__back_to_school_96_12_4_10events,best,16,10.31684971,-66.88854980
5659,timesx,1,traffic__tour_de_france_96_12_4_10events__20250803T000000,traffic__tour_de_france_96_12_4_10events,best,17,-4.97926664,-69.34421539
5660,timesx,1,traffic__tour_de_france_96_12_4_10events__20250831T000000,traffic__tour_de_france_96_12_4_10events,best,17,-4.65637016,-71.87521362
5661,timesx,1,traffic__tour_de_france_96_12_4_10events__20250928T000000,traffic__tour_de_france_96_12_4_10events,best,17,-3.60902429,-73.05468750
5662,timesx,1,traffic__tour_de_france_96_12_4_10events__20251026T000000,traffic__tour_de_france_96_12_4_10events,best,17,-2.81253791,-73.47233582
5663,timesx,1,traffic__tour_de_france_96_12_4_10events__20251123T000000,traffic__tour_de_france_96_12_4_10events,best,17,10.10010624,-66.47888947
5664,timesx,1,traffic__tour_de_france_96_12_4_10events__20251221T000000,traffic__tour_de_france_96_12_4_10events,best,17,9.80152035,-66.49488068
