row_id,source,masked,id,var_key,sel_group,color_idx,x,y
0,imagenet,1,ILSVRC2012_val_00000043.JPEG,,,,-12.67010689,17.07093239
1,imagenet,1,ILSVRC2012_val_00000072.JPEG,,,,-7.19750977,-26.64791298
2,imagenet,1,ILSVRC2012_val_00000085.JPEG,,,,49.40596771,4.34898233
3,imagenet,1,ILSVRC2012_val_00000107.JPEG,,,,42.75598907,4.43949938
4,imagenet,1,ILSVRC2012_val_00000164.JPEG,,,,-8.06558228,37.48592758
5,imagenet,1,ILSVRC2012_val_00000210.JPEG,,,,-6.51236343,-25.91436386
6,imagenet,1,ILSVRC2012_val_00000279.JPEG,,,,-11.52342606,2.06696177
7,imagenet,1,ILSVRC2012_val_00000294.JPEG,,,,-13.95301628,-28.44517708
8,imagenet,1,ILSVRC2012_val_00000303.JPEG,,,,-23.20500946,20.42111015
9,imagenet,1,ILSVRC2012_val_00000319.JPEG,,,,18.79576683,-1.14668000
10,imagenet,1,ILSVRC2012_val_00000343.JPEG,,,,-31.13614845,1.28661251
11,imagenet,1,ILSVRC2012_val_00000361.JPEG,,,,28.23055077,21.58049965
12,imagenet,1,ILSVRC2012_val_00000397.JPEG,,,,-17.40744781,16.23208618
13,imagenet,1,ILSVRC2012_val_00000453.JPEG,,,,-6.90068769,-18.85343933
14,imagenet,1,ILSVRC2012_val_00000460.JPEG,,,,-20.82341385,-3.88860297
15,imagenet,1,ILSVRC2012_val_00000464.JPEG,,,,35.66119385,-2.65393758
16,imagenet,1,ILSVRC2012_val_00000472.JPEG,,,,-32.35208893,14.44810390
17,imagenet,1,ILSVRC2012_val_00000498.JPEG,,,,43.61764145,2.56118035
18,imagenet,1,ILSVRC2012_val_00000500.JPEG,,,,-29.61392975,-7.83724928
19,imagenet,1,ILSVRC2012_val_00000507.JPEG,,,,-19.76338768,-10.81279182
20,imagenet,1,ILSVRC2012_val_00000547.JPEG,,,,40.11467361,13.43394852
21,imagenet,1,ILSVRC2012_val_00000559.JPEG,,,,-40.57094193,-1.81702244
22,imagenet,1,ILSVRC2012_val_00000620.JPEG,,,,-1.43790746,-13.18096733
23,imagenet,1,ILSVRC2012_val_00000650.JPEG,,,,-31.68836021,10.97184086
24,imagenet,1,ILSVRC2012_val_00000651.JPEG,,,,47.30156326,3.82194519
25,imagenet,1,ILSVRC2012_val_00000652.JPEG,,,,-33.79791641,-1.05200267
26,imagenet,1,ILSVRC2012_val_00000660.JPEG,,,,-29.77783012,-19.76118660
27,imagenet,1,ILSVRC2012_val_00000724.JPEG,,,,20.41289330,-19.32045746
28,imagenet,1,ILSVRC2012_val_00000728.JPEG,,,,-19.91107368,18.22031975
29,imagenet,1,ILSVRC2012_val_00000746.JPEG,,,,0.14289165,21.08700752
30,imagenet,1,ILSVRC2012_val_00000790.JPEG,,,,-25.66851044,6.26210642
31,imagenet,1,ILSVRC2012_val_00000810.JPEG,,,,-2.11326218,7.01773119
32,imagenet,1,ILSVRC2012_val_00000824.JPEG,,,,40.93783951,-0.76516157
33,imagenet,1,ILSVRC2012_val_00000842.JPEG,,,,-38.79756165,-0.91296571
34,imagenet,1,ILSVRC2012_val_00000875.JPEG,,,,-13.08989525,12.52678871
35,imagenet,1,ILSVRC2012_val_00000898.JPEG,,,,21.95621872,19.19263458
36,imagenet,1,ILSVRC2012_val_00000940.JPEG,,,,-12.43370724,5.01104784
37,imagenet,1,ILSVRC2012_val_00000963.JPEG,,,,-25.35166931,16.87210083
38,imagenet,1,ILSVRC2012_val_00000997.JPEG,,,,-7.82740068,9.50604057
39,imagenet,1,ILSVRC2012_val_00001006.JPEG,,,,-37.60379410,10.85149860
40,imagenet,1,ILSVRC2012_val_00001033.JPEG,,,,-19.10382462,22.97743988
41,imagenet,1,ILSVRC2012_val_00001051.JPEG,,,,-30.50300980,14.55795670
42,imagenet,1,ILSVRC2012_val_00001060.JPEG,,,,-8.73017311,21.22757530
43,imagenet,1,ILSVRC2012_val_00001085.JPEG,,,,11.28765106,-19.59622765
44,imagenet,1,ILSVRC2012_val_00001095.JPEG,,,,-24.66025162,-23.81837463
45,imagenet,1,ILSVRC2012_val_00001106.JPEG,,,,28.94456673,-16.51103783
46,imagenet,1,ILSVRC2012_val_00001124.JPEG,,,,25.57424164,8.24820709
47,imagenet,1,ILSVRC2012_val_00001140.JPEG,,,,22.73255920,4.66094875
48,imagenet,1,ILSVRC2012_val_00001161.JPEG,,,,-40.77055740,-9.53505993
49,imagenet,1,ILSVRC2012_val_00001164.JPEG,,,,35.65609360,3.11484075
50,imagenet,1,ILSVRC2012_val_00001189.JPEG,,,,-26.51620674,10.39949322
51,imagenet,1,ILSVRC2012_val_00001232.JPEG,,,,34.37345505,9.83144188
52,imagenet,1,ILSVRC2012_val_00001252.JPEG,,,,45.33015442,-5.71430731
53,imagenet,1,ILSVRC2012_val_00001281.JPEG,,,,-12.73247910,-28.65668869
54,imagenet,1,ILSVRC2012_val_00001303.JPEG,,,,-46.14411545,-4.26099491
55,imagenet,1,ILSVRC2012_val_00001349.JPEG,,,,33.60666656,2.41983914
56,imagenet,1,ILSVRC2012_val_00001352.JPEG,,,,-28.48605347,15.31998444
57,imagenet,1,ILSVRC2012_val_00001355.JPEG,,,,-7.17430353,14.59438324
58,imagenet,1,ILSVRC2012_val_00001356.JPEG,,,,3.27482200,5.17001390
59,imagenet,1,ILSVRC2012_val_00001368.JPEG,,,,-32.19502640,-8.09622002
60,imagenet,1,ILSVRC2012_val_00001378.JPEG,,,,-6.00361633,34.73364639
61,imagenet,1,ILSVRC2012_val_00001396.JPEG,,,,49.88838959,-0.35245454
62,imagenet,1,ILSVRC2012_val_00001397.JPEG,,,,5.83170700,-7.55996084
63,imagenet,1,ILSVRC2012_val_00001415.JPEG,,,,-21.11569023,-15.68890381
64,imagenet,1,ILSVRC2012_val_00001418.JPEG,,,,-6.19243193,-27.80003357
65,imagenet,1,ILSVRC2012_val_00001428.JPEG,,,,16.21973038,-22.07361031
66,imagenet,1,ILSVRC2012_val_00001439.JPEG,,,,33.81741714,22.93808174
67,imagenet,1,ILSVRC2012_val_00001477.JPEG,,,,10.15032291,3.15263820
68,imagenet,1,ILSVRC2012_val_00001484.JPEG,,,,-10.39571190,9.34005070
69,imagenet,1,ILSVRC2012_val_00001495.JPEG,,,,-37.55837631,-21.42402458
70,imagenet,1,ILSVRC2012_val_00001544.JPEG,,,,18.01826477,-22.94860077
71,imagenet,1,ILSVRC2012_val_00001556.JPEG,,,,16.20137405,-21.34201622
72,imagenet,1,ILSVRC2012_val_00001639.JPEG,,,,48.66775131,3.07459831
73,imagenet,1,ILSVRC2012_val_00001689.JPEG,,,,52.61456680,5.29973745
74,imagenet,1,ILSVRC2012_val_00001695.JPEG,,,,9.79056454,-8.15347385
75,imagenet,1,ILSVRC2012_val_00001719.JPEG,,,,-36.86634827,21.93524170
76,imagenet,1,ILSVRC2012_val_00001758.JPEG,,,,0.80872399,19.03535080
77,imagenet,1,ILSVRC2012_val_00001776.JPEG,,,,-19.95508194,13.42132854
78,imagenet,1,ILSVRC2012_val_00001797.JPEG,,,,-11.74515915,-25.02397346
79,imagenet,1,ILSVRC2012_val_00001800.JPEG,,,,29.41632080,-8.23721313
80,imagenet,1,ILSVRC2012_val_00001876.JPEG,,,,8.67951870,33.84580994
81,imagenet,1,ILSVRC2012_val_00001892.JPEG,,,,42.50518036,-9.13920689
82,imagenet,1,ILSVRC2012_val_00001917.JPEG,,,,40.27462387,17.19700241
83,imagenet,1,ILSVRC2012_val_00001930.JPEG,,,,6.88481760,36.15319824
84,imagenet,1,ILSVRC2012_val_00001950.JPEG,,,,-43.41637421,-3.49206161
85,imagenet,1,ILSVRC2012_val_00001953.JPEG,,,,-2.41830993,-20.80611038
86,imagenet,1,ILSVRC2012_val_00001984.JPEG,,,,-31.33371735,2.74931836
87,imagenet,1,ILSVRC2012_val_00002025.JPEG,,,,-13.93394470,27.60633087
88,imagenet,1,ILSVRC2012_val_00002039.JPEG,,,,2.99037218,-15.18853951
89,imagenet,1,ILSVRC2012_val_00002073.JPEG,,,,39.92212677,14.40202618
90,imagenet,1,ILSVRC2012_val_00002136.JPEG,,,,-16.89830399,10.41462708
91,imagenet,1,ILSVRC2012_val_00002186.JPEG,,,,28.88985634,-16.82110405
92,imagenet,1,ILSVRC2012_val_00002200.JPEG,,,,-26.94264793,-16.25029564
93,imagenet,1,ILSVRC2012_val_00002233.JPEG,,,,32.40629196,2.35396361
94,imagenet,1,ILSVRC2012_val_00002254.JPEG,,,,-10.89460564,-28.67835236
95,imagenet,1,ILSVRC2012_val_00002260.JPEG,,,,-1.24524927,30.38439369
96,imagenet,1,ILSVRC2012_val_00002263.JPEG,,,,13.79376507,33.04825592
97,imagenet,1,ILSVRC2012_val_00002272.JPEG,,,,-16.40847206,-7.35186481
98,imagenet,1,ILSVRC2012_val_00002279.JPEG,,,,32.39231873,5.60223103
99,imagenet,1,ILSVRC2012_val_00002287.JPEG,,,,15.76245689,-15.81801510
100,imagenet,1,ILSVRC2012_val_00002293.JPEG,,,,-42.97839737,3.38957572
101,imagenet,1,ILSVRC2012_val_00002321.JPEG,,,,15.70803833,22.20267677
102,imagenet,1,ILSVRC2012_val_00002323.JPEG,,,,-20.88480949,28.64052391
103,imagenet,1,ILSVRC2012_val_00002378.JPEG,,,,34.45253754,5.41829777
104,imagenet,1,ILSVRC2012_val_00002397.JPEG,,,,19.09661102,28.75290871
105,imagenet,1,ILSVRC2012_val_00002431.JPEG,,,,-33.41973495,-18.40313530
106,imagenet,1,ILSVRC2012_val_00002455.JPEG,,,,-10.84545517,-29.15679359
107,imagenet,1,ILSVRC2012_val_00002486.JPEG,,,,-17.13165855,14.87903214
108,imagenet,1,ILSVRC2012_val_00002509.JPEG,,,,22.33929634,22.83191490
109,imagenet,1,ILSVRC2012_val_00002559.JPEG,,,,40.82505798,13.55668640
110,imagenet,1,ILSVRC2012_val_00002584.JPEG,,,,-24.19768906,-6.10792589
111,imagenet,1,ILSVRC2012_val_00002624.JPEG,,,,-10.04163265,10.45019531
112,imagenet,1,ILSVRC2012_val_00002645.JPEG,,,,-44.18978119,8.15339470
113,imagenet,1,ILSVRC2012_val_00002646.JPEG,,,,40.75314713,-8.54882336
114,imagenet,1,ILSVRC2012_val_00002660.JPEG,,,,31.33889580,-13.58658791
115,imagenet,1,ILSVRC2012_val_00002690.JPEG,,,,-36.53292084,21.10440826
116,imagenet,1,ILSVRC2012_val_00002749.JPEG,,,,-11.96484661,-6.35875654
117,imagenet,1,ILSVRC2012_val_00002759.JPEG,,,,10.10675716,36.04109573
118,imagenet,1,ILSVRC2012_val_00002762.JPEG,,,,-16.74061012,-21.98836708
119,imagenet,1,ILSVRC2012_val_00002805.JPEG,,,,-9.46164036,-9.88659573
120,imagenet,1,ILSVRC2012_val_00002811.JPEG,,,,-11.10775375,-18.03342247
121,imagenet,1,ILSVRC2012_val_00002830.JPEG,,,,34.89850998,-1.45830142
122,imagenet,1,ILSVRC2012_val_00002912.JPEG,,,,-30.54444695,-6.92532396
123,imagenet,1,ILSVRC2012_val_00002954.JPEG,,,,22.86000252,24.13330269
124,imagenet,1,ILSVRC2012_val_00002957.JPEG,,,,-40.43916321,-5.87660217
125,imagenet,1,ILSVRC2012_val_00002981.JPEG,,,,20.84776115,3.30664229
126,imagenet,1,ILSVRC2012_val_00002986.JPEG,,,,-15.65297794,-30.49506760
127,imagenet,1,ILSVRC2012_val_00002996.JPEG,,,,25.94499588,27.11237526
128,imagenet,1,ILSVRC2012_val_00003008.JPEG,,,,-4.35718870,8.89477062
129,imagenet,1,ILSVRC2012_val_00003016.JPEG,,,,18.54335785,29.88526726
130,imagenet,1,ILSVRC2012_val_00003132.JPEG,,,,-11.86769295,23.50288582
131,imagenet,1,ILSVRC2012_val_00003135.JPEG,,,,-37.36682129,-13.72332573
132,imagenet,1,ILSVRC2012_val_00003177.JPEG,,,,-10.85919952,11.83787060
133,imagenet,1,ILSVRC2012_val_00003195.JPEG,,,,-29.75363159,-14.47792149
134,imagenet,1,ILSVRC2012_val_00003220.JPEG,,,,6.55560875,-12.08460617
135,imagenet,1,ILSVRC2012_val_00003231.JPEG,,,,-37.29771805,-15.87086868
136,imagenet,1,ILSVRC2012_val_00003294.JPEG,,,,26.91785049,12.40457344
137,imagenet,1,ILSVRC2012_val_00003304.JPEG,,,,-2.74141908,34.97319031
138,imagenet,1,ILSVRC2012_val_00003309.JPEG,,,,-30.98001289,10.26377487
139,imagenet,1,ILSVRC2012_val_00003411.JPEG,,,,38.71883392,2.23411536
140,imagenet,1,ILSVRC2012_val_00003413.JPEG,,,,38.17272568,8.55370808
141,imagenet,1,ILSVRC2012_val_00003431.JPEG,,,,7.92751789,-8.05922794
142,imagenet,1,ILSVRC2012_val_00003447.JPEG,,,,-20.97577095,30.14153290
143,imagenet,1,ILSVRC2012_val_00003467.JPEG,,,,-38.39558029,-7.04345417
144,imagenet,1,ILSVRC2012_val_00003491.JPEG,,,,31.70006561,-16.20997810
145,imagenet,1,ILSVRC2012_val_00003568.JPEG,,,,-17.95484924,23.15627670
146,imagenet,1,ILSVRC2012_val_00003600.JPEG,,,,-2.08071399,12.74415588
147,imagenet,1,ILSVRC2012_val_00003603.JPEG,,,,28.87589073,2.65862846
148,imagenet,1,ILSVRC2012_val_00003619.JPEG,,,,9.34614754,35.56200027
149,imagenet,1,ILSVRC2012_val_00003653.JPEG,,,,14.87405491,24.94474411
150,imagenet,1,ILSVRC2012_val_00003657.JPEG,,,,-36.58836365,6.24290180
151,imagenet,1,ILSVRC2012_val_00003693.JPEG,,,,-17.58612823,-15.08591461
152,imagenet,1,ILSVRC2012_val_00003735.JPEG,,,,33.49955750,-1.14088523
153,imagenet,1,ILSVRC2012_val_00003736.JPEG,,,,-18.11431885,24.86566734
154,imagenet,1,ILSVRC2012_val_00003771.JPEG,,,,-6.54483604,-29.10335350
155,imagenet,1,ILSVRC2012_val_00003772.JPEG,,,,-21.74118805,-4.87539101
156,imagenet,1,ILSVRC2012_val_00003819.JPEG,,,,30.59471321,-0.21333125
157,imagenet,1,ILSVRC2012_val_00003825.JPEG,,,,32.76514435,13.67572308
158,imagenet,1,ILSVRC2012_val_00003832.JPEG,,,,-6.94932795,-18.34566307
159,imagenet,1,ILSVRC2012_val_00003895.JPEG,,,,-38.57354355,16.96532440
160,imagenet,1,ILSVRC2012_val_00003900.JPEG,,,,-22.21141434,-15.18507957
161,imagenet,1,ILSVRC2012_val_00003925.JPEG,,,,9.89069557,-10.65718842
162,imagenet,1,ILSVRC2012_val_00003928.JPEG,,,,23.41995239,22.02255249
163,imagenet,1,ILSVRC2012_val_00003933.JPEG,,,,20.70964050,-0.23783138
164,imagenet,1,ILSVRC2012_val_00003943.JPEG,,,,-14.19000912,-1.86401498
165,imagenet,1,ILSVRC2012_val_00003964.JPEG,,,,33.74536514,-6.86537600
166,imagenet,1,ILSVRC2012_val_00003990.JPEG,,,,26.75530052,-3.71007848
167,imagenet,1,ILSVRC2012_val_00004005.JPEG,,,,25.77157974,-10.88074780
168,imagenet,1,ILSVRC2012_val_00004030.JPEG,,,,-36.74865341,-13.32645130
169,imagenet,1,ILSVRC2012_val_00004072.JPEG,,,,11.76895428,22.33643532
170,imagenet,1,ILSVRC2012_val_00004093.JPEG,,,,-15.17064953,-29.28450394
171,imagenet,1,ILSVRC2012_val_00004100.JPEG,,,,-7.21495771,8.12712765
172,imagenet,1,ILSVRC2012_val_00004151.JPEG,,,,9.37279510,19.70686913
173,imagenet,1,ILSVRC2012_val_00004246.JPEG,,,,-15.89493847,10.52752209
174,imagenet,1,ILSVRC2012_val_00004259.JPEG,,,,-11.34906960,-10.32299423
175,imagenet,1,ILSVRC2012_val_00004268.JPEG,,,,-37.09829330,13.56119823
176,imagenet,1,ILSVRC2012_val_00004277.JPEG,,,,-39.47976303,9.87204838
177,imagenet,1,ILSVRC2012_val_00004294.JPEG,,,,-14.03671646,10.45468044
178,imagenet,1,ILSVRC2012_val_00004311.JPEG,,,,-4.72621250,-25.30559158
179,imagenet,1,ILSVRC2012_val_00004373.JPEG,,,,32.91186905,-4.72408390
180,imagenet,1,ILSVRC2012_val_00004381.JPEG,,,,43.64794922,0.16709158
181,imagenet,1,ILSVRC2012_val_00004404.JPEG,,,,-20.48099899,-8.96113586
182,imagenet,1,ILSVRC2012_val_00004435.JPEG,,,,-24.25384712,11.80432129
183,imagenet,1,ILSVRC2012_val_00004502.JPEG,,,,-33.39852524,7.85770893
184,imagenet,1,ILSVRC2012_val_00004621.JPEG,,,,28.94750023,-11.70896339
185,imagenet,1,ILSVRC2012_val_00004629.JPEG,,,,-13.87806225,14.86542892
186,imagenet,1,ILSVRC2012_val_00004651.JPEG,,,,2.42249036,35.40143204
187,imagenet,1,ILSVRC2012_val_00004665.JPEG,,,,19.90272713,10.99926853
188,imagenet,1,ILSVRC2012_val_00004688.JPEG,,,,36.69955444,-7.99573326
189,imagenet,1,ILSVRC2012_val_00004712.JPEG,,,,-14.09925461,-14.63191891
190,imagenet,1,ILSVRC2012_val_00004720.JPEG,,,,-10.70348263,1.74722993
191,imagenet,1,ILSVRC2012_val_00004734.JPEG,,,,-13.44141769,-4.68524742
192,imagenet,1,ILSVRC2012_val_00004771.JPEG,,,,28.70721436,7.59694099
193,imagenet,1,ILSVRC2012_val_00004796.JPEG,,,,-2.20795178,32.79179001
194,imagenet,1,ILSVRC2012_val_00004800.JPEG,,,,20.79172134,2.88291287
195,imagenet,1,ILSVRC2012_val_00004887.JPEG,,,,-29.33824730,25.94127464
196,imagenet,1,ILSVRC2012_val_00005014.JPEG,,,,-36.51646805,15.76246166
197,imagenet,1,ILSVRC2012_val_00005069.JPEG,,,,-12.47531128,-27.77730942
198,imagenet,1,ILSVRC2012_val_00005094.JPEG,,,,-14.43882561,-13.49990177
199,imagenet,1,ILSVRC2012_val_00005109.JPEG,,,,25.35140419,25.50660133
200,imagenet,1,ILSVRC2012_val_00005122.JPEG,,,,29.14929199,-5.76911402
201,imagenet,1,ILSVRC2012_val_00005134.JPEG,,,,19.63313484,-18.56200790
202,imagenet,1,ILSVRC2012_val_00005172.JPEG,,,,-35.37051773,5.17806959
203,imagenet,1,ILSVRC2012_val_00005193.JPEG,,,,-38.98077774,5.71773481
204,imagenet,1,ILSVRC2012_val_00005241.JPEG,,,,-26.38239861,-6.27942657
205,imagenet,1,ILSVRC2012_val_00005262.JPEG,,,,-25.59202003,7.30478811
206,imagenet,1,ILSVRC2012_val_00005309.JPEG,,,,-34.00426865,20.65213776
207,imagenet,1,ILSVRC2012_val_00005385.JPEG,,,,22.82342529,-8.37470341
208,imagenet,1,ILSVRC2012_val_00005433.JPEG,,,,-25.94964981,-1.32294321
209,imagenet,1,ILSVRC2012_val_00005503.JPEG,,,,-21.46539688,28.02820396
210,imagenet,1,ILSVRC2012_val_00005517.JPEG,,,,21.02085304,-8.37313652
211,imagenet,1,ILSVRC2012_val_00005561.JPEG,,,,-30.31415749,-2.78326654
212,imagenet,1,ILSVRC2012_val_00005608.JPEG,,,,15.28840733,-22.85630608
213,imagenet,1,ILSVRC2012_val_00005623.JPEG,,,,17.99356079,21.51921844
214,imagenet,1,ILSVRC2012_val_00005629.JPEG,,,,-7.84343100,36.99742889
215,imagenet,1,ILSVRC2012_val_00005667.JPEG,,,,6.51623058,-14.88258839
216,imagenet,1,ILSVRC2012_val_00005669.JPEG,,,,-12.82389736,-5.26321554
217,imagenet,1,ILSVRC2012_val_00005670.JPEG,,,,-33.64453888,-20.71838760
218,imagenet,1,ILSVRC2012_val_00005712.JPEG,,,,34.72357178,-10.66549110
219,imagenet,1,ILSVRC2012_val_00005716.JPEG,,,,40.81233597,15.12328434
220,imagenet,1,ILSVRC2012_val_00005758.JPEG,,,,-33.01241302,-3.61706972
221,imagenet,1,ILSVRC2012_val_00005851.JPEG,,,,-44.08853531,3.89100385
222,imagenet,1,ILSVRC2012_val_00005915.JPEG,,,,-21.39756966,-11.36546421
223,imagenet,1,ILSVRC2012_val_00005944.JPEG,,,,-24.94665337,8.01164246
224,imagenet,1,ILSVRC2012_val_00005960.JPEG,,,,26.82895851,-21.52857399
225,imagenet,1,ILSVRC2012_val_00005986.JPEG,,,,49.00453568,1.00753582
226,imagenet,1,ILSVRC2012_val_00005992.JPEG,,,,-10.47306252,-7.60155201
227,imagenet,1,ILSVRC2012_val_00006005.JPEG,,,,30.54258347,3.02595472
228,imagenet,1,ILSVRC2012_val_00006078.JPEG,,,,14.99180984,6.63237381
229,imagenet,1,ILSVRC2012_val_00006135.JPEG,,,,-14.72638130,29.73078537
230,imagenet,1,ILSVRC2012_val_00006137.JPEG,,,,26.13023376,15.96974754
231,imagenet,1,ILSVRC2012_val_00006144.JPEG,,,,29.49009323,-8.38322353
232,imagenet,1,ILSVRC2012_val_00006183.JPEG,,,,-17.33595276,7.39222336
233,imagenet,1,ILSVRC2012_val_00006216.JPEG,,,,19.54373741,10.93663883
234,imagenet,1,ILSVRC2012_val_00006242.JPEG,,,,8.12648582,5.85465908
235,imagenet,1,ILSVRC2012_val_00006280.JPEG,,,,-15.90156555,-22.12787628
236,imagenet,1,ILSVRC2012_val_00006324.JPEG,,,,34.32804489,-19.60665321
237,imagenet,1,ILSVRC2012_val_00006344.JPEG,,,,-2.68467641,-2.87600636
238,imagenet,1,ILSVRC2012_val_00006362.JPEG,,,,-30.82653236,9.27967834
239,imagenet,1,ILSVRC2012_val_00006385.JPEG,,,,21.99601746,20.36334419
240,imagenet,1,ILSVRC2012_val_00006390.JPEG,,,,45.90605545,5.00898075
241,imagenet,1,ILSVRC2012_val_00006398.JPEG,,,,-8.43433952,-4.35141420
242,imagenet,1,ILSVRC2012_val_00006406.JPEG,,,,-13.39611816,29.62873840
243,imagenet,1,ILSVRC2012_val_00006434.JPEG,,,,-38.57944489,19.20250511
244,imagenet,1,ILSVRC2012_val_00006450.JPEG,,,,0.31110263,-22.41031647
245,imagenet,1,ILSVRC2012_val_00006454.JPEG,,,,20.61041832,14.63279915
246,imagenet,1,ILSVRC2012_val_00006455.JPEG,,,,22.14337730,-23.19922066
247,imagenet,1,ILSVRC2012_val_00006475.JPEG,,,,-25.52572823,-14.81622314
248,imagenet,1,ILSVRC2012_val_00006476.JPEG,,,,32.60096359,-5.33008814
249,imagenet,1,ILSVRC2012_val_00006493.JPEG,,,,41.20653534,8.03944969
250,imagenet,1,ILSVRC2012_val_00006514.JPEG,,,,-13.36634159,10.03876972
251,imagenet,1,ILSVRC2012_val_00006575.JPEG,,,,-22.15222359,20.78189850
252,imagenet,1,ILSVRC2012_val_00006584.JPEG,,,,31.41058159,-11.42237949
253,imagenet,1,ILSVRC2012_val_00006599.JPEG,,,,-41.11122894,-8.00184441
254,imagenet,1,ILSVRC2012_val_00006618.JPEG,,,,41.68382645,-2.43926382
255,imagenet,1,ILSVRC2012_val_00006623.JPEG,,,,-1.30027092,-6.08417559
256,imagenet,1,ILSVRC2012_val_00006631.JPEG,,,,16.58373070,-23.76578140
257,imagenet,1,ILSVRC2012_val_00006637.JPEG,,,,4.06596994,-21.95000076
258,imagenet,1,ILSVRC2012_val_00006641.JPEG,,,,-45.40230942,3.86289310
259,imagenet,1,ILSVRC2012_val_00006651.JPEG,,,,-36.39225769,-3.78983903
260,imagenet,1,ILSVRC2012_val_00006668.JPEG,,,,-25.31781769,11.01430035
261,imagenet,1,ILSVRC2012_val_00006758.JPEG,,,,28.34388733,4.62142134
262,imagenet,1,ILSVRC2012_val_00006860.JPEG,,,,-7.29010057,17.36958694
263,imagenet,1,ILSVRC2012_val_00006899.JPEG,,,,-38.79716492,3.29757094
264,imagenet,1,ILSVRC2012_val_00006956.JPEG,,,,-37.57686996,1.51988101
265,imagenet,1,ILSVRC2012_val_00006965.JPEG,,,,22.68757820,17.44338036
266,imagenet,1,ILSVRC2012_val_00006977.JPEG,,,,37.29804230,-7.60894394
267,imagenet,1,ILSVRC2012_val_00006981.JPEG,,,,40.29846573,12.72152233
268,imagenet,1,ILSVRC2012_val_00007007.JPEG,,,,-14.19796085,5.21413422
269,imagenet,1,ILSVRC2012_val_00007013.JPEG,,,,0.32242873,32.82104492
270,imagenet,1,ILSVRC2012_val_00007019.JPEG,,,,-1.54012120,0.40997645
271,imagenet,1,ILSVRC2012_val_00007027.JPEG,,,,-14.26303482,-7.34904623
272,imagenet,1,ILSVRC2012_val_00007070.JPEG,,,,42.43443680,-4.75274372
273,imagenet,1,ILSVRC2012_val_00007075.JPEG,,,,4.59783745,11.15739441
274,imagenet,1,ILSVRC2012_val_00007087.JPEG,,,,10.91246033,32.90093231
275,imagenet,1,ILSVRC2012_val_00007092.JPEG,,,,-33.53978729,0.79124284
276,imagenet,1,ILSVRC2012_val_00007127.JPEG,,,,-36.67142868,-21.98676109
277,imagenet,1,ILSVRC2012_val_00007168.JPEG,,,,-30.85815430,-14.33027363
278,imagenet,1,ILSVRC2012_val_00007195.JPEG,,,,54.14119339,0.70227182
279,imagenet,1,ILSVRC2012_val_00007209.JPEG,,,,-0.77052581,11.96253204
280,imagenet,1,ILSVRC2012_val_00007264.JPEG,,,,-34.52795410,-9.07671165
281,imagenet,1,ILSVRC2012_val_00007265.JPEG,,,,21.66891861,22.30253792
282,imagenet,1,ILSVRC2012_val_00007293.JPEG,,,,10.24499416,-23.45213890
283,imagenet,1,ILSVRC2012_val_00007298.JPEG,,,,-2.07013106,35.85002518
284,imagenet,1,ILSVRC2012_val_00007326.JPEG,,,,48.69470978,-3.33460140
285,imagenet,1,ILSVRC2012_val_00007348.JPEG,,,,12.13467216,35.71693802
286,imagenet,1,ILSVRC2012_val_00007372.JPEG,,,,10.84407616,-22.23927116
287,imagenet,1,ILSVRC2012_val_00007461.JPEG,,,,24.06795120,-6.14963770
288,imagenet,1,ILSVRC2012_val_00007472.JPEG,,,,-46.92457581,-1.75601447
289,imagenet,1,ILSVRC2012_val_00007478.JPEG,,,,-35.66318130,5.10152674
290,imagenet,1,ILSVRC2012_val_00007495.JPEG,,,,-21.82361221,-18.57944679
291,imagenet,1,ILSVRC2012_val_00007540.JPEG,,,,23.45644188,-5.72085714
292,imagenet,1,ILSVRC2012_val_00007601.JPEG,,,,4.86627054,9.86757374
293,imagenet,1,ILSVRC2012_val_00007622.JPEG,,,,-32.39370728,-22.10383987
294,imagenet,1,ILSVRC2012_val_00007650.JPEG,,,,40.31530762,-9.80937576
295,imagenet,1,ILSVRC2012_val_00007696.JPEG,,,,6.51243639,1.86289668
296,imagenet,1,ILSVRC2012_val_00007711.JPEG,,,,44.32765198,2.19331241
297,imagenet,1,ILSVRC2012_val_00007718.JPEG,,,,-11.83025742,-14.50516987
298,imagenet,1,ILSVRC2012_val_00007719.JPEG,,,,-31.54655266,14.49955654
299,imagenet,1,ILSVRC2012_val_00007726.JPEG,,,,-7.48309898,30.47466850
300,imagenet,1,ILSVRC2012_val_00007773.JPEG,,,,-15.92138767,3.13856435
301,imagenet,1,ILSVRC2012_val_00007775.JPEG,,,,-11.54337120,-20.49920654
302,imagenet,1,ILSVRC2012_val_00007792.JPEG,,,,31.22061729,13.80466366
303,imagenet,1,ILSVRC2012_val_00007842.JPEG,,,,3.30858350,6.00114202
304,imagenet,1,ILSVRC2012_val_00007856.JPEG,,,,-48.08137512,-4.31049585
305,imagenet,1,ILSVRC2012_val_00007862.JPEG,,,,-34.65964508,-2.48721099
306,imagenet,1,ILSVRC2012_val_00007872.JPEG,,,,29.93474197,16.91734695
307,imagenet,1,ILSVRC2012_val_00007882.JPEG,,,,47.36631393,4.18232203
308,imagenet,1,ILSVRC2012_val_00007887.JPEG,,,,-3.05724525,34.03919983
309,imagenet,1,ILSVRC2012_val_00007922.JPEG,,,,3.11708260,-60.42304611
310,imagenet,1,ILSVRC2012_val_00007931.JPEG,,,,-16.56598091,3.51298451
311,imagenet,1,ILSVRC2012_val_00008036.JPEG,,,,-42.81029892,-3.94823313
312,imagenet,1,ILSVRC2012_val_00008100.JPEG,,,,0.68259555,10.09644318
313,imagenet,1,ILSVRC2012_val_00008120.JPEG,,,,32.42706680,-2.18653393
314,imagenet,1,ILSVRC2012_val_00008188.JPEG,,,,24.42470360,-8.93833065
315,imagenet,1,ILSVRC2012_val_00008193.JPEG,,,,51.64350128,7.41568899
316,imagenet,1,ILSVRC2012_val_00008233.JPEG,,,,11.39737415,-11.28772545
317,imagenet,1,ILSVRC2012_val_00008234.JPEG,,,,-20.93679619,-1.33812797
318,imagenet,1,ILSVRC2012_val_00008237.JPEG,,,,-18.50619125,-13.89495373
319,imagenet,1,ILSVRC2012_val_00008293.JPEG,,,,-18.94825554,-0.08542744
320,imagenet,1,ILSVRC2012_val_00008304.JPEG,,,,-4.42914820,38.13180923
321,imagenet,1,ILSVRC2012_val_00008363.JPEG,,,,31.71366692,7.26443577
322,imagenet,1,ILSVRC2012_val_00008369.JPEG,,,,-29.88003159,19.24592209
323,imagenet,1,ILSVRC2012_val_00008429.JPEG,,,,44.73802948,-10.24641037
324,imagenet,1,ILSVRC2012_val_00008446.JPEG,,,,-10.64594460,28.70926666
325,imagenet,1,ILSVRC2012_val_00008470.JPEG,,,,-25.53843307,-16.46186066
326,imagenet,1,ILSVRC2012_val_00008538.JPEG,,,,11.99167156,0.60031360
327,imagenet,1,ILSVRC2012_val_00008544.JPEG,,,,-33.74423218,-14.14120770
328,imagenet,1,ILSVRC2012_val_00008562.JPEG,,,,14.58370781,-1.79853284
329,imagenet,1,ILSVRC2012_val_00008568.JPEG,,,,1.29065573,33.49852753
330,imagenet,1,ILSVRC2012_val_00008577.JPEG,,,,42.11756897,-4.08621740
331,imagenet,1,ILSVRC2012_val_00008578.JPEG,,,,-8.21485901,-27.93774986
332,imagenet,1,ILSVRC2012_val_00008603.JPEG,,,,-5.04549026,-22.87301254
333,imagenet,1,ILSVRC2012_val_00008604.JPEG,,,,-37.52489853,21.49290848
334,imagenet,1,ILSVRC2012_val_00008657.JPEG,,,,-24.71003532,1.27077937
335,imagenet,1,ILSVRC2012_val_00008698.JPEG,,,,-10.13451672,-7.72827196
336,imagenet,1,ILSVRC2012_val_00008718.JPEG,,,,-6.61287022,23.27422333
337,imagenet,1,ILSVRC2012_val_00008768.JPEG,,,,8.80794430,29.60894394
338,imagenet,1,ILSVRC2012_val_00008777.JPEG,,,,-1.81320345,-6.28944635
339,imagenet,1,ILSVRC2012_val_00008787.JPEG,,,,-35.40550232,22.14758110
340,imagenet,1,ILSVRC2012_val_00008795.JPEG,,,,19.02695656,-11.02630138
341,imagenet,1,ILSVRC2012_val_00008810.JPEG,,,,-34.19075775,14.27528572
342,imagenet,1,ILSVRC2012_val_00008819.JPEG,,,,-11.94840336,5.81594276
343,imagenet,1,ILSVRC2012_val_00008922.JPEG,,,,-31.88763046,19.72876167
344,imagenet,1,ILSVRC2012_val_00008935.JPEG,,,,-30.10717201,18.22438812
345,imagenet,1,ILSVRC2012_val_00008968.JPEG,,,,5.92939377,2.40961719
346,imagenet,1,ILSVRC2012_val_00009041.JPEG,,,,-21.02998734,10.61493397
347,imagenet,1,ILSVRC2012_val_00009061.JPEG,,,,34.48022842,2.06109715
348,imagenet,1,ILSVRC2012_val_00009089.JPEG,,,,28.19579506,-19.01719093
349,imagenet,1,ILSVRC2012_val_00009091.JPEG,,,,-19.07914543,24.91636658
350,imagenet,1,ILSVRC2012_val_00009108.JPEG,,,,-9.59273243,4.25830698
351,imagenet,1,ILSVRC2012_val_00009111.JPEG,,,,12.41464233,12.46850300
352,imagenet,1,ILSVRC2012_val_00009121.JPEG,,,,-23.92992592,-3.63045859
353,imagenet,1,ILSVRC2012_val_00009141.JPEG,,,,28.63615799,-21.59200668
354,imagenet,1,ILSVRC2012_val_00009175.JPEG,,,,-22.82964897,26.69407845
355,imagenet,1,ILSVRC2012_val_00009190.JPEG,,,,30.04550362,2.26640916
356,imagenet,1,ILSVRC2012_val_00009209.JPEG,,,,-6.91332054,-0.51716924
357,imagenet,1,ILSVRC2012_val_00009217.JPEG,,,,28.31286621,4.55270052
358,imagenet,1,ILSVRC2012_val_00009270.JPEG,,,,-0.53602493,19.52390480
359,imagenet,1,ILSVRC2012_val_00009286.JPEG,,,,4.28479147,-21.90333557
360,imagenet,1,ILSVRC2012_val_00009294.JPEG,,,,-16.33921814,-7.19589853
361,imagenet,1,ILSVRC2012_val_00009297.JPEG,,,,-34.29549026,-7.61480474
362,imagenet,1,ILSVRC2012_val_00009312.JPEG,,,,6.42561579,21.14462090
363,imagenet,1,ILSVRC2012_val_00009367.JPEG,,,,23.31419945,-22.11606979
364,imagenet,1,ILSVRC2012_val_00009369.JPEG,,,,-35.07217407,13.04453945
365,imagenet,1,ILSVRC2012_val_00009487.JPEG,,,,-14.34037113,-15.91793346
366,imagenet,1,ILSVRC2012_val_00009550.JPEG,,,,39.28816223,3.81325746
367,imagenet,1,ILSVRC2012_val_00009610.JPEG,,,,10.20015240,-9.07215500
368,imagenet,1,ILSVRC2012_val_00009637.JPEG,,,,28.04860878,-16.98572350
369,imagenet,1,ILSVRC2012_val_00009638.JPEG,,,,-12.78888035,17.75327492
370,imagenet,1,ILSVRC2012_val_00009657.JPEG,,,,26.10542870,-19.73151779
371,imagenet,1,ILSVRC2012_val_00009671.JPEG,,,,-40.54539490,-3.90108275
372,imagenet,1,ILSVRC2012_val_00009708.JPEG,,,,-30.99773598,1.46231818
373,imagenet,1,ILSVRC2012_val_00009745.JPEG,,,,-5.52771902,-23.34675217
374,imagenet,1,ILSVRC2012_val_00009758.JPEG,,,,-8.32318687,33.56782150
375,imagenet,1,ILSVRC2012_val_00009789.JPEG,,,,39.32298279,-1.58763957
376,imagenet,1,ILSVRC2012_val_00009816.JPEG,,,,-15.04819679,-6.29472446
377,imagenet,1,ILSVRC2012_val_00009850.JPEG,,,,-45.39561844,-3.82742190
378,imagenet,1,ILSVRC2012_val_00009895.JPEG,,,,46.45318604,7.39730167
379,imagenet,1,ILSVRC2012_val_00009897.JPEG,,,,11.98818874,35.87994385
380,imagenet,1,ILSVRC2012_val_00009928.JPEG,,,,-9.72373104,10.52440739
381,imagenet,1,ILSVRC2012_val_00009932.JPEG,,,,-19.66306305,6.77957201
382,imagenet,1,ILSVRC2012_val_00009947.JPEG,,,,-14.02663231,4.85655212
383,imagenet,1,ILSVRC2012_val_00009974.JPEG,,,,48.67191696,7.41411829
384,imagenet,1,ILSVRC2012_val_00010026.JPEG,,,,10.54668045,22.20013618
385,imagenet,1,ILSVRC2012_val_00010040.JPEG,,,,-37.47269058,-8.04695225
386,imagenet,1,ILSVRC2012_val_00010101.JPEG,,,,36.15167618,14.41106129
387,imagenet,1,ILSVRC2012_val_00010123.JPEG,,,,7.10832405,11.16039276
388,imagenet,1,ILSVRC2012_val_00010196.JPEG,,,,-11.79326630,14.62816143
389,imagenet,1,ILSVRC2012_val_00010248.JPEG,,,,12.33380985,2.49634933
390,imagenet,1,ILSVRC2012_val_00010314.JPEG,,,,33.44802856,24.59478188
391,imagenet,1,ILSVRC2012_val_00010338.JPEG,,,,44.95076370,15.24327946
392,imagenet,1,ILSVRC2012_val_00010350.JPEG,,,,3.66446543,-14.96495819
393,imagenet,1,ILSVRC2012_val_00010351.JPEG,,,,29.78547478,-13.00829315
394,imagenet,1,ILSVRC2012_val_00010371.JPEG,,,,-47.09973907,-2.77138019
395,imagenet,1,ILSVRC2012_val_00010374.JPEG,,,,45.68416977,7.33241224
396,imagenet,1,ILSVRC2012_val_00010419.JPEG,,,,34.09409332,3.32707047
397,imagenet,1,ILSVRC2012_val_00010429.JPEG,,,,19.24685478,10.95200539
398,imagenet,1,ILSVRC2012_val_00010471.JPEG,,,,31.67287827,19.19014168
399,imagenet,1,ILSVRC2012_val_00010528.JPEG,,,,31.64170837,15.27101898
400,imagenet,1,ILSVRC2012_val_00010547.JPEG,,,,29.62126732,-4.31120014
401,imagenet,1,ILSVRC2012_val_00010549.JPEG,,,,37.03915787,-7.07866907
402,imagenet,1,ILSVRC2012_val_00010564.JPEG,,,,-1.54672313,34.80569458
403,imagenet,1,ILSVRC2012_val_00010593.JPEG,,,,-20.06777382,16.23317528
404,imagenet,1,ILSVRC2012_val_00010659.JPEG,,,,-28.00172806,20.67940521
405,imagenet,1,ILSVRC2012_val_00010726.JPEG,,,,-33.83514404,5.17052460
406,imagenet,1,ILSVRC2012_val_00010739.JPEG,,,,14.30324841,-22.12324524
407,imagenet,1,ILSVRC2012_val_00010749.JPEG,,,,28.98195267,0.83845645
408,imagenet,1,ILSVRC2012_val_00010766.JPEG,,,,-11.48671150,31.67440414
409,imagenet,1,ILSVRC2012_val_00010810.JPEG,,,,20.65012550,-10.88226604
410,imagenet,1,ILSVRC2012_val_00010812.JPEG,,,,-42.67710114,-4.18909979
411,imagenet,1,ILSVRC2012_val_00010833.JPEG,,,,12.10440063,1.35365379
412,imagenet,1,ILSVRC2012_val_00010844.JPEG,,,,-29.68804550,-6.21454668
413,imagenet,1,ILSVRC2012_val_00010845.JPEG,,,,23.25451469,-17.94613838
414,imagenet,1,ILSVRC2012_val_00010847.JPEG,,,,-44.53792953,-10.26348686
415,imagenet,1,ILSVRC2012_val_00010851.JPEG,,,,17.25369072,-11.59983349
416,imagenet,1,ILSVRC2012_val_00010861.JPEG,,,,10.38338089,22.78244400
417,imagenet,1,ILSVRC2012_val_00010874.JPEG,,,,-29.36377907,20.30603600
418,imagenet,1,ILSVRC2012_val_00010895.JPEG,,,,10.77805710,35.10385513
419,imagenet,1,ILSVRC2012_val_00010920.JPEG,,,,32.47940445,15.61693001
420,imagenet,1,ILSVRC2012_val_00011004.JPEG,,,,26.89760399,-0.63521123
421,imagenet,1,ILSVRC2012_val_00011009.JPEG,,,,-9.22894859,13.77564430
422,imagenet,1,ILSVRC2012_val_00011025.JPEG,,,,-20.87815666,5.74090242
423,imagenet,1,ILSVRC2012_val_00011043.JPEG,,,,29.90925598,8.79864216
424,imagenet,1,ILSVRC2012_val_00011057.JPEG,,,,29.82557487,17.43189430
425,imagenet,1,ILSVRC2012_val_00011080.JPEG,,,,-4.28799200,37.79892349
426,imagenet,1,ILSVRC2012_val_00011122.JPEG,,,,28.92752838,24.39113617
427,imagenet,1,ILSVRC2012_val_00011150.JPEG,,,,-16.17498398,11.52775288
428,imagenet,1,ILSVRC2012_val_00011179.JPEG,,,,-16.44585419,29.34227371
429,imagenet,1,ILSVRC2012_val_00011192.JPEG,,,,-19.12782860,-22.08955383
430,imagenet,1,ILSVRC2012_val_00011204.JPEG,,,,-36.12191010,-5.16976929
431,imagenet,1,ILSVRC2012_val_00011243.JPEG,,,,14.36842251,-7.15744925
432,imagenet,1,ILSVRC2012_val_00011281.JPEG,,,,-23.77204132,25.49615860
433,imagenet,1,ILSVRC2012_val_00011310.JPEG,,,,35.40915298,-11.62221241
434,imagenet,1,ILSVRC2012_val_00011315.JPEG,,,,29.23548126,16.88455200
435,imagenet,1,ILSVRC2012_val_00011322.JPEG,,,,18.50902748,-19.94509315
436,imagenet,1,ILSVRC2012_val_00011399.JPEG,,,,5.65264130,12.99236584
437,imagenet,1,ILSVRC2012_val_00011401.JPEG,,,,-24.17832375,14.11558723
438,imagenet,1,ILSVRC2012_val_00011462.JPEG,,,,-30.46914864,-2.62534142
439,imagenet,1,ILSVRC2012_val_00011483.JPEG,,,,23.54970360,22.49578667
440,imagenet,1,ILSVRC2012_val_00011499.JPEG,,,,16.08523369,-22.58939934
441,imagenet,1,ILSVRC2012_val_00011526.JPEG,,,,-10.43348122,24.98657417
442,imagenet,1,ILSVRC2012_val_00011557.JPEG,,,,-34.04031372,15.48530483
443,imagenet,1,ILSVRC2012_val_00011565.JPEG,,,,-22.28976250,-24.97515869
444,imagenet,1,ILSVRC2012_val_00011566.JPEG,,,,43.48343658,-3.82295585
445,imagenet,1,ILSVRC2012_val_00011626.JPEG,,,,33.46511459,17.25686073
446,imagenet,1,ILSVRC2012_val_00011647.JPEG,,,,-38.53237915,-7.08318663
447,imagenet,1,ILSVRC2012_val_00011686.JPEG,,,,29.72048950,19.55062485
448,imagenet,1,ILSVRC2012_val_00011730.JPEG,,,,18.49438095,18.87221336
449,imagenet,1,ILSVRC2012_val_00011752.JPEG,,,,5.77865410,8.12648487
450,imagenet,1,ILSVRC2012_val_00011769.JPEG,,,,17.29401970,-8.78884697
451,imagenet,1,ILSVRC2012_val_00011779.JPEG,,,,28.63399696,-2.03548193
452,imagenet,1,ILSVRC2012_val_00011797.JPEG,,,,-44.28298187,-9.53683281
453,imagenet,1,ILSVRC2012_val_00011862.JPEG,,,,-28.03440285,5.08856344
454,imagenet,1,ILSVRC2012_val_00011870.JPEG,,,,25.11163139,-12.41733742
455,imagenet,1,ILSVRC2012_val_00011884.JPEG,,,,-9.50095749,18.90660095
456,imagenet,1,ILSVRC2012_val_00011894.JPEG,,,,-3.54484177,-18.82497978
457,imagenet,1,ILSVRC2012_val_00011904.JPEG,,,,-7.90061665,16.31287384
458,imagenet,1,ILSVRC2012_val_00011905.JPEG,,,,28.15324974,13.56910992
459,imagenet,1,ILSVRC2012_val_00011947.JPEG,,,,5.71196175,-9.20600414
460,imagenet,1,ILSVRC2012_val_00011956.JPEG,,,,-39.06603241,-6.13795614
461,imagenet,1,ILSVRC2012_val_00012013.JPEG,,,,-29.20956993,15.04086304
462,imagenet,1,ILSVRC2012_val_00012018.JPEG,,,,33.01459122,14.34145069
463,imagenet,1,ILSVRC2012_val_00012077.JPEG,,,,22.71848488,-26.84412193
464,imagenet,1,ILSVRC2012_val_00012108.JPEG,,,,-41.62588882,15.96469688
465,imagenet,1,ILSVRC2012_val_00012148.JPEG,,,,50.73807526,0.72394663
466,imagenet,1,ILSVRC2012_val_00012150.JPEG,,,,26.03963089,-19.29032516
467,imagenet,1,ILSVRC2012_val_00012238.JPEG,,,,-37.36642075,-6.43883610
468,imagenet,1,ILSVRC2012_val_00012241.JPEG,,,,15.50440121,17.32741356
469,imagenet,1,ILSVRC2012_val_00012245.JPEG,,,,28.75840378,27.01930046
470,imagenet,1,ILSVRC2012_val_00012266.JPEG,,,,7.10738897,-15.01634789
471,imagenet,1,ILSVRC2012_val_00012270.JPEG,,,,-44.03544998,8.19075584
472,imagenet,1,ILSVRC2012_val_00012315.JPEG,,,,-18.57274055,13.01980782
473,imagenet,1,ILSVRC2012_val_00012349.JPEG,,,,3.99015069,-24.77575493
474,imagenet,1,ILSVRC2012_val_00012355.JPEG,,,,-35.88381577,-11.06348991
475,imagenet,1,ILSVRC2012_val_00012366.JPEG,,,,-42.02895355,-8.14329910
476,imagenet,1,ILSVRC2012_val_00012374.JPEG,,,,-15.44602489,-13.99905205
477,imagenet,1,ILSVRC2012_val_00012375.JPEG,,,,-11.92294025,-26.34223747
478,imagenet,1,ILSVRC2012_val_00012469.JPEG,,,,-36.44525528,9.01431274
479,imagenet,1,ILSVRC2012_val_00012492.JPEG,,,,14.84605503,31.83043861
480,imagenet,1,ILSVRC2012_val_00012513.JPEG,,,,-7.17504263,-19.86885643
481,imagenet,1,ILSVRC2012_val_00012601.JPEG,,,,-27.38020706,-10.55087852
482,imagenet,1,ILSVRC2012_val_00012604.JPEG,,,,37.61339569,-15.33436584
483,imagenet,1,ILSVRC2012_val_00012607.JPEG,,,,-25.37943459,30.21420479
484,imagenet,1,ILSVRC2012_val_00012659.JPEG,,,,-20.42271423,-11.72922134
485,imagenet,1,ILSVRC2012_val_00012661.JPEG,,,,-12.47826958,-14.51201534
486,imagenet,1,ILSVRC2012_val_00012663.JPEG,,,,40.33398438,10.21857357
487,imagenet,1,ILSVRC2012_val_00012703.JPEG,,,,-1.43406272,-4.97137547
488,imagenet,1,ILSVRC2012_val_00012721.JPEG,,,,-9.17040920,9.52679825
489,imagenet,1,ILSVRC2012_val_00012742.JPEG,,,,-12.77960968,-1.44103289
490,imagenet,1,ILSVRC2012_val_00012754.JPEG,,,,-24.76224136,20.58865356
491,imagenet,1,ILSVRC2012_val_00012794.JPEG,,,,39.36422729,-10.80649757
492,imagenet,1,ILSVRC2012_val_00012800.JPEG,,,,-26.46197701,11.24278164
493,imagenet,1,ILSVRC2012_val_00012825.JPEG,,,,-21.16197777,17.30080414
494,imagenet,1,ILSVRC2012_val_00012867.JPEG,,,,47.35143280,5.05123425
495,imagenet,1,ILSVRC2012_val_00012869.JPEG,,,,-35.23518372,18.79016304
496,imagenet,1,ILSVRC2012_val_00012954.JPEG,,,,2.09615898,20.18441391
497,imagenet,1,ILSVRC2012_val_00012981.JPEG,,,,-18.78180313,-22.74835014
498,imagenet,1,ILSVRC2012_val_00012996.JPEG,,,,46.39239120,2.03483295
499,imagenet,1,ILSVRC2012_val_00013000.JPEG,,,,-34.78804779,2.37635183
500,imagenet,1,ILSVRC2012_val_00013025.JPEG,,,,8.35097504,-24.30980873
501,imagenet,1,ILSVRC2012_val_00013071.JPEG,,,,5.84955931,20.92005157
502,imagenet,1,ILSVRC2012_val_00013149.JPEG,,,,-18.50953865,-9.44927597
503,imagenet,1,ILSVRC2012_val_00013157.JPEG,,,,2.61950517,-27.35461617
504,imagenet,1,ILSVRC2012_val_00013164.JPEG,,,,24.61514091,22.26881409
505,imagenet,1,ILSVRC2012_val_00013204.JPEG,,,,12.37459087,17.62957382
506,imagenet,1,ILSVRC2012_val_00013242.JPEG,,,,40.45468140,-2.87349963
507,imagenet,1,ILSVRC2012_val_00013249.JPEG,,,,51.89922333,5.96968269
508,imagenet,1,ILSVRC2012_val_00013293.JPEG,,,,-19.45480156,-24.07450294
509,imagenet,1,ILSVRC2012_val_00013301.JPEG,,,,52.61235428,-0.08410335
510,imagenet,1,ILSVRC2012_val_00013305.JPEG,,,,-2.38251281,34.71109390
511,imagenet,1,ILSVRC2012_val_00013322.JPEG,,,,-19.51496696,14.01678562
512,imagenet,1,ILSVRC2012_val_00013369.JPEG,,,,-14.40479755,12.25034904
513,imagenet,1,ILSVRC2012_val_00013379.JPEG,,,,-5.96004295,21.85772133
514,imagenet,1,ILSVRC2012_val_00013385.JPEG,,,,4.65648746,-14.86494923
515,imagenet,1,ILSVRC2012_val_00013421.JPEG,,,,-36.39983749,-15.93651104
516,imagenet,1,ILSVRC2012_val_00013444.JPEG,,,,-40.19395065,9.47961712
517,imagenet,1,ILSVRC2012_val_00013450.JPEG,,,,5.61889839,19.07238960
518,imagenet,1,ILSVRC2012_val_00013474.JPEG,,,,-15.00906467,16.37015343
519,imagenet,1,ILSVRC2012_val_00013494.JPEG,,,,-9.87802696,25.52496338
520,imagenet,1,ILSVRC2012_val_00013509.JPEG,,,,-31.95723343,-19.21860886
521,imagenet,1,ILSVRC2012_val_00013512.JPEG,,,,45.99842834,2.57946634
522,imagenet,1,ILSVRC2012_val_00013554.JPEG,,,,48.59178162,8.72133446
523,imagenet,1,ILSVRC2012_val_00013579.JPEG,,,,1.71065199,20.92872429
524,imagenet,1,ILSVRC2012_val_00013581.JPEG,,,,41.34577942,0.64795691
525,imagenet,1,ILSVRC2012_val_00013588.JPEG,,,,8.88893604,19.76293755
526,imagenet,1,ILSVRC2012_val_00013624.JPEG,,,,47.55375290,7.34164381
527,imagenet,1,ILSVRC2012_val_00013670.JPEG,,,,-38.19079590,-17.57922935
528,imagenet,1,ILSVRC2012_val_00013676.JPEG,,,,-41.04907990,1.93541360
529,imagenet,1,ILSVRC2012_val_00013682.JPEG,,,,6.63411427,-9.25232315
530,imagenet,1,ILSVRC2012_val_00013698.JPEG,,,,-15.83304882,8.99984741
531,imagenet,1,ILSVRC2012_val_00013709.JPEG,,,,40.00441360,4.33910418
532,imagenet,1,ILSVRC2012_val_00013717.JPEG,,,,41.29677200,13.88301563
533,imagenet,1,ILSVRC2012_val_00013767.JPEG,,,,6.58572912,-15.75494957
534,imagenet,1,ILSVRC2012_val_00013808.JPEG,,,,29.34183693,-9.33064842
535,imagenet,1,ILSVRC2012_val_00013810.JPEG,,,,3.50351119,-7.94548988
536,imagenet,1,ILSVRC2012_val_00013826.JPEG,,,,16.15773010,-10.02294159
537,imagenet,1,ILSVRC2012_val_00013833.JPEG,,,,46.22568130,16.75163841
538,imagenet,1,ILSVRC2012_val_00013844.JPEG,,,,-35.63152313,-9.50519753
539,imagenet,1,ILSVRC2012_val_00013873.JPEG,,,,20.67853737,16.40853310
540,imagenet,1,ILSVRC2012_val_00013877.JPEG,,,,-37.50825500,-0.68581933
541,imagenet,1,ILSVRC2012_val_00013883.JPEG,,,,3.84806752,11.19854069
542,imagenet,1,ILSVRC2012_val_00013896.JPEG,,,,22.34806252,-11.22323036
543,imagenet,1,ILSVRC2012_val_00013898.JPEG,,,,26.28573990,-0.90785515
544,imagenet,1,ILSVRC2012_val_00013907.JPEG,,,,49.07052612,3.67480469
545,imagenet,1,ILSVRC2012_val_00013922.JPEG,,,,13.74660492,-6.48344612
546,imagenet,1,ILSVRC2012_val_00013935.JPEG,,,,-14.83187771,32.55482101
547,imagenet,1,ILSVRC2012_val_00013936.JPEG,,,,-16.79672050,4.00438643
548,imagenet,1,ILSVRC2012_val_00013949.JPEG,,,,-24.99503136,-15.85843372
549,imagenet,1,ILSVRC2012_val_00013963.JPEG,,,,46.91981888,0.53957349
550,imagenet,1,ILSVRC2012_val_00013974.JPEG,,,,-35.49008942,13.93580723
551,imagenet,1,ILSVRC2012_val_00013993.JPEG,,,,-10.62162781,12.48081779
552,imagenet,1,ILSVRC2012_val_00014003.JPEG,,,,-46.80846405,-3.32136941
553,imagenet,1,ILSVRC2012_val_00014008.JPEG,,,,34.11477280,15.12330437
554,imagenet,1,ILSVRC2012_val_00014026.JPEG,,,,29.32672501,-2.00358415
555,imagenet,1,ILSVRC2012_val_00014052.JPEG,,,,31.10594940,17.21439171
556,imagenet,1,ILSVRC2012_val_00014061.JPEG,,,,42.34488297,9.21608639
557,imagenet,1,ILSVRC2012_val_00014163.JPEG,,,,31.49950790,25.52256203
558,imagenet,1,ILSVRC2012_val_00014182.JPEG,,,,21.73532104,-21.08657265
559,imagenet,1,ILSVRC2012_val_00014190.JPEG,,,,-39.63212967,20.44020271
560,imagenet,1,ILSVRC2012_val_00014202.JPEG,,,,21.13752365,-4.99559975
561,imagenet,1,ILSVRC2012_val_00014265.JPEG,,,,-5.78805733,-30.25482941
562,imagenet,1,ILSVRC2012_val_00014307.JPEG,,,,-32.50396729,22.28668022
563,imagenet,1,ILSVRC2012_val_00014314.JPEG,,,,46.45914841,11.33590889
564,imagenet,1,ILSVRC2012_val_00014327.JPEG,,,,28.99518204,20.15301323
565,imagenet,1,ILSVRC2012_val_00014382.JPEG,,,,17.68780327,22.87454796
566,imagenet,1,ILSVRC2012_val_00014414.JPEG,,,,23.95691872,-14.20291138
567,imagenet,1,ILSVRC2012_val_00014425.JPEG,,,,32.28939056,-6.73121071
568,imagenet,1,ILSVRC2012_val_00014427.JPEG,,,,-18.97815704,23.75511742
569,imagenet,1,ILSVRC2012_val_00014438.JPEG,,,,-22.38661575,-20.49515343
570,imagenet,1,ILSVRC2012_val_00014514.JPEG,,,,38.93475342,15.29535961
571,imagenet,1,ILSVRC2012_val_00014532.JPEG,,,,21.22005463,-4.22076416
572,imagenet,1,ILSVRC2012_val_00014547.JPEG,,,,49.80040741,2.49134517
573,imagenet,1,ILSVRC2012_val_00014625.JPEG,,,,10.15667534,12.36923504
574,imagenet,1,ILSVRC2012_val_00014655.JPEG,,,,-21.04269409,-3.19904971
575,imagenet,1,ILSVRC2012_val_00014661.JPEG,,,,-29.30477524,17.45084000
576,imagenet,1,ILSVRC2012_val_00014699.JPEG,,,,12.05795002,-10.73100185
577,imagenet,1,ILSVRC2012_val_00014780.JPEG,,,,-41.17213821,10.00862122
578,imagenet,1,ILSVRC2012_val_00014835.JPEG,,,,12.58994389,-5.20211267
579,imagenet,1,ILSVRC2012_val_00014841.JPEG,,,,-20.03808212,-12.14979076
580,imagenet,1,ILSVRC2012_val_00015005.JPEG,,,,-42.77730179,-5.63858414
581,imagenet,1,ILSVRC2012_val_00015025.JPEG,,,,-30.06322289,10.75282001
582,imagenet,1,ILSVRC2012_val_00015034.JPEG,,,,-6.79308844,15.07879543
583,imagenet,1,ILSVRC2012_val_00015059.JPEG,,,,-14.66797543,28.19581032
584,imagenet,1,ILSVRC2012_val_00015064.JPEG,,,,-7.50781488,8.57319069
585,imagenet,1,ILSVRC2012_val_00015084.JPEG,,,,-5.30399179,20.15339851
586,imagenet,1,ILSVRC2012_val_00015111.JPEG,,,,26.38370132,7.97598457
587,imagenet,1,ILSVRC2012_val_00015158.JPEG,,,,-12.46948242,-10.53938961
588,imagenet,1,ILSVRC2012_val_00015169.JPEG,,,,-38.88737488,22.08319283
589,imagenet,1,ILSVRC2012_val_00015193.JPEG,,,,-31.57322121,15.67132473
590,imagenet,1,ILSVRC2012_val_00015263.JPEG,,,,0.81128931,-11.85316753
591,imagenet,1,ILSVRC2012_val_00015316.JPEG,,,,-43.35929489,-4.03724575
592,imagenet,1,ILSVRC2012_val_00015351.JPEG,,,,-19.00329971,30.71425819
593,imagenet,1,ILSVRC2012_val_00015365.JPEG,,,,-41.73012161,-4.71329212
594,imagenet,1,ILSVRC2012_val_00015366.JPEG,,,,-11.23398209,-14.56468201
595,imagenet,1,ILSVRC2012_val_00015387.JPEG,,,,-36.19110870,21.81039619
596,imagenet,1,ILSVRC2012_val_00015425.JPEG,,,,36.88811874,1.07660127
597,imagenet,1,ILSVRC2012_val_00015426.JPEG,,,,-26.15298653,17.25563431
598,imagenet,1,ILSVRC2012_val_00015438.JPEG,,,,-34.96090317,13.26386738
599,imagenet,1,ILSVRC2012_val_00015449.JPEG,,,,2.58282137,-27.42837906
600,imagenet,1,ILSVRC2012_val_00015453.JPEG,,,,15.64143085,-17.48050499
601,imagenet,1,ILSVRC2012_val_00015516.JPEG,,,,26.49771690,-19.34157562
602,imagenet,1,ILSVRC2012_val_00015522.JPEG,,,,11.14225197,33.52999496
603,imagenet,1,ILSVRC2012_val_00015543.JPEG,,,,47.35734558,-0.77207446
604,imagenet,1,ILSVRC2012_val_00015554.JPEG,,,,8.33579540,26.63983727
605,imagenet,1,ILSVRC2012_val_00015569.JPEG,,,,43.20163727,16.57847023
606,imagenet,1,ILSVRC2012_val_00015595.JPEG,,,,31.65333557,-13.55727196
607,imagenet,1,ILSVRC2012_val_00015597.JPEG,,,,27.71588898,20.09854126
608,imagenet,1,ILSVRC2012_val_00015618.JPEG,,,,15.84459496,-10.84720039
609,imagenet,1,ILSVRC2012_val_00015641.JPEG,,,,-26.02063560,-4.19952059
610,imagenet,1,ILSVRC2012_val_00015644.JPEG,,,,25.95167542,3.50991559
611,imagenet,1,ILSVRC2012_val_00015647.JPEG,,,,-1.98546135,15.28726482
612,imagenet,1,ILSVRC2012_val_00015734.JPEG,,,,-33.12391281,-12.92129898
613,imagenet,1,ILSVRC2012_val_00015742.JPEG,,,,26.42674065,22.57719612
614,imagenet,1,ILSVRC2012_val_00015753.JPEG,,,,2.41263676,-5.71041965
615,imagenet,1,ILSVRC2012_val_00015780.JPEG,,,,-25.83897781,18.99830627
616,imagenet,1,ILSVRC2012_val_00015825.JPEG,,,,-12.41872120,-11.57714272
617,imagenet,1,ILSVRC2012_val_00015836.JPEG,,,,-3.28555059,35.47921371
618,imagenet,1,ILSVRC2012_val_00015862.JPEG,,,,-18.41752815,-9.26344967
619,imagenet,1,ILSVRC2012_val_00015877.JPEG,,,,32.74320984,-8.71708202
620,imagenet,1,ILSVRC2012_val_00015892.JPEG,,,,41.60290909,-8.64732933
621,imagenet,1,ILSVRC2012_val_00015898.JPEG,,,,46.09304428,11.90939140
622,imagenet,1,ILSVRC2012_val_00015910.JPEG,,,,11.01684856,31.16046143
623,imagenet,1,ILSVRC2012_val_00015940.JPEG,,,,-46.07221222,4.73710394
624,imagenet,1,ILSVRC2012_val_00015965.JPEG,,,,30.81407356,14.31101990
625,imagenet,1,ILSVRC2012_val_00016061.JPEG,,,,-27.04849434,1.60696542
626,imagenet,1,ILSVRC2012_val_00016095.JPEG,,,,20.78662300,24.19780731
627,imagenet,1,ILSVRC2012_val_00016113.JPEG,,,,-11.18472385,32.38077927
628,imagenet,1,ILSVRC2012_val_00016147.JPEG,,,,18.56865120,-16.33485222
629,imagenet,1,ILSVRC2012_val_00016171.JPEG,,,,-14.68426418,23.77142715
630,imagenet,1,ILSVRC2012_val_00016204.JPEG,,,,16.33040428,17.91744804
631,imagenet,1,ILSVRC2012_val_00016214.JPEG,,,,22.44133568,6.06296444
632,imagenet,1,ILSVRC2012_val_00016219.JPEG,,,,-6.57226992,-10.98599052
633,imagenet,1,ILSVRC2012_val_00016250.JPEG,,,,15.05292511,25.80945396
634,imagenet,1,ILSVRC2012_val_00016251.JPEG,,,,27.17239189,12.42436600
635,imagenet,1,ILSVRC2012_val_00016275.JPEG,,,,23.75527000,-22.35542488
636,imagenet,1,ILSVRC2012_val_00016322.JPEG,,,,-23.11867523,-15.85739899
637,imagenet,1,ILSVRC2012_val_00016359.JPEG,,,,-39.88570786,4.03992414
638,imagenet,1,ILSVRC2012_val_00016387.JPEG,,,,46.18058395,8.41029930
639,imagenet,1,ILSVRC2012_val_00016420.JPEG,,,,27.60364342,24.48590851
640,imagenet,1,ILSVRC2012_val_00016425.JPEG,,,,7.10063982,14.42919350
641,imagenet,1,ILSVRC2012_val_00016470.JPEG,,,,-16.67030907,-21.94129944
642,imagenet,1,ILSVRC2012_val_00016474.JPEG,,,,-5.58142138,39.15587997
643,imagenet,1,ILSVRC2012_val_00016495.JPEG,,,,-43.80395508,-0.58713478
644,imagenet,1,ILSVRC2012_val_00016509.JPEG,,,,-27.88378906,-20.43039894
645,imagenet,1,ILSVRC2012_val_00016528.JPEG,,,,42.43740463,-8.10717297
646,imagenet,1,ILSVRC2012_val_00016542.JPEG,,,,-17.38444328,-10.76673603
647,imagenet,1,ILSVRC2012_val_00016591.JPEG,,,,-33.07567215,3.97551155
648,imagenet,1,ILSVRC2012_val_00016605.JPEG,,,,24.87072563,-14.04396248
649,imagenet,1,ILSVRC2012_val_00016616.JPEG,,,,48.89676666,11.03721142
650,imagenet,1,ILSVRC2012_val_00016680.JPEG,,,,-15.96636105,30.17503548
651,imagenet,1,ILSVRC2012_val_00016707.JPEG,,,,8.79690266,-15.87239361
652,imagenet,1,ILSVRC2012_val_00016708.JPEG,,,,0.53311914,35.41458893
653,imagenet,1,ILSVRC2012_val_00016740.JPEG,,,,-24.78210449,-17.55552483
654,imagenet,1,ILSVRC2012_val_00016791.JPEG,,,,-7.20953703,11.64862823
655,imagenet,1,ILSVRC2012_val_00016796.JPEG,,,,4.76994419,26.69537544
656,imagenet,1,ILSVRC2012_val_00016798.JPEG,,,,-26.20520020,2.12696600
657,imagenet,1,ILSVRC2012_val_00016813.JPEG,,,,-31.96412086,-17.34192657
658,imagenet,1,ILSVRC2012_val_00016832.JPEG,,,,-11.57664394,-25.93975258
659,imagenet,1,ILSVRC2012_val_00016843.JPEG,,,,5.17996836,2.46676159
660,imagenet,1,ILSVRC2012_val_00016918.JPEG,,,,-33.54108810,-1.99319088
661,imagenet,1,ILSVRC2012_val_00016926.JPEG,,,,-19.21829796,14.14393997
662,imagenet,1,ILSVRC2012_val_00016960.JPEG,,,,-15.09322548,29.67794991
663,imagenet,1,ILSVRC2012_val_00016997.JPEG,,,,17.18958664,-22.74982071
664,imagenet,1,ILSVRC2012_val_00016999.JPEG,,,,-9.02700329,33.15275574
665,imagenet,1,ILSVRC2012_val_00017018.JPEG,,,,36.53759003,0.79822552
666,imagenet,1,ILSVRC2012_val_00017060.JPEG,,,,-5.79168606,-12.04959297
667,imagenet,1,ILSVRC2012_val_00017104.JPEG,,,,-21.36923409,9.65588379
668,imagenet,1,ILSVRC2012_val_00017154.JPEG,,,,-47.05619431,0.60049850
669,imagenet,1,ILSVRC2012_val_00017168.JPEG,,,,47.09574127,4.55448008
670,imagenet,1,ILSVRC2012_val_00017216.JPEG,,,,-36.77463150,19.75551605
671,imagenet,1,ILSVRC2012_val_00017264.JPEG,,,,-2.52068305,7.44134092
672,imagenet,1,ILSVRC2012_val_00017273.JPEG,,,,-16.46363831,-24.12092781
673,imagenet,1,ILSVRC2012_val_00017286.JPEG,,,,-23.91032982,23.13160896
674,imagenet,1,ILSVRC2012_val_00017320.JPEG,,,,33.22088623,11.85987663
675,imagenet,1,ILSVRC2012_val_00017332.JPEG,,,,27.81699562,-18.11302185
676,imagenet,1,ILSVRC2012_val_00017340.JPEG,,,,-34.94651031,23.06061172
677,imagenet,1,ILSVRC2012_val_00017392.JPEG,,,,-21.60166931,29.60573006
678,imagenet,1,ILSVRC2012_val_00017414.JPEG,,,,47.43519592,-0.43422589
679,imagenet,1,ILSVRC2012_val_00017426.JPEG,,,,34.69913101,-2.74471998
680,imagenet,1,ILSVRC2012_val_00017438.JPEG,,,,-14.92683887,19.50372696
681,imagenet,1,ILSVRC2012_val_00017461.JPEG,,,,-13.17128658,-14.50331306
682,imagenet,1,ILSVRC2012_val_00017477.JPEG,,,,36.42752838,14.60171318
683,imagenet,1,ILSVRC2012_val_00017497.JPEG,,,,18.20387268,-2.68213367
684,imagenet,1,ILSVRC2012_val_00017503.JPEG,,,,-6.48551416,36.53890610
685,imagenet,1,ILSVRC2012_val_00017508.JPEG,,,,21.50061607,-0.48097202
686,imagenet,1,ILSVRC2012_val_00017520.JPEG,,,,-30.26686287,29.57094574
687,imagenet,1,ILSVRC2012_val_00017543.JPEG,,,,-16.23706055,-0.16771220
688,imagenet,1,ILSVRC2012_val_00017585.JPEG,,,,-37.04626083,14.98260212
689,imagenet,1,ILSVRC2012_val_00017590.JPEG,,,,-35.88623810,-8.38379478
690,imagenet,1,ILSVRC2012_val_00017607.JPEG,,,,11.56439781,31.59436417
691,imagenet,1,ILSVRC2012_val_00017613.JPEG,,,,-35.71354675,18.39590454
692,imagenet,1,ILSVRC2012_val_00017614.JPEG,,,,-36.50225067,-4.90262699
693,imagenet,1,ILSVRC2012_val_00017638.JPEG,,,,-28.94082642,10.96463585
694,imagenet,1,ILSVRC2012_val_00017639.JPEG,,,,16.62308693,-16.79910469
695,imagenet,1,ILSVRC2012_val_00017707.JPEG,,,,9.48360634,35.64447021
696,imagenet,1,ILSVRC2012_val_00017713.JPEG,,,,6.69763184,33.88439560
697,imagenet,1,ILSVRC2012_val_00017715.JPEG,,,,-8.11350441,12.18150616
698,imagenet,1,ILSVRC2012_val_00017728.JPEG,,,,36.96310425,-8.59701443
699,imagenet,1,ILSVRC2012_val_00017775.JPEG,,,,-14.78619194,-15.61797237
700,imagenet,1,ILSVRC2012_val_00017814.JPEG,,,,19.78548050,0.07812875
701,imagenet,1,ILSVRC2012_val_00017880.JPEG,,,,23.17378616,-19.96833420
702,imagenet,1,ILSVRC2012_val_00017890.JPEG,,,,-37.46041107,22.93150330
703,imagenet,1,ILSVRC2012_val_00017898.JPEG,,,,-40.79444885,16.73842239
704,imagenet,1,ILSVRC2012_val_00017909.JPEG,,,,-28.28261948,-6.35191774
705,imagenet,1,ILSVRC2012_val_00017920.JPEG,,,,-38.53070068,16.97614670
706,imagenet,1,ILSVRC2012_val_00017937.JPEG,,,,-33.35778427,-15.01126289
707,imagenet,1,ILSVRC2012_val_00017948.JPEG,,,,-24.43511963,4.19189453
708,imagenet,1,ILSVRC2012_val_00017963.JPEG,,,,-14.00591660,14.15897846
709,imagenet,1,ILSVRC2012_val_00017970.JPEG,,,,-14.68535805,8.50398636
710,imagenet,1,ILSVRC2012_val_00017981.JPEG,,,,-42.25885010,-1.08366585
711,imagenet,1,ILSVRC2012_val_00017984.JPEG,,,,-23.92377853,20.03288651
712,imagenet,1,ILSVRC2012_val_00018027.JPEG,,,,-9.56099606,-20.61386681
713,imagenet,1,ILSVRC2012_val_00018077.JPEG,,,,-16.00649071,-9.15697861
714,imagenet,1,ILSVRC2012_val_00018110.JPEG,,,,44.25086975,-2.30000663
715,imagenet,1,ILSVRC2012_val_00018132.JPEG,,,,14.48594761,-1.88921916
716,imagenet,1,ILSVRC2012_val_00018133.JPEG,,,,-14.89268017,-22.32305908
717,imagenet,1,ILSVRC2012_val_00018142.JPEG,,,,19.82575035,6.01571369
718,imagenet,1,ILSVRC2012_val_00018177.JPEG,,,,28.98996925,-11.36269665
719,imagenet,1,ILSVRC2012_val_00018228.JPEG,,,,-19.66103935,23.71766090
720,imagenet,1,ILSVRC2012_val_00018255.JPEG,,,,-18.31966972,16.86592865
721,imagenet,1,ILSVRC2012_val_00018382.JPEG,,,,-6.67940378,10.98744869
722,imagenet,1,ILSVRC2012_val_00018391.JPEG,,,,-41.45946884,-6.54207754
723,imagenet,1,ILSVRC2012_val_00018416.JPEG,,,,12.43689728,2.23036408
724,imagenet,1,ILSVRC2012_val_00018481.JPEG,,,,-31.98221970,12.95798588
725,imagenet,1,ILSVRC2012_val_00018509.JPEG,,,,16.91123009,-22.45841408
726,imagenet,1,ILSVRC2012_val_00018543.JPEG,,,,7.82024097,24.12041473
727,imagenet,1,ILSVRC2012_val_00018619.JPEG,,,,14.08271885,-18.35334969
728,imagenet,1,ILSVRC2012_val_00018621.JPEG,,,,-3.04021096,36.24237442
729,imagenet,1,ILSVRC2012_val_00018635.JPEG,,,,-38.18815231,20.94975471
730,imagenet,1,ILSVRC2012_val_00018649.JPEG,,,,-37.26868057,12.26858330
731,imagenet,1,ILSVRC2012_val_00018658.JPEG,,,,39.86425781,-5.78650856
732,imagenet,1,ILSVRC2012_val_00018692.JPEG,,,,-28.48729324,3.92856812
733,imagenet,1,ILSVRC2012_val_00018715.JPEG,,,,-28.57322693,-0.43126759
734,imagenet,1,ILSVRC2012_val_00018729.JPEG,,,,-26.90556526,10.18187714
735,imagenet,1,ILSVRC2012_val_00018732.JPEG,,,,7.38596439,-15.15750504
736,imagenet,1,ILSVRC2012_val_00018752.JPEG,,,,-28.00065613,-6.36857986
737,imagenet,1,ILSVRC2012_val_00018804.JPEG,,,,-17.90059853,-23.75000572
738,imagenet,1,ILSVRC2012_val_00018809.JPEG,,,,-20.56208229,27.18347168
739,imagenet,1,ILSVRC2012_val_00018839.JPEG,,,,40.55595398,8.41599655
740,imagenet,1,ILSVRC2012_val_00018886.JPEG,,,,-43.90936279,-2.42955160
741,imagenet,1,ILSVRC2012_val_00018914.JPEG,,,,9.37483788,34.71188354
742,imagenet,1,ILSVRC2012_val_00018930.JPEG,,,,-32.17105865,22.27603149
743,imagenet,1,ILSVRC2012_val_00018938.JPEG,,,,53.18932724,4.34750080
744,imagenet,1,ILSVRC2012_val_00018955.JPEG,,,,-22.55424881,6.07906771
745,imagenet,1,ILSVRC2012_val_00018981.JPEG,,,,8.33357906,6.75626993
746,imagenet,1,ILSVRC2012_val_00018995.JPEG,,,,33.02227020,-10.85782433
747,imagenet,1,ILSVRC2012_val_00019003.JPEG,,,,37.47596359,10.90527821
748,imagenet,1,ILSVRC2012_val_00019015.JPEG,,,,-8.80014324,34.27819824
749,imagenet,1,ILSVRC2012_val_00019029.JPEG,,,,35.68213654,8.42847919
750,imagenet,1,ILSVRC2012_val_00019048.JPEG,,,,-15.31969833,10.19184971
751,imagenet,1,ILSVRC2012_val_00019062.JPEG,,,,-34.52110291,9.01090622
752,imagenet,1,ILSVRC2012_val_00019089.JPEG,,,,-37.34433746,2.37118745
753,imagenet,1,ILSVRC2012_val_00019113.JPEG,,,,9.35013580,23.90367889
754,imagenet,1,ILSVRC2012_val_00019124.JPEG,,,,11.23737049,28.93462944
755,imagenet,1,ILSVRC2012_val_00019125.JPEG,,,,13.03991222,-2.09553266
756,imagenet,1,ILSVRC2012_val_00019146.JPEG,,,,35.51316452,-18.26152039
757,imagenet,1,ILSVRC2012_val_00019228.JPEG,,,,-38.22143555,-16.37685013
758,imagenet,1,ILSVRC2012_val_00019319.JPEG,,,,-26.88348961,29.64332008
759,imagenet,1,ILSVRC2012_val_00019331.JPEG,,,,-11.26787376,24.29456520
760,imagenet,1,ILSVRC2012_val_00019386.JPEG,,,,-6.47764683,-27.45400047
761,imagenet,1,ILSVRC2012_val_00019426.JPEG,,,,-13.61137390,-17.15671349
762,imagenet,1,ILSVRC2012_val_00019516.JPEG,,,,-25.92237282,-7.66985035
763,imagenet,1,ILSVRC2012_val_00019548.JPEG,,,,12.09038258,0.34789175
764,imagenet,1,ILSVRC2012_val_00019592.JPEG,,,,29.04793739,21.28443909
765,imagenet,1,ILSVRC2012_val_00019616.JPEG,,,,-40.60197067,-16.13661194
766,imagenet,1,ILSVRC2012_val_00019620.JPEG,,,,-38.65142441,-2.44989824
767,imagenet,1,ILSVRC2012_val_00019622.JPEG,,,,-25.13470459,-15.05376148
768,imagenet,1,ILSVRC2012_val_00019652.JPEG,,,,26.79660797,3.81418324
769,imagenet,1,ILSVRC2012_val_00019774.JPEG,,,,-14.46615982,24.72084236
770,imagenet,1,ILSVRC2012_val_00019778.JPEG,,,,20.08708954,-8.51468086
771,imagenet,1,ILSVRC2012_val_00019795.JPEG,,,,-28.19321060,2.30819583
772,imagenet,1,ILSVRC2012_val_00019803.JPEG,,,,-20.83227348,9.49954605
773,imagenet,1,ILSVRC2012_val_00019872.JPEG,,,,-14.98528290,-12.61993599
774,imagenet,1,ILSVRC2012_val_00019903.JPEG,,,,-6.88193130,33.92392731
775,imagenet,1,ILSVRC2012_val_00019907.JPEG,,,,-38.45651245,2.20196271
776,imagenet,1,ILSVRC2012_val_00019914.JPEG,,,,36.29305649,2.87685490
777,imagenet,1,ILSVRC2012_val_00019932.JPEG,,,,-9.25953960,11.98082733
778,imagenet,1,ILSVRC2012_val_00019941.JPEG,,,,50.01722717,7.56802034
779,imagenet,1,ILSVRC2012_val_00019949.JPEG,,,,11.07048607,34.25539398
780,imagenet,1,ILSVRC2012_val_00019958.JPEG,,,,31.89774323,21.02693367
781,imagenet,1,ILSVRC2012_val_00019983.JPEG,,,,18.99209976,-7.62254953
782,imagenet,1,ILSVRC2012_val_00019989.JPEG,,,,-42.41353989,-3.14226484
783,imagenet,1,ILSVRC2012_val_00020032.JPEG,,,,33.06000519,24.64033508
784,imagenet,1,ILSVRC2012_val_00020033.JPEG,,,,-24.27001381,-8.23882008
785,imagenet,1,ILSVRC2012_val_00020043.JPEG,,,,-11.07139778,8.20407677
786,imagenet,1,ILSVRC2012_val_00020061.JPEG,,,,-29.03512573,19.55613518
787,imagenet,1,ILSVRC2012_val_00020076.JPEG,,,,33.03722763,2.23810482
788,imagenet,1,ILSVRC2012_val_00020087.JPEG,,,,-40.65886688,7.79426193
789,imagenet,1,ILSVRC2012_val_00020108.JPEG,,,,-3.67676425,7.55855942
790,imagenet,1,ILSVRC2012_val_00020182.JPEG,,,,-30.50990868,30.15153122
791,imagenet,1,ILSVRC2012_val_00020188.JPEG,,,,-26.95153999,6.42955875
792,imagenet,1,ILSVRC2012_val_00020196.JPEG,,,,-7.41907501,-22.71688271
793,imagenet,1,ILSVRC2012_val_00020220.JPEG,,,,-25.50027466,-9.18071747
794,imagenet,1,ILSVRC2012_val_00020232.JPEG,,,,-2.31146455,34.92583847
795,imagenet,1,ILSVRC2012_val_00020246.JPEG,,,,-1.89725113,6.44097805
796,imagenet,1,ILSVRC2012_val_00020249.JPEG,,,,-19.25815392,-21.94555283
797,imagenet,1,ILSVRC2012_val_00020250.JPEG,,,,33.55399704,9.64874649
798,imagenet,1,ILSVRC2012_val_00020258.JPEG,,,,-40.80550766,-1.19082654
799,imagenet,1,ILSVRC2012_val_00020292.JPEG,,,,52.70867538,4.91312981
800,imagenet,1,ILSVRC2012_val_00020297.JPEG,,,,-9.85866833,5.02278090
801,imagenet,1,ILSVRC2012_val_00020314.JPEG,,,,7.91849232,-14.08123207
802,imagenet,1,ILSVRC2012_val_00020342.JPEG,,,,-19.56941986,-17.54727173
803,imagenet,1,ILSVRC2012_val_00020362.JPEG,,,,22.57595825,-10.64466095
804,imagenet,1,ILSVRC2012_val_00020375.JPEG,,,,1.62327230,19.14281464
805,imagenet,1,ILSVRC2012_val_00020399.JPEG,,,,1.03477967,-25.08321762
806,imagenet,1,ILSVRC2012_val_00020419.JPEG,,,,46.94739914,-1.81715274
807,imagenet,1,ILSVRC2012_val_00020442.JPEG,,,,1.89020276,5.81776810
808,imagenet,1,ILSVRC2012_val_00020462.JPEG,,,,-22.79582977,-13.05104446
809,imagenet,1,ILSVRC2012_val_00020512.JPEG,,,,-34.67528152,10.23324203
810,imagenet,1,ILSVRC2012_val_00020516.JPEG,,,,-0.03783469,-15.57506657
811,imagenet,1,ILSVRC2012_val_00020533.JPEG,,,,-10.15022564,-24.75261879
812,imagenet,1,ILSVRC2012_val_00020543.JPEG,,,,-27.44320107,-4.29446650
813,imagenet,1,ILSVRC2012_val_00020550.JPEG,,,,-9.83217621,-19.29173470
814,imagenet,1,ILSVRC2012_val_00020557.JPEG,,,,34.52128220,-0.36961889
815,imagenet,1,ILSVRC2012_val_00020560.JPEG,,,,11.81824970,-62.33181381
816,imagenet,1,ILSVRC2012_val_00020565.JPEG,,,,-44.67887878,7.66557646
817,imagenet,1,ILSVRC2012_val_00020573.JPEG,,,,39.04303360,6.03544569
818,imagenet,1,ILSVRC2012_val_00020665.JPEG,,,,-36.16319656,24.89281464
819,imagenet,1,ILSVRC2012_val_00020739.JPEG,,,,31.58004951,25.00070190
820,imagenet,1,ILSVRC2012_val_00020755.JPEG,,,,41.64946747,-7.94760704
821,imagenet,1,ILSVRC2012_val_00020756.JPEG,,,,-5.42642069,38.23689651
822,imagenet,1,ILSVRC2012_val_00020789.JPEG,,,,-29.24194336,28.95930099
823,imagenet,1,ILSVRC2012_val_00020806.JPEG,,,,37.60769272,-6.79558516
824,imagenet,1,ILSVRC2012_val_00020844.JPEG,,,,3.01955676,19.71189308
825,imagenet,1,ILSVRC2012_val_00020849.JPEG,,,,13.51865387,-22.12263107
826,imagenet,1,ILSVRC2012_val_00020863.JPEG,,,,13.36587524,-23.35778809
827,imagenet,1,ILSVRC2012_val_00020865.JPEG,,,,23.03365707,-0.12109111
828,imagenet,1,ILSVRC2012_val_00020902.JPEG,,,,-38.04076004,-15.93817616
829,imagenet,1,ILSVRC2012_val_00020928.JPEG,,,,49.90834427,5.78488398
830,imagenet,1,ILSVRC2012_val_00020929.JPEG,,,,-15.09983444,-4.53514767
831,imagenet,1,ILSVRC2012_val_00020948.JPEG,,,,7.80314445,36.24532318
832,imagenet,1,ILSVRC2012_val_00020963.JPEG,,,,-15.27909184,-22.20857811
833,imagenet,1,ILSVRC2012_val_00020981.JPEG,,,,-5.87069368,36.02985382
834,imagenet,1,ILSVRC2012_val_00021011.JPEG,,,,-18.24546242,18.61159706
835,imagenet,1,ILSVRC2012_val_00021033.JPEG,,,,32.76917267,-17.29861069
836,imagenet,1,ILSVRC2012_val_00021103.JPEG,,,,30.61699677,13.21536446
837,imagenet,1,ILSVRC2012_val_00021138.JPEG,,,,-24.68220901,8.24110699
838,imagenet,1,ILSVRC2012_val_00021162.JPEG,,,,37.09823608,11.92967510
839,imagenet,1,ILSVRC2012_val_00021216.JPEG,,,,-32.86808014,-6.34712744
840,imagenet,1,ILSVRC2012_val_00021220.JPEG,,,,-34.63780594,-16.56182480
841,imagenet,1,ILSVRC2012_val_00021241.JPEG,,,,-27.84590340,-7.87204075
842,imagenet,1,ILSVRC2012_val_00021255.JPEG,,,,-36.88539886,12.16644478
843,imagenet,1,ILSVRC2012_val_00021291.JPEG,,,,-24.63659859,-8.88334084
844,imagenet,1,ILSVRC2012_val_00021341.JPEG,,,,28.32709694,-9.73846340
845,imagenet,1,ILSVRC2012_val_00021371.JPEG,,,,33.21800232,-10.61380768
846,imagenet,1,ILSVRC2012_val_00021492.JPEG,,,,-24.12073326,6.53177357
847,imagenet,1,ILSVRC2012_val_00021506.JPEG,,,,24.91799164,26.85290146
848,imagenet,1,ILSVRC2012_val_00021533.JPEG,,,,-1.08059752,-24.70939064
849,imagenet,1,ILSVRC2012_val_00021575.JPEG,,,,-14.77301311,-27.12731361
850,imagenet,1,ILSVRC2012_val_00021606.JPEG,,,,27.01735878,-2.66888142
851,imagenet,1,ILSVRC2012_val_00021656.JPEG,,,,33.85446548,-5.92607975
852,imagenet,1,ILSVRC2012_val_00021663.JPEG,,,,16.47504234,-18.60403442
853,imagenet,1,ILSVRC2012_val_00021665.JPEG,,,,52.29690933,0.17033078
854,imagenet,1,ILSVRC2012_val_00021730.JPEG,,,,27.64873314,-8.43045807
855,imagenet,1,ILSVRC2012_val_00021733.JPEG,,,,-33.15867615,-21.86617661
856,imagenet,1,ILSVRC2012_val_00021745.JPEG,,,,-48.14303970,-4.41888475
857,imagenet,1,ILSVRC2012_val_00021751.JPEG,,,,10.28618145,-10.72557449
858,imagenet,1,ILSVRC2012_val_00021788.JPEG,,,,5.29233217,4.82282352
859,imagenet,1,ILSVRC2012_val_00021790.JPEG,,,,28.33100319,-14.81067181
860,imagenet,1,ILSVRC2012_val_00021800.JPEG,,,,-39.50714874,-8.43965054
861,imagenet,1,ILSVRC2012_val_00021839.JPEG,,,,-21.33633232,-12.18040371
862,imagenet,1,ILSVRC2012_val_00021856.JPEG,,,,53.31409836,3.07870460
863,imagenet,1,ILSVRC2012_val_00021928.JPEG,,,,-15.38393021,9.17728519
864,imagenet,1,ILSVRC2012_val_00021989.JPEG,,,,23.77201653,-5.83122349
865,imagenet,1,ILSVRC2012_val_00022021.JPEG,,,,-17.98894882,22.85506439
866,imagenet,1,ILSVRC2012_val_00022026.JPEG,,,,45.53144455,0.92247146
867,imagenet,1,ILSVRC2012_val_00022029.JPEG,,,,15.85212612,14.66616440
868,imagenet,1,ILSVRC2012_val_00022074.JPEG,,,,52.95846558,-0.86396676
869,imagenet,1,ILSVRC2012_val_00022130.JPEG,,,,24.47628403,-13.72303104
870,imagenet,1,ILSVRC2012_val_00022158.JPEG,,,,-10.12177944,-26.68513298
871,imagenet,1,ILSVRC2012_val_00022159.JPEG,,,,34.82572174,6.08963633
872,imagenet,1,ILSVRC2012_val_00022174.JPEG,,,,-15.39704514,11.12706947
873,imagenet,1,ILSVRC2012_val_00022220.JPEG,,,,9.94983864,31.55586243
874,imagenet,1,ILSVRC2012_val_00022235.JPEG,,,,9.53933907,12.21126175
875,imagenet,1,ILSVRC2012_val_00022246.JPEG,,,,-21.70312119,15.84157753
876,imagenet,1,ILSVRC2012_val_00022279.JPEG,,,,-17.98928070,-13.11837864
877,imagenet,1,ILSVRC2012_val_00022299.JPEG,,,,19.87354469,12.35422611
878,imagenet,1,ILSVRC2012_val_00022348.JPEG,,,,-9.70404148,36.46530914
879,imagenet,1,ILSVRC2012_val_00022354.JPEG,,,,-6.31092310,17.25783920
880,imagenet,1,ILSVRC2012_val_00022362.JPEG,,,,-32.24632263,8.60142994
881,imagenet,1,ILSVRC2012_val_00022518.JPEG,,,,-23.69709206,25.91808701
882,imagenet,1,ILSVRC2012_val_00022555.JPEG,,,,-17.04085732,-26.98539543
883,imagenet,1,ILSVRC2012_val_00022561.JPEG,,,,-9.86512756,-27.23476028
884,imagenet,1,ILSVRC2012_val_00022581.JPEG,,,,-35.96212387,-22.63588142
885,imagenet,1,ILSVRC2012_val_00022586.JPEG,,,,-7.71442699,-7.26143503
886,imagenet,1,ILSVRC2012_val_00022604.JPEG,,,,42.86209488,1.25926006
887,imagenet,1,ILSVRC2012_val_00022624.JPEG,,,,20.54425812,-6.57253170
888,imagenet,1,ILSVRC2012_val_00022626.JPEG,,,,38.37871170,9.10307789
889,imagenet,1,ILSVRC2012_val_00022631.JPEG,,,,-39.23373413,2.93307519
890,imagenet,1,ILSVRC2012_val_00022656.JPEG,,,,-40.89963531,12.62747002
891,imagenet,1,ILSVRC2012_val_00022681.JPEG,,,,41.21899414,-3.35582113
892,imagenet,1,ILSVRC2012_val_00022683.JPEG,,,,-13.08463001,-12.69714737
893,imagenet,1,ILSVRC2012_val_00022693.JPEG,,,,3.78195834,20.36808205
894,imagenet,1,ILSVRC2012_val_00022714.JPEG,,,,25.63188553,27.45002747
895,imagenet,1,ILSVRC2012_val_00022720.JPEG,,,,16.11053467,34.71875763
896,imagenet,1,ILSVRC2012_val_00022735.JPEG,,,,40.72508621,3.00766993
897,imagenet,1,ILSVRC2012_val_00022751.JPEG,,,,-23.09312248,29.78373718
898,imagenet,1,ILSVRC2012_val_00022758.JPEG,,,,-16.68498230,-6.18613720
899,imagenet,1,ILSVRC2012_val_00022772.JPEG,,,,35.12468338,19.51347351
900,imagenet,1,ILSVRC2012_val_00022779.JPEG,,,,-8.75988579,-28.66314125
901,imagenet,1,ILSVRC2012_val_00022807.JPEG,,,,-16.06808472,-18.67498016
902,imagenet,1,ILSVRC2012_val_00022839.JPEG,,,,2.49409747,11.71456814
903,imagenet,1,ILSVRC2012_val_00022856.JPEG,,,,-33.22323608,13.27648354
904,imagenet,1,ILSVRC2012_val_00022922.JPEG,,,,-25.87596893,6.65838814
905,imagenet,1,ILSVRC2012_val_00022942.JPEG,,,,42.66221237,2.25092959
906,imagenet,1,ILSVRC2012_val_00022948.JPEG,,,,6.43484926,18.94740868
907,imagenet,1,ILSVRC2012_val_00022970.JPEG,,,,-25.98783875,5.47853851
908,imagenet,1,ILSVRC2012_val_00022971.JPEG,,,,-22.71709442,1.39156592
909,imagenet,1,ILSVRC2012_val_00022972.JPEG,,,,35.13285446,-0.44475368
910,imagenet,1,ILSVRC2012_val_00022991.JPEG,,,,-9.65911674,-13.19730091
911,imagenet,1,ILSVRC2012_val_00022998.JPEG,,,,-6.14228439,-2.76354003
912,imagenet,1,ILSVRC2012_val_00023007.JPEG,,,,31.13064194,-11.30802822
913,imagenet,1,ILSVRC2012_val_00023060.JPEG,,,,-30.54678154,17.49875069
914,imagenet,1,ILSVRC2012_val_00023087.JPEG,,,,30.98907661,-17.19802284
915,imagenet,1,ILSVRC2012_val_00023110.JPEG,,,,-31.64982224,-11.04725075
916,imagenet,1,ILSVRC2012_val_00023155.JPEG,,,,-35.15341568,1.51293755
917,imagenet,1,ILSVRC2012_val_00023157.JPEG,,,,-23.03047752,-3.62164021
918,imagenet,1,ILSVRC2012_val_00023159.JPEG,,,,28.25425148,11.60577106
919,imagenet,1,ILSVRC2012_val_00023201.JPEG,,,,-10.19785595,16.29713058
920,imagenet,1,ILSVRC2012_val_00023225.JPEG,,,,44.24357605,1.27465558
921,imagenet,1,ILSVRC2012_val_00023258.JPEG,,,,-44.24809265,-0.42887923
922,imagenet,1,ILSVRC2012_val_00023260.JPEG,,,,-35.58490753,-12.91458511
923,imagenet,1,ILSVRC2012_val_00023265.JPEG,,,,-11.86674786,-9.62021828
924,imagenet,1,ILSVRC2012_val_00023327.JPEG,,,,-12.36344719,13.78684998
925,imagenet,1,ILSVRC2012_val_00023363.JPEG,,,,-17.05016327,21.88122940
926,imagenet,1,ILSVRC2012_val_00023419.JPEG,,,,18.77994156,-24.51177979
927,imagenet,1,ILSVRC2012_val_00023448.JPEG,,,,3.43176436,24.28284073
928,imagenet,1,ILSVRC2012_val_00023455.JPEG,,,,-2.97773790,15.76041508
929,imagenet,1,ILSVRC2012_val_00023517.JPEG,,,,5.68798256,-22.81646156
930,imagenet,1,ILSVRC2012_val_00023591.JPEG,,,,-39.15022278,6.00028372
931,imagenet,1,ILSVRC2012_val_00023594.JPEG,,,,5.33740950,17.61146164
932,imagenet,1,ILSVRC2012_val_00023606.JPEG,,,,25.73757553,0.82271516
933,imagenet,1,ILSVRC2012_val_00023644.JPEG,,,,-4.72917557,36.53984070
934,imagenet,1,ILSVRC2012_val_00023646.JPEG,,,,-34.78069687,-1.62827110
935,imagenet,1,ILSVRC2012_val_00023675.JPEG,,,,-25.85581398,-14.68209839
936,imagenet,1,ILSVRC2012_val_00023703.JPEG,,,,18.79157448,25.52057457
937,imagenet,1,ILSVRC2012_val_00023729.JPEG,,,,-25.26060677,9.71818733
938,imagenet,1,ILSVRC2012_val_00023740.JPEG,,,,4.88885641,14.17679882
939,imagenet,1,ILSVRC2012_val_00023750.JPEG,,,,-36.76233292,-19.16604042
940,imagenet,1,ILSVRC2012_val_00023784.JPEG,,,,-10.27372265,-25.60464668
941,imagenet,1,ILSVRC2012_val_00023786.JPEG,,,,-36.68395996,-18.05119896
942,imagenet,1,ILSVRC2012_val_00023788.JPEG,,,,-17.80502892,-3.53953505
943,imagenet,1,ILSVRC2012_val_00023811.JPEG,,,,-6.17834806,-16.22269249
944,imagenet,1,ILSVRC2012_val_00023822.JPEG,,,,-29.11328506,25.79329300
945,imagenet,1,ILSVRC2012_val_00023832.JPEG,,,,11.95244503,32.27968216
946,imagenet,1,ILSVRC2012_val_00023838.JPEG,,,,15.37684727,33.58444595
947,imagenet,1,ILSVRC2012_val_00023843.JPEG,,,,31.80548859,20.72749329
948,imagenet,1,ILSVRC2012_val_00023862.JPEG,,,,22.91949081,1.79727924
949,imagenet,1,ILSVRC2012_val_00023873.JPEG,,,,-33.69297409,17.59182930
950,imagenet,1,ILSVRC2012_val_00023922.JPEG,,,,-23.63607407,-20.17512703
951,imagenet,1,ILSVRC2012_val_00023929.JPEG,,,,40.84532547,-13.25758171
952,imagenet,1,ILSVRC2012_val_00023939.JPEG,,,,-18.26843452,-7.38420534
953,imagenet,1,ILSVRC2012_val_00023951.JPEG,,,,-25.22530174,-12.76000023
954,imagenet,1,ILSVRC2012_val_00023959.JPEG,,,,27.33818817,-19.64287186
955,imagenet,1,ILSVRC2012_val_00024049.JPEG,,,,-38.09458160,8.24474335
956,imagenet,1,ILSVRC2012_val_00024101.JPEG,,,,-3.83677340,-3.11538267
957,imagenet,1,ILSVRC2012_val_00024119.JPEG,,,,-37.27906799,14.85977268
958,imagenet,1,ILSVRC2012_val_00024142.JPEG,,,,-6.51380110,-28.88672829
959,imagenet,1,ILSVRC2012_val_00024145.JPEG,,,,12.18196392,-14.59596157
960,imagenet,1,ILSVRC2012_val_00024176.JPEG,,,,26.37827301,22.03593826
961,imagenet,1,ILSVRC2012_val_00024179.JPEG,,,,-11.87031555,-22.78567696
962,imagenet,1,ILSVRC2012_val_00024222.JPEG,,,,35.47777939,-16.99419594
963,imagenet,1,ILSVRC2012_val_00024241.JPEG,,,,14.99242210,21.41122437
964,imagenet,1,ILSVRC2012_val_00024244.JPEG,,,,-15.32599449,-19.01467705
965,imagenet,1,ILSVRC2012_val_00024302.JPEG,,,,-3.34913492,6.50633335
966,imagenet,1,ILSVRC2012_val_00024316.JPEG,,,,17.37687111,-21.31398201
967,imagenet,1,ILSVRC2012_val_00024326.JPEG,,,,-4.58899307,-15.04267216
968,imagenet,1,ILSVRC2012_val_00024333.JPEG,,,,-29.99507904,5.24802494
969,imagenet,1,ILSVRC2012_val_00024377.JPEG,,,,8.36950493,12.77947521
970,imagenet,1,ILSVRC2012_val_00024447.JPEG,,,,-12.34954929,-4.05668783
971,imagenet,1,ILSVRC2012_val_00024463.JPEG,,,,-7.48485470,-28.84144020
972,imagenet,1,ILSVRC2012_val_00024467.JPEG,,,,0.02224269,12.70534420
973,imagenet,1,ILSVRC2012_val_00024491.JPEG,,,,7.02033424,-19.51806641
974,imagenet,1,ILSVRC2012_val_00024513.JPEG,,,,28.23805618,-16.17533302
975,imagenet,1,ILSVRC2012_val_00024549.JPEG,,,,-18.17958641,28.04645538
976,imagenet,1,ILSVRC2012_val_00024561.JPEG,,,,6.79803753,29.08337021
977,imagenet,1,ILSVRC2012_val_00024581.JPEG,,,,4.05991602,21.75260925
978,imagenet,1,ILSVRC2012_val_00024599.JPEG,,,,33.83324432,22.88911438
979,imagenet,1,ILSVRC2012_val_00024620.JPEG,,,,-19.76692009,-6.85013342
980,imagenet,1,ILSVRC2012_val_00024667.JPEG,,,,-35.12337875,7.64653254
981,imagenet,1,ILSVRC2012_val_00024709.JPEG,,,,30.17375374,-5.93928003
982,imagenet,1,ILSVRC2012_val_00024784.JPEG,,,,-37.40215683,-19.68211555
983,imagenet,1,ILSVRC2012_val_00024805.JPEG,,,,-27.38387680,-16.11773109
984,imagenet,1,ILSVRC2012_val_00024824.JPEG,,,,-33.02412415,7.42873526
985,imagenet,1,ILSVRC2012_val_00024904.JPEG,,,,-31.00982475,-9.53098011
986,imagenet,1,ILSVRC2012_val_00024914.JPEG,,,,-6.50669146,23.09716606
987,imagenet,1,ILSVRC2012_val_00024977.JPEG,,,,0.04716074,-16.47893143
988,imagenet,1,ILSVRC2012_val_00025045.JPEG,,,,-41.39524841,4.67571259
989,imagenet,1,ILSVRC2012_val_00025052.JPEG,,,,-20.97966385,-18.23625565
990,imagenet,1,ILSVRC2012_val_00025062.JPEG,,,,-17.82475853,-28.69661903
991,imagenet,1,ILSVRC2012_val_00025082.JPEG,,,,31.07456779,16.27442932
992,imagenet,1,ILSVRC2012_val_00025085.JPEG,,,,26.47302818,-10.94994831
993,imagenet,1,ILSVRC2012_val_00025144.JPEG,,,,-0.66087973,12.68698215
994,imagenet,1,ILSVRC2012_val_00025164.JPEG,,,,-33.02158356,9.35727596
995,imagenet,1,ILSVRC2012_val_00025180.JPEG,,,,-10.13088989,29.23705673
996,imagenet,1,ILSVRC2012_val_00025214.JPEG,,,,-40.81760788,-3.27341771
997,imagenet,1,ILSVRC2012_val_00025257.JPEG,,,,12.75131702,34.38961029
998,imagenet,1,ILSVRC2012_val_00025271.JPEG,,,,29.96710587,-3.66745019
999,imagenet,1,ILSVRC2012_val_00025283.JPEG,,,,23.79227638,-1.52830875
1000,imagenet,1,ILSVRC2012_val_00025336.JPEG,,,,-27.05079460,14.49957180
1001,imagenet,1,ILSVRC2012_val_00025353.JPEG,,,,-38.16684723,12.76010132
1002,imagenet,1,ILSVRC2012_val_00025357.JPEG,,,,-40.39808273,-5.03841591
1003,imagenet,1,ILSVRC2012_val_00025373.JPEG,,,,-43.84810638,-4.32378101
1004,imagenet,1,ILSVRC2012_val_00025422.JPEG,,,,-35.62784195,1.00241101
1005,imagenet,1,ILSVRC2012_val_00025428.JPEG,,,,28.75466919,16.68690681
1006,imagenet,1,ILSVRC2012_val_00025476.JPEG,,,,-4.97342014,6.66814232
1007,imagenet,1,ILSVRC2012_val_00025512.JPEG,,,,-24.52491951,0.87258083
1008,imagenet,1,ILSVRC2012_val_00025514.JPEG,,,,-34.19852448,-13.90235806
1009,imagenet,1,ILSVRC2012_val_00025519.JPEG,,,,2.35500050,31.55173111
1010,imagenet,1,ILSVRC2012_val_00025557.JPEG,,,,36.22058868,23.50082970
1011,imagenet,1,ILSVRC2012_val_00025570.JPEG,,,,32.37838745,5.69481564
1012,imagenet,1,ILSVRC2012_val_00025597.JPEG,,,,50.60883713,3.65815067
1013,imagenet,1,ILSVRC2012_val_00025610.JPEG,,,,15.12565231,25.83469582
1014,imagenet,1,ILSVRC2012_val_00025611.JPEG,,,,13.67312813,-1.01006818
1015,imagenet,1,ILSVRC2012_val_00025619.JPEG,,,,35.60376358,-15.24542713
1016,imagenet,1,ILSVRC2012_val_00025631.JPEG,,,,-23.73316956,-1.54615510
1017,imagenet,1,ILSVRC2012_val_00025636.JPEG,,,,16.25934601,-23.01753616
1018,imagenet,1,ILSVRC2012_val_00025686.JPEG,,,,24.05622292,-19.68095016
1019,imagenet,1,ILSVRC2012_val_00025694.JPEG,,,,26.05487823,3.70367169
1020,imagenet,1,ILSVRC2012_val_00025718.JPEG,,,,4.88557625,10.87787724
1021,imagenet,1,ILSVRC2012_val_00025720.JPEG,,,,-12.67823029,18.43204117
1022,imagenet,1,ILSVRC2012_val_00025726.JPEG,,,,-20.96242332,-2.53074837
1023,imagenet,1,ILSVRC2012_val_00025731.JPEG,,,,-44.14475250,-5.44451237
1024,imagenet,1,ILSVRC2012_val_00025732.JPEG,,,,27.11962128,-12.32513332
1025,imagenet,1,ILSVRC2012_val_00025765.JPEG,,,,-32.89932251,6.25576830
1026,imagenet,1,ILSVRC2012_val_00025792.JPEG,,,,10.94779110,-19.08079720
1027,imagenet,1,ILSVRC2012_val_00025803.JPEG,,,,44.07402802,-0.61183667
1028,imagenet,1,ILSVRC2012_val_00025830.JPEG,,,,-24.34639549,5.13168955
1029,imagenet,1,ILSVRC2012_val_00025848.JPEG,,,,-34.49857330,-11.19305897
1030,imagenet,1,ILSVRC2012_val_00025851.JPEG,,,,-45.79441452,-7.95313215
1031,imagenet,1,ILSVRC2012_val_00025853.JPEG,,,,15.69079304,-21.86173058
1032,imagenet,1,ILSVRC2012_val_00025871.JPEG,,,,-17.08319664,14.04035759
1033,imagenet,1,ILSVRC2012_val_00025880.JPEG,,,,13.87745953,19.72299194
1034,imagenet,1,ILSVRC2012_val_00025882.JPEG,,,,-42.22643661,-11.90184498
1035,imagenet,1,ILSVRC2012_val_00025901.JPEG,,,,16.16035843,-10.67420769
1036,imagenet,1,ILSVRC2012_val_00025906.JPEG,,,,15.66461468,11.17158413
1037,imagenet,1,ILSVRC2012_val_00025927.JPEG,,,,-11.67273235,16.42147827
1038,imagenet,1,ILSVRC2012_val_00025948.JPEG,,,,1.27361441,-25.56217575
1039,imagenet,1,ILSVRC2012_val_00025972.JPEG,,,,-23.64280510,-7.00702047
1040,imagenet,1,ILSVRC2012_val_00025986.JPEG,,,,-2.73241258,-6.74515390
1041,imagenet,1,ILSVRC2012_val_00025992.JPEG,,,,-22.65525246,-16.80052757
1042,imagenet,1,ILSVRC2012_val_00026017.JPEG,,,,41.19249725,12.83135509
1043,imagenet,1,ILSVRC2012_val_00026047.JPEG,,,,-9.89370918,-7.24710798
1044,imagenet,1,ILSVRC2012_val_00026081.JPEG,,,,-27.43511772,-13.26881886
1045,imagenet,1,ILSVRC2012_val_00026095.JPEG,,,,49.36078262,8.63291645
1046,imagenet,1,ILSVRC2012_val_00026103.JPEG,,,,-20.55427933,-5.09483671
1047,imagenet,1,ILSVRC2012_val_00026113.JPEG,,,,18.14822769,-6.46447945
1048,imagenet,1,ILSVRC2012_val_00026120.JPEG,,,,-37.25265884,0.65247226
1049,imagenet,1,ILSVRC2012_val_00026132.JPEG,,,,48.13919449,3.87238479
1050,imagenet,1,ILSVRC2012_val_00026141.JPEG,,,,-27.27005959,-13.33860302
1051,imagenet,1,ILSVRC2012_val_00026146.JPEG,,,,14.75176525,16.93523026
1052,imagenet,1,ILSVRC2012_val_00026152.JPEG,,,,-35.83082581,21.70249367
1053,imagenet,1,ILSVRC2012_val_00026155.JPEG,,,,49.97825241,-1.23848379
1054,imagenet,1,ILSVRC2012_val_00026204.JPEG,,,,53.82946777,1.05774856
1055,imagenet,1,ILSVRC2012_val_00026212.JPEG,,,,-29.54473686,10.53063202
1056,imagenet,1,ILSVRC2012_val_00026225.JPEG,,,,8.25018883,-24.28207016
1057,imagenet,1,ILSVRC2012_val_00026327.JPEG,,,,47.33236313,1.66224289
1058,imagenet,1,ILSVRC2012_val_00026328.JPEG,,,,34.00992584,-13.39306736
1059,imagenet,1,ILSVRC2012_val_00026339.JPEG,,,,-12.50628853,-10.44709778
1060,imagenet,1,ILSVRC2012_val_00026344.JPEG,,,,-24.13471413,23.05269051
1061,imagenet,1,ILSVRC2012_val_00026346.JPEG,,,,4.62722540,28.16210938
1062,imagenet,1,ILSVRC2012_val_00026355.JPEG,,,,-35.66231155,-6.00151205
1063,imagenet,1,ILSVRC2012_val_00026372.JPEG,,,,-13.90142632,3.86201382
1064,imagenet,1,ILSVRC2012_val_00026400.JPEG,,,,33.71802902,-5.27127075
1065,imagenet,1,ILSVRC2012_val_00026477.JPEG,,,,-30.70335579,-9.28372765
1066,imagenet,1,ILSVRC2012_val_00026479.JPEG,,,,10.30918503,13.47808266
1067,imagenet,1,ILSVRC2012_val_00026486.JPEG,,,,-25.08170509,-24.22392082
1068,imagenet,1,ILSVRC2012_val_00026536.JPEG,,,,-5.56389332,13.76895809
1069,imagenet,1,ILSVRC2012_val_00026545.JPEG,,,,26.38403893,23.88110924
1070,imagenet,1,ILSVRC2012_val_00026598.JPEG,,,,25.79152107,4.67462873
1071,imagenet,1,ILSVRC2012_val_00026602.JPEG,,,,33.79796600,4.82163095
1072,imagenet,1,ILSVRC2012_val_00026616.JPEG,,,,19.35948372,-22.62693596
1073,imagenet,1,ILSVRC2012_val_00026632.JPEG,,,,33.29912186,-8.53162670
1074,imagenet,1,ILSVRC2012_val_00026652.JPEG,,,,20.16092682,-13.30598831
1075,imagenet,1,ILSVRC2012_val_00026661.JPEG,,,,-6.91509962,29.50147629
1076,imagenet,1,ILSVRC2012_val_00026672.JPEG,,,,12.48578739,-7.71704721
1077,imagenet,1,ILSVRC2012_val_00026688.JPEG,,,,-6.44940472,-24.22932053
1078,imagenet,1,ILSVRC2012_val_00026697.JPEG,,,,-32.70620728,-2.67201328
1079,imagenet,1,ILSVRC2012_val_00026706.JPEG,,,,-14.40844822,16.54246902
1080,imagenet,1,ILSVRC2012_val_00026755.JPEG,,,,17.66291618,-22.48077393
1081,imagenet,1,ILSVRC2012_val_00026778.JPEG,,,,27.44375992,19.37905121
1082,imagenet,1,ILSVRC2012_val_00026807.JPEG,,,,-10.27659798,-2.94667578
1083,imagenet,1,ILSVRC2012_val_00026862.JPEG,,,,23.86450768,20.68264961
1084,imagenet,1,ILSVRC2012_val_00026875.JPEG,,,,31.69850731,-3.34217238
1085,imagenet,1,ILSVRC2012_val_00026878.JPEG,,,,-12.81650829,15.88085461
1086,imagenet,1,ILSVRC2012_val_00026880.JPEG,,,,-24.18729019,26.77585220
1087,imagenet,1,ILSVRC2012_val_00026922.JPEG,,,,-17.91650391,-3.76936221
1088,imagenet,1,ILSVRC2012_val_00026930.JPEG,,,,22.30254173,-26.74963760
1089,imagenet,1,ILSVRC2012_val_00027006.JPEG,,,,44.54219055,9.61446857
1090,imagenet,1,ILSVRC2012_val_00027019.JPEG,,,,34.27722168,-20.41577911
1091,imagenet,1,ILSVRC2012_val_00027021.JPEG,,,,-1.05100501,-13.68218422
1092,imagenet,1,ILSVRC2012_val_00027053.JPEG,,,,26.32250786,21.80678558
1093,imagenet,1,ILSVRC2012_val_00027061.JPEG,,,,24.95038223,10.21685791
1094,imagenet,1,ILSVRC2012_val_00027065.JPEG,,,,-35.27488327,17.15107536
1095,imagenet,1,ILSVRC2012_val_00027066.JPEG,,,,14.02108860,-5.64451981
1096,imagenet,1,ILSVRC2012_val_00027067.JPEG,,,,-37.37374878,-5.39738512
1097,imagenet,1,ILSVRC2012_val_00027108.JPEG,,,,-32.96162796,-8.70318413
1098,imagenet,1,ILSVRC2012_val_00027117.JPEG,,,,24.76610947,-20.75564766
1099,imagenet,1,ILSVRC2012_val_00027124.JPEG,,,,-33.22893906,-11.25176811
1100,imagenet,1,ILSVRC2012_val_00027132.JPEG,,,,40.36651993,9.19494915
1101,imagenet,1,ILSVRC2012_val_00027134.JPEG,,,,-6.60358906,-8.12252903
1102,imagenet,1,ILSVRC2012_val_00027146.JPEG,,,,-17.30925751,31.37833405
1103,imagenet,1,ILSVRC2012_val_00027151.JPEG,,,,-1.34914827,-1.91523445
1104,imagenet,1,ILSVRC2012_val_00027153.JPEG,,,,4.89082575,17.20370102
1105,imagenet,1,ILSVRC2012_val_00027163.JPEG,,,,20.88195610,-12.35862160
1106,imagenet,1,ILSVRC2012_val_00027177.JPEG,,,,-18.15832901,-17.43380928
1107,imagenet,1,ILSVRC2012_val_00027178.JPEG,,,,-10.30443287,1.90149963
1108,imagenet,1,ILSVRC2012_val_00027211.JPEG,,,,29.63035583,-16.47524261
1109,imagenet,1,ILSVRC2012_val_00027237.JPEG,,,,-35.25184631,7.01366043
1110,imagenet,1,ILSVRC2012_val_00027248.JPEG,,,,34.01224518,-4.93361855
1111,imagenet,1,ILSVRC2012_val_00027330.JPEG,,,,-29.23534393,10.66983128
1112,imagenet,1,ILSVRC2012_val_00027351.JPEG,,,,35.45648193,11.22737217
1113,imagenet,1,ILSVRC2012_val_00027375.JPEG,,,,6.01890612,-16.21227074
1114,imagenet,1,ILSVRC2012_val_00027385.JPEG,,,,-1.51230705,-2.19737625
1115,imagenet,1,ILSVRC2012_val_00027428.JPEG,,,,-23.54793549,-7.58358479
1116,imagenet,1,ILSVRC2012_val_00027481.JPEG,,,,-29.05088615,8.15401554
1117,imagenet,1,ILSVRC2012_val_00027517.JPEG,,,,-13.76661396,-24.19345665
1118,imagenet,1,ILSVRC2012_val_00027533.JPEG,,,,37.86553574,2.00377917
1119,imagenet,1,ILSVRC2012_val_00027539.JPEG,,,,-18.78588867,-23.20518875
1120,imagenet,1,ILSVRC2012_val_00027560.JPEG,,,,-20.37471771,24.86633492
1121,imagenet,1,ILSVRC2012_val_00027584.JPEG,,,,-9.14309883,35.10995102
1122,imagenet,1,ILSVRC2012_val_00027631.JPEG,,,,8.71299171,-9.88710308
1123,imagenet,1,ILSVRC2012_val_00027632.JPEG,,,,6.12373018,18.59784317
1124,imagenet,1,ILSVRC2012_val_00027642.JPEG,,,,-31.46755219,-11.09781075
1125,imagenet,1,ILSVRC2012_val_00027659.JPEG,,,,5.69344521,32.35196304
1126,imagenet,1,ILSVRC2012_val_00027660.JPEG,,,,51.67095566,-2.04449463
1127,imagenet,1,ILSVRC2012_val_00027703.JPEG,,,,-22.86624527,10.19244480
1128,imagenet,1,ILSVRC2012_val_00027713.JPEG,,,,-5.63128138,-12.35344124
1129,imagenet,1,ILSVRC2012_val_00027760.JPEG,,,,-11.65355301,-0.28772974
1130,imagenet,1,ILSVRC2012_val_00027807.JPEG,,,,-7.94464493,10.54442978
1131,imagenet,1,ILSVRC2012_val_00027820.JPEG,,,,39.95988846,8.42855358
1132,imagenet,1,ILSVRC2012_val_00027836.JPEG,,,,-28.04899025,-10.60324860
1133,imagenet,1,ILSVRC2012_val_00027866.JPEG,,,,47.23493576,-5.03826761
1134,imagenet,1,ILSVRC2012_val_00027951.JPEG,,,,42.70811081,-0.27007091
1135,imagenet,1,ILSVRC2012_val_00027985.JPEG,,,,-40.02433014,12.37134266
1136,imagenet,1,ILSVRC2012_val_00028049.JPEG,,,,-35.91460800,-13.38624287
1137,imagenet,1,ILSVRC2012_val_00028076.JPEG,,,,33.23043442,-5.75210238
1138,imagenet,1,ILSVRC2012_val_00028101.JPEG,,,,-24.01860046,-14.36039257
1139,imagenet,1,ILSVRC2012_val_00028109.JPEG,,,,-6.43104219,-24.56068802
1140,imagenet,1,ILSVRC2012_val_00028132.JPEG,,,,-10.60736942,28.01213074
1141,imagenet,1,ILSVRC2012_val_00028296.JPEG,,,,7.08611107,22.33616638
1142,imagenet,1,ILSVRC2012_val_00028323.JPEG,,,,-42.00627136,1.81046152
1143,imagenet,1,ILSVRC2012_val_00028418.JPEG,,,,-33.60866165,3.08097076
1144,imagenet,1,ILSVRC2012_val_00028424.JPEG,,,,-19.11860085,6.46120310
1145,imagenet,1,ILSVRC2012_val_00028437.JPEG,,,,-41.03890610,-15.97294426
1146,imagenet,1,ILSVRC2012_val_00028438.JPEG,,,,-26.58391571,4.62695026
1147,imagenet,1,ILSVRC2012_val_00028466.JPEG,,,,-36.56354523,7.59177971
1148,imagenet,1,ILSVRC2012_val_00028475.JPEG,,,,4.14226151,28.41509438
1149,imagenet,1,ILSVRC2012_val_00028557.JPEG,,,,-18.82684708,12.55554867
1150,imagenet,1,ILSVRC2012_val_00028582.JPEG,,,,48.29652786,4.73286343
1151,imagenet,1,ILSVRC2012_val_00028584.JPEG,,,,21.82182884,22.78261566
1152,imagenet,1,ILSVRC2012_val_00028590.JPEG,,,,23.25568008,-26.57438087
1153,imagenet,1,ILSVRC2012_val_00028592.JPEG,,,,-2.44296217,-11.51247311
1154,imagenet,1,ILSVRC2012_val_00028657.JPEG,,,,25.38231468,10.15264893
1155,imagenet,1,ILSVRC2012_val_00028660.JPEG,,,,37.13224411,-7.84980297
1156,imagenet,1,ILSVRC2012_val_00028667.JPEG,,,,-27.61707687,9.08588219
1157,imagenet,1,ILSVRC2012_val_00028671.JPEG,,,,4.04087591,-23.12392807
1158,imagenet,1,ILSVRC2012_val_00028683.JPEG,,,,-17.30040359,7.30886459
1159,imagenet,1,ILSVRC2012_val_00028702.JPEG,,,,-4.94680643,31.37235069
1160,imagenet,1,ILSVRC2012_val_00028794.JPEG,,,,-19.78405380,4.05967712
1161,imagenet,1,ILSVRC2012_val_00028898.JPEG,,,,-36.43138123,22.60403824
1162,imagenet,1,ILSVRC2012_val_00028901.JPEG,,,,-8.91281223,-17.31778526
1163,imagenet,1,ILSVRC2012_val_00028905.JPEG,,,,2.87990069,-19.62425613
1164,imagenet,1,ILSVRC2012_val_00028919.JPEG,,,,-0.16003944,30.92568779
1165,imagenet,1,ILSVRC2012_val_00028946.JPEG,,,,14.85094452,21.28878212
1166,imagenet,1,ILSVRC2012_val_00028959.JPEG,,,,2.12878752,33.30915451
1167,imagenet,1,ILSVRC2012_val_00028993.JPEG,,,,-1.34754086,30.86514473
1168,imagenet,1,ILSVRC2012_val_00029050.JPEG,,,,-20.36014938,-12.66665363
1169,imagenet,1,ILSVRC2012_val_00029059.JPEG,,,,5.24811125,20.98348999
1170,imagenet,1,ILSVRC2012_val_00029077.JPEG,,,,10.90953159,-23.68386650
1171,imagenet,1,ILSVRC2012_val_00029102.JPEG,,,,-0.35929251,5.83824635
1172,imagenet,1,ILSVRC2012_val_00029108.JPEG,,,,-14.72258854,13.64160538
1173,imagenet,1,ILSVRC2012_val_00029111.JPEG,,,,-24.24983215,15.32382393
1174,imagenet,1,ILSVRC2012_val_00029120.JPEG,,,,-44.96923447,4.09894228
1175,imagenet,1,ILSVRC2012_val_00029127.JPEG,,,,-21.38956642,-10.00598717
1176,imagenet,1,ILSVRC2012_val_00029135.JPEG,,,,24.58190727,27.80330658
1177,imagenet,1,ILSVRC2012_val_00029140.JPEG,,,,-24.55377579,9.97578907
1178,imagenet,1,ILSVRC2012_val_00029163.JPEG,,,,-41.76412201,6.45957613
1179,imagenet,1,ILSVRC2012_val_00029171.JPEG,,,,-5.31550884,36.40021515
1180,imagenet,1,ILSVRC2012_val_00029194.JPEG,,,,4.94044590,-9.61127472
1181,imagenet,1,ILSVRC2012_val_00029205.JPEG,,,,-12.95868778,34.74900055
1182,imagenet,1,ILSVRC2012_val_00029222.JPEG,,,,-42.20661545,19.07495689
1183,imagenet,1,ILSVRC2012_val_00029229.JPEG,,,,9.02449989,35.20270538
1184,imagenet,1,ILSVRC2012_val_00029275.JPEG,,,,44.58360672,-6.38451862
1185,imagenet,1,ILSVRC2012_val_00029282.JPEG,,,,-40.91364670,2.86740756
1186,imagenet,1,ILSVRC2012_val_00029290.JPEG,,,,-40.37335968,1.88132846
1187,imagenet,1,ILSVRC2012_val_00029298.JPEG,,,,7.16216040,21.82585526
1188,imagenet,1,ILSVRC2012_val_00029320.JPEG,,,,24.98534966,-10.43058205
1189,imagenet,1,ILSVRC2012_val_00029353.JPEG,,,,51.33204651,9.65871716
1190,imagenet,1,ILSVRC2012_val_00029413.JPEG,,,,-16.01622200,-14.21516705
1191,imagenet,1,ILSVRC2012_val_00029424.JPEG,,,,37.26641464,10.49235153
1192,imagenet,1,ILSVRC2012_val_00029435.JPEG,,,,9.82774448,-14.00123310
1193,imagenet,1,ILSVRC2012_val_00029483.JPEG,,,,-41.46384430,18.29873848
1194,imagenet,1,ILSVRC2012_val_00029513.JPEG,,,,-26.61738586,0.76319331
1195,imagenet,1,ILSVRC2012_val_00029527.JPEG,,,,38.47784424,-1.35281301
1196,imagenet,1,ILSVRC2012_val_00029592.JPEG,,,,8.88248539,22.06145859
1197,imagenet,1,ILSVRC2012_val_00029621.JPEG,,,,-16.97057915,-0.29047504
1198,imagenet,1,ILSVRC2012_val_00029650.JPEG,,,,-4.49863625,-2.26450515
1199,imagenet,1,ILSVRC2012_val_00029686.JPEG,,,,-38.19428253,-2.79421806
1200,imagenet,1,ILSVRC2012_val_00029691.JPEG,,,,-23.22268677,26.03044510
1201,imagenet,1,ILSVRC2012_val_00029708.JPEG,,,,16.77432442,32.58068085
1202,imagenet,1,ILSVRC2012_val_00029756.JPEG,,,,-41.26935577,-2.54928541
1203,imagenet,1,ILSVRC2012_val_00029867.JPEG,,,,31.74605179,0.87757450
1204,imagenet,1,ILSVRC2012_val_00029897.JPEG,,,,-43.70651245,-0.05567605
1205,imagenet,1,ILSVRC2012_val_00029916.JPEG,,,,-9.97686100,19.58311844
1206,imagenet,1,ILSVRC2012_val_00029941.JPEG,,,,3.10360646,32.15354538
1207,imagenet,1,ILSVRC2012_val_00029963.JPEG,,,,-37.60139465,-22.38738441
1208,imagenet,1,ILSVRC2012_val_00030044.JPEG,,,,28.19193268,-14.45362282
1209,imagenet,1,ILSVRC2012_val_00030067.JPEG,,,,-22.82339668,-23.79142570
1210,imagenet,1,ILSVRC2012_val_00030079.JPEG,,,,44.80311966,4.79464483
1211,imagenet,1,ILSVRC2012_val_00030096.JPEG,,,,20.03892136,5.34079027
1212,imagenet,1,ILSVRC2012_val_00030112.JPEG,,,,-41.50495911,0.55638617
1213,imagenet,1,ILSVRC2012_val_00030183.JPEG,,,,-34.69321823,-1.15353060
1214,imagenet,1,ILSVRC2012_val_00030194.JPEG,,,,-43.96251297,2.16125536
1215,imagenet,1,ILSVRC2012_val_00030244.JPEG,,,,25.44004059,-14.73038673
1216,imagenet,1,ILSVRC2012_val_00030293.JPEG,,,,-20.42730713,30.06833458
1217,imagenet,1,ILSVRC2012_val_00030295.JPEG,,,,31.35419846,-3.55081558
1218,imagenet,1,ILSVRC2012_val_00030298.JPEG,,,,1.76812327,29.06874847
1219,imagenet,1,ILSVRC2012_val_00030304.JPEG,,,,-24.35198784,-15.00697041
1220,imagenet,1,ILSVRC2012_val_00030323.JPEG,,,,-27.93925667,28.84403419
1221,imagenet,1,ILSVRC2012_val_00030365.JPEG,,,,-32.07629395,-17.87293053
1222,imagenet,1,ILSVRC2012_val_00030380.JPEG,,,,13.48035812,-21.55472183
1223,imagenet,1,ILSVRC2012_val_00030425.JPEG,,,,-30.09754181,21.27039719
1224,imagenet,1,ILSVRC2012_val_00030466.JPEG,,,,22.48300743,25.53087807
1225,imagenet,1,ILSVRC2012_val_00030534.JPEG,,,,-6.21456528,-16.60439110
1226,imagenet,1,ILSVRC2012_val_00030560.JPEG,,,,52.05346298,-1.59470212
1227,imagenet,1,ILSVRC2012_val_00030572.JPEG,,,,-39.35117340,7.87365389
1228,imagenet,1,ILSVRC2012_val_00030582.JPEG,,,,38.35675430,-5.03152323
1229,imagenet,1,ILSVRC2012_val_00030619.JPEG,,,,34.32266998,1.11247623
1230,imagenet,1,ILSVRC2012_val_00030641.JPEG,,,,17.16328812,-16.39566612
1231,imagenet,1,ILSVRC2012_val_00030643.JPEG,,,,53.13655853,-1.26344669
1232,imagenet,1,ILSVRC2012_val_00030687.JPEG,,,,45.82530212,-0.50167495
1233,imagenet,1,ILSVRC2012_val_00030752.JPEG,,,,-41.71979523,6.38181305
1234,imagenet,1,ILSVRC2012_val_00030772.JPEG,,,,40.34615326,17.87764931
1235,imagenet,1,ILSVRC2012_val_00030800.JPEG,,,,-41.94912338,10.28214264
1236,imagenet,1,ILSVRC2012_val_00030814.JPEG,,,,-25.20236969,-4.90553236
1237,imagenet,1,ILSVRC2012_val_00030851.JPEG,,,,-7.22638273,17.04969406
1238,imagenet,1,ILSVRC2012_val_00030872.JPEG,,,,45.45000839,5.60361862
1239,imagenet,1,ILSVRC2012_val_00030886.JPEG,,,,34.24839783,7.61334419
1240,imagenet,1,ILSVRC2012_val_00030891.JPEG,,,,-18.79560280,15.30833817
1241,imagenet,1,ILSVRC2012_val_00030928.JPEG,,,,46.60659409,6.06218863
1242,imagenet,1,ILSVRC2012_val_00030943.JPEG,,,,8.35120010,7.64743900
1243,imagenet,1,ILSVRC2012_val_00030951.JPEG,,,,-32.64823532,-6.33994389
1244,imagenet,1,ILSVRC2012_val_00030954.JPEG,,,,8.24389839,-17.88210869
1245,imagenet,1,ILSVRC2012_val_00030955.JPEG,,,,-41.99274063,-4.01408052
1246,imagenet,1,ILSVRC2012_val_00031051.JPEG,,,,-21.01745033,13.23146439
1247,imagenet,1,ILSVRC2012_val_00031080.JPEG,,,,-13.27187634,-11.21916580
1248,imagenet,1,ILSVRC2012_val_00031091.JPEG,,,,23.08241463,-26.67419815
1249,imagenet,1,ILSVRC2012_val_00031092.JPEG,,,,22.59524155,4.75807810
1250,imagenet,1,ILSVRC2012_val_00031135.JPEG,,,,-38.41484451,-14.59698296
1251,imagenet,1,ILSVRC2012_val_00031143.JPEG,,,,-28.85095787,0.06992371
1252,imagenet,1,ILSVRC2012_val_00031185.JPEG,,,,4.03091621,-8.05160236
1253,imagenet,1,ILSVRC2012_val_00031191.JPEG,,,,8.58074474,14.86602974
1254,imagenet,1,ILSVRC2012_val_00031205.JPEG,,,,14.82937050,16.00186348
1255,imagenet,1,ILSVRC2012_val_00031209.JPEG,,,,39.53776550,-3.95348215
1256,imagenet,1,ILSVRC2012_val_00031221.JPEG,,,,-12.26472759,16.64444351
1257,imagenet,1,ILSVRC2012_val_00031230.JPEG,,,,-8.10268497,-28.11366463
1258,imagenet,1,ILSVRC2012_val_00031243.JPEG,,,,-7.92931414,-29.00536537
1259,imagenet,1,ILSVRC2012_val_00031244.JPEG,,,,24.95661736,-21.29766273
1260,imagenet,1,ILSVRC2012_val_00031257.JPEG,,,,-33.75331497,-9.20126534
1261,imagenet,1,ILSVRC2012_val_00031288.JPEG,,,,-28.99465370,-19.58985519
1262,imagenet,1,ILSVRC2012_val_00031299.JPEG,,,,-33.96435928,15.34424400
1263,imagenet,1,ILSVRC2012_val_00031350.JPEG,,,,-19.03044510,0.00848403
1264,imagenet,1,ILSVRC2012_val_00031436.JPEG,,,,-43.62850571,-8.79101562
1265,imagenet,1,ILSVRC2012_val_00031488.JPEG,,,,28.49172401,21.56407166
1266,imagenet,1,ILSVRC2012_val_00031491.JPEG,,,,25.41771507,19.00245667
1267,imagenet,1,ILSVRC2012_val_00031522.JPEG,,,,-14.68164921,-28.02195358
1268,imagenet,1,ILSVRC2012_val_00031567.JPEG,,,,-7.18246078,-25.35369492
1269,imagenet,1,ILSVRC2012_val_00031589.JPEG,,,,-35.50024414,4.01715755
1270,imagenet,1,ILSVRC2012_val_00031606.JPEG,,,,-22.35045624,-14.65356731
1271,imagenet,1,ILSVRC2012_val_00031636.JPEG,,,,-32.19653702,13.32723904
1272,imagenet,1,ILSVRC2012_val_00031639.JPEG,,,,-2.86939168,6.58328485
1273,imagenet,1,ILSVRC2012_val_00031669.JPEG,,,,-19.30493546,3.20791459
1274,imagenet,1,ILSVRC2012_val_00031674.JPEG,,,,-8.54621601,-7.08496237
1275,imagenet,1,ILSVRC2012_val_00031684.JPEG,,,,22.90865707,0.01900131
1276,imagenet,1,ILSVRC2012_val_00031778.JPEG,,,,18.82295036,28.22491646
1277,imagenet,1,ILSVRC2012_val_00031806.JPEG,,,,28.70755386,20.27022743
1278,imagenet,1,ILSVRC2012_val_00031813.JPEG,,,,30.43301392,23.47222519
1279,imagenet,1,ILSVRC2012_val_00031836.JPEG,,,,-7.18187189,-23.09022141
1280,imagenet,1,ILSVRC2012_val_00031862.JPEG,,,,31.48619652,9.87146473
1281,imagenet,1,ILSVRC2012_val_00031869.JPEG,,,,6.25306892,-22.98804283
1282,imagenet,1,ILSVRC2012_val_00031897.JPEG,,,,44.14588165,9.39856720
1283,imagenet,1,ILSVRC2012_val_00031904.JPEG,,,,0.65626162,10.29329777
1284,imagenet,1,ILSVRC2012_val_00031925.JPEG,,,,1.33798432,12.81851578
1285,imagenet,1,ILSVRC2012_val_00031932.JPEG,,,,4.76770830,32.54423904
1286,imagenet,1,ILSVRC2012_val_00031934.JPEG,,,,11.18942547,-4.60295582
1287,imagenet,1,ILSVRC2012_val_00031962.JPEG,,,,-26.60116386,-9.96364307
1288,imagenet,1,ILSVRC2012_val_00031969.JPEG,,,,-33.18570328,1.55269039
1289,imagenet,1,ILSVRC2012_val_00031970.JPEG,,,,2.78972793,29.62743187
1290,imagenet,1,ILSVRC2012_val_00031977.JPEG,,,,19.52172089,3.40306473
1291,imagenet,1,ILSVRC2012_val_00032071.JPEG,,,,9.19108582,-21.61346436
1292,imagenet,1,ILSVRC2012_val_00032105.JPEG,,,,-34.31497192,-15.93466854
1293,imagenet,1,ILSVRC2012_val_00032192.JPEG,,,,-14.35632038,17.32063866
1294,imagenet,1,ILSVRC2012_val_00032195.JPEG,,,,23.23828888,13.91077614
1295,imagenet,1,ILSVRC2012_val_00032199.JPEG,,,,-11.33840942,24.20638275
1296,imagenet,1,ILSVRC2012_val_00032243.JPEG,,,,46.81347275,5.02889109
1297,imagenet,1,ILSVRC2012_val_00032264.JPEG,,,,-21.90777016,-5.05993462
1298,imagenet,1,ILSVRC2012_val_00032320.JPEG,,,,45.34321213,5.99124622
1299,imagenet,1,ILSVRC2012_val_00032328.JPEG,,,,38.73616791,-16.05282211
1300,imagenet,1,ILSVRC2012_val_00032333.JPEG,,,,39.62657166,11.95763779
1301,imagenet,1,ILSVRC2012_val_00032340.JPEG,,,,46.15864182,16.64170647
1302,imagenet,1,ILSVRC2012_val_00032348.JPEG,,,,-48.06416702,-2.46205616
1303,imagenet,1,ILSVRC2012_val_00032385.JPEG,,,,-9.23891544,15.43680000
1304,imagenet,1,ILSVRC2012_val_00032410.JPEG,,,,42.65778732,14.46660137
1305,imagenet,1,ILSVRC2012_val_00032414.JPEG,,,,-21.24445534,21.60322189
1306,imagenet,1,ILSVRC2012_val_00032427.JPEG,,,,10.08862495,34.41777039
1307,imagenet,1,ILSVRC2012_val_00032444.JPEG,,,,-2.16377687,12.73407936
1308,imagenet,1,ILSVRC2012_val_00032448.JPEG,,,,44.24054718,5.43356419
1309,imagenet,1,ILSVRC2012_val_00032462.JPEG,,,,16.30195427,-19.56909943
1310,imagenet,1,ILSVRC2012_val_00032469.JPEG,,,,-20.20584297,-9.97495174
1311,imagenet,1,ILSVRC2012_val_00032590.JPEG,,,,23.92978287,-11.78555584
1312,imagenet,1,ILSVRC2012_val_00032606.JPEG,,,,10.55669689,-22.54776764
1313,imagenet,1,ILSVRC2012_val_00032623.JPEG,,,,-11.60054207,21.07494926
1314,imagenet,1,ILSVRC2012_val_00032689.JPEG,,,,29.22075653,13.85421467
1315,imagenet,1,ILSVRC2012_val_00032727.JPEG,,,,-31.71004486,0.53193587
1316,imagenet,1,ILSVRC2012_val_00032746.JPEG,,,,16.74799347,34.82209778
1317,imagenet,1,ILSVRC2012_val_00032754.JPEG,,,,-0.67885286,20.30433273
1318,imagenet,1,ILSVRC2012_val_00032795.JPEG,,,,-40.17455673,-3.56338191
1319,imagenet,1,ILSVRC2012_val_00032804.JPEG,,,,23.56044388,-13.43312645
1320,imagenet,1,ILSVRC2012_val_00032810.JPEG,,,,-26.66773033,0.17522553
1321,imagenet,1,ILSVRC2012_val_00032846.JPEG,,,,36.66485596,5.40817976
1322,imagenet,1,ILSVRC2012_val_00032863.JPEG,,,,-44.85013962,-4.29629278
1323,imagenet,1,ILSVRC2012_val_00032878.JPEG,,,,52.44808578,10.20309734
1324,imagenet,1,ILSVRC2012_val_00032886.JPEG,,,,33.86998749,-19.78060150
1325,imagenet,1,ILSVRC2012_val_00032889.JPEG,,,,40.41661835,-9.68764782
1326,imagenet,1,ILSVRC2012_val_00032993.JPEG,,,,46.27217102,-3.30615973
1327,imagenet,1,ILSVRC2012_val_00033006.JPEG,,,,22.89477158,-5.87371778
1328,imagenet,1,ILSVRC2012_val_00033022.JPEG,,,,-32.24933243,-15.16496849
1329,imagenet,1,ILSVRC2012_val_00033085.JPEG,,,,26.90231323,-2.42683101
1330,imagenet,1,ILSVRC2012_val_00033138.JPEG,,,,2.31422281,-21.92250252
1331,imagenet,1,ILSVRC2012_val_00033142.JPEG,,,,-41.88324738,-8.99954224
1332,imagenet,1,ILSVRC2012_val_00033151.JPEG,,,,14.20596981,16.97657776
1333,imagenet,1,ILSVRC2012_val_00033161.JPEG,,,,35.54579926,-6.42066622
1334,imagenet,1,ILSVRC2012_val_00033162.JPEG,,,,-28.34670258,10.73476410
1335,imagenet,1,ILSVRC2012_val_00033180.JPEG,,,,37.54653931,13.88536263
1336,imagenet,1,ILSVRC2012_val_00033232.JPEG,,,,-28.59876633,-11.20502853
1337,imagenet,1,ILSVRC2012_val_00033280.JPEG,,,,31.13539696,-1.53340077
1338,imagenet,1,ILSVRC2012_val_00033289.JPEG,,,,6.97246170,31.68206215
1339,imagenet,1,ILSVRC2012_val_00033311.JPEG,,,,-20.52056503,-22.31725693
1340,imagenet,1,ILSVRC2012_val_00033326.JPEG,,,,-36.65354538,2.13963556
1341,imagenet,1,ILSVRC2012_val_00033328.JPEG,,,,-11.79713249,-0.63471901
1342,imagenet,1,ILSVRC2012_val_00033329.JPEG,,,,20.71418953,27.05240059
1343,imagenet,1,ILSVRC2012_val_00033359.JPEG,,,,29.63723373,14.89750767
1344,imagenet,1,ILSVRC2012_val_00033374.JPEG,,,,-36.85748291,2.83422208
1345,imagenet,1,ILSVRC2012_val_00033378.JPEG,,,,37.31594849,8.67145157
1346,imagenet,1,ILSVRC2012_val_00033401.JPEG,,,,-12.70130825,-5.39546013
1347,imagenet,1,ILSVRC2012_val_00033406.JPEG,,,,-13.56458092,29.20049286
1348,imagenet,1,ILSVRC2012_val_00033436.JPEG,,,,-20.37967300,29.28697777
1349,imagenet,1,ILSVRC2012_val_00033439.JPEG,,,,-8.06246567,18.65244484
1350,imagenet,1,ILSVRC2012_val_00033449.JPEG,,,,-10.85872841,13.54905415
1351,imagenet,1,ILSVRC2012_val_00033500.JPEG,,,,-36.90780258,20.97397041
1352,imagenet,1,ILSVRC2012_val_00033553.JPEG,,,,9.69536686,-10.20577812
1353,imagenet,1,ILSVRC2012_val_00033557.JPEG,,,,-37.44779968,-0.97654676
1354,imagenet,1,ILSVRC2012_val_00033586.JPEG,,,,-6.33007812,-29.48445702
1355,imagenet,1,ILSVRC2012_val_00033609.JPEG,,,,46.75125885,10.73544979
1356,imagenet,1,ILSVRC2012_val_00033645.JPEG,,,,-11.84756184,-27.99652863
1357,imagenet,1,ILSVRC2012_val_00033658.JPEG,,,,-16.30413818,21.39787102
1358,imagenet,1,ILSVRC2012_val_00033725.JPEG,,,,-0.48871824,-13.58555984
1359,imagenet,1,ILSVRC2012_val_00033786.JPEG,,,,29.42407799,21.28523445
1360,imagenet,1,ILSVRC2012_val_00033806.JPEG,,,,-18.62012863,-11.07902336
1361,imagenet,1,ILSVRC2012_val_00033838.JPEG,,,,-29.28785324,8.74065876
1362,imagenet,1,ILSVRC2012_val_00033843.JPEG,,,,42.64965439,-5.40244818
1363,imagenet,1,ILSVRC2012_val_00033851.JPEG,,,,37.88036346,-12.60767365
1364,imagenet,1,ILSVRC2012_val_00033874.JPEG,,,,44.51370239,16.01975441
1365,imagenet,1,ILSVRC2012_val_00033906.JPEG,,,,-21.73444176,-16.83902931
1366,imagenet,1,ILSVRC2012_val_00033959.JPEG,,,,-13.41290379,27.58477592
1367,imagenet,1,ILSVRC2012_val_00033977.JPEG,,,,28.13296700,16.23168755
1368,imagenet,1,ILSVRC2012_val_00033995.JPEG,,,,-41.41607285,16.35631180
1369,imagenet,1,ILSVRC2012_val_00033999.JPEG,,,,-22.04489517,28.18572998
1370,imagenet,1,ILSVRC2012_val_00034015.JPEG,,,,19.40840912,20.20178223
1371,imagenet,1,ILSVRC2012_val_00034064.JPEG,,,,2.19145203,29.20657730
1372,imagenet,1,ILSVRC2012_val_00034117.JPEG,,,,29.50606537,23.98451233
1373,imagenet,1,ILSVRC2012_val_00034137.JPEG,,,,18.64585686,31.02585030
1374,imagenet,1,ILSVRC2012_val_00034200.JPEG,,,,-24.58392525,-8.93262291
1375,imagenet,1,ILSVRC2012_val_00034227.JPEG,,,,14.60182285,-27.18830490
1376,imagenet,1,ILSVRC2012_val_00034228.JPEG,,,,32.14207458,-17.14772606
1377,imagenet,1,ILSVRC2012_val_00034305.JPEG,,,,-8.69490910,9.88157654
1378,imagenet,1,ILSVRC2012_val_00034374.JPEG,,,,-29.86287498,-13.14775944
1379,imagenet,1,ILSVRC2012_val_00034400.JPEG,,,,-42.91017914,16.10474014
1380,imagenet,1,ILSVRC2012_val_00034420.JPEG,,,,12.00485897,-4.69160700
1381,imagenet,1,ILSVRC2012_val_00034439.JPEG,,,,-8.01926231,-14.67089748
1382,imagenet,1,ILSVRC2012_val_00034446.JPEG,,,,-30.58125877,-14.01298428
1383,imagenet,1,ILSVRC2012_val_00034477.JPEG,,,,15.22513676,-24.14052391
1384,imagenet,1,ILSVRC2012_val_00034526.JPEG,,,,-25.83832550,21.67207146
1385,imagenet,1,ILSVRC2012_val_00034529.JPEG,,,,32.17808151,-8.95904350
1386,imagenet,1,ILSVRC2012_val_00034555.JPEG,,,,40.84334183,0.71496356
1387,imagenet,1,ILSVRC2012_val_00034640.JPEG,,,,1.53849423,-20.19491196
1388,imagenet,1,ILSVRC2012_val_00034667.JPEG,,,,-8.66079807,10.62576866
1389,imagenet,1,ILSVRC2012_val_00034668.JPEG,,,,-41.19989014,-2.02259493
1390,imagenet,1,ILSVRC2012_val_00034675.JPEG,,,,22.13677979,-16.34539795
1391,imagenet,1,ILSVRC2012_val_00034682.JPEG,,,,-29.04338455,3.00096965
1392,imagenet,1,ILSVRC2012_val_00034699.JPEG,,,,19.13719559,21.32113647
1393,imagenet,1,ILSVRC2012_val_00034704.JPEG,,,,46.08969498,-5.41813183
1394,imagenet,1,ILSVRC2012_val_00034714.JPEG,,,,-28.59927177,-16.74683571
1395,imagenet,1,ILSVRC2012_val_00034742.JPEG,,,,9.75909710,-54.57229996
1396,imagenet,1,ILSVRC2012_val_00034800.JPEG,,,,39.49865723,-7.98394394
1397,imagenet,1,ILSVRC2012_val_00034810.JPEG,,,,-7.71869326,-27.47857666
1398,imagenet,1,ILSVRC2012_val_00034815.JPEG,,,,-4.12281322,1.62784636
1399,imagenet,1,ILSVRC2012_val_00034830.JPEG,,,,-0.69941777,32.44906998
1400,imagenet,1,ILSVRC2012_val_00034924.JPEG,,,,24.36177635,15.57407951
1401,imagenet,1,ILSVRC2012_val_00034926.JPEG,,,,10.04690075,22.03898621
1402,imagenet,1,ILSVRC2012_val_00034938.JPEG,,,,-21.91824150,9.37543106
1403,imagenet,1,ILSVRC2012_val_00034948.JPEG,,,,19.36811256,2.93080759
1404,imagenet,1,ILSVRC2012_val_00034953.JPEG,,,,36.25404358,-6.09711695
1405,imagenet,1,ILSVRC2012_val_00034961.JPEG,,,,37.25995255,-15.08817291
1406,imagenet,1,ILSVRC2012_val_00034963.JPEG,,,,-45.19967651,12.15202999
1407,imagenet,1,ILSVRC2012_val_00034967.JPEG,,,,35.01748657,-18.30157089
1408,imagenet,1,ILSVRC2012_val_00034994.JPEG,,,,19.96272087,-11.17777157
1409,imagenet,1,ILSVRC2012_val_00035010.JPEG,,,,30.98610306,-6.05566025
1410,imagenet,1,ILSVRC2012_val_00035016.JPEG,,,,-39.94712830,22.79176903
1411,imagenet,1,ILSVRC2012_val_00035057.JPEG,,,,3.71696568,-16.90419388
1412,imagenet,1,ILSVRC2012_val_00035121.JPEG,,,,-6.04469872,-15.89763355
1413,imagenet,1,ILSVRC2012_val_00035175.JPEG,,,,34.17556000,10.43140507
1414,imagenet,1,ILSVRC2012_val_00035280.JPEG,,,,17.99328804,-20.48142815
1415,imagenet,1,ILSVRC2012_val_00035293.JPEG,,,,13.68956566,17.54894638
1416,imagenet,1,ILSVRC2012_val_00035338.JPEG,,,,11.09163570,-19.31900215
1417,imagenet,1,ILSVRC2012_val_00035361.JPEG,,,,-25.93128204,-4.07167721
1418,imagenet,1,ILSVRC2012_val_00035387.JPEG,,,,-39.47463226,1.61318624
1419,imagenet,1,ILSVRC2012_val_00035444.JPEG,,,,-18.68780518,-18.87497139
1420,imagenet,1,ILSVRC2012_val_00035446.JPEG,,,,-8.40104485,35.21876526
1421,imagenet,1,ILSVRC2012_val_00035465.JPEG,,,,20.69371223,19.72815704
1422,imagenet,1,ILSVRC2012_val_00035470.JPEG,,,,39.69065475,6.47615623
1423,imagenet,1,ILSVRC2012_val_00035491.JPEG,,,,27.82062340,-4.93238783
1424,imagenet,1,ILSVRC2012_val_00035546.JPEG,,,,4.95491552,27.59731293
1425,imagenet,1,ILSVRC2012_val_00035562.JPEG,,,,28.76614952,2.64510632
1426,imagenet,1,ILSVRC2012_val_00035614.JPEG,,,,41.58227539,-11.46577454
1427,imagenet,1,ILSVRC2012_val_00035646.JPEG,,,,-32.67220688,6.19379425
1428,imagenet,1,ILSVRC2012_val_00035651.JPEG,,,,21.75125313,2.23717237
1429,imagenet,1,ILSVRC2012_val_00035722.JPEG,,,,-29.18289185,-9.80314922
1430,imagenet,1,ILSVRC2012_val_00035758.JPEG,,,,-21.03963852,24.32518959
1431,imagenet,1,ILSVRC2012_val_00035771.JPEG,,,,5.52778769,-15.45803356
1432,imagenet,1,ILSVRC2012_val_00035789.JPEG,,,,36.68425369,2.94947004
1433,imagenet,1,ILSVRC2012_val_00035791.JPEG,,,,-17.50994492,22.63311958
1434,imagenet,1,ILSVRC2012_val_00035866.JPEG,,,,-39.46162033,2.40762281
1435,imagenet,1,ILSVRC2012_val_00035914.JPEG,,,,45.67919159,2.53664255
1436,imagenet,1,ILSVRC2012_val_00035935.JPEG,,,,-4.79875851,12.99885559
1437,imagenet,1,ILSVRC2012_val_00035941.JPEG,,,,-10.42662048,9.02501678
1438,imagenet,1,ILSVRC2012_val_00035952.JPEG,,,,11.05618954,17.73632431
1439,imagenet,1,ILSVRC2012_val_00035987.JPEG,,,,26.30789566,-17.65314293
1440,imagenet,1,ILSVRC2012_val_00036022.JPEG,,,,-42.05418777,-15.70139313
1441,imagenet,1,ILSVRC2012_val_00036048.JPEG,,,,24.79033279,-10.13093567
1442,imagenet,1,ILSVRC2012_val_00036057.JPEG,,,,-49.19474030,-5.10762167
1443,imagenet,1,ILSVRC2012_val_00036063.JPEG,,,,24.22857285,-2.25452995
1444,imagenet,1,ILSVRC2012_val_00036066.JPEG,,,,-21.13895416,17.71681023
1445,imagenet,1,ILSVRC2012_val_00036080.JPEG,,,,-9.65637970,17.68528175
1446,imagenet,1,ILSVRC2012_val_00036084.JPEG,,,,-24.70306206,-10.98875237
1447,imagenet,1,ILSVRC2012_val_00036107.JPEG,,,,-36.75735474,4.51953220
1448,imagenet,1,ILSVRC2012_val_00036110.JPEG,,,,25.92907143,-20.76503563
1449,imagenet,1,ILSVRC2012_val_00036114.JPEG,,,,23.40698242,-8.54040241
1450,imagenet,1,ILSVRC2012_val_00036119.JPEG,,,,15.41396809,34.43245697
1451,imagenet,1,ILSVRC2012_val_00036130.JPEG,,,,-2.01776528,-12.25164700
1452,imagenet,1,ILSVRC2012_val_00036155.JPEG,,,,24.40699768,1.89644408
1453,imagenet,1,ILSVRC2012_val_00036174.JPEG,,,,34.59436798,-20.77134323
1454,imagenet,1,ILSVRC2012_val_00036214.JPEG,,,,-4.44989204,35.41840363
1455,imagenet,1,ILSVRC2012_val_00036246.JPEG,,,,44.99469757,14.18080521
1456,imagenet,1,ILSVRC2012_val_00036272.JPEG,,,,-28.51762199,18.44089508
1457,imagenet,1,ILSVRC2012_val_00036302.JPEG,,,,-14.94862747,18.32565880
1458,imagenet,1,ILSVRC2012_val_00036339.JPEG,,,,11.88722515,-24.31304359
1459,imagenet,1,ILSVRC2012_val_00036352.JPEG,,,,29.15174866,-1.89147675
1460,imagenet,1,ILSVRC2012_val_00036390.JPEG,,,,16.08875656,33.24996567
1461,imagenet,1,ILSVRC2012_val_00036399.JPEG,,,,-19.40510941,-13.38172245
1462,imagenet,1,ILSVRC2012_val_00036423.JPEG,,,,8.40672779,28.61996651
1463,imagenet,1,ILSVRC2012_val_00036472.JPEG,,,,0.00551126,-16.45190239
1464,imagenet,1,ILSVRC2012_val_00036475.JPEG,,,,18.07515335,21.45678329
1465,imagenet,1,ILSVRC2012_val_00036495.JPEG,,,,34.36853790,19.16687012
1466,imagenet,1,ILSVRC2012_val_00036519.JPEG,,,,27.63899422,-2.88924885
1467,imagenet,1,ILSVRC2012_val_00036539.JPEG,,,,-28.28407097,22.46019173
1468,imagenet,1,ILSVRC2012_val_00036549.JPEG,,,,-24.94356728,-18.82835579
1469,imagenet,1,ILSVRC2012_val_00036614.JPEG,,,,40.29762268,-1.37414443
1470,imagenet,1,ILSVRC2012_val_00036675.JPEG,,,,4.36549377,19.04648781
1471,imagenet,1,ILSVRC2012_val_00036676.JPEG,,,,-18.78668404,14.26312542
1472,imagenet,1,ILSVRC2012_val_00036688.JPEG,,,,11.73203754,-14.75130558
1473,imagenet,1,ILSVRC2012_val_00036694.JPEG,,,,40.22767258,-6.62733316
1474,imagenet,1,ILSVRC2012_val_00036700.JPEG,,,,-4.34746933,16.18278122
1475,imagenet,1,ILSVRC2012_val_00036705.JPEG,,,,8.27544022,20.38883209
1476,imagenet,1,ILSVRC2012_val_00036717.JPEG,,,,22.06188774,8.46244335
1477,imagenet,1,ILSVRC2012_val_00036728.JPEG,,,,16.27017403,16.53597069
1478,imagenet,1,ILSVRC2012_val_00036741.JPEG,,,,-31.14438438,-5.06372166
1479,imagenet,1,ILSVRC2012_val_00036773.JPEG,,,,15.17902565,-0.91497886
1480,imagenet,1,ILSVRC2012_val_00036829.JPEG,,,,35.76221466,7.35080099
1481,imagenet,1,ILSVRC2012_val_00036845.JPEG,,,,36.46612930,17.19748688
1482,imagenet,1,ILSVRC2012_val_00036902.JPEG,,,,-6.33367538,33.16841125
1483,imagenet,1,ILSVRC2012_val_00036903.JPEG,,,,-7.09605789,0.22882240
1484,imagenet,1,ILSVRC2012_val_00036907.JPEG,,,,21.86515617,20.19145966
1485,imagenet,1,ILSVRC2012_val_00036929.JPEG,,,,-16.53001404,-6.18688774
1486,imagenet,1,ILSVRC2012_val_00036947.JPEG,,,,46.25836182,3.45575237
1487,imagenet,1,ILSVRC2012_val_00036977.JPEG,,,,7.64144325,12.37900448
1488,imagenet,1,ILSVRC2012_val_00037036.JPEG,,,,-11.85503101,21.13366699
1489,imagenet,1,ILSVRC2012_val_00037071.JPEG,,,,-33.10976791,-7.32775497
1490,imagenet,1,ILSVRC2012_val_00037092.JPEG,,,,1.19373786,14.76475143
1491,imagenet,1,ILSVRC2012_val_00037103.JPEG,,,,-38.90090561,-16.51416016
1492,imagenet,1,ILSVRC2012_val_00037113.JPEG,,,,28.00758934,-0.08753670
1493,imagenet,1,ILSVRC2012_val_00037184.JPEG,,,,39.37832642,-11.53308010
1494,imagenet,1,ILSVRC2012_val_00037195.JPEG,,,,8.87116718,13.96056652
1495,imagenet,1,ILSVRC2012_val_00037280.JPEG,,,,34.52135086,-2.95565009
1496,imagenet,1,ILSVRC2012_val_00037294.JPEG,,,,-3.74251509,34.08828735
1497,imagenet,1,ILSVRC2012_val_00037298.JPEG,,,,0.92241699,-11.45864868
1498,imagenet,1,ILSVRC2012_val_00037363.JPEG,,,,31.73207855,24.00144196
1499,imagenet,1,ILSVRC2012_val_00037402.JPEG,,,,-4.14841509,-27.99940872
1500,imagenet,1,ILSVRC2012_val_00037405.JPEG,,,,41.69536591,1.34190762
1501,imagenet,1,ILSVRC2012_val_00037407.JPEG,,,,-13.90158272,-7.38126898
1502,imagenet,1,ILSVRC2012_val_00037444.JPEG,,,,40.13683701,-7.55279255
1503,imagenet,1,ILSVRC2012_val_00037474.JPEG,,,,12.16129971,-24.47354698
1504,imagenet,1,ILSVRC2012_val_00037485.JPEG,,,,33.93097687,16.62552643
1505,imagenet,1,ILSVRC2012_val_00037491.JPEG,,,,38.63500214,6.61250019
1506,imagenet,1,ILSVRC2012_val_00037587.JPEG,,,,9.86341286,-18.38447952
1507,imagenet,1,ILSVRC2012_val_00037626.JPEG,,,,-27.88475990,19.25237846
1508,imagenet,1,ILSVRC2012_val_00037631.JPEG,,,,-24.76611710,18.96351242
1509,imagenet,1,ILSVRC2012_val_00037638.JPEG,,,,-12.26271534,4.74374485
1510,imagenet,1,ILSVRC2012_val_00037643.JPEG,,,,-27.23110962,14.63883114
1511,imagenet,1,ILSVRC2012_val_00037673.JPEG,,,,-11.73645020,17.30164146
1512,imagenet,1,ILSVRC2012_val_00037733.JPEG,,,,43.81017303,6.73332834
1513,imagenet,1,ILSVRC2012_val_00037784.JPEG,,,,19.84800911,23.56095695
1514,imagenet,1,ILSVRC2012_val_00037786.JPEG,,,,-16.35559082,-29.38563919
1515,imagenet,1,ILSVRC2012_val_00037797.JPEG,,,,8.81471443,13.54280090
1516,imagenet,1,ILSVRC2012_val_00037826.JPEG,,,,6.73390961,-9.27365398
1517,imagenet,1,ILSVRC2012_val_00037828.JPEG,,,,42.42081070,-1.88595295
1518,imagenet,1,ILSVRC2012_val_00037847.JPEG,,,,22.64845085,12.64134407
1519,imagenet,1,ILSVRC2012_val_00037862.JPEG,,,,13.36219978,-19.85994720
1520,imagenet,1,ILSVRC2012_val_00037882.JPEG,,,,-33.36704254,-16.60932732
1521,imagenet,1,ILSVRC2012_val_00037885.JPEG,,,,-40.68331528,-8.43148518
1522,imagenet,1,ILSVRC2012_val_00037965.JPEG,,,,21.55401611,-23.13689804
1523,imagenet,1,ILSVRC2012_val_00038027.JPEG,,,,-35.91483307,6.61370993
1524,imagenet,1,ILSVRC2012_val_00038055.JPEG,,,,-29.08210564,-1.76769900
1525,imagenet,1,ILSVRC2012_val_00038061.JPEG,,,,8.15907001,33.09620667
1526,imagenet,1,ILSVRC2012_val_00038065.JPEG,,,,-24.01301765,-23.63615608
1527,imagenet,1,ILSVRC2012_val_00038070.JPEG,,,,39.26100540,13.04717541
1528,imagenet,1,ILSVRC2012_val_00038118.JPEG,,,,43.31161118,1.10676920
1529,imagenet,1,ILSVRC2012_val_00038165.JPEG,,,,-29.37353706,-2.83077121
1530,imagenet,1,ILSVRC2012_val_00038184.JPEG,,,,-3.24044824,29.99596405
1531,imagenet,1,ILSVRC2012_val_00038186.JPEG,,,,-33.78702545,27.27769852
1532,imagenet,1,ILSVRC2012_val_00038203.JPEG,,,,-26.60877228,-11.11520195
1533,imagenet,1,ILSVRC2012_val_00038210.JPEG,,,,-8.90006733,-7.95118380
1534,imagenet,1,ILSVRC2012_val_00038251.JPEG,,,,-39.73628235,-3.98493171
1535,imagenet,1,ILSVRC2012_val_00038252.JPEG,,,,47.24342728,9.57152653
1536,imagenet,1,ILSVRC2012_val_00038268.JPEG,,,,17.13726234,-20.48980331
1537,imagenet,1,ILSVRC2012_val_00038311.JPEG,,,,18.73560333,-22.92953110
1538,imagenet,1,ILSVRC2012_val_00038350.JPEG,,,,-32.92819214,-13.62072754
1539,imagenet,1,ILSVRC2012_val_00038395.JPEG,,,,-19.77332878,-7.08294153
1540,imagenet,1,ILSVRC2012_val_00038410.JPEG,,,,41.96399307,5.50837421
1541,imagenet,1,ILSVRC2012_val_00038430.JPEG,,,,41.21583939,3.73948431
1542,imagenet,1,ILSVRC2012_val_00038452.JPEG,,,,-10.25583076,-18.45680428
1543,imagenet,1,ILSVRC2012_val_00038518.JPEG,,,,-24.20659256,8.89509964
1544,imagenet,1,ILSVRC2012_val_00038521.JPEG,,,,46.94899750,3.06822443
1545,imagenet,1,ILSVRC2012_val_00038561.JPEG,,,,29.12002373,-12.54399681
1546,imagenet,1,ILSVRC2012_val_00038570.JPEG,,,,-31.99795532,6.20488358
1547,imagenet,1,ILSVRC2012_val_00038573.JPEG,,,,26.09615517,0.09715310
1548,imagenet,1,ILSVRC2012_val_00038581.JPEG,,,,-20.16938782,18.67021561
1549,imagenet,1,ILSVRC2012_val_00038593.JPEG,,,,-37.74016571,-3.27984381
1550,imagenet,1,ILSVRC2012_val_00038608.JPEG,,,,17.52048492,-24.17339325
1551,imagenet,1,ILSVRC2012_val_00038644.JPEG,,,,-40.93839264,14.50411129
1552,imagenet,1,ILSVRC2012_val_00038651.JPEG,,,,-14.24106407,19.63189125
1553,imagenet,1,ILSVRC2012_val_00038681.JPEG,,,,-3.81725216,-18.76639557
1554,imagenet,1,ILSVRC2012_val_00038692.JPEG,,,,-37.76445770,-23.23145294
1555,imagenet,1,ILSVRC2012_val_00038771.JPEG,,,,22.56182861,25.74003029
1556,imagenet,1,ILSVRC2012_val_00038807.JPEG,,,,-32.66130829,27.50236130
1557,imagenet,1,ILSVRC2012_val_00038850.JPEG,,,,5.54432106,-23.14185715
1558,imagenet,1,ILSVRC2012_val_00038940.JPEG,,,,-33.68929672,16.73731613
1559,imagenet,1,ILSVRC2012_val_00039002.JPEG,,,,49.48470306,9.16463089
1560,imagenet,1,ILSVRC2012_val_00039006.JPEG,,,,-34.53117752,-12.63011265
1561,imagenet,1,ILSVRC2012_val_00039029.JPEG,,,,-0.26155889,11.11858749
1562,imagenet,1,ILSVRC2012_val_00039039.JPEG,,,,-1.72609651,22.63945007
1563,imagenet,1,ILSVRC2012_val_00039068.JPEG,,,,-26.69401169,-18.82004547
1564,imagenet,1,ILSVRC2012_val_00039070.JPEG,,,,48.11478424,2.39423299
1565,imagenet,1,ILSVRC2012_val_00039082.JPEG,,,,-9.04174137,34.06711960
1566,imagenet,1,ILSVRC2012_val_00039083.JPEG,,,,35.03269577,-7.45787525
1567,imagenet,1,ILSVRC2012_val_00039085.JPEG,,,,-5.84879637,10.95199203
1568,imagenet,1,ILSVRC2012_val_00039139.JPEG,,,,41.56801987,-10.44554520
1569,imagenet,1,ILSVRC2012_val_00039164.JPEG,,,,-18.61673546,-11.46435452
1570,imagenet,1,ILSVRC2012_val_00039165.JPEG,,,,-23.98457336,-12.07269096
1571,imagenet,1,ILSVRC2012_val_00039211.JPEG,,,,37.29268646,-0.30654564
1572,imagenet,1,ILSVRC2012_val_00039242.JPEG,,,,12.93892670,15.91640282
1573,imagenet,1,ILSVRC2012_val_00039275.JPEG,,,,0.90533948,33.69090652
1574,imagenet,1,ILSVRC2012_val_00039287.JPEG,,,,45.60811234,3.63986015
1575,imagenet,1,ILSVRC2012_val_00039311.JPEG,,,,-38.31071091,3.96823406
1576,imagenet,1,ILSVRC2012_val_00039321.JPEG,,,,50.23511505,2.74263144
1577,imagenet,1,ILSVRC2012_val_00039335.JPEG,,,,27.75920868,-6.35575104
1578,imagenet,1,ILSVRC2012_val_00039380.JPEG,,,,36.94006348,-6.54218769
1579,imagenet,1,ILSVRC2012_val_00039415.JPEG,,,,-24.49751472,19.77234077
1580,imagenet,1,ILSVRC2012_val_00039425.JPEG,,,,44.90096283,3.61690259
1581,imagenet,1,ILSVRC2012_val_00039433.JPEG,,,,6.38037968,-17.56830788
1582,imagenet,1,ILSVRC2012_val_00039455.JPEG,,,,-42.33014297,-1.98771012
1583,imagenet,1,ILSVRC2012_val_00039510.JPEG,,,,27.40950966,25.27810669
1584,imagenet,1,ILSVRC2012_val_00039537.JPEG,,,,-13.72688961,-27.98512077
1585,imagenet,1,ILSVRC2012_val_00039541.JPEG,,,,27.30262756,-7.98052931
1586,imagenet,1,ILSVRC2012_val_00039557.JPEG,,,,-30.70838547,11.96991920
1587,imagenet,1,ILSVRC2012_val_00039648.JPEG,,,,42.43704224,4.29656744
1588,imagenet,1,ILSVRC2012_val_00039655.JPEG,,,,-2.80612803,-19.87126732
1589,imagenet,1,ILSVRC2012_val_00039674.JPEG,,,,35.66171265,-1.05642080
1590,imagenet,1,ILSVRC2012_val_00039678.JPEG,,,,-26.37780571,14.37256622
1591,imagenet,1,ILSVRC2012_val_00039690.JPEG,,,,-41.15141296,-7.06364679
1592,imagenet,1,ILSVRC2012_val_00039694.JPEG,,,,-13.75773144,-25.63931274
1593,imagenet,1,ILSVRC2012_val_00039697.JPEG,,,,29.68492508,8.51500034
1594,imagenet,1,ILSVRC2012_val_00039700.JPEG,,,,36.73682404,19.13471222
1595,imagenet,1,ILSVRC2012_val_00039712.JPEG,,,,-26.53951454,7.32381582
1596,imagenet,1,ILSVRC2012_val_00039754.JPEG,,,,-24.46715927,19.64170074
1597,imagenet,1,ILSVRC2012_val_00039776.JPEG,,,,-38.62918472,-18.10971832
1598,imagenet,1,ILSVRC2012_val_00039779.JPEG,,,,-5.13008261,35.61547470
1599,imagenet,1,ILSVRC2012_val_00039835.JPEG,,,,-7.35637379,32.47812271
1600,imagenet,1,ILSVRC2012_val_00039837.JPEG,,,,-5.76690388,34.60068512
1601,imagenet,1,ILSVRC2012_val_00039886.JPEG,,,,0.39624175,32.36579132
1602,imagenet,1,ILSVRC2012_val_00039895.JPEG,,,,22.68291473,29.22819519
1603,imagenet,1,ILSVRC2012_val_00039905.JPEG,,,,-26.26648903,6.42984724
1604,imagenet,1,ILSVRC2012_val_00039927.JPEG,,,,-7.98205185,-1.14194894
1605,imagenet,1,ILSVRC2012_val_00039935.JPEG,,,,-0.56952685,6.02786064
1606,imagenet,1,ILSVRC2012_val_00039983.JPEG,,,,0.24947304,33.71242142
1607,imagenet,1,ILSVRC2012_val_00039986.JPEG,,,,2.60789871,35.65412521
1608,imagenet,1,ILSVRC2012_val_00039993.JPEG,,,,11.47013474,-10.72822380
1609,imagenet,1,ILSVRC2012_val_00040000.JPEG,,,,7.10678482,-10.47187614
1610,imagenet,1,ILSVRC2012_val_00040033.JPEG,,,,-14.87906265,-29.11042595
1611,imagenet,1,ILSVRC2012_val_00040053.JPEG,,,,-39.21231079,-1.53415227
1612,imagenet,1,ILSVRC2012_val_00040075.JPEG,,,,-10.43661499,-13.04619789
1613,imagenet,1,ILSVRC2012_val_00040096.JPEG,,,,-0.82144928,-1.21139753
1614,imagenet,1,ILSVRC2012_val_00040130.JPEG,,,,-9.01505756,-16.70748711
1615,imagenet,1,ILSVRC2012_val_00040158.JPEG,,,,-35.04584122,-6.35588741
1616,imagenet,1,ILSVRC2012_val_00040172.JPEG,,,,38.87738419,11.75733376
1617,imagenet,1,ILSVRC2012_val_00040227.JPEG,,,,-19.28346443,15.88884449
1618,imagenet,1,ILSVRC2012_val_00040280.JPEG,,,,-9.41235733,34.48604584
1619,imagenet,1,ILSVRC2012_val_00040306.JPEG,,,,-42.24248123,-7.31069136
1620,imagenet,1,ILSVRC2012_val_00040328.JPEG,,,,13.15991306,33.53758240
1621,imagenet,1,ILSVRC2012_val_00040330.JPEG,,,,45.99070358,3.12107253
1622,imagenet,1,ILSVRC2012_val_00040369.JPEG,,,,-38.81374359,7.35118389
1623,imagenet,1,ILSVRC2012_val_00040392.JPEG,,,,1.03068459,5.92534637
1624,imagenet,1,ILSVRC2012_val_00040417.JPEG,,,,22.04769325,24.24627304
1625,imagenet,1,ILSVRC2012_val_00040429.JPEG,,,,17.32166672,-6.04860544
1626,imagenet,1,ILSVRC2012_val_00040434.JPEG,,,,4.88832664,-13.05658150
1627,imagenet,1,ILSVRC2012_val_00040478.JPEG,,,,-40.50134659,0.41393745
1628,imagenet,1,ILSVRC2012_val_00040479.JPEG,,,,-29.16152382,-18.83362007
1629,imagenet,1,ILSVRC2012_val_00040483.JPEG,,,,44.38639832,-7.73620987
1630,imagenet,1,ILSVRC2012_val_00040500.JPEG,,,,-19.34844589,-17.28069305
1631,imagenet,1,ILSVRC2012_val_00040527.JPEG,,,,-29.00139809,12.29774475
1632,imagenet,1,ILSVRC2012_val_00040546.JPEG,,,,-14.58380699,12.17859650
1633,imagenet,1,ILSVRC2012_val_00040564.JPEG,,,,-33.45658493,11.59129047
1634,imagenet,1,ILSVRC2012_val_00040576.JPEG,,,,18.68937111,31.07328224
1635,imagenet,1,ILSVRC2012_val_00040636.JPEG,,,,-33.71188736,2.96070123
1636,imagenet,1,ILSVRC2012_val_00040703.JPEG,,,,-35.79806900,8.67179871
1637,imagenet,1,ILSVRC2012_val_00040775.JPEG,,,,3.03856683,-6.80782270
1638,imagenet,1,ILSVRC2012_val_00040787.JPEG,,,,-26.44552040,16.71262550
1639,imagenet,1,ILSVRC2012_val_00040801.JPEG,,,,-33.74607849,17.24383163
1640,imagenet,1,ILSVRC2012_val_00040809.JPEG,,,,11.81446075,-7.77002048
1641,imagenet,1,ILSVRC2012_val_00040831.JPEG,,,,-29.89484596,-12.44875240
1642,imagenet,1,ILSVRC2012_val_00040854.JPEG,,,,-19.12750244,29.40633392
1643,imagenet,1,ILSVRC2012_val_00040860.JPEG,,,,9.06874752,29.84060669
1644,imagenet,1,ILSVRC2012_val_00040865.JPEG,,,,26.93655205,-22.03700066
1645,imagenet,1,ILSVRC2012_val_00040896.JPEG,,,,37.36716080,19.30279350
1646,imagenet,1,ILSVRC2012_val_00040900.JPEG,,,,24.07461166,28.17033577
1647,imagenet,1,ILSVRC2012_val_00040924.JPEG,,,,43.96017838,-1.53557813
1648,imagenet,1,ILSVRC2012_val_00040974.JPEG,,,,15.25395870,-21.33841133
1649,imagenet,1,ILSVRC2012_val_00041169.JPEG,,,,-14.87379074,-7.46135426
1650,imagenet,1,ILSVRC2012_val_00041214.JPEG,,,,17.88336945,-15.28779984
1651,imagenet,1,ILSVRC2012_val_00041233.JPEG,,,,34.78462219,-15.75883102
1652,imagenet,1,ILSVRC2012_val_00041241.JPEG,,,,43.61604309,7.67038774
1653,imagenet,1,ILSVRC2012_val_00041247.JPEG,,,,-37.67524719,19.72065163
1654,imagenet,1,ILSVRC2012_val_00041261.JPEG,,,,32.63554001,19.61451721
1655,imagenet,1,ILSVRC2012_val_00041323.JPEG,,,,36.51368332,-5.28250456
1656,imagenet,1,ILSVRC2012_val_00041326.JPEG,,,,28.79045105,14.44190502
1657,imagenet,1,ILSVRC2012_val_00041340.JPEG,,,,-31.92877579,17.61999321
1658,imagenet,1,ILSVRC2012_val_00041403.JPEG,,,,25.92050171,-19.81812096
1659,imagenet,1,ILSVRC2012_val_00041406.JPEG,,,,39.18140411,9.77225685
1660,imagenet,1,ILSVRC2012_val_00041411.JPEG,,,,-31.70910072,-6.87310553
1661,imagenet,1,ILSVRC2012_val_00041424.JPEG,,,,40.41247177,-12.36821747
1662,imagenet,1,ILSVRC2012_val_00041455.JPEG,,,,-35.30321884,26.08296394
1663,imagenet,1,ILSVRC2012_val_00041461.JPEG,,,,-12.92374802,-29.68182945
1664,imagenet,1,ILSVRC2012_val_00041464.JPEG,,,,37.66535950,-3.32135892
1665,imagenet,1,ILSVRC2012_val_00041489.JPEG,,,,-34.56981659,22.14736557
1666,imagenet,1,ILSVRC2012_val_00041495.JPEG,,,,5.17422390,19.71953583
1667,imagenet,1,ILSVRC2012_val_00041513.JPEG,,,,25.29715729,19.11119652
1668,imagenet,1,ILSVRC2012_val_00041591.JPEG,,,,30.29066277,24.61994362
1669,imagenet,1,ILSVRC2012_val_00041608.JPEG,,,,-17.31227112,-28.73195267
1670,imagenet,1,ILSVRC2012_val_00041609.JPEG,,,,41.18281174,11.43829823
1671,imagenet,1,ILSVRC2012_val_00041627.JPEG,,,,-39.65780258,0.27757373
1672,imagenet,1,ILSVRC2012_val_00041660.JPEG,,,,-2.34922433,38.65612793
1673,imagenet,1,ILSVRC2012_val_00041698.JPEG,,,,-25.35382652,-19.08357048
1674,imagenet,1,ILSVRC2012_val_00041728.JPEG,,,,33.19275284,0.27736518
1675,imagenet,1,ILSVRC2012_val_00041737.JPEG,,,,25.35573006,-3.74966955
1676,imagenet,1,ILSVRC2012_val_00041777.JPEG,,,,7.02996254,11.89050198
1677,imagenet,1,ILSVRC2012_val_00041779.JPEG,,,,-21.39809227,31.65093803
1678,imagenet,1,ILSVRC2012_val_00041788.JPEG,,,,11.58212376,32.23191833
1679,imagenet,1,ILSVRC2012_val_00041819.JPEG,,,,-32.46752548,0.57591075
1680,imagenet,1,ILSVRC2012_val_00041830.JPEG,,,,37.12940598,19.41733742
1681,imagenet,1,ILSVRC2012_val_00041832.JPEG,,,,5.82084751,12.84201145
1682,imagenet,1,ILSVRC2012_val_00041848.JPEG,,,,-24.85447311,26.52838898
1683,imagenet,1,ILSVRC2012_val_00041865.JPEG,,,,29.79142761,-6.85005140
1684,imagenet,1,ILSVRC2012_val_00041926.JPEG,,,,14.47838497,-18.60430527
1685,imagenet,1,ILSVRC2012_val_00041930.JPEG,,,,3.03828549,-28.16394806
1686,imagenet,1,ILSVRC2012_val_00041934.JPEG,,,,-3.55454421,-15.23215008
1687,imagenet,1,ILSVRC2012_val_00041942.JPEG,,,,-33.67303848,24.74013710
1688,imagenet,1,ILSVRC2012_val_00041954.JPEG,,,,10.19148159,-3.50338078
1689,imagenet,1,ILSVRC2012_val_00041999.JPEG,,,,-19.70114326,10.22103882
1690,imagenet,1,ILSVRC2012_val_00042024.JPEG,,,,-24.61704063,5.53690815
1691,imagenet,1,ILSVRC2012_val_00042028.JPEG,,,,-34.10189819,-17.92492485
1692,imagenet,1,ILSVRC2012_val_00042047.JPEG,,,,31.65254784,14.53201103
1693,imagenet,1,ILSVRC2012_val_00042064.JPEG,,,,-23.01494598,3.88557291
1694,imagenet,1,ILSVRC2012_val_00042138.JPEG,,,,-21.72244835,-22.29411316
1695,imagenet,1,ILSVRC2012_val_00042273.JPEG,,,,28.38767242,-10.18310165
1696,imagenet,1,ILSVRC2012_val_00042275.JPEG,,,,23.68935013,14.86092854
1697,imagenet,1,ILSVRC2012_val_00042286.JPEG,,,,-26.60792542,24.69944954
1698,imagenet,1,ILSVRC2012_val_00042303.JPEG,,,,41.99769592,10.24992085
1699,imagenet,1,ILSVRC2012_val_00042327.JPEG,,,,-22.21231461,-20.20373154
1700,imagenet,1,ILSVRC2012_val_00042338.JPEG,,,,43.97015381,11.47805023
1701,imagenet,1,ILSVRC2012_val_00042345.JPEG,,,,-34.84875870,-4.37851286
1702,imagenet,1,ILSVRC2012_val_00042374.JPEG,,,,-31.73221397,-3.26709843
1703,imagenet,1,ILSVRC2012_val_00042389.JPEG,,,,8.71041012,-12.97538376
1704,imagenet,1,ILSVRC2012_val_00042401.JPEG,,,,3.98936605,19.89835739
1705,imagenet,1,ILSVRC2012_val_00042406.JPEG,,,,-9.50120544,16.64976311
1706,imagenet,1,ILSVRC2012_val_00042445.JPEG,,,,-16.12650108,-14.07339191
1707,imagenet,1,ILSVRC2012_val_00042489.JPEG,,,,-2.55774641,15.37872410
1708,imagenet,1,ILSVRC2012_val_00042530.JPEG,,,,-19.87387657,29.27889633
1709,imagenet,1,ILSVRC2012_val_00042536.JPEG,,,,-40.16690826,-2.81203866
1710,imagenet,1,ILSVRC2012_val_00042675.JPEG,,,,15.45510769,-24.03816223
1711,imagenet,1,ILSVRC2012_val_00042714.JPEG,,,,-24.27884674,-18.39605331
1712,imagenet,1,ILSVRC2012_val_00042745.JPEG,,,,34.66608429,10.21727848
1713,imagenet,1,ILSVRC2012_val_00042773.JPEG,,,,23.40704346,25.19177818
1714,imagenet,1,ILSVRC2012_val_00042776.JPEG,,,,33.04682159,16.03747559
1715,imagenet,1,ILSVRC2012_val_00042781.JPEG,,,,21.52723122,26.21680641
1716,imagenet,1,ILSVRC2012_val_00042787.JPEG,,,,-38.61620712,0.25388330
1717,imagenet,1,ILSVRC2012_val_00042838.JPEG,,,,37.54923248,18.74921989
1718,imagenet,1,ILSVRC2012_val_00042860.JPEG,,,,-35.06159592,-19.87980080
1719,imagenet,1,ILSVRC2012_val_00042908.JPEG,,,,38.71726608,0.46161488
1720,imagenet,1,ILSVRC2012_val_00042926.JPEG,,,,19.71351433,0.55112928
1721,imagenet,1,ILSVRC2012_val_00042969.JPEG,,,,51.45586395,1.35977018
1722,imagenet,1,ILSVRC2012_val_00042995.JPEG,,,,-38.89368439,-11.03856468
1723,imagenet,1,ILSVRC2012_val_00043025.JPEG,,,,20.89250374,24.72358704
1724,imagenet,1,ILSVRC2012_val_00043056.JPEG,,,,-4.73176289,-15.03416348
1725,imagenet,1,ILSVRC2012_val_00043080.JPEG,,,,19.78792953,13.57864189
1726,imagenet,1,ILSVRC2012_val_00043081.JPEG,,,,15.98042011,10.50920773
1727,imagenet,1,ILSVRC2012_val_00043097.JPEG,,,,-8.10568142,-30.08523178
1728,imagenet,1,ILSVRC2012_val_00043132.JPEG,,,,20.16340446,4.69580221
1729,imagenet,1,ILSVRC2012_val_00043179.JPEG,,,,42.46620941,2.94195604
1730,imagenet,1,ILSVRC2012_val_00043213.JPEG,,,,19.83402824,-15.63903046
1731,imagenet,1,ILSVRC2012_val_00043248.JPEG,,,,-27.67436790,22.03034401
1732,imagenet,1,ILSVRC2012_val_00043257.JPEG,,,,15.86171532,14.66847515
1733,imagenet,1,ILSVRC2012_val_00043278.JPEG,,,,-25.76450157,25.57612419
1734,imagenet,1,ILSVRC2012_val_00043280.JPEG,,,,10.36228275,-3.49672961
1735,imagenet,1,ILSVRC2012_val_00043349.JPEG,,,,-32.99106979,10.15546703
1736,imagenet,1,ILSVRC2012_val_00043368.JPEG,,,,18.13779449,-13.85351467
1737,imagenet,1,ILSVRC2012_val_00043409.JPEG,,,,-14.97706509,24.43955994
1738,imagenet,1,ILSVRC2012_val_00043424.JPEG,,,,-3.94214559,7.87214565
1739,imagenet,1,ILSVRC2012_val_00043581.JPEG,,,,42.55570984,6.96176577
1740,imagenet,1,ILSVRC2012_val_00043630.JPEG,,,,6.26962662,4.59806490
1741,imagenet,1,ILSVRC2012_val_00043637.JPEG,,,,14.66726017,31.66727448
1742,imagenet,1,ILSVRC2012_val_00043639.JPEG,,,,9.25895119,22.91010284
1743,imagenet,1,ILSVRC2012_val_00043658.JPEG,,,,-6.40543175,-11.43067551
1744,imagenet,1,ILSVRC2012_val_00043689.JPEG,,,,38.30207825,-12.18175125
1745,imagenet,1,ILSVRC2012_val_00043695.JPEG,,,,-30.52342796,-15.99300098
1746,imagenet,1,ILSVRC2012_val_00043705.JPEG,,,,19.06456947,25.29970360
1747,imagenet,1,ILSVRC2012_val_00043737.JPEG,,,,-17.03853989,30.87688828
1748,imagenet,1,ILSVRC2012_val_00043753.JPEG,,,,35.47229385,18.03530693
1749,imagenet,1,ILSVRC2012_val_00043758.JPEG,,,,-38.01163101,5.04772472
1750,imagenet,1,ILSVRC2012_val_00043794.JPEG,,,,6.98172617,21.42387009
1751,imagenet,1,ILSVRC2012_val_00043925.JPEG,,,,-5.06764317,31.93535995
1752,imagenet,1,ILSVRC2012_val_00043931.JPEG,,,,-1.46186960,32.24712753
1753,imagenet,1,ILSVRC2012_val_00043932.JPEG,,,,11.59600353,30.69474220
1754,imagenet,1,ILSVRC2012_val_00043957.JPEG,,,,48.89440536,-0.56059271
1755,imagenet,1,ILSVRC2012_val_00043968.JPEG,,,,-10.10065269,7.72987795
1756,imagenet,1,ILSVRC2012_val_00044001.JPEG,,,,-32.01250458,19.57522011
1757,imagenet,1,ILSVRC2012_val_00044104.JPEG,,,,17.16619492,-8.96196365
1758,imagenet,1,ILSVRC2012_val_00044124.JPEG,,,,-5.24938345,35.98073959
1759,imagenet,1,ILSVRC2012_val_00044179.JPEG,,,,11.88930225,-14.37679672
1760,imagenet,1,ILSVRC2012_val_00044243.JPEG,,,,9.87064552,-15.56308079
1761,imagenet,1,ILSVRC2012_val_00044246.JPEG,,,,39.04168701,-6.59015322
1762,imagenet,1,ILSVRC2012_val_00044255.JPEG,,,,28.34338379,24.56515121
1763,imagenet,1,ILSVRC2012_val_00044264.JPEG,,,,32.76174927,-20.35378075
1764,imagenet,1,ILSVRC2012_val_00044269.JPEG,,,,28.76412964,27.17635536
1765,imagenet,1,ILSVRC2012_val_00044273.JPEG,,,,-28.41622925,29.05879784
1766,imagenet,1,ILSVRC2012_val_00044299.JPEG,,,,8.06803799,34.43063354
1767,imagenet,1,ILSVRC2012_val_00044315.JPEG,,,,-31.40798569,6.63735962
1768,imagenet,1,ILSVRC2012_val_00044322.JPEG,,,,45.09370804,4.51933336
1769,imagenet,1,ILSVRC2012_val_00044342.JPEG,,,,24.07955933,-21.30468178
1770,imagenet,1,ILSVRC2012_val_00044417.JPEG,,,,-36.90999985,14.61974716
1771,imagenet,1,ILSVRC2012_val_00044428.JPEG,,,,-36.11485291,23.07232475
1772,imagenet,1,ILSVRC2012_val_00044439.JPEG,,,,35.45737457,23.36200333
1773,imagenet,1,ILSVRC2012_val_00044458.JPEG,,,,21.92802048,-19.68948746
1774,imagenet,1,ILSVRC2012_val_00044491.JPEG,,,,25.58261490,3.07404947
1775,imagenet,1,ILSVRC2012_val_00044493.JPEG,,,,-40.68897247,5.61715889
1776,imagenet,1,ILSVRC2012_val_00044503.JPEG,,,,-9.24600029,-24.23444176
1777,imagenet,1,ILSVRC2012_val_00044540.JPEG,,,,-4.30291462,7.60075760
1778,imagenet,1,ILSVRC2012_val_00044583.JPEG,,,,18.27559090,-2.71817827
1779,imagenet,1,ILSVRC2012_val_00044620.JPEG,,,,29.31313324,24.18159676
1780,imagenet,1,ILSVRC2012_val_00044683.JPEG,,,,-36.99705124,3.47395563
1781,imagenet,1,ILSVRC2012_val_00044700.JPEG,,,,-14.44490147,-27.15614891
1782,imagenet,1,ILSVRC2012_val_00044706.JPEG,,,,-25.73306084,-13.72352123
1783,imagenet,1,ILSVRC2012_val_00044784.JPEG,,,,46.44778061,4.24189520
1784,imagenet,1,ILSVRC2012_val_00044801.JPEG,,,,16.00369263,-20.44123268
1785,imagenet,1,ILSVRC2012_val_00044818.JPEG,,,,-9.34065533,8.02416515
1786,imagenet,1,ILSVRC2012_val_00044947.JPEG,,,,34.03584290,5.61006165
1787,imagenet,1,ILSVRC2012_val_00044971.JPEG,,,,10.30419636,-8.39074421
1788,imagenet,1,ILSVRC2012_val_00044985.JPEG,,,,-34.60171127,-6.37351799
1789,imagenet,1,ILSVRC2012_val_00045024.JPEG,,,,-5.06832218,-28.42805099
1790,imagenet,1,ILSVRC2012_val_00045056.JPEG,,,,-26.00221443,1.69513464
1791,imagenet,1,ILSVRC2012_val_00045117.JPEG,,,,-39.03482056,-4.93567467
1792,imagenet,1,ILSVRC2012_val_00045222.JPEG,,,,27.91312790,2.21282291
1793,imagenet,1,ILSVRC2012_val_00045269.JPEG,,,,-21.35371017,21.37707138
1794,imagenet,1,ILSVRC2012_val_00045276.JPEG,,,,18.06124878,-19.88814354
1795,imagenet,1,ILSVRC2012_val_00045281.JPEG,,,,30.62339401,-7.39247179
1796,imagenet,1,ILSVRC2012_val_00045296.JPEG,,,,23.30469131,-18.24616623
1797,imagenet,1,ILSVRC2012_val_00045301.JPEG,,,,37.21236420,5.76407146
1798,imagenet,1,ILSVRC2012_val_00045309.JPEG,,,,25.53445244,-11.83001995
1799,imagenet,1,ILSVRC2012_val_00045329.JPEG,,,,4.99500513,25.99273872
1800,imagenet,1,ILSVRC2012_val_00045357.JPEG,,,,-33.84808731,10.87014198
1801,imagenet,1,ILSVRC2012_val_00045359.JPEG,,,,15.76645660,-11.82792282
1802,imagenet,1,ILSVRC2012_val_00045390.JPEG,,,,23.37930679,14.39251995
1803,imagenet,1,ILSVRC2012_val_00045391.JPEG,,,,29.85016823,-13.23763752
1804,imagenet,1,ILSVRC2012_val_00045404.JPEG,,,,35.76637268,-15.27455425
1805,imagenet,1,ILSVRC2012_val_00045431.JPEG,,,,-37.54698944,-8.53346157
1806,imagenet,1,ILSVRC2012_val_00045447.JPEG,,,,-26.77310753,-6.20811653
1807,imagenet,1,ILSVRC2012_val_00045497.JPEG,,,,32.33551788,-1.88223565
1808,imagenet,1,ILSVRC2012_val_00045519.JPEG,,,,40.90849304,4.54988337
1809,imagenet,1,ILSVRC2012_val_00045552.JPEG,,,,9.70400620,-54.72736740
1810,imagenet,1,ILSVRC2012_val_00045575.JPEG,,,,35.92136002,-0.37196937
1811,imagenet,1,ILSVRC2012_val_00045598.JPEG,,,,-11.94336319,20.81610870
1812,imagenet,1,ILSVRC2012_val_00045609.JPEG,,,,-8.10206032,-3.56459880
1813,imagenet,1,ILSVRC2012_val_00045698.JPEG,,,,-18.13109398,-0.51409227
1814,imagenet,1,ILSVRC2012_val_00045802.JPEG,,,,-2.32501936,33.94058990
1815,imagenet,1,ILSVRC2012_val_00045805.JPEG,,,,-9.15730476,-6.62153196
1816,imagenet,1,ILSVRC2012_val_00045815.JPEG,,,,-26.01943016,17.25134850
1817,imagenet,1,ILSVRC2012_val_00045835.JPEG,,,,-44.41428375,-0.87843376
1818,imagenet,1,ILSVRC2012_val_00045842.JPEG,,,,-30.38383102,26.43602562
1819,imagenet,1,ILSVRC2012_val_00045848.JPEG,,,,16.68635178,-25.21099091
1820,imagenet,1,ILSVRC2012_val_00045888.JPEG,,,,48.21817398,3.43439460
1821,imagenet,1,ILSVRC2012_val_00045917.JPEG,,,,-8.55800438,5.15701199
1822,imagenet,1,ILSVRC2012_val_00045941.JPEG,,,,24.21703529,1.90336549
1823,imagenet,1,ILSVRC2012_val_00045954.JPEG,,,,20.92956543,-6.89661789
1824,imagenet,1,ILSVRC2012_val_00045956.JPEG,,,,-9.81585121,32.48017502
1825,imagenet,1,ILSVRC2012_val_00045996.JPEG,,,,-33.06920242,3.15849185
1826,imagenet,1,ILSVRC2012_val_00046091.JPEG,,,,3.24497581,24.83027649
1827,imagenet,1,ILSVRC2012_val_00046104.JPEG,,,,-30.10826492,27.96246910
1828,imagenet,1,ILSVRC2012_val_00046130.JPEG,,,,-18.56939316,-11.99537277
1829,imagenet,1,ILSVRC2012_val_00046135.JPEG,,,,25.41540718,25.00458336
1830,imagenet,1,ILSVRC2012_val_00046149.JPEG,,,,4.86332035,-13.20139217
1831,imagenet,1,ILSVRC2012_val_00046190.JPEG,,,,13.18304443,36.54057693
1832,imagenet,1,ILSVRC2012_val_00046196.JPEG,,,,23.63593102,-13.51156902
1833,imagenet,1,ILSVRC2012_val_00046232.JPEG,,,,-28.00611115,21.69081306
1834,imagenet,1,ILSVRC2012_val_00046256.JPEG,,,,-19.98325348,28.40369797
1835,imagenet,1,ILSVRC2012_val_00046275.JPEG,,,,14.18769264,-20.85255241
1836,imagenet,1,ILSVRC2012_val_00046292.JPEG,,,,0.72550142,-19.23288155
1837,imagenet,1,ILSVRC2012_val_00046297.JPEG,,,,-0.94693679,36.67235947
1838,imagenet,1,ILSVRC2012_val_00046303.JPEG,,,,-8.70208073,32.66482544
1839,imagenet,1,ILSVRC2012_val_00046311.JPEG,,,,-31.21147537,13.44742489
1840,imagenet,1,ILSVRC2012_val_00046360.JPEG,,,,15.34592915,-26.71464539
1841,imagenet,1,ILSVRC2012_val_00046366.JPEG,,,,-24.03845787,-16.30201912
1842,imagenet,1,ILSVRC2012_val_00046381.JPEG,,,,43.53769684,5.51561880
1843,imagenet,1,ILSVRC2012_val_00046394.JPEG,,,,-3.39586520,15.93171120
1844,imagenet,1,ILSVRC2012_val_00046476.JPEG,,,,23.92916870,-14.26561069
1845,imagenet,1,ILSVRC2012_val_00046477.JPEG,,,,-15.45397091,3.17854929
1846,imagenet,1,ILSVRC2012_val_00046516.JPEG,,,,37.27721024,17.83438683
1847,imagenet,1,ILSVRC2012_val_00046552.JPEG,,,,-37.61682892,-10.29483604
1848,imagenet,1,ILSVRC2012_val_00046586.JPEG,,,,39.07284164,0.56187958
1849,imagenet,1,ILSVRC2012_val_00046605.JPEG,,,,-25.67885399,-19.86259651
1850,imagenet,1,ILSVRC2012_val_00046669.JPEG,,,,7.92263460,-14.83759308
1851,imagenet,1,ILSVRC2012_val_00046696.JPEG,,,,1.50682485,0.72938031
1852,imagenet,1,ILSVRC2012_val_00046705.JPEG,,,,1.30141425,19.05568695
1853,imagenet,1,ILSVRC2012_val_00046719.JPEG,,,,14.96963024,6.63604975
1854,imagenet,1,ILSVRC2012_val_00046723.JPEG,,,,47.81422043,5.92792654
1855,imagenet,1,ILSVRC2012_val_00046755.JPEG,,,,-26.61924553,-11.23481655
1856,imagenet,1,ILSVRC2012_val_00046796.JPEG,,,,-7.08026743,-20.01724434
1857,imagenet,1,ILSVRC2012_val_00046820.JPEG,,,,-22.73970032,6.05277443
1858,imagenet,1,ILSVRC2012_val_00046850.JPEG,,,,43.83549118,3.64019632
1859,imagenet,1,ILSVRC2012_val_00046871.JPEG,,,,49.19858551,12.11418819
1860,imagenet,1,ILSVRC2012_val_00046878.JPEG,,,,-33.32555771,-2.94856739
1861,imagenet,1,ILSVRC2012_val_00046894.JPEG,,,,-5.05634689,33.53718185
1862,imagenet,1,ILSVRC2012_val_00046906.JPEG,,,,44.65761566,8.30385113
1863,imagenet,1,ILSVRC2012_val_00046916.JPEG,,,,-7.51020002,13.06839371
1864,imagenet,1,ILSVRC2012_val_00046929.JPEG,,,,-12.90169907,-14.58488464
1865,imagenet,1,ILSVRC2012_val_00046940.JPEG,,,,-15.77521229,-25.59522247
1866,imagenet,1,ILSVRC2012_val_00046971.JPEG,,,,35.65951538,-7.10607290
1867,imagenet,1,ILSVRC2012_val_00046974.JPEG,,,,13.07155037,15.61377811
1868,imagenet,1,ILSVRC2012_val_00046976.JPEG,,,,49.25395584,9.60680771
1869,imagenet,1,ILSVRC2012_val_00046979.JPEG,,,,10.20538807,-13.08659554
1870,imagenet,1,ILSVRC2012_val_00046983.JPEG,,,,10.51111221,2.92810225
1871,imagenet,1,ILSVRC2012_val_00047067.JPEG,,,,-44.74932480,5.44821072
1872,imagenet,1,ILSVRC2012_val_00047129.JPEG,,,,13.08752060,34.24711609
1873,imagenet,1,ILSVRC2012_val_00047175.JPEG,,,,-33.44280624,22.75697327
1874,imagenet,1,ILSVRC2012_val_00047224.JPEG,,,,-44.99519348,0.36379936
1875,imagenet,1,ILSVRC2012_val_00047281.JPEG,,,,-5.40112734,20.09085655
1876,imagenet,1,ILSVRC2012_val_00047305.JPEG,,,,9.19070053,33.49008560
1877,imagenet,1,ILSVRC2012_val_00047308.JPEG,,,,21.40264893,21.63514519
1878,imagenet,1,ILSVRC2012_val_00047323.JPEG,,,,-14.05717182,-14.83822441
1879,imagenet,1,ILSVRC2012_val_00047341.JPEG,,,,10.22341919,22.28912163
1880,imagenet,1,ILSVRC2012_val_00047381.JPEG,,,,-9.49842262,-20.42029953
1881,imagenet,1,ILSVRC2012_val_00047417.JPEG,,,,25.83611107,15.66257858
1882,imagenet,1,ILSVRC2012_val_00047452.JPEG,,,,-31.90850639,-15.91281986
1883,imagenet,1,ILSVRC2012_val_00047469.JPEG,,,,-42.39637756,-4.57287788
1884,imagenet,1,ILSVRC2012_val_00047476.JPEG,,,,1.35572469,14.12776947
1885,imagenet,1,ILSVRC2012_val_00047484.JPEG,,,,-19.88273239,-13.55880451
1886,imagenet,1,ILSVRC2012_val_00047505.JPEG,,,,3.84034491,5.22439003
1887,imagenet,1,ILSVRC2012_val_00047552.JPEG,,,,33.39904022,25.12632751
1888,imagenet,1,ILSVRC2012_val_00047569.JPEG,,,,-4.56140757,-29.75747490
1889,imagenet,1,ILSVRC2012_val_00047606.JPEG,,,,-9.39152718,-13.33815479
1890,imagenet,1,ILSVRC2012_val_00047666.JPEG,,,,34.14784241,25.46477890
1891,imagenet,1,ILSVRC2012_val_00047701.JPEG,,,,-20.87091255,29.41612625
1892,imagenet,1,ILSVRC2012_val_00047722.JPEG,,,,15.70418739,11.18300819
1893,imagenet,1,ILSVRC2012_val_00047723.JPEG,,,,-5.85499334,-29.08829880
1894,imagenet,1,ILSVRC2012_val_00047727.JPEG,,,,31.84959030,21.71436501
1895,imagenet,1,ILSVRC2012_val_00047728.JPEG,,,,35.08384323,15.16747856
1896,imagenet,1,ILSVRC2012_val_00047739.JPEG,,,,17.25423431,30.26882553
1897,imagenet,1,ILSVRC2012_val_00047763.JPEG,,,,-38.86445236,20.34686661
1898,imagenet,1,ILSVRC2012_val_00047767.JPEG,,,,-26.20943260,18.87625694
1899,imagenet,1,ILSVRC2012_val_00047823.JPEG,,,,6.40422678,22.16461182
1900,imagenet,1,ILSVRC2012_val_00047848.JPEG,,,,48.17478943,10.19533730
1901,imagenet,1,ILSVRC2012_val_00047873.JPEG,,,,-34.30953979,19.34902191
1902,imagenet,1,ILSVRC2012_val_00047881.JPEG,,,,-29.48310089,2.91576385
1903,imagenet,1,ILSVRC2012_val_00047921.JPEG,,,,31.53145027,-6.43443203
1904,imagenet,1,ILSVRC2012_val_00047952.JPEG,,,,-34.59557724,-15.51247406
1905,imagenet,1,ILSVRC2012_val_00047959.JPEG,,,,-3.54289389,-3.29260898
1906,imagenet,1,ILSVRC2012_val_00047963.JPEG,,,,-5.54311752,19.30607224
1907,imagenet,1,ILSVRC2012_val_00047967.JPEG,,,,8.57726860,27.58403969
1908,imagenet,1,ILSVRC2012_val_00047996.JPEG,,,,4.56847811,16.88589096
1909,imagenet,1,ILSVRC2012_val_00048013.JPEG,,,,24.37825394,9.95796776
1910,imagenet,1,ILSVRC2012_val_00048039.JPEG,,,,-25.20800400,-5.33832550
1911,imagenet,1,ILSVRC2012_val_00048071.JPEG,,,,-11.01682377,-0.92216992
1912,imagenet,1,ILSVRC2012_val_00048110.JPEG,,,,-13.83414268,-11.39820004
1913,imagenet,1,ILSVRC2012_val_00048134.JPEG,,,,-11.90221977,1.39230108
1914,imagenet,1,ILSVRC2012_val_00048136.JPEG,,,,35.97515488,0.18200010
1915,imagenet,1,ILSVRC2012_val_00048190.JPEG,,,,-2.57111382,-11.02480888
1916,imagenet,1,ILSVRC2012_val_00048205.JPEG,,,,-28.15276146,-16.43588829
1917,imagenet,1,ILSVRC2012_val_00048206.JPEG,,,,50.92901993,9.61785507
1918,imagenet,1,ILSVRC2012_val_00048217.JPEG,,,,49.43735123,12.53078270
1919,imagenet,1,ILSVRC2012_val_00048222.JPEG,,,,-36.23344040,12.40282154
1920,imagenet,1,ILSVRC2012_val_00048231.JPEG,,,,-31.25633812,-4.18618965
1921,imagenet,1,ILSVRC2012_val_00048275.JPEG,,,,-37.98902512,-4.71373081
1922,imagenet,1,ILSVRC2012_val_00048316.JPEG,,,,-1.52265477,1.07153821
1923,imagenet,1,ILSVRC2012_val_00048335.JPEG,,,,30.98974991,9.91341591
1924,imagenet,1,ILSVRC2012_val_00048341.JPEG,,,,-34.47150421,9.88870239
1925,imagenet,1,ILSVRC2012_val_00048355.JPEG,,,,-2.43934250,1.81038988
1926,imagenet,1,ILSVRC2012_val_00048370.JPEG,,,,-27.69759750,20.14443016
1927,imagenet,1,ILSVRC2012_val_00048425.JPEG,,,,-1.34875143,-30.70710373
1928,imagenet,1,ILSVRC2012_val_00048426.JPEG,,,,-41.15178680,18.61551285
1929,imagenet,1,ILSVRC2012_val_00048427.JPEG,,,,19.18714333,19.17134666
1930,imagenet,1,ILSVRC2012_val_00048544.JPEG,,,,-3.18570638,-21.76096153
1931,imagenet,1,ILSVRC2012_val_00048554.JPEG,,,,-32.60813904,-14.33069611
1932,imagenet,1,ILSVRC2012_val_00048556.JPEG,,,,35.59808731,-8.55704689
1933,imagenet,1,ILSVRC2012_val_00048559.JPEG,,,,30.80106544,6.63243914
1934,imagenet,1,ILSVRC2012_val_00048560.JPEG,,,,-32.30000305,15.24668789
1935,imagenet,1,ILSVRC2012_val_00048613.JPEG,,,,20.61268234,16.42116547
1936,imagenet,1,ILSVRC2012_val_00048615.JPEG,,,,-25.07159424,-5.74627924
1937,imagenet,1,ILSVRC2012_val_00048616.JPEG,,,,36.41453171,-2.41345668
1938,imagenet,1,ILSVRC2012_val_00048626.JPEG,,,,9.50195980,3.26977229
1939,imagenet,1,ILSVRC2012_val_00048632.JPEG,,,,17.69990540,28.91715050
1940,imagenet,1,ILSVRC2012_val_00048633.JPEG,,,,13.25507832,30.48688126
1941,imagenet,1,ILSVRC2012_val_00048644.JPEG,,,,39.66903687,-5.65785074
1942,imagenet,1,ILSVRC2012_val_00048663.JPEG,,,,1.71536529,18.89035606
1943,imagenet,1,ILSVRC2012_val_00048708.JPEG,,,,-3.00282526,7.43678427
1944,imagenet,1,ILSVRC2012_val_00048744.JPEG,,,,1.51715720,-12.46912575
1945,imagenet,1,ILSVRC2012_val_00048802.JPEG,,,,41.31621170,-0.68367028
1946,imagenet,1,ILSVRC2012_val_00048805.JPEG,,,,11.00416088,35.78541565
1947,imagenet,1,ILSVRC2012_val_00048815.JPEG,,,,-21.27990150,28.38968468
1948,imagenet,1,ILSVRC2012_val_00048825.JPEG,,,,-4.52782297,-17.27012444
1949,imagenet,1,ILSVRC2012_val_00048831.JPEG,,,,-36.60747147,-2.22259545
1950,imagenet,1,ILSVRC2012_val_00048851.JPEG,,,,8.54851055,31.82443047
1951,imagenet,1,ILSVRC2012_val_00048869.JPEG,,,,-36.73281097,-7.23941374
1952,imagenet,1,ILSVRC2012_val_00048907.JPEG,,,,-4.61080027,30.37411690
1953,imagenet,1,ILSVRC2012_val_00048912.JPEG,,,,-14.88708782,7.47377062
1954,imagenet,1,ILSVRC2012_val_00048926.JPEG,,,,19.66709900,13.39278030
1955,imagenet,1,ILSVRC2012_val_00048942.JPEG,,,,38.70293427,5.42079210
1956,imagenet,1,ILSVRC2012_val_00048955.JPEG,,,,33.70487595,19.04514122
1957,imagenet,1,ILSVRC2012_val_00048960.JPEG,,,,29.20045853,-10.50840855
1958,imagenet,1,ILSVRC2012_val_00048970.JPEG,,,,49.12041855,6.28739119
1959,imagenet,1,ILSVRC2012_val_00049060.JPEG,,,,-23.25272751,-16.61844826
1960,imagenet,1,ILSVRC2012_val_00049083.JPEG,,,,1.39436901,-13.64711952
1961,imagenet,1,ILSVRC2012_val_00049118.JPEG,,,,-43.47657776,4.40125656
1962,imagenet,1,ILSVRC2012_val_00049149.JPEG,,,,6.72658491,-13.10167694
1963,imagenet,1,ILSVRC2012_val_00049287.JPEG,,,,-1.24537218,1.22226763
1964,imagenet,1,ILSVRC2012_val_00049311.JPEG,,,,5.13886690,32.83440018
1965,imagenet,1,ILSVRC2012_val_00049333.JPEG,,,,-39.93771744,-6.90580559
1966,imagenet,1,ILSVRC2012_val_00049354.JPEG,,,,-46.52510071,-7.27871275
1967,imagenet,1,ILSVRC2012_val_00049385.JPEG,,,,7.57893419,-0.05200268
1968,imagenet,1,ILSVRC2012_val_00049402.JPEG,,,,-33.59108734,-21.01609421
1969,imagenet,1,ILSVRC2012_val_00049442.JPEG,,,,4.01167345,-24.51978111
1970,imagenet,1,ILSVRC2012_val_00049472.JPEG,,,,12.82518673,33.12764740
1971,imagenet,1,ILSVRC2012_val_00049484.JPEG,,,,20.22075462,-5.79740047
1972,imagenet,1,ILSVRC2012_val_00049490.JPEG,,,,-3.28571606,34.38529968
1973,imagenet,1,ILSVRC2012_val_00049494.JPEG,,,,-45.65614700,-5.77730846
1974,imagenet,1,ILSVRC2012_val_00049539.JPEG,,,,50.99450684,4.14699554
1975,imagenet,1,ILSVRC2012_val_00049543.JPEG,,,,1.82822514,-20.78558922
1976,imagenet,1,ILSVRC2012_val_00049545.JPEG,,,,20.36330032,-13.11027431
1977,imagenet,1,ILSVRC2012_val_00049560.JPEG,,,,-16.24975777,-6.62530136
1978,imagenet,1,ILSVRC2012_val_00049563.JPEG,,,,-16.90319443,29.23004532
1979,imagenet,1,ILSVRC2012_val_00049564.JPEG,,,,13.53877735,26.60790443
1980,imagenet,1,ILSVRC2012_val_00049616.JPEG,,,,-42.60110092,-7.99683666
1981,imagenet,1,ILSVRC2012_val_00049635.JPEG,,,,23.49594498,17.17457008
1982,imagenet,1,ILSVRC2012_val_00049644.JPEG,,,,-7.99249744,16.79305649
1983,imagenet,1,ILSVRC2012_val_00049666.JPEG,,,,-9.33667564,-5.79721498
1984,imagenet,1,ILSVRC2012_val_00049671.JPEG,,,,-38.10813141,-5.50748062
1985,imagenet,1,ILSVRC2012_val_00049706.JPEG,,,,24.73922348,19.82764435
1986,imagenet,1,ILSVRC2012_val_00049710.JPEG,,,,-22.13457680,17.06932449
1987,imagenet,1,ILSVRC2012_val_00049726.JPEG,,,,-37.50564194,-6.07799768
1988,imagenet,1,ILSVRC2012_val_00049737.JPEG,,,,-36.03095245,10.72745514
1989,imagenet,1,ILSVRC2012_val_00049742.JPEG,,,,23.19651985,0.01009523
1990,imagenet,1,ILSVRC2012_val_00049746.JPEG,,,,4.44373608,19.96728516
1991,imagenet,1,ILSVRC2012_val_00049757.JPEG,,,,-17.61686707,-24.07731628
1992,imagenet,1,ILSVRC2012_val_00049828.JPEG,,,,30.65919685,-0.17400353
1993,imagenet,1,ILSVRC2012_val_00049844.JPEG,,,,40.17108536,-11.99247837
1994,imagenet,1,ILSVRC2012_val_00049855.JPEG,,,,-11.35173607,14.03949356
1995,imagenet,1,ILSVRC2012_val_00049891.JPEG,,,,-33.41246796,-16.70753479
1996,imagenet,1,ILSVRC2012_val_00049909.JPEG,,,,-41.53899384,-0.66596627
1997,imagenet,1,ILSVRC2012_val_00049961.JPEG,,,,-19.58093262,15.81714535
1998,imagenet,1,ILSVRC2012_val_00049968.JPEG,,,,43.82676315,7.66008615
1999,imagenet,1,ILSVRC2012_val_00049975.JPEG,,,,10.64402676,35.53124237
4093,timesx,1,CropsAndStaples__rice_usd_cwt_96_12_12_10events__20250611T000000,CropsAndStaples__rice_usd_cwt_96_12_12_10events,middle,0,4.53512239,-62.59035492
4094,timesx,1,CropsAndStaples__rice_usd_cwt_96_12_12_10events__20250630T000000,CropsAndStaples__rice_usd_cwt_96_12_12_10events,middle,0,7.66890669,-62.47230148
4095,timesx,1,CropsAndStaples__rice_usd_cwt_96_12_12_10events__20250717T000000,CropsAndStaples__rice_usd_cwt_96_12_12_10events,middle,0,4.75662661,-63.37504578
4096,timesx,1,CropsAndStaples__rice_usd_cwt_96_12_12_10events__20250804T000000,CropsAndStaples__rice_usd_cwt_96_12_12_10events,middle,0,6.21982813,-61.53844833
4097,timesx,1,CropsAndStaples__rice_usd_cwt_96_12_12_10events__20250820T000000,CropsAndStaples__rice_usd_cwt_96_12_12_10events,middle,0,4.73418808,-63.17515564
4098,timesx,1,CropsAndStaples__rice_usd_cwt_96_12_12_10events__20250908T000000,CropsAndStaples__rice_usd_cwt_96_12_12_10events,middle,0,4.86784697,-60.71981430
4099,timesx,1,CropsAndStaples__rice_usd_cwt_96_12_12_10events__20250924T000000,CropsAndStaples__rice_usd_cwt_96_12_12_10events,middle,0,6.19615221,-61.07696152
4100,timesx,1,CropsAndStaples__rice_usd_cwt_96_12_12_10events__20251010T000000,CropsAndStaples__rice_usd_cwt_96_12_12_10events,middle,0,3.89492083,-59.83562469
4101,timesx,1,CropsAndStaples__rice_usd_cwt_96_12_12_10events__20251028T000000,CropsAndStaples__rice_usd_cwt_96_12_12_10events,middle,0,5.21634436,-59.11558151
4102,timesx,1,CropsAndStaples__rice_usd_cwt_96_12_12_10events__20251113T000000,CropsAndStaples__rice_usd_cwt_96_12_12_10events,middle,0,4.46434307,-59.54700089
4103,timesx,1,CropsAndStaples__rice_usd_cwt_96_12_12_10events__20251201T000000,CropsAndStaples__rice_usd_cwt_96_12_12_10events,middle,0,5.34637690,-59.44167709
4104,timesx,1,CropsAndStaples__rice_usd_cwt_96_12_12_10events__20251217T000000,CropsAndStaples__rice_usd_cwt_96_12_12_10events,middle,0,4.20074272,-59.60020828
4105,timesx,1,CropsAndStaples__rice_usd_cwt_96_12_12_10events__20260105T000000,CropsAndStaples__rice_usd_cwt_96_12_12_10events,middle,0,5.22273779,-59.31152344
4106,timesx,1,CropsAndStaples__rice_usd_cwt_96_12_12_10events__20260122T000000,CropsAndStaples__rice_usd_cwt_96_12_12_10events,middle,0,5.51604414,-61.23701096
4107,timesx,1,CropsAndStaples__rice_usd_cwt_96_12_12_10events__20260209T000000,CropsAndStaples__rice_usd_cwt_96_12_12_10events,middle,0,5.73731661,-60.63122559
4108,timesx,1,CropsAndStaples__rice_usd_cwt_96_12_12_10events__20260226T000000,CropsAndStaples__rice_usd_cwt_96_12_12_10events,middle,0,4.85701799,-61.85821152
4109,timesx,1,CropsAndStaples__rice_usd_cwt_96_12_12_10events__20260316T000000,CropsAndStaples__rice_usd_cwt_96_12_12_10events,middle,0,9.17524052,-66.62541199
4983,timesx,1,arts__food_wine_festivals_96_12_4_10events__20250119T000000,arts__food_wine_festivals_96_12_4_10events,middle,1,9.75156879,-63.59567261
4984,timesx,1,arts__food_wine_festivals_96_12_4_10events__20250216T000000,arts__food_wine_festivals_96_12_4_10events,middle,1,8.55205059,-64.99307251
4985,timesx,1,arts__food_wine_festivals_96_12_4_10events__20250316T000000,arts__food_wine_festivals_96_12_4_10events,middle,1,8.01113319,-67.03281403
4986,timesx,1,arts__food_wine_festivals_96_12_4_10events__20250413T000000,arts__food_wine_festivals_96_12_4_10events,middle,1,6.15448856,-67.09580231
5023,timesx,1,climate__endangered_species_96_12_4_10events__20250803T000000,climate__endangered_species_96_12_4_10events,middle,2,5.23751259,-63.89021301
5024,timesx,1,climate__endangered_species_96_12_4_10events__20250831T000000,climate__endangered_species_96_12_4_10events,middle,2,10.36994553,-63.70084381
5025,timesx,1,climate__endangered_species_96_12_4_10events__20250928T000000,climate__endangered_species_96_12_4_10events,middle,2,12.20440578,-65.13547516
5026,timesx,1,climate__endangered_species_96_12_4_10events__20251026T000000,climate__endangered_species_96_12_4_10events,middle,2,9.49761677,-68.94181061
5027,timesx,1,climate__endangered_species_96_12_4_10events__20251123T000000,climate__endangered_species_96_12_4_10events,middle,2,2.17190719,-69.04148102
5028,timesx,1,climate__endangered_species_96_12_4_10events__20251221T000000,climate__endangered_species_96_12_4_10events,middle,2,1.48014665,-67.10646057
5059,timesx,1,climate__sustainable_fashion_96_12_4_10events__20250803T000000,climate__sustainable_fashion_96_12_4_10events,worst,3,10.18576431,-64.90810394
5060,timesx,1,climate__sustainable_fashion_96_12_4_10events__20250831T000000,climate__sustainable_fashion_96_12_4_10events,worst,3,10.23433781,-66.32430267
5061,timesx,1,climate__sustainable_fashion_96_12_4_10events__20250928T000000,climate__sustainable_fashion_96_12_4_10events,worst,3,9.88895416,-67.70767212
5062,timesx,1,climate__sustainable_fashion_96_12_4_10events__20251026T000000,climate__sustainable_fashion_96_12_4_10events,worst,3,3.85301733,-69.78041077
5063,timesx,1,climate__sustainable_fashion_96_12_4_10events__20251123T000000,climate__sustainable_fashion_96_12_4_10events,worst,3,2.81618476,-68.46369934
5064,timesx,1,climate__sustainable_fashion_96_12_4_10events__20251221T000000,climate__sustainable_fashion_96_12_4_10events,worst,3,4.65085649,-68.63755798
5071,timesx,1,economy__cost_of_living_96_12_4_10events__20250803T000000,economy__cost_of_living_96_12_4_10events,worst,4,11.08210087,-66.71246338
5072,timesx,1,economy__cost_of_living_96_12_4_10events__20250831T000000,economy__cost_of_living_96_12_4_10events,worst,4,7.70301628,-67.06341553
5073,timesx,1,economy__cost_of_living_96_12_4_10events__20250928T000000,economy__cost_of_living_96_12_4_10events,worst,4,6.19486189,-67.58843231
5074,timesx,1,economy__cost_of_living_96_12_4_10events__20251026T000000,economy__cost_of_living_96_12_4_10events,worst,4,3.84124327,-67.62465668
5075,timesx,1,economy__cost_of_living_96_12_4_10events__20251123T000000,economy__cost_of_living_96_12_4_10events,worst,4,4.80725050,-66.14205933
5076,timesx,1,economy__cost_of_living_96_12_4_10events__20251221T000000,economy__cost_of_living_96_12_4_10events,worst,4,8.63354874,-66.15428162
5161,timesx,1,electronic_technology__drones_96_12_4_10events__20250803T000000,electronic_technology__drones_96_12_4_10events,best,5,-1.47092152,-61.95198441
5162,timesx,1,electronic_technology__drones_96_12_4_10events__20250831T000000,electronic_technology__drones_96_12_4_10events,best,5,-0.67506087,-62.26136780
5163,timesx,1,electronic_technology__drones_96_12_4_10events__20250928T000000,electronic_technology__drones_96_12_4_10events,best,5,-0.08875946,-62.08948898
5164,timesx,1,electronic_technology__drones_96_12_4_10events__20251026T000000,electronic_technology__drones_96_12_4_10events,best,5,-0.18375836,-62.78316116
5165,timesx,1,electronic_technology__drones_96_12_4_10events__20251123T000000,electronic_technology__drones_96_12_4_10events,best,5,10.47194004,-59.51982117
5166,timesx,1,electronic_technology__drones_96_12_4_10events__20251221T000000,electronic_technology__drones_96_12_4_10events,best,5,-1.61956382,-62.80969620
5203,timesx,1,finance__financial_regulation_96_12_4_10events__20250803T000000,finance__financial_regulation_96_12_4_10events,worst,6,10.11800003,-66.07124329
5204,timesx,1,finance__financial_regulation_96_12_4_10events__20250831T000000,finance__financial_regulation_96_12_4_10events,worst,6,9.73941422,-66.96517944
5205,timesx,1,finance__financial_regulation_96_12_4_10events__20250928T000000,finance__financial_regulation_96_12_4_10events,worst,6,9.12671185,-68.69986725
5206,timesx,1,finance__financial_regulation_96_12_4_10events__20251026T000000,finance__financial_regulation_96_12_4_10events,worst,6,3.02004337,-69.19615936
5207,timesx,1,finance__financial_regulation_96_12_4_10events__20251123T000000,finance__financial_regulation_96_12_4_10events,worst,6,4.62437344,-69.09278107
5208,timesx,1,finance__financial_regulation_96_12_4_10events__20251221T000000,finance__financial_regulation_96_12_4_10events,worst,6,5.14346361,-69.04060364
5263,timesx,1,pets__animal_welfare_96_12_4_10events__20250803T000000,pets__animal_welfare_96_12_4_10events,worst,7,11.53548622,-64.53632355
5264,timesx,1,pets__animal_welfare_96_12_4_10events__20250831T000000,pets__animal_welfare_96_12_4_10events,worst,7,10.52844524,-66.98490143
5265,timesx,1,pets__animal_welfare_96_12_4_10events__20250928T000000,pets__animal_welfare_96_12_4_10events,worst,7,9.45291233,-67.74988556
5266,timesx,1,pets__animal_welfare_96_12_4_10events__20251026T000000,pets__animal_welfare_96_12_4_10events,worst,7,3.01497912,-69.63409424
5267,timesx,1,pets__animal_welfare_96_12_4_10events__20251123T000000,pets__animal_welfare_96_12_4_10events,worst,7,3.14103055,-68.16012573
5268,timesx,1,pets__animal_welfare_96_12_4_10events__20251221T000000,pets__animal_welfare_96_12_4_10events,worst,7,4.79419756,-65.44602966
5275,timesx,1,pets__biodiversity_96_12_4_10events__20250803T000000,pets__biodiversity_96_12_4_10events,middle,8,6.42553473,-63.45249939
5276,timesx,1,pets__biodiversity_96_12_4_10events__20250831T000000,pets__biodiversity_96_12_4_10events,middle,8,11.07867527,-63.89021301
5277,timesx,1,pets__biodiversity_96_12_4_10events__20250928T000000,pets__biodiversity_96_12_4_10events,middle,8,12.30834675,-65.71438599
5278,timesx,1,pets__biodiversity_96_12_4_10events__20251026T000000,pets__biodiversity_96_12_4_10events,middle,8,9.15802193,-69.42320251
5279,timesx,1,pets__biodiversity_96_12_4_10events__20251123T000000,pets__biodiversity_96_12_4_10events,middle,8,1.81476963,-68.83337402
5280,timesx,1,pets__biodiversity_96_12_4_10events__20251221T000000,pets__biodiversity_96_12_4_10events,middle,8,1.30984390,-66.99651337
5317,timesx,1,public_health__climate_change_96_12_4_10events__20250803T000000,public_health__climate_change_96_12_4_10events,best,9,0.11475331,-62.39969635
5318,timesx,1,public_health__climate_change_96_12_4_10events__20250831T000000,public_health__climate_change_96_12_4_10events,best,9,5.92264032,-58.35588074
5319,timesx,1,public_health__climate_change_96_12_4_10events__20250928T000000,public_health__climate_change_96_12_4_10events,best,9,-2.18826008,-63.70447922
5320,timesx,1,public_health__climate_change_96_12_4_10events__20251026T000000,public_health__climate_change_96_12_4_10events,best,9,-1.63028407,-62.52534485
5321,timesx,1,public_health__climate_change_96_12_4_10events__20251123T000000,public_health__climate_change_96_12_4_10events,best,9,-1.48691976,-61.46981049
5322,timesx,1,public_health__climate_change_96_12_4_10events__20251221T000000,public_health__climate_change_96_12_4_10events,best,9,-0.63249469,-61.59222412
5341,timesx,1,public_health__hiv_aids_96_12_4_10events__20250803T000000,public_health__hiv_aids_96_12_4_10events,middle,10,4.33560848,-65.02901459
5342,timesx,1,public_health__hiv_aids_96_12_4_10events__20250831T000000,public_health__hiv_aids_96_12_4_10events,middle,10,5.91401720,-63.17195511
5343,timesx,1,public_health__hiv_aids_96_12_4_10events__20250928T000000,public_health__hiv_aids_96_12_4_10events,middle,10,10.71049023,-64.29091644
5344,timesx,1,public_health__hiv_aids_96_12_4_10events__20251026T000000,public_health__hiv_aids_96_12_4_10events,middle,10,9.84872437,-68.56801605
5345,timesx,1,public_health__hiv_aids_96_12_4_10events__20251123T000000,public_health__hiv_aids_96_12_4_10events,middle,10,3.46748352,-69.43991089
5346,timesx,1,public_health__hiv_aids_96_12_4_10events__20251221T000000,public_health__hiv_aids_96_12_4_10events,middle,10,3.77068949,-66.07509613
5359,timesx,1,public_health__obesity_96_12_4_10events__20250803T000000,public_health__obesity_96_12_4_10events,worst,11,9.35207272,-65.26142120
5360,timesx,1,public_health__obesity_96_12_4_10events__20250831T000000,public_health__obesity_96_12_4_10events,worst,11,8.28823853,-64.50024414
5361,timesx,1,public_health__obesity_96_12_4_10events__20250928T000000,public_health__obesity_96_12_4_10events,worst,11,9.20303726,-64.31330109
5362,timesx,1,public_health__obesity_96_12_4_10events__20251026T000000,public_health__obesity_96_12_4_10events,worst,11,9.86386967,-69.44259644
5363,timesx,1,public_health__obesity_96_12_4_10events__20251123T000000,public_health__obesity_96_12_4_10events,worst,11,3.43857288,-68.76324463
5364,timesx,1,public_health__obesity_96_12_4_10events__20251221T000000,public_health__obesity_96_12_4_10events,worst,11,3.61219263,-65.93045807
5401,timesx,1,public_policy__national_debt_96_12_4_10events__20250803T000000,public_policy__national_debt_96_12_4_10events,middle,12,11.57159901,-65.03337097
5402,timesx,1,public_policy__national_debt_96_12_4_10events__20250831T000000,public_policy__national_debt_96_12_4_10events,middle,12,8.45566940,-67.30956268
5403,timesx,1,public_policy__national_debt_96_12_4_10events__20250928T000000,public_policy__national_debt_96_12_4_10events,middle,12,7.21372747,-67.88815308
5404,timesx,1,public_policy__national_debt_96_12_4_10events__20251026T000000,public_policy__national_debt_96_12_4_10events,middle,12,3.48241043,-68.24972534
5405,timesx,1,public_policy__national_debt_96_12_4_10events__20251123T000000,public_policy__national_debt_96_12_4_10events,middle,12,3.09471393,-67.02602386
5406,timesx,1,public_policy__national_debt_96_12_4_10events__20251221T000000,public_policy__national_debt_96_12_4_10events,middle,12,6.98361397,-64.45951843
5449,timesx,1,science__earthquake_96_12_4_10events__20250803T000000,science__earthquake_96_12_4_10events,best,13,7.41704845,-64.99330139
5450,timesx,1,science__earthquake_96_12_4_10events__20250831T000000,science__earthquake_96_12_4_10events,best,13,6.85040236,-66.27633667
5451,timesx,1,science__earthquake_96_12_4_10events__20250928T000000,science__earthquake_96_12_4_10events,best,13,2.80342031,-64.57771301
5452,timesx,1,science__earthquake_96_12_4_10events__20251026T000000,science__earthquake_96_12_4_10events,best,13,2.78137684,-64.54209900
5453,timesx,1,science__earthquake_96_12_4_10events__20251123T000000,science__earthquake_96_12_4_10events,best,13,1.90425980,-63.27031708
5454,timesx,1,science__earthquake_96_12_4_10events__20251221T000000,science__earthquake_96_12_4_10events,best,13,3.09600806,-63.66137314
5473,timesx,1,science__nobel_prize_96_12_4_10events__20250803T000000,science__nobel_prize_96_12_4_10events,worst,14,10.76135159,-63.12649536
5474,timesx,1,science__nobel_prize_96_12_4_10events__20250831T000000,science__nobel_prize_96_12_4_10events,worst,14,8.13975811,-62.66163635
5475,timesx,1,science__nobel_prize_96_12_4_10events__20250928T000000,science__nobel_prize_96_12_4_10events,worst,14,7.08771086,-67.82328796
5476,timesx,1,science__nobel_prize_96_12_4_10events__20251026T000000,science__nobel_prize_96_12_4_10events,worst,14,-2.08537436,-62.75623703
5477,timesx,1,science__nobel_prize_96_12_4_10events__20251123T000000,science__nobel_prize_96_12_4_10events,worst,14,-1.34270132,-61.67847443
5478,timesx,1,science__nobel_prize_96_12_4_10events__20251221T000000,science__nobel_prize_96_12_4_10events,worst,14,-0.61686414,-61.96171570
5497,timesx,1,shopping__air_conditioner_96_12_4_10events__20250803T000000,shopping__air_conditioner_96_12_4_10events,best,15,-1.30840456,-63.78685760
5498,timesx,1,shopping__air_conditioner_96_12_4_10events__20250831T000000,shopping__air_conditioner_96_12_4_10events,best,15,0.66429305,-61.23138809
5499,timesx,1,shopping__air_conditioner_96_12_4_10events__20250928T000000,shopping__air_conditioner_96_12_4_10events,best,15,0.95628804,-61.36658096
5500,timesx,1,shopping__air_conditioner_96_12_4_10events__20251026T000000,shopping__air_conditioner_96_12_4_10events,best,15,2.85341001,-62.24199295
5501,timesx,1,shopping__air_conditioner_96_12_4_10events__20251123T000000,shopping__air_conditioner_96_12_4_10events,best,15,9.87324810,-61.45457840
5502,timesx,1,shopping__air_conditioner_96_12_4_10events__20251221T000000,shopping__air_conditioner_96_12_4_10events,best,15,9.49604893,-61.09687424
5503,timesx,1,shopping__back_to_school_96_12_4_10events__20250803T000000,shopping__back_to_school_96_12_4_10events,best,16,10.40917778,-59.47890854
5504,timesx,1,shopping__back_to_school_96_12_4_10events__20250831T000000,shopping__back_to_school_96_12_4_10events,best,16,-2.73096824,-61.54578018
5505,timesx,1,shopping__back_to_school_96_12_4_10events__20250928T000000,shopping__back_to_school_96_12_4_10events,best,16,-1.55022705,-60.40408707
5506,timesx,1,shopping__back_to_school_96_12_4_10events__20251026T000000,shopping__back_to_school_96_12_4_10events,best,16,-0.25890028,-59.98201370
5507,timesx,1,shopping__back_to_school_96_12_4_10events__20251123T000000,shopping__back_to_school_96_12_4_10events,best,16,0.40873232,-59.87737656
5508,timesx,1,shopping__back_to_school_96_12_4_10events__20251221T000000,shopping__back_to_school_96_12_4_10events,best,16,10.71259785,-61.12036896
5659,timesx,1,traffic__tour_de_france_96_12_4_10events__20250803T000000,traffic__tour_de_france_96_12_4_10events,best,17,-2.84582233,-62.64151382
5660,timesx,1,traffic__tour_de_france_96_12_4_10events__20250831T000000,traffic__tour_de_france_96_12_4_10events,best,17,-1.98973274,-60.71372223
5661,timesx,1,traffic__tour_de_france_96_12_4_10events__20250928T000000,traffic__tour_de_france_96_12_4_10events,best,17,-0.76114202,-60.14140320
5662,timesx,1,traffic__tour_de_france_96_12_4_10events__20251026T000000,traffic__tour_de_france_96_12_4_10events,best,17,0.02009351,-60.13594437
5663,timesx,1,traffic__tour_de_france_96_12_4_10events__20251123T000000,traffic__tour_de_france_96_12_4_10events,best,17,10.69438553,-60.68615723
5664,timesx,1,traffic__tour_de_france_96_12_4_10events__20251221T000000,traffic__tour_de_france_96_12_4_10events,best,17,10.41916752,-60.60195923
