row_id,source,masked,id,var_key,sel_group,color_idx,x,y
0,imagenet,1,ILSVRC2012_val_00000043.JPEG,,,,-10.09957695,13.72125530
1,imagenet,1,ILSVRC2012_val_00000072.JPEG,,,,-7.57363605,-18.97948265
2,imagenet,1,ILSVRC2012_val_00000085.JPEG,,,,37.01129532,3.35380030
3,imagenet,1,ILSVRC2012_val_00000107.JPEG,,,,32.12648392,3.07790041
4,imagenet,1,ILSVRC2012_val_00000164.JPEG,,,,-5.21925783,27.02466965
5,imagenet,1,ILSVRC2012_val_00000210.JPEG,,,,-6.74883509,-18.70017433
6,imagenet,1,ILSVRC2012_val_00000279.JPEG,,,,-7.84547567,2.35985279
7,imagenet,1,ILSVRC2012_val_00000294.JPEG,,,,-12.32019520,-19.86791229
8,imagenet,1,ILSVRC2012_val_00000303.JPEG,,,,-19.47590065,16.34430695
9,imagenet,1,ILSVRC2012_val_00000319.JPEG,,,,14.25566578,-1.27727854
10,imagenet,1,ILSVRC2012_val_00000343.JPEG,,,,-22.42744255,0.48386288
11,imagenet,1,ILSVRC2012_val_00000361.JPEG,,,,21.79455185,15.38312721
12,imagenet,1,ILSVRC2012_val_00000397.JPEG,,,,-5.02489185,18.99429703
13,imagenet,1,ILSVRC2012_val_00000453.JPEG,,,,-9.15113735,-13.06237125
14,imagenet,1,ILSVRC2012_val_00000460.JPEG,,,,-13.75979519,-2.85199022
15,imagenet,1,ILSVRC2012_val_00000464.JPEG,,,,27.78261757,-6.52906704
16,imagenet,1,ILSVRC2012_val_00000472.JPEG,,,,-24.51125145,9.63718987
17,imagenet,1,ILSVRC2012_val_00000498.JPEG,,,,33.04800415,2.59139204
18,imagenet,1,ILSVRC2012_val_00000500.JPEG,,,,-19.47901344,-4.03683043
19,imagenet,1,ILSVRC2012_val_00000507.JPEG,,,,-16.90048790,-6.34609556
20,imagenet,1,ILSVRC2012_val_00000547.JPEG,,,,29.66467667,10.18381214
21,imagenet,1,ILSVRC2012_val_00000559.JPEG,,,,-29.76329613,-1.38783598
22,imagenet,1,ILSVRC2012_val_00000620.JPEG,,,,-1.43287325,-8.42996120
23,imagenet,1,ILSVRC2012_val_00000650.JPEG,,,,-22.31192017,8.28453064
24,imagenet,1,ILSVRC2012_val_00000651.JPEG,,,,35.44709396,3.18706870
25,imagenet,1,ILSVRC2012_val_00000652.JPEG,,,,-24.48336792,-0.95859426
26,imagenet,1,ILSVRC2012_val_00000660.JPEG,,,,-20.80288315,-15.43980026
27,imagenet,1,ILSVRC2012_val_00000724.JPEG,,,,15.10229492,-12.97078419
28,imagenet,1,ILSVRC2012_val_00000728.JPEG,,,,-15.31254959,12.81338787
29,imagenet,1,ILSVRC2012_val_00000746.JPEG,,,,-0.06505039,16.14842987
30,imagenet,1,ILSVRC2012_val_00000790.JPEG,,,,-19.84397888,4.75080395
31,imagenet,1,ILSVRC2012_val_00000810.JPEG,,,,-0.92833471,8.01675606
32,imagenet,1,ILSVRC2012_val_00000824.JPEG,,,,31.26068306,0.07333864
33,imagenet,1,ILSVRC2012_val_00000842.JPEG,,,,-28.57143021,-0.64627385
34,imagenet,1,ILSVRC2012_val_00000875.JPEG,,,,-10.15703106,10.35083199
35,imagenet,1,ILSVRC2012_val_00000898.JPEG,,,,17.01004410,13.61554146
36,imagenet,1,ILSVRC2012_val_00000940.JPEG,,,,-9.21031570,4.28198481
37,imagenet,1,ILSVRC2012_val_00000963.JPEG,,,,-17.27028084,13.23180103
38,imagenet,1,ILSVRC2012_val_00000997.JPEG,,,,-6.13307381,8.20430374
39,imagenet,1,ILSVRC2012_val_00001006.JPEG,,,,-28.49364090,8.04220867
40,imagenet,1,ILSVRC2012_val_00001033.JPEG,,,,-13.66668224,18.07156372
41,imagenet,1,ILSVRC2012_val_00001051.JPEG,,,,-25.02334785,9.43735409
42,imagenet,1,ILSVRC2012_val_00001060.JPEG,,,,-4.77995825,16.81635284
43,imagenet,1,ILSVRC2012_val_00001085.JPEG,,,,8.84134388,-14.14002991
44,imagenet,1,ILSVRC2012_val_00001095.JPEG,,,,-18.76217651,-16.90759659
45,imagenet,1,ILSVRC2012_val_00001106.JPEG,,,,21.69236755,-11.60914135
46,imagenet,1,ILSVRC2012_val_00001124.JPEG,,,,18.81932640,6.48834324
47,imagenet,1,ILSVRC2012_val_00001140.JPEG,,,,14.90162754,1.36266971
48,imagenet,1,ILSVRC2012_val_00001161.JPEG,,,,-29.50179672,-6.61345291
49,imagenet,1,ILSVRC2012_val_00001164.JPEG,,,,27.22589493,1.75733411
50,imagenet,1,ILSVRC2012_val_00001189.JPEG,,,,-19.37317085,7.46686602
51,imagenet,1,ILSVRC2012_val_00001232.JPEG,,,,26.40714455,7.61423016
52,imagenet,1,ILSVRC2012_val_00001252.JPEG,,,,34.23430252,-3.57415318
53,imagenet,1,ILSVRC2012_val_00001281.JPEG,,,,-11.35050678,-20.35046768
54,imagenet,1,ILSVRC2012_val_00001303.JPEG,,,,-33.11620331,-3.02626872
55,imagenet,1,ILSVRC2012_val_00001349.JPEG,,,,26.28371239,1.86326218
56,imagenet,1,ILSVRC2012_val_00001352.JPEG,,,,-18.47716713,12.64240646
57,imagenet,1,ILSVRC2012_val_00001355.JPEG,,,,-5.66818523,12.12234688
58,imagenet,1,ILSVRC2012_val_00001356.JPEG,,,,3.69082785,0.76576149
59,imagenet,1,ILSVRC2012_val_00001368.JPEG,,,,-24.28824234,-5.17430449
60,imagenet,1,ILSVRC2012_val_00001378.JPEG,,,,-3.81642413,25.30794525
61,imagenet,1,ILSVRC2012_val_00001396.JPEG,,,,37.21863937,0.00708552
62,imagenet,1,ILSVRC2012_val_00001397.JPEG,,,,5.04769516,-5.82211542
63,imagenet,1,ILSVRC2012_val_00001415.JPEG,,,,-15.60132408,-11.35834122
64,imagenet,1,ILSVRC2012_val_00001418.JPEG,,,,-6.91703796,-20.19149590
65,imagenet,1,ILSVRC2012_val_00001428.JPEG,,,,12.76973343,-15.74296665
66,imagenet,1,ILSVRC2012_val_00001439.JPEG,,,,25.68685532,16.42493439
67,imagenet,1,ILSVRC2012_val_00001477.JPEG,,,,7.90727282,-29.74203300
68,imagenet,1,ILSVRC2012_val_00001484.JPEG,,,,-7.49578333,9.17982101
69,imagenet,1,ILSVRC2012_val_00001495.JPEG,,,,-29.92486763,-12.51184559
70,imagenet,1,ILSVRC2012_val_00001544.JPEG,,,,13.66796207,-16.68960190
71,imagenet,1,ILSVRC2012_val_00001556.JPEG,,,,12.91455555,-15.33845615
72,imagenet,1,ILSVRC2012_val_00001639.JPEG,,,,36.12426376,2.26040554
73,imagenet,1,ILSVRC2012_val_00001689.JPEG,,,,38.97517395,4.22593403
74,imagenet,1,ILSVRC2012_val_00001695.JPEG,,,,7.84910393,-5.62944937
75,imagenet,1,ILSVRC2012_val_00001719.JPEG,,,,-27.53968048,14.51874828
76,imagenet,1,ILSVRC2012_val_00001758.JPEG,,,,0.04702299,13.81474590
77,imagenet,1,ILSVRC2012_val_00001776.JPEG,,,,-14.48076057,11.00567913
78,imagenet,1,ILSVRC2012_val_00001797.JPEG,,,,-0.55152410,-15.19035721
79,imagenet,1,ILSVRC2012_val_00001800.JPEG,,,,22.45026207,-4.83546734
80,imagenet,1,ILSVRC2012_val_00001876.JPEG,,,,6.74709272,24.17359161
81,imagenet,1,ILSVRC2012_val_00001892.JPEG,,,,32.06779480,-6.40240192
82,imagenet,1,ILSVRC2012_val_00001917.JPEG,,,,30.37138367,12.63338375
83,imagenet,1,ILSVRC2012_val_00001930.JPEG,,,,5.86721039,25.85463905
84,imagenet,1,ILSVRC2012_val_00001950.JPEG,,,,-31.07894325,-2.27106333
85,imagenet,1,ILSVRC2012_val_00001953.JPEG,,,,-2.94520068,-15.54618073
86,imagenet,1,ILSVRC2012_val_00001984.JPEG,,,,-22.70658302,1.32344472
87,imagenet,1,ILSVRC2012_val_00002025.JPEG,,,,-10.07802200,22.51547813
88,imagenet,1,ILSVRC2012_val_00002039.JPEG,,,,2.35082483,-22.90132332
89,imagenet,1,ILSVRC2012_val_00002073.JPEG,,,,29.62688637,11.00972652
90,imagenet,1,ILSVRC2012_val_00002136.JPEG,,,,-12.91182899,8.51066399
91,imagenet,1,ILSVRC2012_val_00002186.JPEG,,,,21.77902412,-11.75408649
92,imagenet,1,ILSVRC2012_val_00002200.JPEG,,,,-19.97385025,-8.29279900
93,imagenet,1,ILSVRC2012_val_00002233.JPEG,,,,25.67053795,1.23596823
94,imagenet,1,ILSVRC2012_val_00002254.JPEG,,,,-10.04285240,-21.24224472
95,imagenet,1,ILSVRC2012_val_00002260.JPEG,,,,-0.36462560,21.76787376
96,imagenet,1,ILSVRC2012_val_00002263.JPEG,,,,10.43870068,22.97126579
97,imagenet,1,ILSVRC2012_val_00002272.JPEG,,,,-13.52483463,-6.78873014
98,imagenet,1,ILSVRC2012_val_00002279.JPEG,,,,25.35157204,3.80392981
99,imagenet,1,ILSVRC2012_val_00002287.JPEG,,,,11.91722584,-10.90082550
100,imagenet,1,ILSVRC2012_val_00002293.JPEG,,,,-29.76742554,3.28459620
101,imagenet,1,ILSVRC2012_val_00002321.JPEG,,,,11.29602146,15.34954071
102,imagenet,1,ILSVRC2012_val_00002323.JPEG,,,,-15.49403763,21.19603729
103,imagenet,1,ILSVRC2012_val_00002378.JPEG,,,,26.57858086,4.00680876
104,imagenet,1,ILSVRC2012_val_00002397.JPEG,,,,14.08080196,19.74439621
105,imagenet,1,ILSVRC2012_val_00002431.JPEG,,,,-24.61263466,-13.42889500
106,imagenet,1,ILSVRC2012_val_00002455.JPEG,,,,-10.18297100,-21.93394852
107,imagenet,1,ILSVRC2012_val_00002486.JPEG,,,,-3.57403493,10.37168503
108,imagenet,1,ILSVRC2012_val_00002509.JPEG,,,,17.47941971,15.96180916
109,imagenet,1,ILSVRC2012_val_00002559.JPEG,,,,30.21285820,10.18201637
110,imagenet,1,ILSVRC2012_val_00002584.JPEG,,,,-16.31102943,-1.20493698
111,imagenet,1,ILSVRC2012_val_00002624.JPEG,,,,-8.14601135,7.76914835
112,imagenet,1,ILSVRC2012_val_00002645.JPEG,,,,-31.88570786,4.82218075
113,imagenet,1,ILSVRC2012_val_00002646.JPEG,,,,30.89613724,-5.76755571
114,imagenet,1,ILSVRC2012_val_00002660.JPEG,,,,23.77676582,-9.70122242
115,imagenet,1,ILSVRC2012_val_00002690.JPEG,,,,-28.22023010,14.30993652
116,imagenet,1,ILSVRC2012_val_00002749.JPEG,,,,-5.37320614,-9.24882412
117,imagenet,1,ILSVRC2012_val_00002759.JPEG,,,,8.27103806,25.42658997
118,imagenet,1,ILSVRC2012_val_00002762.JPEG,,,,-12.81558514,-14.97479153
119,imagenet,1,ILSVRC2012_val_00002805.JPEG,,,,-3.86521840,-12.54025745
120,imagenet,1,ILSVRC2012_val_00002811.JPEG,,,,-5.79413366,-11.70808792
121,imagenet,1,ILSVRC2012_val_00002830.JPEG,,,,27.59239197,-0.91976839
122,imagenet,1,ILSVRC2012_val_00002912.JPEG,,,,-23.03556252,-4.39721012
123,imagenet,1,ILSVRC2012_val_00002954.JPEG,,,,17.60265541,16.91594505
124,imagenet,1,ILSVRC2012_val_00002957.JPEG,,,,-29.10589218,-3.89060903
125,imagenet,1,ILSVRC2012_val_00002981.JPEG,,,,16.28707886,1.50777590
126,imagenet,1,ILSVRC2012_val_00002986.JPEG,,,,-14.51084709,-20.67325974
127,imagenet,1,ILSVRC2012_val_00002996.JPEG,,,,19.20810509,19.13608742
128,imagenet,1,ILSVRC2012_val_00003008.JPEG,,,,-3.03699875,8.99077511
129,imagenet,1,ILSVRC2012_val_00003016.JPEG,,,,13.73378944,20.83612442
130,imagenet,1,ILSVRC2012_val_00003132.JPEG,,,,-9.79906178,17.88636398
131,imagenet,1,ILSVRC2012_val_00003135.JPEG,,,,-27.65756226,-9.60748863
132,imagenet,1,ILSVRC2012_val_00003177.JPEG,,,,-8.70753670,9.42868137
133,imagenet,1,ILSVRC2012_val_00003195.JPEG,,,,-22.67945290,-9.76568317
134,imagenet,1,ILSVRC2012_val_00003220.JPEG,,,,4.72818804,-9.83010006
135,imagenet,1,ILSVRC2012_val_00003231.JPEG,,,,-27.70025063,-11.04910851
136,imagenet,1,ILSVRC2012_val_00003294.JPEG,,,,20.33571434,8.40322304
137,imagenet,1,ILSVRC2012_val_00003304.JPEG,,,,-2.01468158,24.77986908
138,imagenet,1,ILSVRC2012_val_00003309.JPEG,,,,-23.13095665,7.31755018
139,imagenet,1,ILSVRC2012_val_00003411.JPEG,,,,31.77000046,-3.45431280
140,imagenet,1,ILSVRC2012_val_00003413.JPEG,,,,29.07926750,4.85500240
141,imagenet,1,ILSVRC2012_val_00003431.JPEG,,,,6.20229721,-7.56723785
142,imagenet,1,ILSVRC2012_val_00003447.JPEG,,,,-15.16956139,22.28906631
143,imagenet,1,ILSVRC2012_val_00003467.JPEG,,,,-27.54060173,-4.71075821
144,imagenet,1,ILSVRC2012_val_00003491.JPEG,,,,23.84380341,-11.64803123
145,imagenet,1,ILSVRC2012_val_00003568.JPEG,,,,-12.67012978,18.10425758
146,imagenet,1,ILSVRC2012_val_00003600.JPEG,,,,-6.35783720,16.93492126
147,imagenet,1,ILSVRC2012_val_00003603.JPEG,,,,21.36877251,2.12029481
148,imagenet,1,ILSVRC2012_val_00003619.JPEG,,,,7.51409531,25.20245934
149,imagenet,1,ILSVRC2012_val_00003653.JPEG,,,,11.61892700,17.51195717
150,imagenet,1,ILSVRC2012_val_00003657.JPEG,,,,-26.66648293,4.57877207
151,imagenet,1,ILSVRC2012_val_00003693.JPEG,,,,-11.02216339,-9.45987415
152,imagenet,1,ILSVRC2012_val_00003735.JPEG,,,,25.57598114,-0.43460134
153,imagenet,1,ILSVRC2012_val_00003736.JPEG,,,,-12.44579220,19.26241302
154,imagenet,1,ILSVRC2012_val_00003771.JPEG,,,,-7.35986423,-20.90379715
155,imagenet,1,ILSVRC2012_val_00003772.JPEG,,,,-15.70002365,-3.52417326
156,imagenet,1,ILSVRC2012_val_00003819.JPEG,,,,22.51922417,-0.77351707
157,imagenet,1,ILSVRC2012_val_00003825.JPEG,,,,25.14347649,9.79707813
158,imagenet,1,ILSVRC2012_val_00003832.JPEG,,,,-8.83640194,-12.73307419
159,imagenet,1,ILSVRC2012_val_00003895.JPEG,,,,-31.48483276,12.39809227
160,imagenet,1,ILSVRC2012_val_00003900.JPEG,,,,-15.79369736,-10.05705261
161,imagenet,1,ILSVRC2012_val_00003925.JPEG,,,,7.82352352,-7.46321869
162,imagenet,1,ILSVRC2012_val_00003928.JPEG,,,,17.91382980,15.26050758
163,imagenet,1,ILSVRC2012_val_00003933.JPEG,,,,16.24456978,-0.58674091
164,imagenet,1,ILSVRC2012_val_00003943.JPEG,,,,-10.12461853,-1.54170883
165,imagenet,1,ILSVRC2012_val_00003964.JPEG,,,,25.97593117,-4.01795292
166,imagenet,1,ILSVRC2012_val_00003990.JPEG,,,,20.73551369,-3.27636051
167,imagenet,1,ILSVRC2012_val_00004005.JPEG,,,,20.30202866,-6.96330261
168,imagenet,1,ILSVRC2012_val_00004030.JPEG,,,,-27.12873650,-9.37059307
169,imagenet,1,ILSVRC2012_val_00004072.JPEG,,,,8.59207916,16.59608078
170,imagenet,1,ILSVRC2012_val_00004093.JPEG,,,,-13.32862759,-20.38224983
171,imagenet,1,ILSVRC2012_val_00004100.JPEG,,,,-5.42794371,7.04282618
172,imagenet,1,ILSVRC2012_val_00004151.JPEG,,,,6.82440710,13.72263908
173,imagenet,1,ILSVRC2012_val_00004246.JPEG,,,,-12.14378738,8.53236485
174,imagenet,1,ILSVRC2012_val_00004259.JPEG,,,,-6.94907379,-9.43308735
175,imagenet,1,ILSVRC2012_val_00004268.JPEG,,,,-27.15982056,8.90600872
176,imagenet,1,ILSVRC2012_val_00004277.JPEG,,,,-29.28485680,5.79032898
177,imagenet,1,ILSVRC2012_val_00004294.JPEG,,,,-10.86841774,8.54372883
178,imagenet,1,ILSVRC2012_val_00004311.JPEG,,,,-4.03872299,-13.17966652
179,imagenet,1,ILSVRC2012_val_00004373.JPEG,,,,25.23839378,-2.58411646
180,imagenet,1,ILSVRC2012_val_00004381.JPEG,,,,33.20459747,0.87151575
181,imagenet,1,ILSVRC2012_val_00004404.JPEG,,,,-14.92783070,-9.20372009
182,imagenet,1,ILSVRC2012_val_00004435.JPEG,,,,-17.62945175,8.65813065
183,imagenet,1,ILSVRC2012_val_00004502.JPEG,,,,-24.28244019,5.79435444
184,imagenet,1,ILSVRC2012_val_00004621.JPEG,,,,21.17420387,-10.30172825
185,imagenet,1,ILSVRC2012_val_00004629.JPEG,,,,-11.42790794,12.27133083
186,imagenet,1,ILSVRC2012_val_00004651.JPEG,,,,1.97745013,25.46557236
187,imagenet,1,ILSVRC2012_val_00004665.JPEG,,,,14.97374344,7.30479622
188,imagenet,1,ILSVRC2012_val_00004688.JPEG,,,,28.06489182,-4.66418934
189,imagenet,1,ILSVRC2012_val_00004712.JPEG,,,,-8.89266968,-6.91358089
190,imagenet,1,ILSVRC2012_val_00004720.JPEG,,,,-7.29915285,2.11455083
191,imagenet,1,ILSVRC2012_val_00004734.JPEG,,,,-12.03095150,-2.89155555
192,imagenet,1,ILSVRC2012_val_00004771.JPEG,,,,21.41915703,5.70314455
193,imagenet,1,ILSVRC2012_val_00004796.JPEG,,,,-1.55724418,23.69435692
194,imagenet,1,ILSVRC2012_val_00004800.JPEG,,,,16.54791260,1.79053140
195,imagenet,1,ILSVRC2012_val_00004887.JPEG,,,,-22.20969200,19.57778931
196,imagenet,1,ILSVRC2012_val_00005014.JPEG,,,,-27.48987961,10.79400921
197,imagenet,1,ILSVRC2012_val_00005069.JPEG,,,,-11.05437469,-20.05239487
198,imagenet,1,ILSVRC2012_val_00005094.JPEG,,,,-8.82730579,-5.72826862
199,imagenet,1,ILSVRC2012_val_00005109.JPEG,,,,19.25496292,17.99462318
200,imagenet,1,ILSVRC2012_val_00005122.JPEG,,,,24.06487846,-4.90693903
201,imagenet,1,ILSVRC2012_val_00005134.JPEG,,,,15.19582939,-11.60646725
202,imagenet,1,ILSVRC2012_val_00005172.JPEG,,,,-25.71240997,3.33663774
203,imagenet,1,ILSVRC2012_val_00005193.JPEG,,,,-28.39867592,4.75120115
204,imagenet,1,ILSVRC2012_val_00005241.JPEG,,,,-17.95890427,-3.75090241
205,imagenet,1,ILSVRC2012_val_00005262.JPEG,,,,-19.61369896,5.49405766
206,imagenet,1,ILSVRC2012_val_00005309.JPEG,,,,-24.88822746,14.70000458
207,imagenet,1,ILSVRC2012_val_00005385.JPEG,,,,17.25662041,-6.65239191
208,imagenet,1,ILSVRC2012_val_00005433.JPEG,,,,-18.52177238,-0.19098175
209,imagenet,1,ILSVRC2012_val_00005503.JPEG,,,,-15.75358582,20.83063507
210,imagenet,1,ILSVRC2012_val_00005517.JPEG,,,,17.11624527,-5.36392498
211,imagenet,1,ILSVRC2012_val_00005561.JPEG,,,,-21.70926094,-2.62037635
212,imagenet,1,ILSVRC2012_val_00005608.JPEG,,,,11.98283958,-16.29084969
213,imagenet,1,ILSVRC2012_val_00005623.JPEG,,,,13.20214176,14.98511600
214,imagenet,1,ILSVRC2012_val_00005629.JPEG,,,,-4.93013239,26.55065536
215,imagenet,1,ILSVRC2012_val_00005667.JPEG,,,,5.85781336,-10.91137791
216,imagenet,1,ILSVRC2012_val_00005669.JPEG,,,,-12.05642033,-3.57271600
217,imagenet,1,ILSVRC2012_val_00005670.JPEG,,,,-24.46454430,-15.23302460
218,imagenet,1,ILSVRC2012_val_00005712.JPEG,,,,25.91278076,-7.19270754
219,imagenet,1,ILSVRC2012_val_00005716.JPEG,,,,30.24416161,11.51261044
220,imagenet,1,ILSVRC2012_val_00005758.JPEG,,,,-23.14331627,-2.33854270
221,imagenet,1,ILSVRC2012_val_00005851.JPEG,,,,-30.88146591,2.87013435
222,imagenet,1,ILSVRC2012_val_00005915.JPEG,,,,-18.25163841,-6.22123384
223,imagenet,1,ILSVRC2012_val_00005944.JPEG,,,,-18.98568535,5.99408770
224,imagenet,1,ILSVRC2012_val_00005960.JPEG,,,,20.32281113,-15.08837318
225,imagenet,1,ILSVRC2012_val_00005986.JPEG,,,,36.67489624,0.97884935
226,imagenet,1,ILSVRC2012_val_00005992.JPEG,,,,-4.68714285,-8.92104721
227,imagenet,1,ILSVRC2012_val_00006005.JPEG,,,,22.57581329,2.01164103
228,imagenet,1,ILSVRC2012_val_00006078.JPEG,,,,10.69151306,3.19371152
229,imagenet,1,ILSVRC2012_val_00006135.JPEG,,,,-10.96465874,21.60000229
230,imagenet,1,ILSVRC2012_val_00006137.JPEG,,,,27.33584976,15.23255253
231,imagenet,1,ILSVRC2012_val_00006144.JPEG,,,,22.48541641,-4.94324541
232,imagenet,1,ILSVRC2012_val_00006183.JPEG,,,,-12.66825485,5.97547340
233,imagenet,1,ILSVRC2012_val_00006216.JPEG,,,,14.75743294,7.42664480
234,imagenet,1,ILSVRC2012_val_00006242.JPEG,,,,8.06719589,3.50452113
235,imagenet,1,ILSVRC2012_val_00006280.JPEG,,,,-12.84219933,-15.44265747
236,imagenet,1,ILSVRC2012_val_00006324.JPEG,,,,25.81093979,-14.50968838
237,imagenet,1,ILSVRC2012_val_00006344.JPEG,,,,-1.98871613,-1.39400005
238,imagenet,1,ILSVRC2012_val_00006362.JPEG,,,,-22.02818871,5.72517014
239,imagenet,1,ILSVRC2012_val_00006385.JPEG,,,,16.54048347,14.16889668
240,imagenet,1,ILSVRC2012_val_00006390.JPEG,,,,34.39218140,3.59292746
241,imagenet,1,ILSVRC2012_val_00006398.JPEG,,,,-3.75974894,-7.83747053
242,imagenet,1,ILSVRC2012_val_00006406.JPEG,,,,-9.62488747,21.26454544
243,imagenet,1,ILSVRC2012_val_00006434.JPEG,,,,-29.90641594,9.95956326
244,imagenet,1,ILSVRC2012_val_00006450.JPEG,,,,-1.74307430,-13.11271667
245,imagenet,1,ILSVRC2012_val_00006454.JPEG,,,,15.64611912,10.42745209
246,imagenet,1,ILSVRC2012_val_00006455.JPEG,,,,17.05095673,-16.55069542
247,imagenet,1,ILSVRC2012_val_00006475.JPEG,,,,-19.19093704,-9.42599678
248,imagenet,1,ILSVRC2012_val_00006476.JPEG,,,,25.44268417,-3.07653332
249,imagenet,1,ILSVRC2012_val_00006493.JPEG,,,,31.22448730,5.62197399
250,imagenet,1,ILSVRC2012_val_00006514.JPEG,,,,-10.15709305,8.05069828
251,imagenet,1,ILSVRC2012_val_00006575.JPEG,,,,-20.87708664,16.65591621
252,imagenet,1,ILSVRC2012_val_00006584.JPEG,,,,23.34098053,-7.95434380
253,imagenet,1,ILSVRC2012_val_00006599.JPEG,,,,-29.52998352,-5.46179485
254,imagenet,1,ILSVRC2012_val_00006618.JPEG,,,,31.31463051,-1.43429530
255,imagenet,1,ILSVRC2012_val_00006623.JPEG,,,,0.06554667,-3.21066117
256,imagenet,1,ILSVRC2012_val_00006631.JPEG,,,,13.75223160,-15.35632420
257,imagenet,1,ILSVRC2012_val_00006637.JPEG,,,,2.39111400,-14.80259895
258,imagenet,1,ILSVRC2012_val_00006641.JPEG,,,,-31.81049538,2.34952760
259,imagenet,1,ILSVRC2012_val_00006651.JPEG,,,,-26.38303566,-2.25195980
260,imagenet,1,ILSVRC2012_val_00006668.JPEG,,,,-18.30880547,7.94625521
261,imagenet,1,ILSVRC2012_val_00006758.JPEG,,,,20.43656349,0.93490148
262,imagenet,1,ILSVRC2012_val_00006860.JPEG,,,,-5.91991901,13.78240967
263,imagenet,1,ILSVRC2012_val_00006899.JPEG,,,,-28.07070923,2.26165199
264,imagenet,1,ILSVRC2012_val_00006956.JPEG,,,,-27.03121948,0.96555394
265,imagenet,1,ILSVRC2012_val_00006965.JPEG,,,,17.17115402,12.22424221
266,imagenet,1,ILSVRC2012_val_00006977.JPEG,,,,28.56410789,-4.50602770
267,imagenet,1,ILSVRC2012_val_00006981.JPEG,,,,29.47939873,9.89708042
268,imagenet,1,ILSVRC2012_val_00007007.JPEG,,,,-10.43239403,4.62944746
269,imagenet,1,ILSVRC2012_val_00007013.JPEG,,,,0.80789697,24.12551498
270,imagenet,1,ILSVRC2012_val_00007019.JPEG,,,,-0.02739793,0.84021515
271,imagenet,1,ILSVRC2012_val_00007027.JPEG,,,,-12.24765873,-7.10264254
272,imagenet,1,ILSVRC2012_val_00007070.JPEG,,,,32.36349106,-2.67896104
273,imagenet,1,ILSVRC2012_val_00007075.JPEG,,,,5.32804108,5.96945953
274,imagenet,1,ILSVRC2012_val_00007087.JPEG,,,,8.10260582,23.02164268
275,imagenet,1,ILSVRC2012_val_00007092.JPEG,,,,-24.17097282,0.02620973
276,imagenet,1,ILSVRC2012_val_00007127.JPEG,,,,-30.60269165,-13.06000996
277,imagenet,1,ILSVRC2012_val_00007168.JPEG,,,,-22.75962257,-10.75778866
278,imagenet,1,ILSVRC2012_val_00007195.JPEG,,,,40.54445267,0.67113167
279,imagenet,1,ILSVRC2012_val_00007209.JPEG,,,,1.74517572,4.16567326
280,imagenet,1,ILSVRC2012_val_00007264.JPEG,,,,-25.09192848,-6.51647472
281,imagenet,1,ILSVRC2012_val_00007265.JPEG,,,,16.79507637,15.69862747
282,imagenet,1,ILSVRC2012_val_00007293.JPEG,,,,8.15327835,-16.78688049
283,imagenet,1,ILSVRC2012_val_00007298.JPEG,,,,-1.37897336,25.48702431
284,imagenet,1,ILSVRC2012_val_00007326.JPEG,,,,37.20793533,-3.03022146
285,imagenet,1,ILSVRC2012_val_00007348.JPEG,,,,9.57128716,25.02367973
286,imagenet,1,ILSVRC2012_val_00007372.JPEG,,,,8.54454803,-15.87874508
287,imagenet,1,ILSVRC2012_val_00007461.JPEG,,,,22.88744926,3.92664981
288,imagenet,1,ILSVRC2012_val_00007472.JPEG,,,,-34.05110168,-0.60355139
289,imagenet,1,ILSVRC2012_val_00007478.JPEG,,,,-26.14620399,3.33421350
290,imagenet,1,ILSVRC2012_val_00007495.JPEG,,,,-15.52182484,-12.19869804
291,imagenet,1,ILSVRC2012_val_00007540.JPEG,,,,23.41669083,3.98753572
292,imagenet,1,ILSVRC2012_val_00007601.JPEG,,,,6.48015833,5.55728054
293,imagenet,1,ILSVRC2012_val_00007622.JPEG,,,,-26.24216461,-15.32055855
294,imagenet,1,ILSVRC2012_val_00007650.JPEG,,,,30.62564850,-6.73449183
295,imagenet,1,ILSVRC2012_val_00007696.JPEG,,,,4.21610928,-40.23237228
296,imagenet,1,ILSVRC2012_val_00007711.JPEG,,,,33.45416641,1.96202838
297,imagenet,1,ILSVRC2012_val_00007718.JPEG,,,,-7.01466274,-6.35813665
298,imagenet,1,ILSVRC2012_val_00007719.JPEG,,,,-24.71441269,9.61228466
299,imagenet,1,ILSVRC2012_val_00007726.JPEG,,,,-2.55187321,22.92722511
300,imagenet,1,ILSVRC2012_val_00007773.JPEG,,,,-11.55574894,2.80515170
301,imagenet,1,ILSVRC2012_val_00007775.JPEG,,,,-7.91350174,-14.85057163
302,imagenet,1,ILSVRC2012_val_00007792.JPEG,,,,23.85593224,9.80142784
303,imagenet,1,ILSVRC2012_val_00007842.JPEG,,,,6.09196663,8.15697575
304,imagenet,1,ILSVRC2012_val_00007856.JPEG,,,,-34.67148972,-2.96089673
305,imagenet,1,ILSVRC2012_val_00007862.JPEG,,,,-24.90597343,-2.09554195
306,imagenet,1,ILSVRC2012_val_00007872.JPEG,,,,22.20016098,11.59019756
307,imagenet,1,ILSVRC2012_val_00007882.JPEG,,,,35.49391556,3.42630267
308,imagenet,1,ILSVRC2012_val_00007887.JPEG,,,,-1.96931219,24.45498466
309,imagenet,1,ILSVRC2012_val_00007922.JPEG,,,,3.55872536,-42.53536987
310,imagenet,1,ILSVRC2012_val_00007931.JPEG,,,,-12.00948715,3.12692571
311,imagenet,1,ILSVRC2012_val_00008036.JPEG,,,,-30.69381714,-2.57325125
312,imagenet,1,ILSVRC2012_val_00008100.JPEG,,,,2.71518064,2.85733843
313,imagenet,1,ILSVRC2012_val_00008120.JPEG,,,,24.25713730,-1.55319333
314,imagenet,1,ILSVRC2012_val_00008188.JPEG,,,,17.95815468,-5.80090094
315,imagenet,1,ILSVRC2012_val_00008193.JPEG,,,,38.35371399,5.76549911
316,imagenet,1,ILSVRC2012_val_00008233.JPEG,,,,8.94612026,-7.64370441
317,imagenet,1,ILSVRC2012_val_00008234.JPEG,,,,-12.31457901,-1.33989239
318,imagenet,1,ILSVRC2012_val_00008237.JPEG,,,,-17.31151772,-7.31039715
319,imagenet,1,ILSVRC2012_val_00008293.JPEG,,,,-13.09393597,0.73145819
320,imagenet,1,ILSVRC2012_val_00008304.JPEG,,,,-2.04908276,27.61858749
321,imagenet,1,ILSVRC2012_val_00008363.JPEG,,,,23.91485596,5.85187674
322,imagenet,1,ILSVRC2012_val_00008369.JPEG,,,,-22.01632118,12.32359695
323,imagenet,1,ILSVRC2012_val_00008429.JPEG,,,,33.36030579,-7.68831682
324,imagenet,1,ILSVRC2012_val_00008446.JPEG,,,,-8.15172863,20.90246010
325,imagenet,1,ILSVRC2012_val_00008470.JPEG,,,,-18.79639053,-10.08176994
326,imagenet,1,ILSVRC2012_val_00008538.JPEG,,,,8.18137646,-27.23285866
327,imagenet,1,ILSVRC2012_val_00008544.JPEG,,,,-25.10082245,-9.94140053
328,imagenet,1,ILSVRC2012_val_00008562.JPEG,,,,11.16514206,-0.26287821
329,imagenet,1,ILSVRC2012_val_00008568.JPEG,,,,1.10486650,23.59581566
330,imagenet,1,ILSVRC2012_val_00008577.JPEG,,,,31.89176559,-2.10459566
331,imagenet,1,ILSVRC2012_val_00008578.JPEG,,,,-8.26174164,-19.42187119
332,imagenet,1,ILSVRC2012_val_00008603.JPEG,,,,-5.36529779,-16.83898544
333,imagenet,1,ILSVRC2012_val_00008604.JPEG,,,,-27.65138245,14.07934093
334,imagenet,1,ILSVRC2012_val_00008657.JPEG,,,,-18.45081520,1.70074880
335,imagenet,1,ILSVRC2012_val_00008698.JPEG,,,,-4.27855015,-8.83225727
336,imagenet,1,ILSVRC2012_val_00008718.JPEG,,,,-9.23549461,20.50365067
337,imagenet,1,ILSVRC2012_val_00008768.JPEG,,,,9.31928349,20.86591148
338,imagenet,1,ILSVRC2012_val_00008777.JPEG,,,,-0.40016684,-3.28835368
339,imagenet,1,ILSVRC2012_val_00008787.JPEG,,,,-26.42222214,14.98844147
340,imagenet,1,ILSVRC2012_val_00008795.JPEG,,,,14.60501385,-7.62928963
341,imagenet,1,ILSVRC2012_val_00008810.JPEG,,,,-26.06059074,10.58475590
342,imagenet,1,ILSVRC2012_val_00008819.JPEG,,,,-8.43412971,4.83130074
343,imagenet,1,ILSVRC2012_val_00008922.JPEG,,,,-23.71936035,13.39128685
344,imagenet,1,ILSVRC2012_val_00008935.JPEG,,,,-22.58417892,11.67104435
345,imagenet,1,ILSVRC2012_val_00008968.JPEG,,,,1.44650817,8.35553646
346,imagenet,1,ILSVRC2012_val_00009041.JPEG,,,,-14.97058105,8.80319595
347,imagenet,1,ILSVRC2012_val_00009061.JPEG,,,,26.59403801,2.39183831
348,imagenet,1,ILSVRC2012_val_00009089.JPEG,,,,21.01750183,-13.53031921
349,imagenet,1,ILSVRC2012_val_00009091.JPEG,,,,-13.51706696,19.44428062
350,imagenet,1,ILSVRC2012_val_00009108.JPEG,,,,-6.83378553,4.35378885
351,imagenet,1,ILSVRC2012_val_00009111.JPEG,,,,12.85361576,13.56987286
352,imagenet,1,ILSVRC2012_val_00009121.JPEG,,,,-16.18442917,-2.10821772
353,imagenet,1,ILSVRC2012_val_00009141.JPEG,,,,21.70677376,-15.52209473
354,imagenet,1,ILSVRC2012_val_00009175.JPEG,,,,-16.64245796,19.54100609
355,imagenet,1,ILSVRC2012_val_00009190.JPEG,,,,21.99949837,1.49986184
356,imagenet,1,ILSVRC2012_val_00009209.JPEG,,,,-2.94355965,2.10428095
357,imagenet,1,ILSVRC2012_val_00009217.JPEG,,,,20.57452393,0.83840150
358,imagenet,1,ILSVRC2012_val_00009270.JPEG,,,,-0.87096286,14.16696072
359,imagenet,1,ILSVRC2012_val_00009286.JPEG,,,,2.66983628,-14.83714390
360,imagenet,1,ILSVRC2012_val_00009294.JPEG,,,,-13.35389709,-6.60623550
361,imagenet,1,ILSVRC2012_val_00009297.JPEG,,,,-25.35202980,-4.97663641
362,imagenet,1,ILSVRC2012_val_00009312.JPEG,,,,4.41603327,14.79994488
363,imagenet,1,ILSVRC2012_val_00009367.JPEG,,,,17.09729004,-15.65633965
364,imagenet,1,ILSVRC2012_val_00009369.JPEG,,,,-26.66471863,9.77784538
365,imagenet,1,ILSVRC2012_val_00009487.JPEG,,,,-9.65693569,-5.89936543
366,imagenet,1,ILSVRC2012_val_00009550.JPEG,,,,29.83260536,3.02295947
367,imagenet,1,ILSVRC2012_val_00009610.JPEG,,,,8.18657589,-6.34644890
368,imagenet,1,ILSVRC2012_val_00009637.JPEG,,,,21.02347755,-12.11246204
369,imagenet,1,ILSVRC2012_val_00009638.JPEG,,,,-10.09987831,14.22614288
370,imagenet,1,ILSVRC2012_val_00009657.JPEG,,,,19.51865005,-14.09465694
371,imagenet,1,ILSVRC2012_val_00009671.JPEG,,,,-28.58245468,-3.09510255
372,imagenet,1,ILSVRC2012_val_00009708.JPEG,,,,-22.32448006,0.55847228
373,imagenet,1,ILSVRC2012_val_00009745.JPEG,,,,-6.08254385,-17.14436150
374,imagenet,1,ILSVRC2012_val_00009758.JPEG,,,,-5.25897503,24.42300034
375,imagenet,1,ILSVRC2012_val_00009789.JPEG,,,,30.13998413,-0.59537566
376,imagenet,1,ILSVRC2012_val_00009816.JPEG,,,,-12.62099552,-5.17479324
377,imagenet,1,ILSVRC2012_val_00009850.JPEG,,,,-32.64506912,-2.57256174
378,imagenet,1,ILSVRC2012_val_00009895.JPEG,,,,34.82080460,5.43938971
379,imagenet,1,ILSVRC2012_val_00009897.JPEG,,,,9.62288094,25.25694847
380,imagenet,1,ILSVRC2012_val_00009928.JPEG,,,,-7.69009733,8.30907917
381,imagenet,1,ILSVRC2012_val_00009932.JPEG,,,,-14.65856171,5.79948521
382,imagenet,1,ILSVRC2012_val_00009947.JPEG,,,,-10.19025707,4.40430021
383,imagenet,1,ILSVRC2012_val_00009974.JPEG,,,,35.67596436,5.40087700
384,imagenet,1,ILSVRC2012_val_00010026.JPEG,,,,7.77690935,16.38447571
385,imagenet,1,ILSVRC2012_val_00010040.JPEG,,,,-27.21459007,-5.55877829
386,imagenet,1,ILSVRC2012_val_00010101.JPEG,,,,27.07126808,10.27763462
387,imagenet,1,ILSVRC2012_val_00010123.JPEG,,,,7.41763830,-4.88374090
388,imagenet,1,ILSVRC2012_val_00010196.JPEG,,,,-9.40026569,11.58766842
389,imagenet,1,ILSVRC2012_val_00010248.JPEG,,,,8.58641529,-28.25352478
390,imagenet,1,ILSVRC2012_val_00010314.JPEG,,,,25.09455681,17.44116402
391,imagenet,1,ILSVRC2012_val_00010338.JPEG,,,,33.72678757,11.59575939
392,imagenet,1,ILSVRC2012_val_00010350.JPEG,,,,2.78998590,-22.63536835
393,imagenet,1,ILSVRC2012_val_00010351.JPEG,,,,22.39537048,-9.83945847
394,imagenet,1,ILSVRC2012_val_00010371.JPEG,,,,-33.94763184,-1.66092217
395,imagenet,1,ILSVRC2012_val_00010374.JPEG,,,,34.07843399,5.27956486
396,imagenet,1,ILSVRC2012_val_00010419.JPEG,,,,26.79022217,2.61429453
397,imagenet,1,ILSVRC2012_val_00010429.JPEG,,,,14.59097958,7.56547165
398,imagenet,1,ILSVRC2012_val_00010471.JPEG,,,,23.97618103,13.44984341
399,imagenet,1,ILSVRC2012_val_00010528.JPEG,,,,24.17624855,10.84672737
400,imagenet,1,ILSVRC2012_val_00010547.JPEG,,,,22.69822311,-2.62122655
401,imagenet,1,ILSVRC2012_val_00010549.JPEG,,,,28.41890526,-4.11063862
402,imagenet,1,ILSVRC2012_val_00010564.JPEG,,,,-0.90275764,24.99607658
403,imagenet,1,ILSVRC2012_val_00010593.JPEG,,,,-14.25118828,13.48993015
404,imagenet,1,ILSVRC2012_val_00010659.JPEG,,,,-20.63798332,12.81995201
405,imagenet,1,ILSVRC2012_val_00010726.JPEG,,,,-24.24709320,3.47296119
406,imagenet,1,ILSVRC2012_val_00010739.JPEG,,,,11.37051964,-15.79229450
407,imagenet,1,ILSVRC2012_val_00010749.JPEG,,,,21.55866432,0.16325852
408,imagenet,1,ILSVRC2012_val_00010766.JPEG,,,,-7.66430187,23.31050491
409,imagenet,1,ILSVRC2012_val_00010810.JPEG,,,,16.19124603,-7.39471483
410,imagenet,1,ILSVRC2012_val_00010812.JPEG,,,,-30.61490822,-2.82919741
411,imagenet,1,ILSVRC2012_val_00010833.JPEG,,,,8.54922485,-27.48949814
412,imagenet,1,ILSVRC2012_val_00010844.JPEG,,,,-22.33409309,-5.32581806
413,imagenet,1,ILSVRC2012_val_00010845.JPEG,,,,17.32260704,-12.74098396
414,imagenet,1,ILSVRC2012_val_00010847.JPEG,,,,-32.27834702,-7.13820744
415,imagenet,1,ILSVRC2012_val_00010851.JPEG,,,,13.19523907,-8.05045509
416,imagenet,1,ILSVRC2012_val_00010861.JPEG,,,,7.35003662,16.74276733
417,imagenet,1,ILSVRC2012_val_00010874.JPEG,,,,-21.41948318,14.02400494
418,imagenet,1,ILSVRC2012_val_00010895.JPEG,,,,8.67318439,24.61005402
419,imagenet,1,ILSVRC2012_val_00010920.JPEG,,,,24.79373169,11.17132854
420,imagenet,1,ILSVRC2012_val_00011004.JPEG,,,,20.69860077,-1.05038202
421,imagenet,1,ILSVRC2012_val_00011009.JPEG,,,,-4.62030983,11.03842640
422,imagenet,1,ILSVRC2012_val_00011025.JPEG,,,,-15.35325146,4.90225601
423,imagenet,1,ILSVRC2012_val_00011043.JPEG,,,,21.06031990,5.02243280
424,imagenet,1,ILSVRC2012_val_00011057.JPEG,,,,22.17704010,12.01274681
425,imagenet,1,ILSVRC2012_val_00011080.JPEG,,,,-1.80892587,27.44798470
426,imagenet,1,ILSVRC2012_val_00011122.JPEG,,,,21.72866440,17.73910713
427,imagenet,1,ILSVRC2012_val_00011150.JPEG,,,,-12.39800549,9.29780579
428,imagenet,1,ILSVRC2012_val_00011179.JPEG,,,,-12.04369736,22.01965141
429,imagenet,1,ILSVRC2012_val_00011192.JPEG,,,,-14.58431149,-14.90971565
430,imagenet,1,ILSVRC2012_val_00011204.JPEG,,,,-26.22876358,-3.43429852
431,imagenet,1,ILSVRC2012_val_00011243.JPEG,,,,11.69009113,-5.37744045
432,imagenet,1,ILSVRC2012_val_00011281.JPEG,,,,-16.93574333,18.38206482
433,imagenet,1,ILSVRC2012_val_00011310.JPEG,,,,26.65734673,-7.94727612
434,imagenet,1,ILSVRC2012_val_00011315.JPEG,,,,23.61901283,12.45489120
435,imagenet,1,ILSVRC2012_val_00011322.JPEG,,,,12.92951107,-13.67486858
436,imagenet,1,ILSVRC2012_val_00011399.JPEG,,,,3.86732483,8.09568691
437,imagenet,1,ILSVRC2012_val_00011401.JPEG,,,,-18.57971382,9.61505508
438,imagenet,1,ILSVRC2012_val_00011462.JPEG,,,,-22.00229263,-2.45300722
439,imagenet,1,ILSVRC2012_val_00011483.JPEG,,,,18.16123390,15.73886871
440,imagenet,1,ILSVRC2012_val_00011499.JPEG,,,,12.70737362,-16.20584297
441,imagenet,1,ILSVRC2012_val_00011526.JPEG,,,,-8.38399696,18.71020699
442,imagenet,1,ILSVRC2012_val_00011557.JPEG,,,,-25.53770065,10.99122620
443,imagenet,1,ILSVRC2012_val_00011565.JPEG,,,,-16.68320656,-17.17523003
444,imagenet,1,ILSVRC2012_val_00011566.JPEG,,,,32.80564499,-1.98863864
445,imagenet,1,ILSVRC2012_val_00011626.JPEG,,,,25.78815651,12.44735622
446,imagenet,1,ILSVRC2012_val_00011647.JPEG,,,,-27.81791687,-4.57725573
447,imagenet,1,ILSVRC2012_val_00011686.JPEG,,,,22.77713776,13.82987213
448,imagenet,1,ILSVRC2012_val_00011730.JPEG,,,,14.40211773,13.09503746
449,imagenet,1,ILSVRC2012_val_00011752.JPEG,,,,5.82104635,3.47558308
450,imagenet,1,ILSVRC2012_val_00011769.JPEG,,,,25.15861130,-10.40874672
451,imagenet,1,ILSVRC2012_val_00011779.JPEG,,,,23.66299438,0.49732140
452,imagenet,1,ILSVRC2012_val_00011797.JPEG,,,,-32.05886078,-6.60862255
453,imagenet,1,ILSVRC2012_val_00011862.JPEG,,,,-17.89679337,4.42698431
454,imagenet,1,ILSVRC2012_val_00011870.JPEG,,,,19.67502785,-7.93907881
455,imagenet,1,ILSVRC2012_val_00011884.JPEG,,,,-7.42709255,14.85865593
456,imagenet,1,ILSVRC2012_val_00011894.JPEG,,,,-5.10022926,-14.70080948
457,imagenet,1,ILSVRC2012_val_00011904.JPEG,,,,-6.39123917,12.99347496
458,imagenet,1,ILSVRC2012_val_00011905.JPEG,,,,20.94646835,9.41251373
459,imagenet,1,ILSVRC2012_val_00011947.JPEG,,,,4.55099106,-7.75545502
460,imagenet,1,ILSVRC2012_val_00011956.JPEG,,,,-27.42092514,-3.03273845
461,imagenet,1,ILSVRC2012_val_00012013.JPEG,,,,-18.87880516,13.31311321
462,imagenet,1,ILSVRC2012_val_00012018.JPEG,,,,25.44025612,10.20340157
463,imagenet,1,ILSVRC2012_val_00012077.JPEG,,,,17.52998734,-19.07723236
464,imagenet,1,ILSVRC2012_val_00012108.JPEG,,,,-29.78096581,12.07700825
465,imagenet,1,ILSVRC2012_val_00012148.JPEG,,,,37.96965027,0.88202482
466,imagenet,1,ILSVRC2012_val_00012150.JPEG,,,,19.53139496,-13.80919838
467,imagenet,1,ILSVRC2012_val_00012238.JPEG,,,,-26.89831924,-4.48369360
468,imagenet,1,ILSVRC2012_val_00012241.JPEG,,,,11.60397720,11.56394386
469,imagenet,1,ILSVRC2012_val_00012245.JPEG,,,,21.43821335,19.70210266
470,imagenet,1,ILSVRC2012_val_00012266.JPEG,,,,6.32655334,-10.89536572
471,imagenet,1,ILSVRC2012_val_00012270.JPEG,,,,-31.84217644,4.86933279
472,imagenet,1,ILSVRC2012_val_00012315.JPEG,,,,-13.68877220,10.69252300
473,imagenet,1,ILSVRC2012_val_00012349.JPEG,,,,2.96932459,-17.05176926
474,imagenet,1,ILSVRC2012_val_00012355.JPEG,,,,-26.43174934,-7.85873652
475,imagenet,1,ILSVRC2012_val_00012366.JPEG,,,,-30.42206764,-5.14057016
476,imagenet,1,ILSVRC2012_val_00012374.JPEG,,,,-9.97283363,-7.43971062
477,imagenet,1,ILSVRC2012_val_00012375.JPEG,,,,-10.49757004,-18.84168816
478,imagenet,1,ILSVRC2012_val_00012469.JPEG,,,,-26.42254639,5.93805456
479,imagenet,1,ILSVRC2012_val_00012492.JPEG,,,,10.92294025,21.99911690
480,imagenet,1,ILSVRC2012_val_00012513.JPEG,,,,-9.23504162,-13.75282478
481,imagenet,1,ILSVRC2012_val_00012601.JPEG,,,,-21.06171799,-11.48964310
482,imagenet,1,ILSVRC2012_val_00012604.JPEG,,,,28.41358948,-11.14170933
483,imagenet,1,ILSVRC2012_val_00012607.JPEG,,,,-17.83088303,23.28983307
484,imagenet,1,ILSVRC2012_val_00012659.JPEG,,,,-17.86016083,-6.51424932
485,imagenet,1,ILSVRC2012_val_00012661.JPEG,,,,-7.69149780,-6.24995804
486,imagenet,1,ILSVRC2012_val_00012663.JPEG,,,,30.52589989,7.45884705
487,imagenet,1,ILSVRC2012_val_00012703.JPEG,,,,-0.42931950,-2.40091467
488,imagenet,1,ILSVRC2012_val_00012721.JPEG,,,,-7.30838537,8.00243664
489,imagenet,1,ILSVRC2012_val_00012742.JPEG,,,,-9.04134846,-0.96882772
490,imagenet,1,ILSVRC2012_val_00012754.JPEG,,,,-18.82005310,15.25708103
491,imagenet,1,ILSVRC2012_val_00012794.JPEG,,,,29.35522079,-7.86168575
492,imagenet,1,ILSVRC2012_val_00012800.JPEG,,,,-19.22283554,8.18182564
493,imagenet,1,ILSVRC2012_val_00012825.JPEG,,,,-15.21003819,14.94026566
494,imagenet,1,ILSVRC2012_val_00012867.JPEG,,,,35.49571609,3.67605734
495,imagenet,1,ILSVRC2012_val_00012869.JPEG,,,,-25.56891441,12.72262192
496,imagenet,1,ILSVRC2012_val_00012954.JPEG,,,,1.18948114,14.58496380
497,imagenet,1,ILSVRC2012_val_00012981.JPEG,,,,-14.24589634,-15.20158005
498,imagenet,1,ILSVRC2012_val_00012996.JPEG,,,,34.58728027,4.20348787
499,imagenet,1,ILSVRC2012_val_00013000.JPEG,,,,-25.09140968,1.49203062
500,imagenet,1,ILSVRC2012_val_00013025.JPEG,,,,8.64237881,-18.09099007
501,imagenet,1,ILSVRC2012_val_00013071.JPEG,,,,4.24306583,14.49612427
502,imagenet,1,ILSVRC2012_val_00013149.JPEG,,,,-16.01009178,-5.97215509
503,imagenet,1,ILSVRC2012_val_00013157.JPEG,,,,1.56415200,-18.81162071
504,imagenet,1,ILSVRC2012_val_00013164.JPEG,,,,18.93589592,15.56102657
505,imagenet,1,ILSVRC2012_val_00013204.JPEG,,,,9.52890968,11.76278687
506,imagenet,1,ILSVRC2012_val_00013242.JPEG,,,,30.62276268,-1.56965530
507,imagenet,1,ILSVRC2012_val_00013249.JPEG,,,,38.53757858,4.76663589
508,imagenet,1,ILSVRC2012_val_00013293.JPEG,,,,-14.57128811,-16.18682480
509,imagenet,1,ILSVRC2012_val_00013301.JPEG,,,,39.35456848,0.21509370
510,imagenet,1,ILSVRC2012_val_00013305.JPEG,,,,-1.46473026,24.95869827
511,imagenet,1,ILSVRC2012_val_00013322.JPEG,,,,-14.21327114,11.52255344
512,imagenet,1,ILSVRC2012_val_00013369.JPEG,,,,-11.28133011,10.01108837
513,imagenet,1,ILSVRC2012_val_00013379.JPEG,,,,-1.48352480,4.61519861
514,imagenet,1,ILSVRC2012_val_00013385.JPEG,,,,4.22850704,-11.39058590
515,imagenet,1,ILSVRC2012_val_00013421.JPEG,,,,-26.89114380,-11.29715538
516,imagenet,1,ILSVRC2012_val_00013444.JPEG,,,,-29.03678513,5.61501598
517,imagenet,1,ILSVRC2012_val_00013450.JPEG,,,,3.81506753,13.16119862
518,imagenet,1,ILSVRC2012_val_00013474.JPEG,,,,-10.42287540,12.05626678
519,imagenet,1,ILSVRC2012_val_00013494.JPEG,,,,-7.76640892,19.08699799
520,imagenet,1,ILSVRC2012_val_00013509.JPEG,,,,-22.93289375,-14.65847301
521,imagenet,1,ILSVRC2012_val_00013512.JPEG,,,,34.56381989,2.46145988
522,imagenet,1,ILSVRC2012_val_00013554.JPEG,,,,36.03949356,6.36735487
523,imagenet,1,ILSVRC2012_val_00013579.JPEG,,,,0.62473428,15.22603607
524,imagenet,1,ILSVRC2012_val_00013581.JPEG,,,,31.69159508,0.57961917
525,imagenet,1,ILSVRC2012_val_00013588.JPEG,,,,6.34259844,13.87973881
526,imagenet,1,ILSVRC2012_val_00013624.JPEG,,,,35.59975815,4.92312860
527,imagenet,1,ILSVRC2012_val_00013670.JPEG,,,,-27.98085022,-13.17310143
528,imagenet,1,ILSVRC2012_val_00013676.JPEG,,,,-29.67811394,1.56160915
529,imagenet,1,ILSVRC2012_val_00013682.JPEG,,,,5.09926224,-7.80055904
530,imagenet,1,ILSVRC2012_val_00013698.JPEG,,,,-12.27561188,7.33332920
531,imagenet,1,ILSVRC2012_val_00013709.JPEG,,,,30.51021004,3.54235005
532,imagenet,1,ILSVRC2012_val_00013717.JPEG,,,,30.47155380,10.58669949
533,imagenet,1,ILSVRC2012_val_00013767.JPEG,,,,5.89602232,-11.41951656
534,imagenet,1,ILSVRC2012_val_00013808.JPEG,,,,22.48663330,-5.51110983
535,imagenet,1,ILSVRC2012_val_00013810.JPEG,,,,-3.10760999,-12.14119816
536,imagenet,1,ILSVRC2012_val_00013826.JPEG,,,,12.62746906,-6.89862537
537,imagenet,1,ILSVRC2012_val_00013833.JPEG,,,,34.94090652,12.53555298
538,imagenet,1,ILSVRC2012_val_00013844.JPEG,,,,-26.03471565,-6.17361546
539,imagenet,1,ILSVRC2012_val_00013873.JPEG,,,,15.83301353,11.63417721
540,imagenet,1,ILSVRC2012_val_00013877.JPEG,,,,-27.32482529,-0.53729558
541,imagenet,1,ILSVRC2012_val_00013883.JPEG,,,,4.89041042,5.50719404
542,imagenet,1,ILSVRC2012_val_00013896.JPEG,,,,18.95782852,-6.02159071
543,imagenet,1,ILSVRC2012_val_00013898.JPEG,,,,20.17569542,-1.24674022
544,imagenet,1,ILSVRC2012_val_00013907.JPEG,,,,36.55201721,2.71698642
545,imagenet,1,ILSVRC2012_val_00013922.JPEG,,,,10.95017338,-4.44409943
546,imagenet,1,ILSVRC2012_val_00013935.JPEG,,,,-10.86942959,24.24894142
547,imagenet,1,ILSVRC2012_val_00013936.JPEG,,,,-12.04825497,3.53250861
548,imagenet,1,ILSVRC2012_val_00013949.JPEG,,,,-18.43904305,-9.20910263
549,imagenet,1,ILSVRC2012_val_00013963.JPEG,,,,35.07980347,0.96426135
550,imagenet,1,ILSVRC2012_val_00013974.JPEG,,,,-26.38117981,9.45391750
551,imagenet,1,ILSVRC2012_val_00013993.JPEG,,,,-8.57721710,10.06059742
552,imagenet,1,ILSVRC2012_val_00014003.JPEG,,,,-33.73342514,-2.20694351
553,imagenet,1,ILSVRC2012_val_00014008.JPEG,,,,25.89612389,11.05668545
554,imagenet,1,ILSVRC2012_val_00014026.JPEG,,,,23.71342087,0.48297501
555,imagenet,1,ILSVRC2012_val_00014052.JPEG,,,,22.89017487,11.57778168
556,imagenet,1,ILSVRC2012_val_00014061.JPEG,,,,31.83207130,6.35304117
557,imagenet,1,ILSVRC2012_val_00014163.JPEG,,,,23.64120865,18.17283249
558,imagenet,1,ILSVRC2012_val_00014182.JPEG,,,,16.13178062,-14.68107414
559,imagenet,1,ILSVRC2012_val_00014190.JPEG,,,,-31.00201607,9.49833202
560,imagenet,1,ILSVRC2012_val_00014202.JPEG,,,,16.58935738,-3.86223674
561,imagenet,1,ILSVRC2012_val_00014265.JPEG,,,,-6.75384140,-21.87841225
562,imagenet,1,ILSVRC2012_val_00014307.JPEG,,,,-24.37006187,15.93459797
563,imagenet,1,ILSVRC2012_val_00014314.JPEG,,,,34.60197067,8.81917953
564,imagenet,1,ILSVRC2012_val_00014327.JPEG,,,,22.12584496,14.43920994
565,imagenet,1,ILSVRC2012_val_00014382.JPEG,,,,13.17010021,16.15502357
566,imagenet,1,ILSVRC2012_val_00014414.JPEG,,,,18.31637001,-9.10504436
567,imagenet,1,ILSVRC2012_val_00014425.JPEG,,,,25.25609398,-4.09291792
568,imagenet,1,ILSVRC2012_val_00014427.JPEG,,,,-13.55216312,18.67061806
569,imagenet,1,ILSVRC2012_val_00014438.JPEG,,,,-16.33525658,-13.99200821
570,imagenet,1,ILSVRC2012_val_00014514.JPEG,,,,28.92484856,11.51707077
571,imagenet,1,ILSVRC2012_val_00014532.JPEG,,,,16.80962944,-3.39628744
572,imagenet,1,ILSVRC2012_val_00014547.JPEG,,,,36.92128372,2.08795261
573,imagenet,1,ILSVRC2012_val_00014625.JPEG,,,,7.48990679,8.70087051
574,imagenet,1,ILSVRC2012_val_00014655.JPEG,,,,-13.78929234,-2.23597193
575,imagenet,1,ILSVRC2012_val_00014661.JPEG,,,,-21.81961060,10.98622131
576,imagenet,1,ILSVRC2012_val_00014699.JPEG,,,,4.04334402,-4.33437634
577,imagenet,1,ILSVRC2012_val_00014780.JPEG,,,,-30.05679703,7.36758709
578,imagenet,1,ILSVRC2012_val_00014835.JPEG,,,,9.87918663,-3.52046514
579,imagenet,1,ILSVRC2012_val_00014841.JPEG,,,,-17.90794373,-6.89762211
580,imagenet,1,ILSVRC2012_val_00015005.JPEG,,,,-30.93898201,-3.96052194
581,imagenet,1,ILSVRC2012_val_00015025.JPEG,,,,-22.64703369,6.88919592
582,imagenet,1,ILSVRC2012_val_00015034.JPEG,,,,-5.98601818,12.15561008
583,imagenet,1,ILSVRC2012_val_00015059.JPEG,,,,-10.59629726,20.55578423
584,imagenet,1,ILSVRC2012_val_00015064.JPEG,,,,-5.72134447,7.41125536
585,imagenet,1,ILSVRC2012_val_00015084.JPEG,,,,-3.96866059,15.24068069
586,imagenet,1,ILSVRC2012_val_00015111.JPEG,,,,25.25570869,5.37773800
587,imagenet,1,ILSVRC2012_val_00015158.JPEG,,,,-7.30482531,-8.70644283
588,imagenet,1,ILSVRC2012_val_00015169.JPEG,,,,-25.74279785,14.64424324
589,imagenet,1,ILSVRC2012_val_00015193.JPEG,,,,-23.74449730,10.26878452
590,imagenet,1,ILSVRC2012_val_00015263.JPEG,,,,1.15122044,-7.53811264
591,imagenet,1,ILSVRC2012_val_00015316.JPEG,,,,-31.04514313,-2.56348896
592,imagenet,1,ILSVRC2012_val_00015351.JPEG,,,,-13.88019562,22.79143143
593,imagenet,1,ILSVRC2012_val_00015365.JPEG,,,,-29.83004951,-3.34025574
594,imagenet,1,ILSVRC2012_val_00015366.JPEG,,,,-6.19967461,-6.32991552
595,imagenet,1,ILSVRC2012_val_00015387.JPEG,,,,-27.09317589,14.49917030
596,imagenet,1,ILSVRC2012_val_00015425.JPEG,,,,28.82559013,0.86557382
597,imagenet,1,ILSVRC2012_val_00015426.JPEG,,,,-17.76742744,13.94155884
598,imagenet,1,ILSVRC2012_val_00015438.JPEG,,,,-26.22705841,9.61874199
599,imagenet,1,ILSVRC2012_val_00015449.JPEG,,,,1.50301301,-18.88336754
600,imagenet,1,ILSVRC2012_val_00015453.JPEG,,,,11.67972851,-12.08814812
601,imagenet,1,ILSVRC2012_val_00015516.JPEG,,,,19.75997353,-13.76465416
602,imagenet,1,ILSVRC2012_val_00015522.JPEG,,,,8.80352688,23.51438141
603,imagenet,1,ILSVRC2012_val_00015543.JPEG,,,,35.50136185,0.21551070
604,imagenet,1,ILSVRC2012_val_00015554.JPEG,,,,7.95157194,18.64821815
605,imagenet,1,ILSVRC2012_val_00015569.JPEG,,,,32.60437393,12.91892529
606,imagenet,1,ILSVRC2012_val_00015595.JPEG,,,,23.93740654,-9.47714043
607,imagenet,1,ILSVRC2012_val_00015597.JPEG,,,,21.33934784,14.15762520
608,imagenet,1,ILSVRC2012_val_00015618.JPEG,,,,12.24042988,-7.63305378
609,imagenet,1,ILSVRC2012_val_00015641.JPEG,,,,-17.86161423,-2.00085235
610,imagenet,1,ILSVRC2012_val_00015644.JPEG,,,,19.57272720,2.84466839
611,imagenet,1,ILSVRC2012_val_00015647.JPEG,,,,-2.76263976,13.41191864
612,imagenet,1,ILSVRC2012_val_00015734.JPEG,,,,-24.55521774,-9.08993435
613,imagenet,1,ILSVRC2012_val_00015742.JPEG,,,,20.24207687,16.01576996
614,imagenet,1,ILSVRC2012_val_00015753.JPEG,,,,1.72842312,-4.46256685
615,imagenet,1,ILSVRC2012_val_00015780.JPEG,,,,-19.32524490,14.13764095
616,imagenet,1,ILSVRC2012_val_00015825.JPEG,,,,-7.15020132,-7.77702808
617,imagenet,1,ILSVRC2012_val_00015836.JPEG,,,,-2.72244787,24.99832916
618,imagenet,1,ILSVRC2012_val_00015862.JPEG,,,,-16.10551071,-5.67124510
619,imagenet,1,ILSVRC2012_val_00015877.JPEG,,,,25.18728256,-5.79477453
620,imagenet,1,ILSVRC2012_val_00015892.JPEG,,,,31.32558823,-5.87449074
621,imagenet,1,ILSVRC2012_val_00015898.JPEG,,,,34.32750702,9.23102283
622,imagenet,1,ILSVRC2012_val_00015910.JPEG,,,,7.53429222,22.12919617
623,imagenet,1,ILSVRC2012_val_00015940.JPEG,,,,-33.22063065,6.03428650
624,imagenet,1,ILSVRC2012_val_00015965.JPEG,,,,23.46303558,9.86623096
625,imagenet,1,ILSVRC2012_val_00016061.JPEG,,,,-20.14066505,1.41379261
626,imagenet,1,ILSVRC2012_val_00016095.JPEG,,,,16.01092148,16.94034576
627,imagenet,1,ILSVRC2012_val_00016113.JPEG,,,,-7.56648779,23.84735680
628,imagenet,1,ILSVRC2012_val_00016147.JPEG,,,,13.89335632,-11.78986454
629,imagenet,1,ILSVRC2012_val_00016171.JPEG,,,,-15.79760075,17.10766602
630,imagenet,1,ILSVRC2012_val_00016204.JPEG,,,,12.39214611,11.39312172
631,imagenet,1,ILSVRC2012_val_00016214.JPEG,,,,13.87599277,2.11140347
632,imagenet,1,ILSVRC2012_val_00016219.JPEG,,,,-15.95200729,2.41366148
633,imagenet,1,ILSVRC2012_val_00016250.JPEG,,,,11.86010456,18.16388321
634,imagenet,1,ILSVRC2012_val_00016251.JPEG,,,,20.56820107,8.41907978
635,imagenet,1,ILSVRC2012_val_00016275.JPEG,,,,17.90333366,-15.82686043
636,imagenet,1,ILSVRC2012_val_00016322.JPEG,,,,-17.72530937,-9.72726536
637,imagenet,1,ILSVRC2012_val_00016359.JPEG,,,,-28.64162827,3.24926829
638,imagenet,1,ILSVRC2012_val_00016387.JPEG,,,,34.29341888,6.17923069
639,imagenet,1,ILSVRC2012_val_00016420.JPEG,,,,20.65998650,17.75475311
640,imagenet,1,ILSVRC2012_val_00016425.JPEG,,,,4.95184946,10.42890739
641,imagenet,1,ILSVRC2012_val_00016470.JPEG,,,,-12.88126469,-14.98474407
642,imagenet,1,ILSVRC2012_val_00016474.JPEG,,,,-2.83375192,28.54738045
643,imagenet,1,ILSVRC2012_val_00016495.JPEG,,,,-31.17821312,-0.43924889
644,imagenet,1,ILSVRC2012_val_00016509.JPEG,,,,-18.83703804,-14.72443867
645,imagenet,1,ILSVRC2012_val_00016528.JPEG,,,,32.09085083,-5.65814304
646,imagenet,1,ILSVRC2012_val_00016542.JPEG,,,,-14.94925213,-7.77893019
647,imagenet,1,ILSVRC2012_val_00016591.JPEG,,,,-24.15301704,2.63334060
648,imagenet,1,ILSVRC2012_val_00016605.JPEG,,,,18.90103722,-9.27897453
649,imagenet,1,ILSVRC2012_val_00016616.JPEG,,,,36.24694443,8.06967449
650,imagenet,1,ILSVRC2012_val_00016680.JPEG,,,,-11.80058479,22.30554771
651,imagenet,1,ILSVRC2012_val_00016707.JPEG,,,,7.37383413,-12.14007664
652,imagenet,1,ILSVRC2012_val_00016708.JPEG,,,,0.49918315,25.24181938
653,imagenet,1,ILSVRC2012_val_00016740.JPEG,,,,-17.50803757,-11.62751675
654,imagenet,1,ILSVRC2012_val_00016791.JPEG,,,,-5.97783613,9.70745277
655,imagenet,1,ILSVRC2012_val_00016796.JPEG,,,,4.06322861,19.04348946
656,imagenet,1,ILSVRC2012_val_00016798.JPEG,,,,-19.70056915,1.93870306
657,imagenet,1,ILSVRC2012_val_00016813.JPEG,,,,-23.26194572,-13.07939053
658,imagenet,1,ILSVRC2012_val_00016832.JPEG,,,,-10.16581059,-18.80822945
659,imagenet,1,ILSVRC2012_val_00016843.JPEG,,,,1.07460332,9.15471935
660,imagenet,1,ILSVRC2012_val_00016918.JPEG,,,,-24.27887154,-1.51059926
661,imagenet,1,ILSVRC2012_val_00016926.JPEG,,,,-13.95748806,11.59845352
662,imagenet,1,ILSVRC2012_val_00016960.JPEG,,,,-11.13101768,21.54132843
663,imagenet,1,ILSVRC2012_val_00016997.JPEG,,,,13.60829639,-16.15321541
664,imagenet,1,ILSVRC2012_val_00016999.JPEG,,,,-6.02253914,24.12141609
665,imagenet,1,ILSVRC2012_val_00017018.JPEG,,,,28.52922440,0.63292164
666,imagenet,1,ILSVRC2012_val_00017060.JPEG,,,,-5.82233810,-2.21889949
667,imagenet,1,ILSVRC2012_val_00017104.JPEG,,,,-15.40178108,7.94768620
668,imagenet,1,ILSVRC2012_val_00017154.JPEG,,,,-33.96794128,1.99013901
669,imagenet,1,ILSVRC2012_val_00017168.JPEG,,,,35.42656708,3.92352605
670,imagenet,1,ILSVRC2012_val_00017216.JPEG,,,,-26.96054840,13.11952305
671,imagenet,1,ILSVRC2012_val_00017264.JPEG,,,,-1.36726391,8.12331104
672,imagenet,1,ILSVRC2012_val_00017273.JPEG,,,,-10.63442993,-16.74330902
673,imagenet,1,ILSVRC2012_val_00017286.JPEG,,,,-17.63042450,16.89520836
674,imagenet,1,ILSVRC2012_val_00017320.JPEG,,,,25.11607361,8.58537006
675,imagenet,1,ILSVRC2012_val_00017332.JPEG,,,,20.82349014,-12.92194653
676,imagenet,1,ILSVRC2012_val_00017340.JPEG,,,,-26.21719933,15.83985138
677,imagenet,1,ILSVRC2012_val_00017392.JPEG,,,,-16.04905128,22.04563332
678,imagenet,1,ILSVRC2012_val_00017414.JPEG,,,,35.62234879,0.22266047
679,imagenet,1,ILSVRC2012_val_00017426.JPEG,,,,28.37039948,-6.48835230
680,imagenet,1,ILSVRC2012_val_00017438.JPEG,,,,-11.46463871,15.16345596
681,imagenet,1,ILSVRC2012_val_00017461.JPEG,,,,-8.33296776,-6.15374136
682,imagenet,1,ILSVRC2012_val_00017477.JPEG,,,,32.13523483,13.62039661
683,imagenet,1,ILSVRC2012_val_00017497.JPEG,,,,13.88334274,-2.12874627
684,imagenet,1,ILSVRC2012_val_00017503.JPEG,,,,-4.02345848,26.85646439
685,imagenet,1,ILSVRC2012_val_00017508.JPEG,,,,16.80149651,-0.94871390
686,imagenet,1,ILSVRC2012_val_00017520.JPEG,,,,-22.01005554,22.47925949
687,imagenet,1,ILSVRC2012_val_00017543.JPEG,,,,-10.69384289,0.50582093
688,imagenet,1,ILSVRC2012_val_00017585.JPEG,,,,-27.76394081,9.89567947
689,imagenet,1,ILSVRC2012_val_00017590.JPEG,,,,-26.26589775,-5.41133928
690,imagenet,1,ILSVRC2012_val_00017607.JPEG,,,,8.19705772,22.35458755
691,imagenet,1,ILSVRC2012_val_00017613.JPEG,,,,-26.20947075,12.30508804
692,imagenet,1,ILSVRC2012_val_00017614.JPEG,,,,-26.55352592,-3.29033780
693,imagenet,1,ILSVRC2012_val_00017638.JPEG,,,,-21.68166924,7.29283810
694,imagenet,1,ILSVRC2012_val_00017639.JPEG,,,,12.71049976,-11.83320045
695,imagenet,1,ILSVRC2012_val_00017707.JPEG,,,,7.79147339,25.28526688
696,imagenet,1,ILSVRC2012_val_00017713.JPEG,,,,6.04728460,23.41869164
697,imagenet,1,ILSVRC2012_val_00017715.JPEG,,,,-6.57610464,10.16306114
698,imagenet,1,ILSVRC2012_val_00017728.JPEG,,,,28.16269684,-5.28275204
699,imagenet,1,ILSVRC2012_val_00017775.JPEG,,,,-9.95669651,-6.25859547
700,imagenet,1,ILSVRC2012_val_00017814.JPEG,,,,15.35680199,-0.34538466
701,imagenet,1,ILSVRC2012_val_00017880.JPEG,,,,17.16595459,-14.19469738
702,imagenet,1,ILSVRC2012_val_00017890.JPEG,,,,-28.01105118,15.28816605
703,imagenet,1,ILSVRC2012_val_00017898.JPEG,,,,-23.16431046,14.55271816
704,imagenet,1,ILSVRC2012_val_00017909.JPEG,,,,-20.32615852,-4.93755770
705,imagenet,1,ILSVRC2012_val_00017920.JPEG,,,,-31.47471619,12.38690472
706,imagenet,1,ILSVRC2012_val_00017937.JPEG,,,,-24.71805954,-10.95180225
707,imagenet,1,ILSVRC2012_val_00017948.JPEG,,,,-18.26686859,3.25894666
708,imagenet,1,ILSVRC2012_val_00017963.JPEG,,,,-11.22825813,11.38472652
709,imagenet,1,ILSVRC2012_val_00017970.JPEG,,,,-11.24359417,6.98216915
710,imagenet,1,ILSVRC2012_val_00017981.JPEG,,,,-30.44732857,0.95613158
711,imagenet,1,ILSVRC2012_val_00017984.JPEG,,,,-19.35115433,15.61208153
712,imagenet,1,ILSVRC2012_val_00018027.JPEG,,,,-7.89614582,-13.96248150
713,imagenet,1,ILSVRC2012_val_00018077.JPEG,,,,-11.70543289,-5.29802418
714,imagenet,1,ILSVRC2012_val_00018110.JPEG,,,,33.82056046,-1.39974976
715,imagenet,1,ILSVRC2012_val_00018132.JPEG,,,,11.03864574,-0.13538496
716,imagenet,1,ILSVRC2012_val_00018133.JPEG,,,,-12.81606579,-16.23242569
717,imagenet,1,ILSVRC2012_val_00018142.JPEG,,,,15.06786633,4.64803886
718,imagenet,1,ILSVRC2012_val_00018177.JPEG,,,,20.94007874,-10.30743885
719,imagenet,1,ILSVRC2012_val_00018228.JPEG,,,,-14.28757286,18.72202301
720,imagenet,1,ILSVRC2012_val_00018255.JPEG,,,,-13.41188049,14.50307369
721,imagenet,1,ILSVRC2012_val_00018382.JPEG,,,,-5.44279385,9.03350735
722,imagenet,1,ILSVRC2012_val_00018391.JPEG,,,,-29.60944557,-4.49047232
723,imagenet,1,ILSVRC2012_val_00018416.JPEG,,,,8.63332367,-28.06395340
724,imagenet,1,ILSVRC2012_val_00018481.JPEG,,,,-24.34236908,8.38836288
725,imagenet,1,ILSVRC2012_val_00018509.JPEG,,,,13.38798904,-16.05263329
726,imagenet,1,ILSVRC2012_val_00018543.JPEG,,,,5.61160231,16.87973022
727,imagenet,1,ILSVRC2012_val_00018619.JPEG,,,,11.13803673,-13.33447742
728,imagenet,1,ILSVRC2012_val_00018621.JPEG,,,,-2.08332849,25.72135162
729,imagenet,1,ILSVRC2012_val_00018635.JPEG,,,,-27.56392860,13.60271931
730,imagenet,1,ILSVRC2012_val_00018649.JPEG,,,,-27.85539627,8.60238838
731,imagenet,1,ILSVRC2012_val_00018658.JPEG,,,,30.14590263,-3.57810092
732,imagenet,1,ILSVRC2012_val_00018692.JPEG,,,,-21.25657082,2.99271655
733,imagenet,1,ILSVRC2012_val_00018715.JPEG,,,,-20.71222305,-0.59737957
734,imagenet,1,ILSVRC2012_val_00018729.JPEG,,,,-19.63177109,7.93319082
735,imagenet,1,ILSVRC2012_val_00018732.JPEG,,,,6.49088478,-11.20258141
736,imagenet,1,ILSVRC2012_val_00018752.JPEG,,,,-19.96257782,-4.91838551
737,imagenet,1,ILSVRC2012_val_00018804.JPEG,,,,-10.92720699,-15.48484135
738,imagenet,1,ILSVRC2012_val_00018809.JPEG,,,,-15.01970768,20.27599335
739,imagenet,1,ILSVRC2012_val_00018839.JPEG,,,,30.70785713,5.52778053
740,imagenet,1,ILSVRC2012_val_00018886.JPEG,,,,-31.20966721,-1.34686458
741,imagenet,1,ILSVRC2012_val_00018914.JPEG,,,,7.67335463,24.57786942
742,imagenet,1,ILSVRC2012_val_00018930.JPEG,,,,-24.01512146,16.04864502
743,imagenet,1,ILSVRC2012_val_00018938.JPEG,,,,39.42261124,3.58930206
744,imagenet,1,ILSVRC2012_val_00018955.JPEG,,,,-16.92794418,5.02772903
745,imagenet,1,ILSVRC2012_val_00018981.JPEG,,,,8.08111477,4.16733837
746,imagenet,1,ILSVRC2012_val_00018995.JPEG,,,,24.56108093,-7.92826986
747,imagenet,1,ILSVRC2012_val_00019003.JPEG,,,,31.79665184,8.94667721
748,imagenet,1,ILSVRC2012_val_00019015.JPEG,,,,-5.59765434,24.98241234
749,imagenet,1,ILSVRC2012_val_00019029.JPEG,,,,28.38886642,3.96220899
750,imagenet,1,ILSVRC2012_val_00019048.JPEG,,,,-11.73768139,8.45662117
751,imagenet,1,ILSVRC2012_val_00019062.JPEG,,,,-25.10237694,5.99289703
752,imagenet,1,ILSVRC2012_val_00019089.JPEG,,,,-26.89813805,1.69666600
753,imagenet,1,ILSVRC2012_val_00019113.JPEG,,,,8.47822762,15.17735481
754,imagenet,1,ILSVRC2012_val_00019124.JPEG,,,,6.79849672,20.75795364
755,imagenet,1,ILSVRC2012_val_00019125.JPEG,,,,9.82581902,-0.65532190
756,imagenet,1,ILSVRC2012_val_00019146.JPEG,,,,26.96970940,-13.50129223
757,imagenet,1,ILSVRC2012_val_00019228.JPEG,,,,-28.31097794,-11.56904602
758,imagenet,1,ILSVRC2012_val_00019319.JPEG,,,,-18.86099052,22.64734840
759,imagenet,1,ILSVRC2012_val_00019331.JPEG,,,,-9.18735218,18.25811386
760,imagenet,1,ILSVRC2012_val_00019386.JPEG,,,,-6.99750280,-19.71362305
761,imagenet,1,ILSVRC2012_val_00019426.JPEG,,,,-9.78467083,-4.87728596
762,imagenet,1,ILSVRC2012_val_00019516.JPEG,,,,-17.42591476,-4.49391317
763,imagenet,1,ILSVRC2012_val_00019548.JPEG,,,,8.15508747,-27.07809067
764,imagenet,1,ILSVRC2012_val_00019592.JPEG,,,,22.24063683,15.23484802
765,imagenet,1,ILSVRC2012_val_00019616.JPEG,,,,-30.18974113,-11.08760357
766,imagenet,1,ILSVRC2012_val_00019620.JPEG,,,,-27.99446678,-1.67270875
767,imagenet,1,ILSVRC2012_val_00019622.JPEG,,,,-18.88545609,-9.52130890
768,imagenet,1,ILSVRC2012_val_00019652.JPEG,,,,20.23034668,3.08871651
769,imagenet,1,ILSVRC2012_val_00019774.JPEG,,,,-15.22044277,17.31822014
770,imagenet,1,ILSVRC2012_val_00019778.JPEG,,,,15.05785942,-6.33560324
771,imagenet,1,ILSVRC2012_val_00019795.JPEG,,,,-21.00716972,1.91829097
772,imagenet,1,ILSVRC2012_val_00019803.JPEG,,,,-15.12867451,7.76050520
773,imagenet,1,ILSVRC2012_val_00019872.JPEG,,,,-9.75211048,-9.08050537
774,imagenet,1,ILSVRC2012_val_00019903.JPEG,,,,-4.22569275,24.50388527
775,imagenet,1,ILSVRC2012_val_00019907.JPEG,,,,-27.90246010,1.31526041
776,imagenet,1,ILSVRC2012_val_00019914.JPEG,,,,27.73612213,1.74270606
777,imagenet,1,ILSVRC2012_val_00019932.JPEG,,,,-7.60067225,10.13494873
778,imagenet,1,ILSVRC2012_val_00019941.JPEG,,,,37.14124680,5.79730368
779,imagenet,1,ILSVRC2012_val_00019949.JPEG,,,,8.84775162,23.93698502
780,imagenet,1,ILSVRC2012_val_00019958.JPEG,,,,24.44267654,14.89140797
781,imagenet,1,ILSVRC2012_val_00019983.JPEG,,,,14.23222542,-5.74018717
782,imagenet,1,ILSVRC2012_val_00019989.JPEG,,,,-30.41504288,-1.86461043
783,imagenet,1,ILSVRC2012_val_00020032.JPEG,,,,24.69043541,17.41280556
784,imagenet,1,ILSVRC2012_val_00020033.JPEG,,,,-15.26274490,-0.61870772
785,imagenet,1,ILSVRC2012_val_00020043.JPEG,,,,-8.62367535,6.68434763
786,imagenet,1,ILSVRC2012_val_00020061.JPEG,,,,-21.42731094,12.65824223
787,imagenet,1,ILSVRC2012_val_00020076.JPEG,,,,26.07936859,1.57383645
788,imagenet,1,ILSVRC2012_val_00020087.JPEG,,,,-34.33131409,3.73014665
789,imagenet,1,ILSVRC2012_val_00020108.JPEG,,,,-2.32633114,8.02209568
790,imagenet,1,ILSVRC2012_val_00020182.JPEG,,,,-22.25866508,22.82710266
791,imagenet,1,ILSVRC2012_val_00020188.JPEG,,,,-20.74450684,4.73900032
792,imagenet,1,ILSVRC2012_val_00020196.JPEG,,,,-4.93082333,-18.21173859
793,imagenet,1,ILSVRC2012_val_00020220.JPEG,,,,-20.97708511,-12.83549118
794,imagenet,1,ILSVRC2012_val_00020232.JPEG,,,,-1.52232826,25.11634064
795,imagenet,1,ILSVRC2012_val_00020246.JPEG,,,,-0.97786796,7.42431068
796,imagenet,1,ILSVRC2012_val_00020249.JPEG,,,,-14.71720314,-14.79522133
797,imagenet,1,ILSVRC2012_val_00020250.JPEG,,,,25.69083786,7.42852688
798,imagenet,1,ILSVRC2012_val_00020258.JPEG,,,,-29.69357681,-0.67635268
799,imagenet,1,ILSVRC2012_val_00020292.JPEG,,,,39.04173660,3.85535145
800,imagenet,1,ILSVRC2012_val_00020297.JPEG,,,,-7.01788187,4.68027878
801,imagenet,1,ILSVRC2012_val_00020314.JPEG,,,,6.90896273,-10.56404114
802,imagenet,1,ILSVRC2012_val_00020342.JPEG,,,,-13.67464161,-11.52447891
803,imagenet,1,ILSVRC2012_val_00020362.JPEG,,,,19.13834572,-5.20794773
804,imagenet,1,ILSVRC2012_val_00020375.JPEG,,,,0.68025327,14.05505180
805,imagenet,1,ILSVRC2012_val_00020399.JPEG,,,,0.17610896,-17.25017357
806,imagenet,1,ILSVRC2012_val_00020419.JPEG,,,,34.89968109,-0.95846355
807,imagenet,1,ILSVRC2012_val_00020442.JPEG,,,,1.75838542,6.80955458
808,imagenet,1,ILSVRC2012_val_00020462.JPEG,,,,-16.12682533,-8.70540333
809,imagenet,1,ILSVRC2012_val_00020512.JPEG,,,,-25.67498207,6.94213676
810,imagenet,1,ILSVRC2012_val_00020516.JPEG,,,,0.18864757,-9.42309666
811,imagenet,1,ILSVRC2012_val_00020533.JPEG,,,,-9.22912121,-17.30076599
812,imagenet,1,ILSVRC2012_val_00020543.JPEG,,,,-19.02297974,-2.37471581
813,imagenet,1,ILSVRC2012_val_00020550.JPEG,,,,-6.52445555,-13.17587948
814,imagenet,1,ILSVRC2012_val_00020557.JPEG,,,,26.87237930,-0.26974687
815,imagenet,1,ILSVRC2012_val_00020560.JPEG,,,,9.11381531,-47.11133957
816,imagenet,1,ILSVRC2012_val_00020565.JPEG,,,,-32.07104492,4.31601238
817,imagenet,1,ILSVRC2012_val_00020573.JPEG,,,,28.88788795,6.83306313
818,imagenet,1,ILSVRC2012_val_00020665.JPEG,,,,-28.91987991,15.04845619
819,imagenet,1,ILSVRC2012_val_00020739.JPEG,,,,23.75963593,17.60417366
820,imagenet,1,ILSVRC2012_val_00020755.JPEG,,,,31.49767876,-5.29707766
821,imagenet,1,ILSVRC2012_val_00020756.JPEG,,,,-2.89887476,27.63046646
822,imagenet,1,ILSVRC2012_val_00020789.JPEG,,,,-21.08975983,22.08335876
823,imagenet,1,ILSVRC2012_val_00020806.JPEG,,,,29.01264000,-3.88797951
824,imagenet,1,ILSVRC2012_val_00020844.JPEG,,,,1.78276682,14.00566196
825,imagenet,1,ILSVRC2012_val_00020849.JPEG,,,,10.74964046,-15.86667919
826,imagenet,1,ILSVRC2012_val_00020863.JPEG,,,,10.64985180,-16.65312004
827,imagenet,1,ILSVRC2012_val_00020865.JPEG,,,,18.04216194,-0.54582071
828,imagenet,1,ILSVRC2012_val_00020902.JPEG,,,,-28.48154449,-11.07220268
829,imagenet,1,ILSVRC2012_val_00020928.JPEG,,,,37.10974884,4.69295025
830,imagenet,1,ILSVRC2012_val_00020929.JPEG,,,,-13.04763985,-4.19438696
831,imagenet,1,ILSVRC2012_val_00020948.JPEG,,,,6.49479103,25.90845299
832,imagenet,1,ILSVRC2012_val_00020963.JPEG,,,,-12.60451412,-15.89207363
833,imagenet,1,ILSVRC2012_val_00020981.JPEG,,,,-3.46617460,26.41946220
834,imagenet,1,ILSVRC2012_val_00021011.JPEG,,,,-13.84445095,15.84162903
835,imagenet,1,ILSVRC2012_val_00021033.JPEG,,,,24.86989212,-12.57027245
836,imagenet,1,ILSVRC2012_val_00021103.JPEG,,,,23.35360336,9.23258972
837,imagenet,1,ILSVRC2012_val_00021138.JPEG,,,,-18.77098846,6.18304920
838,imagenet,1,ILSVRC2012_val_00021162.JPEG,,,,32.16984177,9.97952271
839,imagenet,1,ILSVRC2012_val_00021216.JPEG,,,,-24.66361427,-4.00436115
840,imagenet,1,ILSVRC2012_val_00021220.JPEG,,,,-25.57180405,-11.66850471
841,imagenet,1,ILSVRC2012_val_00021241.JPEG,,,,-18.95392227,-5.04901075
842,imagenet,1,ILSVRC2012_val_00021255.JPEG,,,,-27.17545891,8.10813046
843,imagenet,1,ILSVRC2012_val_00021291.JPEG,,,,-21.38781929,-13.30338669
844,imagenet,1,ILSVRC2012_val_00021341.JPEG,,,,21.70823860,-6.15169191
845,imagenet,1,ILSVRC2012_val_00021371.JPEG,,,,24.97317314,-7.56290340
846,imagenet,1,ILSVRC2012_val_00021492.JPEG,,,,-18.12135124,5.08650970
847,imagenet,1,ILSVRC2012_val_00021506.JPEG,,,,18.14857864,19.18118858
848,imagenet,1,ILSVRC2012_val_00021533.JPEG,,,,-0.40083116,-15.78256512
849,imagenet,1,ILSVRC2012_val_00021575.JPEG,,,,-12.99296951,-18.88056183
850,imagenet,1,ILSVRC2012_val_00021606.JPEG,,,,20.70234871,-2.29559922
851,imagenet,1,ILSVRC2012_val_00021656.JPEG,,,,26.18676186,-3.16348100
852,imagenet,1,ILSVRC2012_val_00021663.JPEG,,,,14.77476883,-13.91938400
853,imagenet,1,ILSVRC2012_val_00021665.JPEG,,,,39.15096283,0.43350652
854,imagenet,1,ILSVRC2012_val_00021730.JPEG,,,,21.09231186,-5.07513714
855,imagenet,1,ILSVRC2012_val_00021733.JPEG,,,,-25.28016281,-15.69911289
856,imagenet,1,ILSVRC2012_val_00021745.JPEG,,,,-34.71276093,-3.08231688
857,imagenet,1,ILSVRC2012_val_00021751.JPEG,,,,8.21337032,-7.48709917
858,imagenet,1,ILSVRC2012_val_00021788.JPEG,,,,5.24944639,0.54090464
859,imagenet,1,ILSVRC2012_val_00021790.JPEG,,,,21.92183876,-8.69813538
860,imagenet,1,ILSVRC2012_val_00021800.JPEG,,,,-28.58717155,-6.09652090
861,imagenet,1,ILSVRC2012_val_00021839.JPEG,,,,-19.00924110,-6.60778379
862,imagenet,1,ILSVRC2012_val_00021856.JPEG,,,,39.78656006,2.64575505
863,imagenet,1,ILSVRC2012_val_00021928.JPEG,,,,-11.78742313,7.49739790
864,imagenet,1,ILSVRC2012_val_00021989.JPEG,,,,23.22212029,3.97116399
865,imagenet,1,ILSVRC2012_val_00022021.JPEG,,,,-12.75803566,17.87824440
866,imagenet,1,ILSVRC2012_val_00022026.JPEG,,,,34.39456558,1.37922585
867,imagenet,1,ILSVRC2012_val_00022029.JPEG,,,,11.91852856,9.65588760
868,imagenet,1,ILSVRC2012_val_00022074.JPEG,,,,39.51963425,-0.42629519
869,imagenet,1,ILSVRC2012_val_00022130.JPEG,,,,18.69816399,-8.98639584
870,imagenet,1,ILSVRC2012_val_00022158.JPEG,,,,-9.76594639,-20.17757988
871,imagenet,1,ILSVRC2012_val_00022159.JPEG,,,,26.56544304,5.37098885
872,imagenet,1,ILSVRC2012_val_00022174.JPEG,,,,-11.84576130,8.97796822
873,imagenet,1,ILSVRC2012_val_00022220.JPEG,,,,7.19403124,22.35371780
874,imagenet,1,ILSVRC2012_val_00022235.JPEG,,,,6.70281744,8.56782150
875,imagenet,1,ILSVRC2012_val_00022246.JPEG,,,,-15.50450230,13.88028908
876,imagenet,1,ILSVRC2012_val_00022279.JPEG,,,,-16.50308990,-7.22533989
877,imagenet,1,ILSVRC2012_val_00022299.JPEG,,,,14.90743256,8.53614044
878,imagenet,1,ILSVRC2012_val_00022348.JPEG,,,,-6.44883156,26.74650955
879,imagenet,1,ILSVRC2012_val_00022354.JPEG,,,,-5.20706606,13.76461029
880,imagenet,1,ILSVRC2012_val_00022362.JPEG,,,,-23.67129135,6.24215841
881,imagenet,1,ILSVRC2012_val_00022518.JPEG,,,,-17.00473976,18.72587967
882,imagenet,1,ILSVRC2012_val_00022555.JPEG,,,,-14.26868916,-18.39614487
883,imagenet,1,ILSVRC2012_val_00022561.JPEG,,,,-9.68962479,-20.71792221
884,imagenet,1,ILSVRC2012_val_00022581.JPEG,,,,-10.89899158,-10.64025688
885,imagenet,1,ILSVRC2012_val_00022586.JPEG,,,,-2.71967125,-10.00086117
886,imagenet,1,ILSVRC2012_val_00022604.JPEG,,,,32.53914261,1.35261047
887,imagenet,1,ILSVRC2012_val_00022624.JPEG,,,,15.43346405,-5.17143488
888,imagenet,1,ILSVRC2012_val_00022626.JPEG,,,,28.31260681,5.31452751
889,imagenet,1,ILSVRC2012_val_00022631.JPEG,,,,-28.43778038,1.71618629
890,imagenet,1,ILSVRC2012_val_00022656.JPEG,,,,-32.50714874,7.92564869
891,imagenet,1,ILSVRC2012_val_00022681.JPEG,,,,31.08561134,-2.27017212
892,imagenet,1,ILSVRC2012_val_00022683.JPEG,,,,-8.88039780,-8.24679852
893,imagenet,1,ILSVRC2012_val_00022693.JPEG,,,,2.27951884,14.43272877
894,imagenet,1,ILSVRC2012_val_00022714.JPEG,,,,18.75337791,19.28157425
895,imagenet,1,ILSVRC2012_val_00022720.JPEG,,,,12.47562599,24.17496109
896,imagenet,1,ILSVRC2012_val_00022735.JPEG,,,,30.75581169,2.46324587
897,imagenet,1,ILSVRC2012_val_00022751.JPEG,,,,-17.32407188,21.67941856
898,imagenet,1,ILSVRC2012_val_00022758.JPEG,,,,-13.72662258,-5.79580307
899,imagenet,1,ILSVRC2012_val_00022772.JPEG,,,,26.72180557,13.80556488
900,imagenet,1,ILSVRC2012_val_00022779.JPEG,,,,-8.78043270,-19.83647156
901,imagenet,1,ILSVRC2012_val_00022807.JPEG,,,,-11.90720463,-12.88925171
902,imagenet,1,ILSVRC2012_val_00022839.JPEG,,,,4.00925875,5.01140213
903,imagenet,1,ILSVRC2012_val_00022856.JPEG,,,,-25.75451279,8.54593468
904,imagenet,1,ILSVRC2012_val_00022922.JPEG,,,,-19.79434967,5.04358912
905,imagenet,1,ILSVRC2012_val_00022942.JPEG,,,,32.38430405,2.07693410
906,imagenet,1,ILSVRC2012_val_00022948.JPEG,,,,3.52460074,13.07288647
907,imagenet,1,ILSVRC2012_val_00022970.JPEG,,,,-19.78293991,4.04319620
908,imagenet,1,ILSVRC2012_val_00022971.JPEG,,,,-16.85187531,2.48114538
909,imagenet,1,ILSVRC2012_val_00022972.JPEG,,,,27.22272491,-0.44954059
910,imagenet,1,ILSVRC2012_val_00022991.JPEG,,,,-7.31172419,-4.56534719
911,imagenet,1,ILSVRC2012_val_00022998.JPEG,,,,-5.08249617,-0.70087391
912,imagenet,1,ILSVRC2012_val_00023007.JPEG,,,,23.04781914,-7.75178480
913,imagenet,1,ILSVRC2012_val_00023060.JPEG,,,,-22.63608551,11.16409206
914,imagenet,1,ILSVRC2012_val_00023087.JPEG,,,,23.15295792,-12.35426998
915,imagenet,1,ILSVRC2012_val_00023110.JPEG,,,,-23.90412521,-7.90749741
916,imagenet,1,ILSVRC2012_val_00023155.JPEG,,,,-25.40069771,0.48475868
917,imagenet,1,ILSVRC2012_val_00023157.JPEG,,,,-15.12659836,-2.10361671
918,imagenet,1,ILSVRC2012_val_00023159.JPEG,,,,21.38135719,7.90034533
919,imagenet,1,ILSVRC2012_val_00023201.JPEG,,,,-8.07897854,13.02851582
920,imagenet,1,ILSVRC2012_val_00023225.JPEG,,,,33.67861557,1.59068811
921,imagenet,1,ILSVRC2012_val_00023258.JPEG,,,,-31.69089699,-0.06524912
922,imagenet,1,ILSVRC2012_val_00023260.JPEG,,,,-26.25902748,-9.24273109
923,imagenet,1,ILSVRC2012_val_00023265.JPEG,,,,-6.37117147,-9.11582184
924,imagenet,1,ILSVRC2012_val_00023327.JPEG,,,,-8.64905834,11.72808743
925,imagenet,1,ILSVRC2012_val_00023363.JPEG,,,,-12.12068272,17.11929893
926,imagenet,1,ILSVRC2012_val_00023419.JPEG,,,,14.72164345,-17.46065903
927,imagenet,1,ILSVRC2012_val_00023448.JPEG,,,,2.63296437,17.21408463
928,imagenet,1,ILSVRC2012_val_00023455.JPEG,,,,-3.24153543,13.03877163
929,imagenet,1,ILSVRC2012_val_00023517.JPEG,,,,4.15077686,-15.52636623
930,imagenet,1,ILSVRC2012_val_00023591.JPEG,,,,-28.43850327,4.85964823
931,imagenet,1,ILSVRC2012_val_00023594.JPEG,,,,2.59105301,12.25063801
932,imagenet,1,ILSVRC2012_val_00023606.JPEG,,,,19.68260956,0.05003541
933,imagenet,1,ILSVRC2012_val_00023644.JPEG,,,,-2.52167606,26.54990005
934,imagenet,1,ILSVRC2012_val_00023646.JPEG,,,,-25.05126381,-1.44095063
935,imagenet,1,ILSVRC2012_val_00023675.JPEG,,,,-19.50035667,-9.59416866
936,imagenet,1,ILSVRC2012_val_00023703.JPEG,,,,14.50418663,17.51874733
937,imagenet,1,ILSVRC2012_val_00023729.JPEG,,,,-17.70615768,6.82343721
938,imagenet,1,ILSVRC2012_val_00023740.JPEG,,,,3.17348766,8.96550179
939,imagenet,1,ILSVRC2012_val_00023750.JPEG,,,,-27.13128853,-12.80390835
940,imagenet,1,ILSVRC2012_val_00023784.JPEG,,,,-9.41284084,-18.32040215
941,imagenet,1,ILSVRC2012_val_00023786.JPEG,,,,-27.05186462,-13.62283134
942,imagenet,1,ILSVRC2012_val_00023788.JPEG,,,,-9.18198681,-3.25903535
943,imagenet,1,ILSVRC2012_val_00023811.JPEG,,,,-3.53275275,-4.05143023
944,imagenet,1,ILSVRC2012_val_00023822.JPEG,,,,-22.00137901,19.46083069
945,imagenet,1,ILSVRC2012_val_00023832.JPEG,,,,8.77100563,22.73902893
946,imagenet,1,ILSVRC2012_val_00023838.JPEG,,,,11.71166801,23.43487167
947,imagenet,1,ILSVRC2012_val_00023843.JPEG,,,,24.27328491,14.58558369
948,imagenet,1,ILSVRC2012_val_00023862.JPEG,,,,17.70372391,1.02523482
949,imagenet,1,ILSVRC2012_val_00023873.JPEG,,,,-24.03939629,11.91881657
950,imagenet,1,ILSVRC2012_val_00023922.JPEG,,,,-15.74207973,-13.70399380
951,imagenet,1,ILSVRC2012_val_00023929.JPEG,,,,30.52973366,-9.62692451
952,imagenet,1,ILSVRC2012_val_00023939.JPEG,,,,-13.45704746,-9.01158333
953,imagenet,1,ILSVRC2012_val_00023951.JPEG,,,,-16.55438614,-11.29624176
954,imagenet,1,ILSVRC2012_val_00023959.JPEG,,,,20.47166634,-14.00409317
955,imagenet,1,ILSVRC2012_val_00024049.JPEG,,,,-27.43300438,6.12293720
956,imagenet,1,ILSVRC2012_val_00024101.JPEG,,,,-3.02516603,-1.65588152
957,imagenet,1,ILSVRC2012_val_00024119.JPEG,,,,-28.09741974,9.78221989
958,imagenet,1,ILSVRC2012_val_00024142.JPEG,,,,-7.29975843,-20.78042412
959,imagenet,1,ILSVRC2012_val_00024145.JPEG,,,,9.69723797,-10.01956844
960,imagenet,1,ILSVRC2012_val_00024176.JPEG,,,,20.31702042,15.43784904
961,imagenet,1,ILSVRC2012_val_00024179.JPEG,,,,-9.62063789,-16.02488327
962,imagenet,1,ILSVRC2012_val_00024222.JPEG,,,,26.85003281,-12.50936127
963,imagenet,1,ILSVRC2012_val_00024241.JPEG,,,,10.86346531,14.70451164
964,imagenet,1,ILSVRC2012_val_00024244.JPEG,,,,-11.29822254,-13.11486053
965,imagenet,1,ILSVRC2012_val_00024302.JPEG,,,,-1.96513593,7.46805143
966,imagenet,1,ILSVRC2012_val_00024316.JPEG,,,,13.06763554,-15.05879784
967,imagenet,1,ILSVRC2012_val_00024326.JPEG,,,,-2.36275339,-4.61418867
968,imagenet,1,ILSVRC2012_val_00024333.JPEG,,,,-34.86413574,6.75088692
969,imagenet,1,ILSVRC2012_val_00024377.JPEG,,,,5.94002485,8.94249535
970,imagenet,1,ILSVRC2012_val_00024447.JPEG,,,,-10.93784809,-3.48965430
971,imagenet,1,ILSVRC2012_val_00024463.JPEG,,,,-8.10906410,-20.64674187
972,imagenet,1,ILSVRC2012_val_00024467.JPEG,,,,2.50324559,4.54999733
973,imagenet,1,ILSVRC2012_val_00024491.JPEG,,,,5.68456316,-13.50746822
974,imagenet,1,ILSVRC2012_val_00024513.JPEG,,,,21.14928246,-11.64825249
975,imagenet,1,ILSVRC2012_val_00024549.JPEG,,,,-13.34570503,21.02367973
976,imagenet,1,ILSVRC2012_val_00024561.JPEG,,,,5.11819935,20.71619034
977,imagenet,1,ILSVRC2012_val_00024581.JPEG,,,,2.86492968,15.45539093
978,imagenet,1,ILSVRC2012_val_00024599.JPEG,,,,25.64507294,16.38675880
979,imagenet,1,ILSVRC2012_val_00024620.JPEG,,,,-14.87015343,-4.58039093
980,imagenet,1,ILSVRC2012_val_00024667.JPEG,,,,-25.29654884,4.88463974
981,imagenet,1,ILSVRC2012_val_00024709.JPEG,,,,23.93297386,-3.97973347
982,imagenet,1,ILSVRC2012_val_00024784.JPEG,,,,-29.19918060,-12.17471695
983,imagenet,1,ILSVRC2012_val_00024805.JPEG,,,,-20.28654861,-8.83613586
984,imagenet,1,ILSVRC2012_val_00024824.JPEG,,,,-23.76807594,5.35087347
985,imagenet,1,ILSVRC2012_val_00024904.JPEG,,,,-23.34526062,-7.06478071
986,imagenet,1,ILSVRC2012_val_00024914.JPEG,,,,-1.06382418,3.80632925
987,imagenet,1,ILSVRC2012_val_00024977.JPEG,,,,-0.26293454,-10.08605766
988,imagenet,1,ILSVRC2012_val_00025045.JPEG,,,,-33.49058533,2.86651516
989,imagenet,1,ILSVRC2012_val_00025052.JPEG,,,,-10.38686562,-12.08729553
990,imagenet,1,ILSVRC2012_val_00025062.JPEG,,,,-15.68803883,-18.88194466
991,imagenet,1,ILSVRC2012_val_00025082.JPEG,,,,23.06855965,11.05209160
992,imagenet,1,ILSVRC2012_val_00025085.JPEG,,,,20.88733673,-7.20100498
993,imagenet,1,ILSVRC2012_val_00025144.JPEG,,,,1.93433166,4.56202602
994,imagenet,1,ILSVRC2012_val_00025164.JPEG,,,,-24.34575653,6.76218605
995,imagenet,1,ILSVRC2012_val_00025180.JPEG,,,,-7.59272480,21.51970291
996,imagenet,1,ILSVRC2012_val_00025214.JPEG,,,,-28.89606667,-2.49116492
997,imagenet,1,ILSVRC2012_val_00025257.JPEG,,,,9.91606236,24.15050888
998,imagenet,1,ILSVRC2012_val_00025271.JPEG,,,,24.96480560,-1.00913417
999,imagenet,1,ILSVRC2012_val_00025283.JPEG,,,,18.16929817,-1.64444125
1000,imagenet,1,ILSVRC2012_val_00025336.JPEG,,,,-17.65199471,11.35333633
1001,imagenet,1,ILSVRC2012_val_00025353.JPEG,,,,-27.56673622,7.65543222
1002,imagenet,1,ILSVRC2012_val_00025357.JPEG,,,,-29.74889946,-2.18068624
1003,imagenet,1,ILSVRC2012_val_00025373.JPEG,,,,-31.46096992,-2.92445016
1004,imagenet,1,ILSVRC2012_val_00025422.JPEG,,,,-25.60559654,0.97702032
1005,imagenet,1,ILSVRC2012_val_00025428.JPEG,,,,23.43849754,12.45611668
1006,imagenet,1,ILSVRC2012_val_00025476.JPEG,,,,-3.33318925,7.55752182
1007,imagenet,1,ILSVRC2012_val_00025512.JPEG,,,,-18.27944374,1.39383793
1008,imagenet,1,ILSVRC2012_val_00025514.JPEG,,,,-25.19687080,-9.59279060
1009,imagenet,1,ILSVRC2012_val_00025519.JPEG,,,,2.63865113,23.40099907
1010,imagenet,1,ILSVRC2012_val_00025557.JPEG,,,,27.60966492,17.34514236
1011,imagenet,1,ILSVRC2012_val_00025570.JPEG,,,,25.35005188,3.87431979
1012,imagenet,1,ILSVRC2012_val_00025597.JPEG,,,,37.61915588,3.08586764
1013,imagenet,1,ILSVRC2012_val_00025610.JPEG,,,,11.86801720,18.28217888
1014,imagenet,1,ILSVRC2012_val_00025611.JPEG,,,,10.49926376,-0.17195714
1015,imagenet,1,ILSVRC2012_val_00025619.JPEG,,,,26.85072327,-11.02222157
1016,imagenet,1,ILSVRC2012_val_00025631.JPEG,,,,-16.93575668,-0.20614885
1017,imagenet,1,ILSVRC2012_val_00025636.JPEG,,,,12.81844234,-16.56101608
1018,imagenet,1,ILSVRC2012_val_00025686.JPEG,,,,17.84685516,-13.99627686
1019,imagenet,1,ILSVRC2012_val_00025694.JPEG,,,,19.61754608,2.89985585
1020,imagenet,1,ILSVRC2012_val_00025718.JPEG,,,,5.71058893,6.01333761
1021,imagenet,1,ILSVRC2012_val_00025720.JPEG,,,,-10.07426548,14.75720978
1022,imagenet,1,ILSVRC2012_val_00025726.JPEG,,,,-13.44404984,-1.72402000
1023,imagenet,1,ILSVRC2012_val_00025731.JPEG,,,,-31.77540398,-3.68360972
1024,imagenet,1,ILSVRC2012_val_00025732.JPEG,,,,20.72598839,-8.78845692
1025,imagenet,1,ILSVRC2012_val_00025765.JPEG,,,,-23.95421219,4.57124186
1026,imagenet,1,ILSVRC2012_val_00025792.JPEG,,,,8.47875214,-14.04205132
1027,imagenet,1,ILSVRC2012_val_00025803.JPEG,,,,33.51421738,0.11210539
1028,imagenet,1,ILSVRC2012_val_00025830.JPEG,,,,-18.52361870,4.09739876
1029,imagenet,1,ILSVRC2012_val_00025848.JPEG,,,,-25.58480835,-7.58359814
1030,imagenet,1,ILSVRC2012_val_00025851.JPEG,,,,-33.41214752,-5.75069904
1031,imagenet,1,ILSVRC2012_val_00025853.JPEG,,,,12.35828018,-15.60352612
1032,imagenet,1,ILSVRC2012_val_00025871.JPEG,,,,-3.76958799,10.11529446
1033,imagenet,1,ILSVRC2012_val_00025880.JPEG,,,,9.63531780,13.88696957
1034,imagenet,1,ILSVRC2012_val_00025882.JPEG,,,,-30.64756203,-8.31350136
1035,imagenet,1,ILSVRC2012_val_00025901.JPEG,,,,12.49005127,-7.55560970
1036,imagenet,1,ILSVRC2012_val_00025906.JPEG,,,,11.84679890,7.16324902
1037,imagenet,1,ILSVRC2012_val_00025927.JPEG,,,,-9.34960175,13.19630718
1038,imagenet,1,ILSVRC2012_val_00025948.JPEG,,,,0.50993061,-17.66184998
1039,imagenet,1,ILSVRC2012_val_00025972.JPEG,,,,-14.91677189,-0.38365403
1040,imagenet,1,ILSVRC2012_val_00025986.JPEG,,,,-5.53617287,-4.55664778
1041,imagenet,1,ILSVRC2012_val_00025992.JPEG,,,,-18.03788757,-10.80594349
1042,imagenet,1,ILSVRC2012_val_00026017.JPEG,,,,30.39413452,9.59205914
1043,imagenet,1,ILSVRC2012_val_00026047.JPEG,,,,-4.11131954,-9.25686073
1044,imagenet,1,ILSVRC2012_val_00026081.JPEG,,,,-20.98614120,-6.55499744
1045,imagenet,1,ILSVRC2012_val_00026095.JPEG,,,,36.54854584,6.73932076
1046,imagenet,1,ILSVRC2012_val_00026103.JPEG,,,,-14.85263252,-3.12419987
1047,imagenet,1,ILSVRC2012_val_00026113.JPEG,,,,13.62749481,-4.78242064
1048,imagenet,1,ILSVRC2012_val_00026120.JPEG,,,,-26.75343895,0.42962345
1049,imagenet,1,ILSVRC2012_val_00026132.JPEG,,,,35.88317108,2.92070055
1050,imagenet,1,ILSVRC2012_val_00026141.JPEG,,,,-20.81139374,-6.68657970
1051,imagenet,1,ILSVRC2012_val_00026146.JPEG,,,,11.00122452,11.20677185
1052,imagenet,1,ILSVRC2012_val_00026152.JPEG,,,,-26.72319984,14.40099812
1053,imagenet,1,ILSVRC2012_val_00026155.JPEG,,,,37.03393173,-1.05353153
1054,imagenet,1,ILSVRC2012_val_00026204.JPEG,,,,40.31775665,0.94340676
1055,imagenet,1,ILSVRC2012_val_00026212.JPEG,,,,-21.99544334,6.93197155
1056,imagenet,1,ILSVRC2012_val_00026225.JPEG,,,,8.44268227,-18.06183052
1057,imagenet,1,ILSVRC2012_val_00026327.JPEG,,,,35.85211563,1.53225982
1058,imagenet,1,ILSVRC2012_val_00026328.JPEG,,,,25.96565247,-9.05518341
1059,imagenet,1,ILSVRC2012_val_00026339.JPEG,,,,-7.46354532,-8.85974026
1060,imagenet,1,ILSVRC2012_val_00026344.JPEG,,,,-18.10199738,16.82446671
1061,imagenet,1,ILSVRC2012_val_00026346.JPEG,,,,3.92650366,20.19893837
1062,imagenet,1,ILSVRC2012_val_00026355.JPEG,,,,-25.68315887,-3.22246003
1063,imagenet,1,ILSVRC2012_val_00026372.JPEG,,,,-10.04546356,3.57820511
1064,imagenet,1,ILSVRC2012_val_00026400.JPEG,,,,25.99061966,-2.62999845
1065,imagenet,1,ILSVRC2012_val_00026477.JPEG,,,,-23.05809784,-6.79554129
1066,imagenet,1,ILSVRC2012_val_00026479.JPEG,,,,11.23769665,19.09545708
1067,imagenet,1,ILSVRC2012_val_00026486.JPEG,,,,-18.99664879,-17.38072395
1068,imagenet,1,ILSVRC2012_val_00026536.JPEG,,,,-2.17600465,11.19062233
1069,imagenet,1,ILSVRC2012_val_00026545.JPEG,,,,20.70763206,19.29640579
1070,imagenet,1,ILSVRC2012_val_00026598.JPEG,,,,19.15599060,3.66293406
1071,imagenet,1,ILSVRC2012_val_00026602.JPEG,,,,25.74685287,5.13301659
1072,imagenet,1,ILSVRC2012_val_00026616.JPEG,,,,14.95091343,-16.35962677
1073,imagenet,1,ILSVRC2012_val_00026632.JPEG,,,,25.72670364,-5.59581327
1074,imagenet,1,ILSVRC2012_val_00026652.JPEG,,,,14.82990551,-9.33237648
1075,imagenet,1,ILSVRC2012_val_00026661.JPEG,,,,-2.04452157,21.93791771
1076,imagenet,1,ILSVRC2012_val_00026672.JPEG,,,,9.97679043,-5.38539028
1077,imagenet,1,ILSVRC2012_val_00026688.JPEG,,,,-6.52754784,-17.88191795
1078,imagenet,1,ILSVRC2012_val_00026697.JPEG,,,,-23.55632019,-2.03431797
1079,imagenet,1,ILSVRC2012_val_00026706.JPEG,,,,-10.50692081,12.34974480
1080,imagenet,1,ILSVRC2012_val_00026755.JPEG,,,,13.64917278,-16.36172104
1081,imagenet,1,ILSVRC2012_val_00026778.JPEG,,,,21.08363342,13.79126167
1082,imagenet,1,ILSVRC2012_val_00026807.JPEG,,,,-8.34442997,-1.85764098
1083,imagenet,1,ILSVRC2012_val_00026862.JPEG,,,,18.39788246,13.17879295
1084,imagenet,1,ILSVRC2012_val_00026875.JPEG,,,,23.81610680,-2.29261589
1085,imagenet,1,ILSVRC2012_val_00026878.JPEG,,,,-9.98088741,12.59787369
1086,imagenet,1,ILSVRC2012_val_00026880.JPEG,,,,-17.42586899,19.55191422
1087,imagenet,1,ILSVRC2012_val_00026922.JPEG,,,,-9.23726463,-3.41069937
1088,imagenet,1,ILSVRC2012_val_00026930.JPEG,,,,17.21939850,-18.96811867
1089,imagenet,1,ILSVRC2012_val_00027006.JPEG,,,,33.34540939,6.98381329
1090,imagenet,1,ILSVRC2012_val_00027019.JPEG,,,,25.79494095,-15.01780033
1091,imagenet,1,ILSVRC2012_val_00027021.JPEG,,,,-0.68386042,-8.32040596
1092,imagenet,1,ILSVRC2012_val_00027053.JPEG,,,,20.34715652,15.16377735
1093,imagenet,1,ILSVRC2012_val_00027061.JPEG,,,,18.42066383,8.08392429
1094,imagenet,1,ILSVRC2012_val_00027065.JPEG,,,,-26.66994858,11.72570705
1095,imagenet,1,ILSVRC2012_val_00027066.JPEG,,,,10.95953751,-3.69576836
1096,imagenet,1,ILSVRC2012_val_00027067.JPEG,,,,-27.10711288,-3.63741899
1097,imagenet,1,ILSVRC2012_val_00027108.JPEG,,,,-24.63466263,-5.97517681
1098,imagenet,1,ILSVRC2012_val_00027117.JPEG,,,,18.36956406,-14.71786880
1099,imagenet,1,ILSVRC2012_val_00027124.JPEG,,,,-21.79352570,-7.23551512
1100,imagenet,1,ILSVRC2012_val_00027132.JPEG,,,,30.60510445,6.31197929
1101,imagenet,1,ILSVRC2012_val_00027134.JPEG,,,,-1.55929744,-11.70099926
1102,imagenet,1,ILSVRC2012_val_00027146.JPEG,,,,-12.81284618,23.54371452
1103,imagenet,1,ILSVRC2012_val_00027151.JPEG,,,,-0.54328877,-0.76138335
1104,imagenet,1,ILSVRC2012_val_00027153.JPEG,,,,2.09965611,11.92966557
1105,imagenet,1,ILSVRC2012_val_00027163.JPEG,,,,15.58344746,-8.83746052
1106,imagenet,1,ILSVRC2012_val_00027177.JPEG,,,,-12.86078835,-11.82286358
1107,imagenet,1,ILSVRC2012_val_00027178.JPEG,,,,-7.02609158,2.29819441
1108,imagenet,1,ILSVRC2012_val_00027211.JPEG,,,,22.25443077,-11.96978569
1109,imagenet,1,ILSVRC2012_val_00027237.JPEG,,,,-25.34518051,4.42172337
1110,imagenet,1,ILSVRC2012_val_00027248.JPEG,,,,26.16680717,-2.11927819
1111,imagenet,1,ILSVRC2012_val_00027330.JPEG,,,,-21.89830399,7.39289331
1112,imagenet,1,ILSVRC2012_val_00027351.JPEG,,,,27.54369736,8.46268463
1113,imagenet,1,ILSVRC2012_val_00027375.JPEG,,,,5.44580746,-11.81312656
1114,imagenet,1,ILSVRC2012_val_00027385.JPEG,,,,-0.76145089,-0.86344373
1115,imagenet,1,ILSVRC2012_val_00027428.JPEG,,,,-14.55260468,-0.63822794
1116,imagenet,1,ILSVRC2012_val_00027481.JPEG,,,,-21.00709915,8.20370674
1117,imagenet,1,ILSVRC2012_val_00027517.JPEG,,,,-11.52864265,-16.97417259
1118,imagenet,1,ILSVRC2012_val_00027533.JPEG,,,,28.94037628,1.48815131
1119,imagenet,1,ILSVRC2012_val_00027539.JPEG,,,,-14.22410679,-15.48012257
1120,imagenet,1,ILSVRC2012_val_00027560.JPEG,,,,-14.59255981,19.24954605
1121,imagenet,1,ILSVRC2012_val_00027584.JPEG,,,,-5.73423719,25.39701080
1122,imagenet,1,ILSVRC2012_val_00027631.JPEG,,,,6.52381659,-6.29920721
1123,imagenet,1,ILSVRC2012_val_00027632.JPEG,,,,3.51556587,12.90825367
1124,imagenet,1,ILSVRC2012_val_00027642.JPEG,,,,-23.65616226,-8.08811378
1125,imagenet,1,ILSVRC2012_val_00027659.JPEG,,,,5.32913685,22.51271629
1126,imagenet,1,ILSVRC2012_val_00027660.JPEG,,,,38.17438126,-1.15285873
1127,imagenet,1,ILSVRC2012_val_00027703.JPEG,,,,-16.54020691,8.27224731
1128,imagenet,1,ILSVRC2012_val_00027713.JPEG,,,,-5.82911444,-2.30024385
1129,imagenet,1,ILSVRC2012_val_00027760.JPEG,,,,-7.21170473,0.05936985
1130,imagenet,1,ILSVRC2012_val_00027807.JPEG,,,,-6.28338480,8.67827892
1131,imagenet,1,ILSVRC2012_val_00027820.JPEG,,,,30.28587341,5.45269203
1132,imagenet,1,ILSVRC2012_val_00027836.JPEG,,,,-21.46499634,-11.17794228
1133,imagenet,1,ILSVRC2012_val_00027866.JPEG,,,,35.55087280,-2.93423128
1134,imagenet,1,ILSVRC2012_val_00027951.JPEG,,,,32.50391006,0.17684557
1135,imagenet,1,ILSVRC2012_val_00027985.JPEG,,,,-31.83522987,7.59462070
1136,imagenet,1,ILSVRC2012_val_00028049.JPEG,,,,-26.59921265,-9.25002575
1137,imagenet,1,ILSVRC2012_val_00028076.JPEG,,,,25.94164276,-3.19057274
1138,imagenet,1,ILSVRC2012_val_00028101.JPEG,,,,-16.75196838,-10.39056206
1139,imagenet,1,ILSVRC2012_val_00028109.JPEG,,,,-6.93298101,-17.76645470
1140,imagenet,1,ILSVRC2012_val_00028132.JPEG,,,,-7.73560333,20.57383919
1141,imagenet,1,ILSVRC2012_val_00028296.JPEG,,,,5.19270468,15.46971226
1142,imagenet,1,ILSVRC2012_val_00028323.JPEG,,,,-30.44651222,1.78180206
1143,imagenet,1,ILSVRC2012_val_00028418.JPEG,,,,-24.42579651,2.03946233
1144,imagenet,1,ILSVRC2012_val_00028424.JPEG,,,,-14.26277542,5.46359253
1145,imagenet,1,ILSVRC2012_val_00028437.JPEG,,,,-30.58264542,-10.76529121
1146,imagenet,1,ILSVRC2012_val_00028438.JPEG,,,,-20.29216957,3.71627212
1147,imagenet,1,ILSVRC2012_val_00028466.JPEG,,,,-26.38213730,5.22168589
1148,imagenet,1,ILSVRC2012_val_00028475.JPEG,,,,3.39623809,20.29726219
1149,imagenet,1,ILSVRC2012_val_00028557.JPEG,,,,-13.72487926,10.42844105
1150,imagenet,1,ILSVRC2012_val_00028582.JPEG,,,,36.17225266,3.22728133
1151,imagenet,1,ILSVRC2012_val_00028584.JPEG,,,,16.88269615,15.97406197
1152,imagenet,1,ILSVRC2012_val_00028590.JPEG,,,,17.79194641,-18.93612289
1153,imagenet,1,ILSVRC2012_val_00028592.JPEG,,,,-2.12459159,-7.12774229
1154,imagenet,1,ILSVRC2012_val_00028657.JPEG,,,,18.78169250,7.94684696
1155,imagenet,1,ILSVRC2012_val_00028660.JPEG,,,,28.35504723,-4.66393948
1156,imagenet,1,ILSVRC2012_val_00028667.JPEG,,,,-20.09733582,8.41064072
1157,imagenet,1,ILSVRC2012_val_00028671.JPEG,,,,2.59765673,-15.72406387
1158,imagenet,1,ILSVRC2012_val_00028683.JPEG,,,,-12.60616398,5.81113338
1159,imagenet,1,ILSVRC2012_val_00028702.JPEG,,,,-3.67771077,22.99434471
1160,imagenet,1,ILSVRC2012_val_00028794.JPEG,,,,-14.24908733,3.90706444
1161,imagenet,1,ILSVRC2012_val_00028898.JPEG,,,,-27.15788651,14.98709774
1162,imagenet,1,ILSVRC2012_val_00028901.JPEG,,,,-7.20706892,-12.07093525
1163,imagenet,1,ILSVRC2012_val_00028905.JPEG,,,,1.38976848,-13.17331696
1164,imagenet,1,ILSVRC2012_val_00028919.JPEG,,,,0.21315487,22.28724480
1165,imagenet,1,ILSVRC2012_val_00028946.JPEG,,,,10.70392895,14.57095242
1166,imagenet,1,ILSVRC2012_val_00028959.JPEG,,,,1.25462186,22.95964432
1167,imagenet,1,ILSVRC2012_val_00028993.JPEG,,,,-0.32284075,22.30996513
1168,imagenet,1,ILSVRC2012_val_00029050.JPEG,,,,-18.46713638,-7.18789339
1169,imagenet,1,ILSVRC2012_val_00029059.JPEG,,,,3.64592409,14.73050499
1170,imagenet,1,ILSVRC2012_val_00029077.JPEG,,,,8.99377632,-16.93498421
1171,imagenet,1,ILSVRC2012_val_00029102.JPEG,,,,0.01544165,6.71517706
1172,imagenet,1,ILSVRC2012_val_00029108.JPEG,,,,-11.74448109,10.99190140
1173,imagenet,1,ILSVRC2012_val_00029111.JPEG,,,,-18.79075241,10.40672016
1174,imagenet,1,ILSVRC2012_val_00029120.JPEG,,,,-31.71166039,2.88737202
1175,imagenet,1,ILSVRC2012_val_00029127.JPEG,,,,-18.22765350,-5.54979849
1176,imagenet,1,ILSVRC2012_val_00029135.JPEG,,,,17.78045273,19.73263931
1177,imagenet,1,ILSVRC2012_val_00029140.JPEG,,,,-17.85651779,7.19075537
1178,imagenet,1,ILSVRC2012_val_00029163.JPEG,,,,-30.22451973,5.04229403
1179,imagenet,1,ILSVRC2012_val_00029171.JPEG,,,,-3.10978889,26.49330902
1180,imagenet,1,ILSVRC2012_val_00029194.JPEG,,,,-1.79747128,-12.83002758
1181,imagenet,1,ILSVRC2012_val_00029205.JPEG,,,,-8.83983231,25.38580704
1182,imagenet,1,ILSVRC2012_val_00029222.JPEG,,,,-31.05200768,14.23064232
1183,imagenet,1,ILSVRC2012_val_00029229.JPEG,,,,7.36583042,25.10309029
1184,imagenet,1,ILSVRC2012_val_00029275.JPEG,,,,33.38187027,-4.36935425
1185,imagenet,1,ILSVRC2012_val_00029282.JPEG,,,,-29.33681107,2.26839662
1186,imagenet,1,ILSVRC2012_val_00029290.JPEG,,,,-29.15221596,1.22134745
1187,imagenet,1,ILSVRC2012_val_00029298.JPEG,,,,5.40069532,15.42481899
1188,imagenet,1,ILSVRC2012_val_00029320.JPEG,,,,19.76845741,-6.63888741
1189,imagenet,1,ILSVRC2012_val_00029353.JPEG,,,,38.11295319,7.40042830
1190,imagenet,1,ILSVRC2012_val_00029413.JPEG,,,,-10.22690105,-7.92182636
1191,imagenet,1,ILSVRC2012_val_00029424.JPEG,,,,31.66625977,8.59386921
1192,imagenet,1,ILSVRC2012_val_00029435.JPEG,,,,7.95438671,-10.02579689
1193,imagenet,1,ILSVRC2012_val_00029483.JPEG,,,,-30.40982819,13.94935608
1194,imagenet,1,ILSVRC2012_val_00029513.JPEG,,,,-19.60570335,0.90043002
1195,imagenet,1,ILSVRC2012_val_00029527.JPEG,,,,29.65650940,1.57456267
1196,imagenet,1,ILSVRC2012_val_00029592.JPEG,,,,6.63647270,15.29536438
1197,imagenet,1,ILSVRC2012_val_00029621.JPEG,,,,-11.21899796,0.50469959
1198,imagenet,1,ILSVRC2012_val_00029650.JPEG,,,,-3.69281697,-0.88334256
1199,imagenet,1,ILSVRC2012_val_00029686.JPEG,,,,-27.57739258,-2.00755262
1200,imagenet,1,ILSVRC2012_val_00029691.JPEG,,,,-17.00705910,18.88361740
1201,imagenet,1,ILSVRC2012_val_00029708.JPEG,,,,12.15816307,22.30778885
1202,imagenet,1,ILSVRC2012_val_00029756.JPEG,,,,-29.43872070,-1.56669283
1203,imagenet,1,ILSVRC2012_val_00029867.JPEG,,,,24.65552711,1.90541351
1204,imagenet,1,ILSVRC2012_val_00029897.JPEG,,,,-31.18312073,0.19784415
1205,imagenet,1,ILSVRC2012_val_00029916.JPEG,,,,-8.05402851,15.74112034
1206,imagenet,1,ILSVRC2012_val_00029941.JPEG,,,,2.97008848,23.50939178
1207,imagenet,1,ILSVRC2012_val_00029963.JPEG,,,,-23.79406738,-17.86680603
1208,imagenet,1,ILSVRC2012_val_00030044.JPEG,,,,21.81593132,-8.43924809
1209,imagenet,1,ILSVRC2012_val_00030067.JPEG,,,,-17.06907272,-16.49608040
1210,imagenet,1,ILSVRC2012_val_00030079.JPEG,,,,33.57109833,3.42976332
1211,imagenet,1,ILSVRC2012_val_00030096.JPEG,,,,15.25395775,3.95148563
1212,imagenet,1,ILSVRC2012_val_00030112.JPEG,,,,-29.98083687,0.24730109
1213,imagenet,1,ILSVRC2012_val_00030183.JPEG,,,,-25.16572380,-1.03487158
1214,imagenet,1,ILSVRC2012_val_00030194.JPEG,,,,-33.31105423,0.69762701
1215,imagenet,1,ILSVRC2012_val_00030244.JPEG,,,,19.04025078,-10.09096241
1216,imagenet,1,ILSVRC2012_val_00030293.JPEG,,,,-15.28696442,22.05973816
1217,imagenet,1,ILSVRC2012_val_00030295.JPEG,,,,23.55102921,-2.48954487
1218,imagenet,1,ILSVRC2012_val_00030298.JPEG,,,,2.01749921,21.11036682
1219,imagenet,1,ILSVRC2012_val_00030304.JPEG,,,,-17.53016472,-10.07836342
1220,imagenet,1,ILSVRC2012_val_00030323.JPEG,,,,-19.70453072,22.24920464
1221,imagenet,1,ILSVRC2012_val_00030365.JPEG,,,,-23.50842094,-13.54803848
1222,imagenet,1,ILSVRC2012_val_00030380.JPEG,,,,10.72117901,-15.37178612
1223,imagenet,1,ILSVRC2012_val_00030425.JPEG,,,,-22.03702354,13.35842800
1224,imagenet,1,ILSVRC2012_val_00030466.JPEG,,,,17.04303169,17.88064194
1225,imagenet,1,ILSVRC2012_val_00030534.JPEG,,,,-3.68837190,-4.31995440
1226,imagenet,1,ILSVRC2012_val_00030560.JPEG,,,,38.63693619,-0.68332046
1227,imagenet,1,ILSVRC2012_val_00030572.JPEG,,,,-28.95225525,6.91036081
1228,imagenet,1,ILSVRC2012_val_00030582.JPEG,,,,29.23320007,-2.76814532
1229,imagenet,1,ILSVRC2012_val_00030619.JPEG,,,,25.78581619,-1.00871134
1230,imagenet,1,ILSVRC2012_val_00030641.JPEG,,,,13.20584393,-11.49769306
1231,imagenet,1,ILSVRC2012_val_00030643.JPEG,,,,39.59007645,-0.70785832
1232,imagenet,1,ILSVRC2012_val_00030687.JPEG,,,,30.57587624,1.63726211
1233,imagenet,1,ILSVRC2012_val_00030752.JPEG,,,,-30.25413132,5.02013683
1234,imagenet,1,ILSVRC2012_val_00030772.JPEG,,,,30.39464569,13.27052975
1235,imagenet,1,ILSVRC2012_val_00030800.JPEG,,,,-30.34201622,7.88809490
1236,imagenet,1,ILSVRC2012_val_00030814.JPEG,,,,-17.38715363,-2.45391583
1237,imagenet,1,ILSVRC2012_val_00030851.JPEG,,,,-5.91624641,13.55537510
1238,imagenet,1,ILSVRC2012_val_00030872.JPEG,,,,33.74149704,3.91502070
1239,imagenet,1,ILSVRC2012_val_00030886.JPEG,,,,27.11562347,6.26102161
1240,imagenet,1,ILSVRC2012_val_00030891.JPEG,,,,-13.33780861,12.56161785
1241,imagenet,1,ILSVRC2012_val_00030928.JPEG,,,,34.04153824,4.61521435
1242,imagenet,1,ILSVRC2012_val_00030943.JPEG,,,,7.85309029,4.73334551
1243,imagenet,1,ILSVRC2012_val_00030951.JPEG,,,,-24.36198616,-4.08714581
1244,imagenet,1,ILSVRC2012_val_00030954.JPEG,,,,4.80304146,-13.05607796
1245,imagenet,1,ILSVRC2012_val_00030955.JPEG,,,,-30.09498024,-2.72458673
1246,imagenet,1,ILSVRC2012_val_00031051.JPEG,,,,-15.19733334,10.64910793
1247,imagenet,1,ILSVRC2012_val_00031080.JPEG,,,,-7.71416235,-8.03385925
1248,imagenet,1,ILSVRC2012_val_00031091.JPEG,,,,17.75461578,-18.99946785
1249,imagenet,1,ILSVRC2012_val_00031092.JPEG,,,,14.77789211,1.44521439
1250,imagenet,1,ILSVRC2012_val_00031135.JPEG,,,,-28.60214806,-10.19835472
1251,imagenet,1,ILSVRC2012_val_00031143.JPEG,,,,-20.97665977,-0.22743978
1252,imagenet,1,ILSVRC2012_val_00031185.JPEG,,,,-2.71989560,-11.74169064
1253,imagenet,1,ILSVRC2012_val_00031191.JPEG,,,,4.46984816,9.65867615
1254,imagenet,1,ILSVRC2012_val_00031205.JPEG,,,,11.00825214,10.41692352
1255,imagenet,1,ILSVRC2012_val_00031209.JPEG,,,,30.01027489,-2.48055196
1256,imagenet,1,ILSVRC2012_val_00031221.JPEG,,,,-9.54748631,13.47766495
1257,imagenet,1,ILSVRC2012_val_00031230.JPEG,,,,-8.26762009,-19.66802406
1258,imagenet,1,ILSVRC2012_val_00031243.JPEG,,,,-8.20858955,-20.40047073
1259,imagenet,1,ILSVRC2012_val_00031244.JPEG,,,,18.35209465,-15.04739571
1260,imagenet,1,ILSVRC2012_val_00031257.JPEG,,,,-24.67021561,-6.46591091
1261,imagenet,1,ILSVRC2012_val_00031288.JPEG,,,,-19.85572433,-14.96338558
1262,imagenet,1,ILSVRC2012_val_00031299.JPEG,,,,-25.34951210,10.89634514
1263,imagenet,1,ILSVRC2012_val_00031350.JPEG,,,,-13.15493393,0.81339586
1264,imagenet,1,ILSVRC2012_val_00031436.JPEG,,,,-31.45795250,-6.01104403
1265,imagenet,1,ILSVRC2012_val_00031488.JPEG,,,,22.08352280,15.41499233
1266,imagenet,1,ILSVRC2012_val_00031491.JPEG,,,,19.56000519,13.43168259
1267,imagenet,1,ILSVRC2012_val_00031522.JPEG,,,,-12.91860962,-19.55309105
1268,imagenet,1,ILSVRC2012_val_00031567.JPEG,,,,-7.13117743,-16.69372749
1269,imagenet,1,ILSVRC2012_val_00031589.JPEG,,,,-25.80146790,2.46568823
1270,imagenet,1,ILSVRC2012_val_00031606.JPEG,,,,-15.76620388,-9.69187737
1271,imagenet,1,ILSVRC2012_val_00031636.JPEG,,,,-24.83225632,8.67679882
1272,imagenet,1,ILSVRC2012_val_00031639.JPEG,,,,-1.60916913,7.57405329
1273,imagenet,1,ILSVRC2012_val_00031669.JPEG,,,,-14.00535107,3.26964021
1274,imagenet,1,ILSVRC2012_val_00031674.JPEG,,,,-3.42221069,-9.42381859
1275,imagenet,1,ILSVRC2012_val_00031684.JPEG,,,,17.98009872,-0.46281084
1276,imagenet,1,ILSVRC2012_val_00031778.JPEG,,,,13.65024471,19.43067741
1277,imagenet,1,ILSVRC2012_val_00031806.JPEG,,,,21.91974640,14.47865295
1278,imagenet,1,ILSVRC2012_val_00031813.JPEG,,,,22.75278091,17.05565262
1279,imagenet,1,ILSVRC2012_val_00031836.JPEG,,,,-5.39604664,-18.16240692
1280,imagenet,1,ILSVRC2012_val_00031862.JPEG,,,,23.51549721,7.08998680
1281,imagenet,1,ILSVRC2012_val_00031869.JPEG,,,,4.62141037,-15.74059486
1282,imagenet,1,ILSVRC2012_val_00031897.JPEG,,,,32.99821854,6.74249220
1283,imagenet,1,ILSVRC2012_val_00031904.JPEG,,,,2.75897002,2.99344468
1284,imagenet,1,ILSVRC2012_val_00031925.JPEG,,,,3.38292050,5.04702187
1285,imagenet,1,ILSVRC2012_val_00031932.JPEG,,,,4.56359959,22.86642456
1286,imagenet,1,ILSVRC2012_val_00031934.JPEG,,,,8.35258484,-2.98136139
1287,imagenet,1,ILSVRC2012_val_00031962.JPEG,,,,-21.01780701,-12.15507412
1288,imagenet,1,ILSVRC2012_val_00031969.JPEG,,,,-24.01443291,0.60722399
1289,imagenet,1,ILSVRC2012_val_00031970.JPEG,,,,3.03470874,21.52841949
1290,imagenet,1,ILSVRC2012_val_00031977.JPEG,,,,16.43939018,2.85546589
1291,imagenet,1,ILSVRC2012_val_00032071.JPEG,,,,6.95966434,-16.02933884
1292,imagenet,1,ILSVRC2012_val_00032105.JPEG,,,,-25.45768929,-11.21252632
1293,imagenet,1,ILSVRC2012_val_00032192.JPEG,,,,-10.89159775,13.21580124
1294,imagenet,1,ILSVRC2012_val_00032195.JPEG,,,,17.60338211,9.97962093
1295,imagenet,1,ILSVRC2012_val_00032199.JPEG,,,,-9.24741650,18.18341255
1296,imagenet,1,ILSVRC2012_val_00032243.JPEG,,,,35.05171204,3.68228793
1297,imagenet,1,ILSVRC2012_val_00032264.JPEG,,,,-16.07219124,-3.75362110
1298,imagenet,1,ILSVRC2012_val_00032320.JPEG,,,,33.39805984,4.02025986
1299,imagenet,1,ILSVRC2012_val_00032328.JPEG,,,,29.33554077,-11.83385086
1300,imagenet,1,ILSVRC2012_val_00032333.JPEG,,,,29.00996017,9.43647099
1301,imagenet,1,ILSVRC2012_val_00032340.JPEG,,,,34.86469650,12.44677734
1302,imagenet,1,ILSVRC2012_val_00032348.JPEG,,,,-34.72538757,-1.50515831
1303,imagenet,1,ILSVRC2012_val_00032385.JPEG,,,,-7.45416307,12.17173290
1304,imagenet,1,ILSVRC2012_val_00032410.JPEG,,,,31.84353447,11.06150532
1305,imagenet,1,ILSVRC2012_val_00032414.JPEG,,,,-20.67276764,17.32933426
1306,imagenet,1,ILSVRC2012_val_00032427.JPEG,,,,8.03841591,24.19655991
1307,imagenet,1,ILSVRC2012_val_00032444.JPEG,,,,-6.43651724,17.00225449
1308,imagenet,1,ILSVRC2012_val_00032448.JPEG,,,,33.31434250,3.69622993
1309,imagenet,1,ILSVRC2012_val_00032462.JPEG,,,,13.76173210,-13.91367722
1310,imagenet,1,ILSVRC2012_val_00032469.JPEG,,,,-15.43999863,-7.07946110
1311,imagenet,1,ILSVRC2012_val_00032590.JPEG,,,,19.14926720,-7.83904028
1312,imagenet,1,ILSVRC2012_val_00032606.JPEG,,,,8.23354530,-16.17649841
1313,imagenet,1,ILSVRC2012_val_00032623.JPEG,,,,-9.44134140,16.24054909
1314,imagenet,1,ILSVRC2012_val_00032689.JPEG,,,,22.17871475,9.57160378
1315,imagenet,1,ILSVRC2012_val_00032727.JPEG,,,,-22.80384636,-0.09134485
1316,imagenet,1,ILSVRC2012_val_00032746.JPEG,,,,13.12133694,24.12682533
1317,imagenet,1,ILSVRC2012_val_00032754.JPEG,,,,-0.90667790,15.61904144
1318,imagenet,1,ILSVRC2012_val_00032795.JPEG,,,,-28.80708313,-2.80628872
1319,imagenet,1,ILSVRC2012_val_00032804.JPEG,,,,18.12753868,-8.62315941
1320,imagenet,1,ILSVRC2012_val_00032810.JPEG,,,,-19.52267075,0.47408202
1321,imagenet,1,ILSVRC2012_val_00032846.JPEG,,,,29.12349892,3.32758045
1322,imagenet,1,ILSVRC2012_val_00032863.JPEG,,,,-32.10016251,-2.83844018
1323,imagenet,1,ILSVRC2012_val_00032878.JPEG,,,,39.02587509,7.78148508
1324,imagenet,1,ILSVRC2012_val_00032886.JPEG,,,,25.45197105,-14.54515743
1325,imagenet,1,ILSVRC2012_val_00032889.JPEG,,,,30.68902206,-6.65179539
1326,imagenet,1,ILSVRC2012_val_00032993.JPEG,,,,35.55596924,-1.76767862
1327,imagenet,1,ILSVRC2012_val_00033006.JPEG,,,,15.72025204,-4.34389782
1328,imagenet,1,ILSVRC2012_val_00033022.JPEG,,,,-23.75419426,-11.35710049
1329,imagenet,1,ILSVRC2012_val_00033085.JPEG,,,,21.52381516,-2.31972003
1330,imagenet,1,ILSVRC2012_val_00033138.JPEG,,,,1.10578489,-14.97696495
1331,imagenet,1,ILSVRC2012_val_00033142.JPEG,,,,-30.10555077,-6.01173449
1332,imagenet,1,ILSVRC2012_val_00033151.JPEG,,,,10.67823219,11.18046093
1333,imagenet,1,ILSVRC2012_val_00033161.JPEG,,,,27.17907143,-3.59417105
1334,imagenet,1,ILSVRC2012_val_00033162.JPEG,,,,-21.04548645,7.05852079
1335,imagenet,1,ILSVRC2012_val_00033180.JPEG,,,,27.79552460,10.37996960
1336,imagenet,1,ILSVRC2012_val_00033232.JPEG,,,,-17.38459396,-14.47741508
1337,imagenet,1,ILSVRC2012_val_00033280.JPEG,,,,23.31066513,-1.20867443
1338,imagenet,1,ILSVRC2012_val_00033289.JPEG,,,,6.09102488,22.19825554
1339,imagenet,1,ILSVRC2012_val_00033311.JPEG,,,,-15.84563541,-15.18228912
1340,imagenet,1,ILSVRC2012_val_00033326.JPEG,,,,-26.68112755,1.48371911
1341,imagenet,1,ILSVRC2012_val_00033328.JPEG,,,,-7.58921432,-0.05395667
1342,imagenet,1,ILSVRC2012_val_00033329.JPEG,,,,14.85282421,18.99638939
1343,imagenet,1,ILSVRC2012_val_00033359.JPEG,,,,21.94870949,10.40511608
1344,imagenet,1,ILSVRC2012_val_00033374.JPEG,,,,-26.75331306,2.03816342
1345,imagenet,1,ILSVRC2012_val_00033378.JPEG,,,,29.19364548,5.22863674
1346,imagenet,1,ILSVRC2012_val_00033401.JPEG,,,,-11.95072937,-3.41860795
1347,imagenet,1,ILSVRC2012_val_00033406.JPEG,,,,-9.90107727,21.05938911
1348,imagenet,1,ILSVRC2012_val_00033436.JPEG,,,,-14.99218273,21.65948296
1349,imagenet,1,ILSVRC2012_val_00033439.JPEG,,,,-5.97131681,14.76252079
1350,imagenet,1,ILSVRC2012_val_00033449.JPEG,,,,-8.83682728,10.84730434
1351,imagenet,1,ILSVRC2012_val_00033500.JPEG,,,,-28.18128204,13.83493137
1352,imagenet,1,ILSVRC2012_val_00033553.JPEG,,,,7.32353783,-6.75496054
1353,imagenet,1,ILSVRC2012_val_00033557.JPEG,,,,-27.35383987,-0.76980805
1354,imagenet,1,ILSVRC2012_val_00033586.JPEG,,,,-7.16757393,-21.22144127
1355,imagenet,1,ILSVRC2012_val_00033609.JPEG,,,,34.86747360,8.23959064
1356,imagenet,1,ILSVRC2012_val_00033645.JPEG,,,,-10.89647961,-19.85353470
1357,imagenet,1,ILSVRC2012_val_00033658.JPEG,,,,-11.53475475,16.71444321
1358,imagenet,1,ILSVRC2012_val_00033725.JPEG,,,,-0.35203794,-8.65299606
1359,imagenet,1,ILSVRC2012_val_00033786.JPEG,,,,22.59420776,15.14642906
1360,imagenet,1,ILSVRC2012_val_00033806.JPEG,,,,-15.51396656,-7.66306114
1361,imagenet,1,ILSVRC2012_val_00033838.JPEG,,,,-21.09714317,8.73377323
1362,imagenet,1,ILSVRC2012_val_00033843.JPEG,,,,32.72409058,-3.25588346
1363,imagenet,1,ILSVRC2012_val_00033851.JPEG,,,,28.28142738,-9.31404781
1364,imagenet,1,ILSVRC2012_val_00033874.JPEG,,,,33.41403580,12.36184216
1365,imagenet,1,ILSVRC2012_val_00033906.JPEG,,,,-19.35605240,-8.53421688
1366,imagenet,1,ILSVRC2012_val_00033959.JPEG,,,,-9.53245354,22.71027374
1367,imagenet,1,ILSVRC2012_val_00033977.JPEG,,,,20.75942993,11.08355904
1368,imagenet,1,ILSVRC2012_val_00033995.JPEG,,,,-29.82416725,12.36179733
1369,imagenet,1,ILSVRC2012_val_00033999.JPEG,,,,-16.27682495,20.75827408
1370,imagenet,1,ILSVRC2012_val_00034015.JPEG,,,,14.62675381,14.69790268
1371,imagenet,1,ILSVRC2012_val_00034064.JPEG,,,,2.38650227,21.18625832
1372,imagenet,1,ILSVRC2012_val_00034117.JPEG,,,,22.05252647,17.10231781
1373,imagenet,1,ILSVRC2012_val_00034137.JPEG,,,,13.36493206,21.35996246
1374,imagenet,1,ILSVRC2012_val_00034200.JPEG,,,,-21.46899605,-13.38853359
1375,imagenet,1,ILSVRC2012_val_00034227.JPEG,,,,11.52409172,-19.53594780
1376,imagenet,1,ILSVRC2012_val_00034228.JPEG,,,,24.39694023,-12.38509274
1377,imagenet,1,ILSVRC2012_val_00034305.JPEG,,,,-6.96534729,7.75362015
1378,imagenet,1,ILSVRC2012_val_00034374.JPEG,,,,-22.56167412,-9.07207966
1379,imagenet,1,ILSVRC2012_val_00034400.JPEG,,,,-29.00815582,12.32701206
1380,imagenet,1,ILSVRC2012_val_00034420.JPEG,,,,9.37046719,-3.17082071
1381,imagenet,1,ILSVRC2012_val_00034439.JPEG,,,,-8.62961674,-10.86094284
1382,imagenet,1,ILSVRC2012_val_00034446.JPEG,,,,-22.92328262,-10.05381489
1383,imagenet,1,ILSVRC2012_val_00034477.JPEG,,,,11.91242218,-17.04150772
1384,imagenet,1,ILSVRC2012_val_00034526.JPEG,,,,-21.53440857,15.14455891
1385,imagenet,1,ILSVRC2012_val_00034529.JPEG,,,,24.60295486,-6.02226543
1386,imagenet,1,ILSVRC2012_val_00034555.JPEG,,,,29.24852371,-0.69845951
1387,imagenet,1,ILSVRC2012_val_00034640.JPEG,,,,0.56856495,-13.60983849
1388,imagenet,1,ILSVRC2012_val_00034667.JPEG,,,,-6.86808491,8.57160664
1389,imagenet,1,ILSVRC2012_val_00034668.JPEG,,,,-29.38456726,-1.16812956
1390,imagenet,1,ILSVRC2012_val_00034675.JPEG,,,,18.11254311,-11.67578506
1391,imagenet,1,ILSVRC2012_val_00034682.JPEG,,,,-21.82784843,2.32414627
1392,imagenet,1,ILSVRC2012_val_00034699.JPEG,,,,13.60771370,14.23666477
1393,imagenet,1,ILSVRC2012_val_00034704.JPEG,,,,34.75065613,-3.30659866
1394,imagenet,1,ILSVRC2012_val_00034714.JPEG,,,,-21.29566383,-9.08161831
1395,imagenet,1,ILSVRC2012_val_00034742.JPEG,,,,8.81978703,-41.12339401
1396,imagenet,1,ILSVRC2012_val_00034800.JPEG,,,,29.52065659,-5.94230032
1397,imagenet,1,ILSVRC2012_val_00034810.JPEG,,,,-8.11298943,-19.64818192
1398,imagenet,1,ILSVRC2012_val_00034815.JPEG,,,,-0.81549394,3.00876904
1399,imagenet,1,ILSVRC2012_val_00034830.JPEG,,,,-0.45570511,23.59192085
1400,imagenet,1,ILSVRC2012_val_00034924.JPEG,,,,18.65361404,10.77788067
1401,imagenet,1,ILSVRC2012_val_00034926.JPEG,,,,7.47234488,15.85266495
1402,imagenet,1,ILSVRC2012_val_00034938.JPEG,,,,-15.89958191,7.76818180
1403,imagenet,1,ILSVRC2012_val_00034948.JPEG,,,,15.86523533,2.31871009
1404,imagenet,1,ILSVRC2012_val_00034953.JPEG,,,,27.72497368,-3.45288181
1405,imagenet,1,ILSVRC2012_val_00034961.JPEG,,,,28.08388329,-10.95069599
1406,imagenet,1,ILSVRC2012_val_00034963.JPEG,,,,-35.79690552,0.82574272
1407,imagenet,1,ILSVRC2012_val_00034967.JPEG,,,,26.50022507,-13.46870422
1408,imagenet,1,ILSVRC2012_val_00034994.JPEG,,,,15.63186646,-7.79133606
1409,imagenet,1,ILSVRC2012_val_00035010.JPEG,,,,23.98985863,-3.50856495
1410,imagenet,1,ILSVRC2012_val_00035016.JPEG,,,,-32.92666245,9.97465134
1411,imagenet,1,ILSVRC2012_val_00035057.JPEG,,,,-2.36267853,-17.08835983
1412,imagenet,1,ILSVRC2012_val_00035121.JPEG,,,,-3.36919475,-3.81041265
1413,imagenet,1,ILSVRC2012_val_00035175.JPEG,,,,26.19725800,8.08093834
1414,imagenet,1,ILSVRC2012_val_00035280.JPEG,,,,13.12843037,-14.19215012
1415,imagenet,1,ILSVRC2012_val_00035293.JPEG,,,,10.30993080,11.75427914
1416,imagenet,1,ILSVRC2012_val_00035338.JPEG,,,,8.55597019,-13.82263565
1417,imagenet,1,ILSVRC2012_val_00035361.JPEG,,,,-17.76502609,-1.86468613
1418,imagenet,1,ILSVRC2012_val_00035387.JPEG,,,,-28.80397415,0.90174663
1419,imagenet,1,ILSVRC2012_val_00035444.JPEG,,,,-13.63730431,-12.38237667
1420,imagenet,1,ILSVRC2012_val_00035446.JPEG,,,,-5.38154459,25.58645058
1421,imagenet,1,ILSVRC2012_val_00035465.JPEG,,,,15.57114506,14.77162266
1422,imagenet,1,ILSVRC2012_val_00035470.JPEG,,,,29.09628487,7.55623245
1423,imagenet,1,ILSVRC2012_val_00035491.JPEG,,,,21.84457970,-3.58429456
1424,imagenet,1,ILSVRC2012_val_00035546.JPEG,,,,4.32701540,19.71137810
1425,imagenet,1,ILSVRC2012_val_00035562.JPEG,,,,21.26227760,2.21268511
1426,imagenet,1,ILSVRC2012_val_00035614.JPEG,,,,31.00129700,-8.20660305
1427,imagenet,1,ILSVRC2012_val_00035646.JPEG,,,,-23.78116035,4.39738703
1428,imagenet,1,ILSVRC2012_val_00035651.JPEG,,,,17.28220940,1.52241981
1429,imagenet,1,ILSVRC2012_val_00035722.JPEG,,,,-21.58785439,-10.37013245
1430,imagenet,1,ILSVRC2012_val_00035758.JPEG,,,,-19.62065887,19.85256767
1431,imagenet,1,ILSVRC2012_val_00035771.JPEG,,,,5.02337646,-11.43307590
1432,imagenet,1,ILSVRC2012_val_00035789.JPEG,,,,28.02537155,1.91411281
1433,imagenet,1,ILSVRC2012_val_00035791.JPEG,,,,-12.43001175,17.77535057
1434,imagenet,1,ILSVRC2012_val_00035866.JPEG,,,,-28.69725418,1.63709998
1435,imagenet,1,ILSVRC2012_val_00035914.JPEG,,,,34.82543564,4.54963493
1436,imagenet,1,ILSVRC2012_val_00035935.JPEG,,,,-1.68029344,11.71572781
1437,imagenet,1,ILSVRC2012_val_00035941.JPEG,,,,-7.68502474,8.87521362
1438,imagenet,1,ILSVRC2012_val_00035952.JPEG,,,,5.30025291,12.68623543
1439,imagenet,1,ILSVRC2012_val_00035987.JPEG,,,,19.60286140,-12.51971912
1440,imagenet,1,ILSVRC2012_val_00036022.JPEG,,,,-31.24851990,-10.42913818
1441,imagenet,1,ILSVRC2012_val_00036048.JPEG,,,,19.57191467,-6.31979561
1442,imagenet,1,ILSVRC2012_val_00036057.JPEG,,,,-35.56812668,-3.72353101
1443,imagenet,1,ILSVRC2012_val_00036063.JPEG,,,,18.46350288,-2.36667228
1444,imagenet,1,ILSVRC2012_val_00036066.JPEG,,,,-15.16171265,14.99815655
1445,imagenet,1,ILSVRC2012_val_00036080.JPEG,,,,-7.71242380,14.03376865
1446,imagenet,1,ILSVRC2012_val_00036084.JPEG,,,,-19.81628036,-12.28668785
1447,imagenet,1,ILSVRC2012_val_00036107.JPEG,,,,-26.88535690,2.71492386
1448,imagenet,1,ILSVRC2012_val_00036110.JPEG,,,,19.29900551,-14.93616581
1449,imagenet,1,ILSVRC2012_val_00036114.JPEG,,,,17.83731461,-6.51970863
1450,imagenet,1,ILSVRC2012_val_00036119.JPEG,,,,11.84289265,24.01769257
1451,imagenet,1,ILSVRC2012_val_00036130.JPEG,,,,-2.43767095,-7.97595453
1452,imagenet,1,ILSVRC2012_val_00036155.JPEG,,,,18.76141548,1.21514487
1453,imagenet,1,ILSVRC2012_val_00036174.JPEG,,,,26.08545685,-15.29661179
1454,imagenet,1,ILSVRC2012_val_00036214.JPEG,,,,-1.60331666,26.41165733
1455,imagenet,1,ILSVRC2012_val_00036246.JPEG,,,,33.71233368,10.54864120
1456,imagenet,1,ILSVRC2012_val_00036272.JPEG,,,,-21.16237068,11.22718143
1457,imagenet,1,ILSVRC2012_val_00036302.JPEG,,,,-11.62884331,14.13527107
1458,imagenet,1,ILSVRC2012_val_00036339.JPEG,,,,10.02944279,-17.41502571
1459,imagenet,1,ILSVRC2012_val_00036352.JPEG,,,,23.86534882,0.69242698
1460,imagenet,1,ILSVRC2012_val_00036390.JPEG,,,,12.09152222,23.06310272
1461,imagenet,1,ILSVRC2012_val_00036399.JPEG,,,,-17.58616066,-7.19892073
1462,imagenet,1,ILSVRC2012_val_00036423.JPEG,,,,8.79780483,19.98514366
1463,imagenet,1,ILSVRC2012_val_00036472.JPEG,,,,-0.33697596,-10.11262703
1464,imagenet,1,ILSVRC2012_val_00036475.JPEG,,,,13.58684731,15.10000134
1465,imagenet,1,ILSVRC2012_val_00036495.JPEG,,,,26.16906738,13.51879692
1466,imagenet,1,ILSVRC2012_val_00036519.JPEG,,,,20.82277679,-2.60049033
1467,imagenet,1,ILSVRC2012_val_00036539.JPEG,,,,-19.91091537,12.08009624
1468,imagenet,1,ILSVRC2012_val_00036549.JPEG,,,,-17.54552841,-12.58277225
1469,imagenet,1,ILSVRC2012_val_00036614.JPEG,,,,30.91782188,-0.52100420
1470,imagenet,1,ILSVRC2012_val_00036675.JPEG,,,,2.71159768,13.44721985
1471,imagenet,1,ILSVRC2012_val_00036676.JPEG,,,,-13.81459904,11.64768219
1472,imagenet,1,ILSVRC2012_val_00036688.JPEG,,,,9.35451889,-10.16247463
1473,imagenet,1,ILSVRC2012_val_00036694.JPEG,,,,30.45653152,-4.41948795
1474,imagenet,1,ILSVRC2012_val_00036700.JPEG,,,,-4.19718504,12.73482609
1475,imagenet,1,ILSVRC2012_val_00036705.JPEG,,,,5.75156260,14.21729088
1476,imagenet,1,ILSVRC2012_val_00036717.JPEG,,,,17.46332169,5.25994349
1477,imagenet,1,ILSVRC2012_val_00036728.JPEG,,,,20.59767342,12.57685757
1478,imagenet,1,ILSVRC2012_val_00036741.JPEG,,,,-22.11897469,-4.54577684
1479,imagenet,1,ILSVRC2012_val_00036773.JPEG,,,,11.53409004,-0.91205537
1480,imagenet,1,ILSVRC2012_val_00036829.JPEG,,,,27.86158371,4.16012812
1481,imagenet,1,ILSVRC2012_val_00036845.JPEG,,,,27.03068161,12.52618217
1482,imagenet,1,ILSVRC2012_val_00036902.JPEG,,,,-4.25967646,24.08614731
1483,imagenet,1,ILSVRC2012_val_00036903.JPEG,,,,-3.96156144,2.60363483
1484,imagenet,1,ILSVRC2012_val_00036907.JPEG,,,,16.54199600,14.17179394
1485,imagenet,1,ILSVRC2012_val_00036929.JPEG,,,,-13.72365570,-5.82843971
1486,imagenet,1,ILSVRC2012_val_00036947.JPEG,,,,34.68374634,3.05931115
1487,imagenet,1,ILSVRC2012_val_00036977.JPEG,,,,5.46838951,8.47666454
1488,imagenet,1,ILSVRC2012_val_00037036.JPEG,,,,-9.68901730,16.27975082
1489,imagenet,1,ILSVRC2012_val_00037071.JPEG,,,,-24.85555077,-4.65766573
1490,imagenet,1,ILSVRC2012_val_00037092.JPEG,,,,-0.01956023,11.13326073
1491,imagenet,1,ILSVRC2012_val_00037103.JPEG,,,,-28.40950203,-11.87860966
1492,imagenet,1,ILSVRC2012_val_00037113.JPEG,,,,21.19132996,-0.79636395
1493,imagenet,1,ILSVRC2012_val_00037184.JPEG,,,,29.31054306,-8.49769974
1494,imagenet,1,ILSVRC2012_val_00037195.JPEG,,,,5.77394962,9.87051392
1495,imagenet,1,ILSVRC2012_val_00037280.JPEG,,,,28.53766823,-7.02045631
1496,imagenet,1,ILSVRC2012_val_00037294.JPEG,,,,-2.58496881,24.61149216
1497,imagenet,1,ILSVRC2012_val_00037298.JPEG,,,,1.29411578,-7.30841732
1498,imagenet,1,ILSVRC2012_val_00037363.JPEG,,,,24.02519417,16.66554832
1499,imagenet,1,ILSVRC2012_val_00037402.JPEG,,,,-5.46531057,-20.30154991
1500,imagenet,1,ILSVRC2012_val_00037405.JPEG,,,,31.59562874,1.29684663
1501,imagenet,1,ILSVRC2012_val_00037407.JPEG,,,,-12.11483479,-7.31441212
1502,imagenet,1,ILSVRC2012_val_00037444.JPEG,,,,30.30206490,-5.32891512
1503,imagenet,1,ILSVRC2012_val_00037474.JPEG,,,,10.40775871,-17.55369949
1504,imagenet,1,ILSVRC2012_val_00037485.JPEG,,,,25.57197571,12.08524990
1505,imagenet,1,ILSVRC2012_val_00037491.JPEG,,,,28.39025688,7.13645315
1506,imagenet,1,ILSVRC2012_val_00037587.JPEG,,,,6.99429131,-13.47908115
1507,imagenet,1,ILSVRC2012_val_00037626.JPEG,,,,-20.88453674,11.99105644
1508,imagenet,1,ILSVRC2012_val_00037631.JPEG,,,,-19.52534103,14.51286697
1509,imagenet,1,ILSVRC2012_val_00037638.JPEG,,,,-9.07147121,4.01823711
1510,imagenet,1,ILSVRC2012_val_00037643.JPEG,,,,-17.83353806,11.47824955
1511,imagenet,1,ILSVRC2012_val_00037673.JPEG,,,,-9.31486607,14.09345531
1512,imagenet,1,ILSVRC2012_val_00037733.JPEG,,,,32.93329239,4.73619556
1513,imagenet,1,ILSVRC2012_val_00037784.JPEG,,,,15.16692734,16.11210823
1514,imagenet,1,ILSVRC2012_val_00037786.JPEG,,,,-21.13844872,-13.39025593
1515,imagenet,1,ILSVRC2012_val_00037797.JPEG,,,,6.14712524,10.08486938
1516,imagenet,1,ILSVRC2012_val_00037826.JPEG,,,,5.22148943,-7.74073887
1517,imagenet,1,ILSVRC2012_val_00037828.JPEG,,,,32.21680069,-0.71842587
1518,imagenet,1,ILSVRC2012_val_00037847.JPEG,,,,16.80034256,8.81944656
1519,imagenet,1,ILSVRC2012_val_00037862.JPEG,,,,10.15680408,-13.86212921
1520,imagenet,1,ILSVRC2012_val_00037882.JPEG,,,,-24.61216927,-12.03700161
1521,imagenet,1,ILSVRC2012_val_00037885.JPEG,,,,-29.08660316,-5.65229225
1522,imagenet,1,ILSVRC2012_val_00037965.JPEG,,,,16.26239014,-16.39462471
1523,imagenet,1,ILSVRC2012_val_00038027.JPEG,,,,-26.08682060,4.48357916
1524,imagenet,1,ILSVRC2012_val_00038055.JPEG,,,,-21.12691307,-1.58092260
1525,imagenet,1,ILSVRC2012_val_00038061.JPEG,,,,5.94986439,24.47557449
1526,imagenet,1,ILSVRC2012_val_00038065.JPEG,,,,-18.34531021,-16.59205818
1527,imagenet,1,ILSVRC2012_val_00038070.JPEG,,,,29.65318108,9.05641460
1528,imagenet,1,ILSVRC2012_val_00038118.JPEG,,,,32.94374084,1.34268558
1529,imagenet,1,ILSVRC2012_val_00038165.JPEG,,,,-21.07914543,-2.35125947
1530,imagenet,1,ILSVRC2012_val_00038184.JPEG,,,,-2.91948223,20.32868767
1531,imagenet,1,ILSVRC2012_val_00038186.JPEG,,,,-20.24463463,20.04710960
1532,imagenet,1,ILSVRC2012_val_00038203.JPEG,,,,-20.63503075,-11.30238152
1533,imagenet,1,ILSVRC2012_val_00038210.JPEG,,,,-4.20699787,-10.11275101
1534,imagenet,1,ILSVRC2012_val_00038251.JPEG,,,,-28.72701454,-3.43013740
1535,imagenet,1,ILSVRC2012_val_00038252.JPEG,,,,35.19823837,7.70390797
1536,imagenet,1,ILSVRC2012_val_00038268.JPEG,,,,13.68005276,-14.52883911
1537,imagenet,1,ILSVRC2012_val_00038311.JPEG,,,,14.45645332,-16.61696243
1538,imagenet,1,ILSVRC2012_val_00038350.JPEG,,,,-24.21141624,-9.57920647
1539,imagenet,1,ILSVRC2012_val_00038395.JPEG,,,,-14.97918606,-4.78680706
1540,imagenet,1,ILSVRC2012_val_00038410.JPEG,,,,32.02180481,4.02444124
1541,imagenet,1,ILSVRC2012_val_00038430.JPEG,,,,31.16067696,3.37725163
1542,imagenet,1,ILSVRC2012_val_00038452.JPEG,,,,-6.19135523,-12.44579220
1543,imagenet,1,ILSVRC2012_val_00038518.JPEG,,,,-18.56377602,6.59637642
1544,imagenet,1,ILSVRC2012_val_00038521.JPEG,,,,35.01013565,2.53957963
1545,imagenet,1,ILSVRC2012_val_00038561.JPEG,,,,21.77456093,-9.76009464
1546,imagenet,1,ILSVRC2012_val_00038570.JPEG,,,,-23.31300545,4.49763489
1547,imagenet,1,ILSVRC2012_val_00038573.JPEG,,,,19.97844315,-0.43916065
1548,imagenet,1,ILSVRC2012_val_00038581.JPEG,,,,-14.48179150,14.91971493
1549,imagenet,1,ILSVRC2012_val_00038593.JPEG,,,,-27.20707893,-2.23785949
1550,imagenet,1,ILSVRC2012_val_00038608.JPEG,,,,14.56710148,-15.64869308
1551,imagenet,1,ILSVRC2012_val_00038644.JPEG,,,,-29.49073601,11.07375622
1552,imagenet,1,ILSVRC2012_val_00038651.JPEG,,,,-11.30297756,15.03052711
1553,imagenet,1,ILSVRC2012_val_00038681.JPEG,,,,-5.43985891,-14.98220539
1554,imagenet,1,ILSVRC2012_val_00038692.JPEG,,,,-23.56877327,-18.21770859
1555,imagenet,1,ILSVRC2012_val_00038771.JPEG,,,,17.07628822,18.13143730
1556,imagenet,1,ILSVRC2012_val_00038807.JPEG,,,,-20.70042801,20.59782219
1557,imagenet,1,ILSVRC2012_val_00038850.JPEG,,,,3.75220084,-15.81912327
1558,imagenet,1,ILSVRC2012_val_00038940.JPEG,,,,-24.57966805,11.51892376
1559,imagenet,1,ILSVRC2012_val_00039002.JPEG,,,,36.76296234,6.92745924
1560,imagenet,1,ILSVRC2012_val_00039006.JPEG,,,,-25.57658195,-8.62825394
1561,imagenet,1,ILSVRC2012_val_00039029.JPEG,,,,1.22821295,3.55907416
1562,imagenet,1,ILSVRC2012_val_00039039.JPEG,,,,-1.22659159,17.36170578
1563,imagenet,1,ILSVRC2012_val_00039068.JPEG,,,,-18.57782745,-13.15060997
1564,imagenet,1,ILSVRC2012_val_00039070.JPEG,,,,35.32136154,1.93311036
1565,imagenet,1,ILSVRC2012_val_00039082.JPEG,,,,-6.04481936,24.85263443
1566,imagenet,1,ILSVRC2012_val_00039083.JPEG,,,,27.00643730,-4.39520693
1567,imagenet,1,ILSVRC2012_val_00039085.JPEG,,,,-4.69142008,8.96686649
1568,imagenet,1,ILSVRC2012_val_00039139.JPEG,,,,30.47750854,-7.49553967
1569,imagenet,1,ILSVRC2012_val_00039164.JPEG,,,,-15.51515293,-8.27833843
1570,imagenet,1,ILSVRC2012_val_00039165.JPEG,,,,-14.90335464,-10.57587910
1571,imagenet,1,ILSVRC2012_val_00039211.JPEG,,,,29.07925797,-0.05448007
1572,imagenet,1,ILSVRC2012_val_00039242.JPEG,,,,9.58634853,10.35585022
1573,imagenet,1,ILSVRC2012_val_00039275.JPEG,,,,0.54872501,23.85268593
1574,imagenet,1,ILSVRC2012_val_00039287.JPEG,,,,34.15480423,2.88839769
1575,imagenet,1,ILSVRC2012_val_00039311.JPEG,,,,-27.76533318,2.79863286
1576,imagenet,1,ILSVRC2012_val_00039321.JPEG,,,,37.37851715,2.15849495
1577,imagenet,1,ILSVRC2012_val_00039335.JPEG,,,,23.72098160,-6.43814135
1578,imagenet,1,ILSVRC2012_val_00039380.JPEG,,,,28.41617203,-3.65362191
1579,imagenet,1,ILSVRC2012_val_00039415.JPEG,,,,-19.37674904,15.08639145
1580,imagenet,1,ILSVRC2012_val_00039425.JPEG,,,,33.88459015,2.74306035
1581,imagenet,1,ILSVRC2012_val_00039433.JPEG,,,,9.30283546,-11.83374214
1582,imagenet,1,ILSVRC2012_val_00039455.JPEG,,,,-29.39443207,-2.75945115
1583,imagenet,1,ILSVRC2012_val_00039510.JPEG,,,,20.53485298,17.42107582
1584,imagenet,1,ILSVRC2012_val_00039537.JPEG,,,,-12.03889561,-19.53040123
1585,imagenet,1,ILSVRC2012_val_00039541.JPEG,,,,20.69395447,-4.55541277
1586,imagenet,1,ILSVRC2012_val_00039557.JPEG,,,,-22.98815536,8.41763496
1587,imagenet,1,ILSVRC2012_val_00039648.JPEG,,,,31.77575302,2.80738616
1588,imagenet,1,ILSVRC2012_val_00039655.JPEG,,,,-3.79783320,-15.02189541
1589,imagenet,1,ILSVRC2012_val_00039674.JPEG,,,,27.82043648,-0.72224247
1590,imagenet,1,ILSVRC2012_val_00039678.JPEG,,,,-17.12849045,11.24674606
1591,imagenet,1,ILSVRC2012_val_00039690.JPEG,,,,-29.28698158,-4.77057981
1592,imagenet,1,ILSVRC2012_val_00039694.JPEG,,,,-11.54630375,-18.03746605
1593,imagenet,1,ILSVRC2012_val_00039697.JPEG,,,,20.88291931,4.62646246
1594,imagenet,1,ILSVRC2012_val_00039700.JPEG,,,,27.77818871,13.87022591
1595,imagenet,1,ILSVRC2012_val_00039712.JPEG,,,,-20.58725166,5.51198769
1596,imagenet,1,ILSVRC2012_val_00039754.JPEG,,,,-19.56268311,15.10857010
1597,imagenet,1,ILSVRC2012_val_00039776.JPEG,,,,-28.07457924,-13.87371731
1598,imagenet,1,ILSVRC2012_val_00039779.JPEG,,,,-2.99409699,25.95388412
1599,imagenet,1,ILSVRC2012_val_00039835.JPEG,,,,-4.88272905,23.46632576
1600,imagenet,1,ILSVRC2012_val_00039837.JPEG,,,,-3.64205384,25.25228691
1601,imagenet,1,ILSVRC2012_val_00039886.JPEG,,,,1.61106563,23.87305450
1602,imagenet,1,ILSVRC2012_val_00039895.JPEG,,,,16.10653496,21.02378082
1603,imagenet,1,ILSVRC2012_val_00039905.JPEG,,,,-20.18667030,4.82226896
1604,imagenet,1,ILSVRC2012_val_00039927.JPEG,,,,-4.10281086,1.52795410
1605,imagenet,1,ILSVRC2012_val_00039935.JPEG,,,,-0.13130486,6.96486139
1606,imagenet,1,ILSVRC2012_val_00039983.JPEG,,,,0.06177567,23.83382988
1607,imagenet,1,ILSVRC2012_val_00039986.JPEG,,,,2.15034652,25.80193520
1608,imagenet,1,ILSVRC2012_val_00039993.JPEG,,,,8.84527493,-7.19395542
1609,imagenet,1,ILSVRC2012_val_00040000.JPEG,,,,5.21869850,-8.69282055
1610,imagenet,1,ILSVRC2012_val_00040033.JPEG,,,,-13.15007210,-20.25409698
1611,imagenet,1,ILSVRC2012_val_00040053.JPEG,,,,-28.33787155,-0.84804118
1612,imagenet,1,ILSVRC2012_val_00040075.JPEG,,,,-7.22685337,-5.03610420
1613,imagenet,1,ILSVRC2012_val_00040096.JPEG,,,,0.23975252,-0.32209742
1614,imagenet,1,ILSVRC2012_val_00040130.JPEG,,,,-7.56551170,-11.51683331
1615,imagenet,1,ILSVRC2012_val_00040158.JPEG,,,,-25.41548729,-3.97367454
1616,imagenet,1,ILSVRC2012_val_00040172.JPEG,,,,28.80017090,8.53677654
1617,imagenet,1,ILSVRC2012_val_00040227.JPEG,,,,-13.78732586,12.99865246
1618,imagenet,1,ILSVRC2012_val_00040280.JPEG,,,,-5.94580173,24.82896996
1619,imagenet,1,ILSVRC2012_val_00040306.JPEG,,,,-30.31459808,-4.48777628
1620,imagenet,1,ILSVRC2012_val_00040328.JPEG,,,,10.20407772,23.46624565
1621,imagenet,1,ILSVRC2012_val_00040330.JPEG,,,,34.45064926,2.55707812
1622,imagenet,1,ILSVRC2012_val_00040369.JPEG,,,,-28.14524460,6.04493666
1623,imagenet,1,ILSVRC2012_val_00040392.JPEG,,,,0.91092592,6.86438513
1624,imagenet,1,ILSVRC2012_val_00040417.JPEG,,,,16.77303886,17.03071594
1625,imagenet,1,ILSVRC2012_val_00040429.JPEG,,,,12.87776375,-4.32514524
1626,imagenet,1,ILSVRC2012_val_00040434.JPEG,,,,3.33736968,-10.71310616
1627,imagenet,1,ILSVRC2012_val_00040478.JPEG,,,,-29.34866905,0.16302301
1628,imagenet,1,ILSVRC2012_val_00040479.JPEG,,,,-20.19488144,-14.73070812
1629,imagenet,1,ILSVRC2012_val_00040483.JPEG,,,,33.65813828,-5.53099585
1630,imagenet,1,ILSVRC2012_val_00040500.JPEG,,,,-13.30907440,-11.42136192
1631,imagenet,1,ILSVRC2012_val_00040527.JPEG,,,,-21.40504456,9.74942780
1632,imagenet,1,ILSVRC2012_val_00040546.JPEG,,,,-11.45036602,9.86342239
1633,imagenet,1,ILSVRC2012_val_00040564.JPEG,,,,-22.80457497,9.56576920
1634,imagenet,1,ILSVRC2012_val_00040576.JPEG,,,,13.19499969,21.25222397
1635,imagenet,1,ILSVRC2012_val_00040636.JPEG,,,,-24.52928352,1.92332923
1636,imagenet,1,ILSVRC2012_val_00040703.JPEG,,,,-25.87114906,5.70661211
1637,imagenet,1,ILSVRC2012_val_00040775.JPEG,,,,1.94545674,-5.17124796
1638,imagenet,1,ILSVRC2012_val_00040787.JPEG,,,,-17.63435745,13.90431118
1639,imagenet,1,ILSVRC2012_val_00040801.JPEG,,,,-24.13725090,11.81886578
1640,imagenet,1,ILSVRC2012_val_00040809.JPEG,,,,9.65746880,-5.34344244
1641,imagenet,1,ILSVRC2012_val_00040831.JPEG,,,,-22.54538155,-8.55817127
1642,imagenet,1,ILSVRC2012_val_00040854.JPEG,,,,-14.02832699,21.98327637
1643,imagenet,1,ILSVRC2012_val_00040860.JPEG,,,,9.79038239,20.80237389
1644,imagenet,1,ILSVRC2012_val_00040865.JPEG,,,,20.38983727,-15.57223797
1645,imagenet,1,ILSVRC2012_val_00040896.JPEG,,,,28.21475029,13.81306362
1646,imagenet,1,ILSVRC2012_val_00040900.JPEG,,,,17.20960236,20.08920097
1647,imagenet,1,ILSVRC2012_val_00040924.JPEG,,,,33.37393570,-0.77022886
1648,imagenet,1,ILSVRC2012_val_00040974.JPEG,,,,11.95611763,-15.25407791
1649,imagenet,1,ILSVRC2012_val_00041169.JPEG,,,,-12.60133648,-7.00995779
1650,imagenet,1,ILSVRC2012_val_00041214.JPEG,,,,13.64102077,-10.67640209
1651,imagenet,1,ILSVRC2012_val_00041233.JPEG,,,,26.38614655,-11.58014774
1652,imagenet,1,ILSVRC2012_val_00041241.JPEG,,,,32.90087891,5.44804382
1653,imagenet,1,ILSVRC2012_val_00041247.JPEG,,,,-27.84100151,12.89694786
1654,imagenet,1,ILSVRC2012_val_00041261.JPEG,,,,24.43862724,13.82912636
1655,imagenet,1,ILSVRC2012_val_00041323.JPEG,,,,28.04008484,-2.87201047
1656,imagenet,1,ILSVRC2012_val_00041326.JPEG,,,,21.75671577,9.84480762
1657,imagenet,1,ILSVRC2012_val_00041340.JPEG,,,,-22.78060150,13.64522171
1658,imagenet,1,ILSVRC2012_val_00041403.JPEG,,,,19.34985161,-14.05108261
1659,imagenet,1,ILSVRC2012_val_00041406.JPEG,,,,30.03241730,6.94949675
1660,imagenet,1,ILSVRC2012_val_00041411.JPEG,,,,-23.45503807,-5.35074759
1661,imagenet,1,ILSVRC2012_val_00041424.JPEG,,,,30.17494392,-8.89689064
1662,imagenet,1,ILSVRC2012_val_00041455.JPEG,,,,-23.62669373,18.63525391
1663,imagenet,1,ILSVRC2012_val_00041461.JPEG,,,,-11.92209816,-20.83108711
1664,imagenet,1,ILSVRC2012_val_00041464.JPEG,,,,27.79242134,-2.05928636
1665,imagenet,1,ILSVRC2012_val_00041489.JPEG,,,,-25.83242416,15.47545528
1666,imagenet,1,ILSVRC2012_val_00041495.JPEG,,,,3.36215258,13.82638264
1667,imagenet,1,ILSVRC2012_val_00041513.JPEG,,,,19.40411568,13.51628494
1668,imagenet,1,ILSVRC2012_val_00041591.JPEG,,,,22.72588921,17.47507095
1669,imagenet,1,ILSVRC2012_val_00041608.JPEG,,,,-15.21702099,-19.12679863
1670,imagenet,1,ILSVRC2012_val_00041609.JPEG,,,,30.51026344,8.67180729
1671,imagenet,1,ILSVRC2012_val_00041627.JPEG,,,,-28.65065193,0.13697805
1672,imagenet,1,ILSVRC2012_val_00041660.JPEG,,,,0.13161923,27.68054199
1673,imagenet,1,ILSVRC2012_val_00041698.JPEG,,,,-17.83357239,-12.31027222
1674,imagenet,1,ILSVRC2012_val_00041728.JPEG,,,,26.40637016,0.25884604
1675,imagenet,1,ILSVRC2012_val_00041737.JPEG,,,,19.59088326,-3.20645905
1676,imagenet,1,ILSVRC2012_val_00041777.JPEG,,,,4.91602802,8.40944958
1677,imagenet,1,ILSVRC2012_val_00041779.JPEG,,,,-15.68112373,23.54177094
1678,imagenet,1,ILSVRC2012_val_00041788.JPEG,,,,8.48942661,22.72941399
1679,imagenet,1,ILSVRC2012_val_00041819.JPEG,,,,-23.42115402,-0.10132753
1680,imagenet,1,ILSVRC2012_val_00041830.JPEG,,,,27.99703026,13.90419388
1681,imagenet,1,ILSVRC2012_val_00041832.JPEG,,,,3.89685631,8.00575924
1682,imagenet,1,ILSVRC2012_val_00041848.JPEG,,,,-17.98624229,19.46591568
1683,imagenet,1,ILSVRC2012_val_00041865.JPEG,,,,23.03711128,-3.75412416
1684,imagenet,1,ILSVRC2012_val_00041926.JPEG,,,,11.41881943,-13.38969803
1685,imagenet,1,ILSVRC2012_val_00041930.JPEG,,,,1.74867940,-19.38184357
1686,imagenet,1,ILSVRC2012_val_00041934.JPEG,,,,2.11295748,-10.45603466
1687,imagenet,1,ILSVRC2012_val_00041942.JPEG,,,,-26.02125931,17.55871964
1688,imagenet,1,ILSVRC2012_val_00041954.JPEG,,,,7.40063667,-14.74835587
1689,imagenet,1,ILSVRC2012_val_00041999.JPEG,,,,-14.34183502,8.08967590
1690,imagenet,1,ILSVRC2012_val_00042024.JPEG,,,,-18.85160446,4.38900900
1691,imagenet,1,ILSVRC2012_val_00042028.JPEG,,,,-25.13984680,-13.06225300
1692,imagenet,1,ILSVRC2012_val_00042047.JPEG,,,,24.21767616,10.36599827
1693,imagenet,1,ILSVRC2012_val_00042064.JPEG,,,,-16.48477936,1.05450857
1694,imagenet,1,ILSVRC2012_val_00042138.JPEG,,,,-17.07828140,-15.28625584
1695,imagenet,1,ILSVRC2012_val_00042273.JPEG,,,,21.84658051,-6.59087944
1696,imagenet,1,ILSVRC2012_val_00042275.JPEG,,,,18.04000664,10.36633205
1697,imagenet,1,ILSVRC2012_val_00042286.JPEG,,,,-22.66978264,16.01943779
1698,imagenet,1,ILSVRC2012_val_00042303.JPEG,,,,31.53117371,7.18151045
1699,imagenet,1,ILSVRC2012_val_00042327.JPEG,,,,-16.54107094,-13.72259998
1700,imagenet,1,ILSVRC2012_val_00042338.JPEG,,,,33.27761459,8.18681622
1701,imagenet,1,ILSVRC2012_val_00042345.JPEG,,,,-24.92938042,-2.85014033
1702,imagenet,1,ILSVRC2012_val_00042374.JPEG,,,,-21.59875679,-3.54803777
1703,imagenet,1,ILSVRC2012_val_00042389.JPEG,,,,6.56643438,-9.29075050
1704,imagenet,1,ILSVRC2012_val_00042401.JPEG,,,,2.35123181,14.04601002
1705,imagenet,1,ILSVRC2012_val_00042406.JPEG,,,,-7.58490849,13.30232906
1706,imagenet,1,ILSVRC2012_val_00042445.JPEG,,,,-10.29140091,-7.59341335
1707,imagenet,1,ILSVRC2012_val_00042489.JPEG,,,,-2.87204957,12.92817402
1708,imagenet,1,ILSVRC2012_val_00042530.JPEG,,,,-14.60964870,21.80414391
1709,imagenet,1,ILSVRC2012_val_00042536.JPEG,,,,-28.72423172,-2.00911283
1710,imagenet,1,ILSVRC2012_val_00042675.JPEG,,,,12.15402699,-16.93117905
1711,imagenet,1,ILSVRC2012_val_00042714.JPEG,,,,-17.36519051,-12.72063446
1712,imagenet,1,ILSVRC2012_val_00042745.JPEG,,,,26.72581863,7.92127657
1713,imagenet,1,ILSVRC2012_val_00042773.JPEG,,,,18.09509087,17.63348198
1714,imagenet,1,ILSVRC2012_val_00042776.JPEG,,,,25.34634781,11.47355652
1715,imagenet,1,ILSVRC2012_val_00042781.JPEG,,,,15.88575840,18.41397667
1716,imagenet,1,ILSVRC2012_val_00042787.JPEG,,,,-27.85019493,0.11358847
1717,imagenet,1,ILSVRC2012_val_00042838.JPEG,,,,28.34307480,13.51155758
1718,imagenet,1,ILSVRC2012_val_00042860.JPEG,,,,-25.71776772,-14.19486427
1719,imagenet,1,ILSVRC2012_val_00042908.JPEG,,,,29.96161079,0.37775344
1720,imagenet,1,ILSVRC2012_val_00042926.JPEG,,,,15.30951595,-0.22295949
1721,imagenet,1,ILSVRC2012_val_00042969.JPEG,,,,38.52228928,1.39065683
1722,imagenet,1,ILSVRC2012_val_00042995.JPEG,,,,-20.97838402,-7.65087557
1723,imagenet,1,ILSVRC2012_val_00043025.JPEG,,,,15.98643589,17.30826378
1724,imagenet,1,ILSVRC2012_val_00043056.JPEG,,,,-2.39346433,-4.55421305
1725,imagenet,1,ILSVRC2012_val_00043080.JPEG,,,,14.88771534,9.63273048
1726,imagenet,1,ILSVRC2012_val_00043081.JPEG,,,,12.16291428,6.64134979
1727,imagenet,1,ILSVRC2012_val_00043097.JPEG,,,,-8.38375473,-21.47316742
1728,imagenet,1,ILSVRC2012_val_00043132.JPEG,,,,15.43049812,3.44722176
1729,imagenet,1,ILSVRC2012_val_00043179.JPEG,,,,32.37130356,2.48688459
1730,imagenet,1,ILSVRC2012_val_00043213.JPEG,,,,16.60187149,-9.99138546
1731,imagenet,1,ILSVRC2012_val_00043248.JPEG,,,,-19.48171806,11.68313599
1732,imagenet,1,ILSVRC2012_val_00043257.JPEG,,,,11.92763996,9.66796589
1733,imagenet,1,ILSVRC2012_val_00043278.JPEG,,,,-18.40420532,18.88935280
1734,imagenet,1,ILSVRC2012_val_00043280.JPEG,,,,9.21244335,-2.53878903
1735,imagenet,1,ILSVRC2012_val_00043349.JPEG,,,,-24.38461113,7.30981827
1736,imagenet,1,ILSVRC2012_val_00043368.JPEG,,,,13.62201595,-9.42239094
1737,imagenet,1,ILSVRC2012_val_00043409.JPEG,,,,-15.62403107,17.41064072
1738,imagenet,1,ILSVRC2012_val_00043424.JPEG,,,,-2.52450919,8.23697472
1739,imagenet,1,ILSVRC2012_val_00043581.JPEG,,,,32.00399017,4.83441877
1740,imagenet,1,ILSVRC2012_val_00043630.JPEG,,,,4.80326319,2.14632416
1741,imagenet,1,ILSVRC2012_val_00043637.JPEG,,,,10.67379284,21.94008064
1742,imagenet,1,ILSVRC2012_val_00043639.JPEG,,,,7.57149649,15.46856880
1743,imagenet,1,ILSVRC2012_val_00043658.JPEG,,,,-14.54015064,-13.49582577
1744,imagenet,1,ILSVRC2012_val_00043689.JPEG,,,,28.54792023,-9.14792633
1745,imagenet,1,ILSVRC2012_val_00043695.JPEG,,,,-22.38383293,-12.18099308
1746,imagenet,1,ILSVRC2012_val_00043705.JPEG,,,,14.83075619,17.27159500
1747,imagenet,1,ILSVRC2012_val_00043737.JPEG,,,,-12.51956749,22.92928505
1748,imagenet,1,ILSVRC2012_val_00043753.JPEG,,,,27.88071251,12.20928478
1749,imagenet,1,ILSVRC2012_val_00043758.JPEG,,,,-27.85697556,3.97148848
1750,imagenet,1,ILSVRC2012_val_00043794.JPEG,,,,5.19107866,15.04280281
1751,imagenet,1,ILSVRC2012_val_00043925.JPEG,,,,-3.47916722,22.76166725
1752,imagenet,1,ILSVRC2012_val_00043931.JPEG,,,,-1.17299950,23.05333710
1753,imagenet,1,ILSVRC2012_val_00043932.JPEG,,,,7.74157810,21.67350197
1754,imagenet,1,ILSVRC2012_val_00043957.JPEG,,,,36.76145554,-0.19416113
1755,imagenet,1,ILSVRC2012_val_00043968.JPEG,,,,-7.94014597,6.83589792
1756,imagenet,1,ILSVRC2012_val_00044001.JPEG,,,,-23.85778236,13.19588470
1757,imagenet,1,ILSVRC2012_val_00044104.JPEG,,,,25.24411392,-10.58099174
1758,imagenet,1,ILSVRC2012_val_00044124.JPEG,,,,-3.12489271,26.13502121
1759,imagenet,1,ILSVRC2012_val_00044179.JPEG,,,,9.37827492,-9.79885864
1760,imagenet,1,ILSVRC2012_val_00044243.JPEG,,,,7.81796551,-11.64846039
1761,imagenet,1,ILSVRC2012_val_00044246.JPEG,,,,29.73719025,-4.69546843
1762,imagenet,1,ILSVRC2012_val_00044255.JPEG,,,,21.20902443,17.69122505
1763,imagenet,1,ILSVRC2012_val_00044264.JPEG,,,,24.65245247,-15.01051807
1764,imagenet,1,ILSVRC2012_val_00044269.JPEG,,,,21.47615242,19.88563538
1765,imagenet,1,ILSVRC2012_val_00044273.JPEG,,,,-20.17838097,22.30096626
1766,imagenet,1,ILSVRC2012_val_00044299.JPEG,,,,6.71906567,24.14517021
1767,imagenet,1,ILSVRC2012_val_00044315.JPEG,,,,-23.00385857,4.05237103
1768,imagenet,1,ILSVRC2012_val_00044322.JPEG,,,,33.85249329,3.07358932
1769,imagenet,1,ILSVRC2012_val_00044342.JPEG,,,,17.38442802,-15.25355721
1770,imagenet,1,ILSVRC2012_val_00044417.JPEG,,,,-27.78437614,9.67082596
1771,imagenet,1,ILSVRC2012_val_00044428.JPEG,,,,-27.20792580,15.44377136
1772,imagenet,1,ILSVRC2012_val_00044439.JPEG,,,,26.92979431,17.10918045
1773,imagenet,1,ILSVRC2012_val_00044458.JPEG,,,,15.94692421,-13.79838276
1774,imagenet,1,ILSVRC2012_val_00044491.JPEG,,,,19.28920364,2.26508999
1775,imagenet,1,ILSVRC2012_val_00044493.JPEG,,,,-29.62007332,4.30535841
1776,imagenet,1,ILSVRC2012_val_00044503.JPEG,,,,-8.48738861,-17.31851768
1777,imagenet,1,ILSVRC2012_val_00044540.JPEG,,,,-2.81279445,7.85014486
1778,imagenet,1,ILSVRC2012_val_00044583.JPEG,,,,13.98975277,-2.17491102
1779,imagenet,1,ILSVRC2012_val_00044620.JPEG,,,,22.04088783,17.47847939
1780,imagenet,1,ILSVRC2012_val_00044683.JPEG,,,,-27.24195290,3.47985077
1781,imagenet,1,ILSVRC2012_val_00044700.JPEG,,,,-12.64933014,-18.98188019
1782,imagenet,1,ILSVRC2012_val_00044706.JPEG,,,,-19.52652931,-10.75529099
1783,imagenet,1,ILSVRC2012_val_00044784.JPEG,,,,34.84553528,3.22628736
1784,imagenet,1,ILSVRC2012_val_00044801.JPEG,,,,12.67477322,-14.69726276
1785,imagenet,1,ILSVRC2012_val_00044818.JPEG,,,,-7.14727831,6.77786827
1786,imagenet,1,ILSVRC2012_val_00044947.JPEG,,,,26.21425056,4.64491320
1787,imagenet,1,ILSVRC2012_val_00044971.JPEG,,,,8.38641453,-5.95322800
1788,imagenet,1,ILSVRC2012_val_00044985.JPEG,,,,-21.56876373,-6.16725731
1789,imagenet,1,ILSVRC2012_val_00045024.JPEG,,,,-6.23193407,-20.60614586
1790,imagenet,1,ILSVRC2012_val_00045056.JPEG,,,,-19.50979805,1.83301461
1791,imagenet,1,ILSVRC2012_val_00045117.JPEG,,,,-32.16959763,-1.29569960
1792,imagenet,1,ILSVRC2012_val_00045222.JPEG,,,,20.70151138,1.89751804
1793,imagenet,1,ILSVRC2012_val_00045269.JPEG,,,,-20.86416245,17.30267906
1794,imagenet,1,ILSVRC2012_val_00045276.JPEG,,,,12.98152447,-13.64945984
1795,imagenet,1,ILSVRC2012_val_00045281.JPEG,,,,23.16518402,-4.25309324
1796,imagenet,1,ILSVRC2012_val_00045296.JPEG,,,,17.33116150,-13.11371326
1797,imagenet,1,ILSVRC2012_val_00045301.JPEG,,,,29.96649170,4.25579929
1798,imagenet,1,ILSVRC2012_val_00045309.JPEG,,,,20.11413383,-7.63707781
1799,imagenet,1,ILSVRC2012_val_00045329.JPEG,,,,3.98353028,18.49253845
1800,imagenet,1,ILSVRC2012_val_00045357.JPEG,,,,-25.06541061,7.57926416
1801,imagenet,1,ILSVRC2012_val_00045359.JPEG,,,,12.13704872,-8.43726635
1802,imagenet,1,ILSVRC2012_val_00045390.JPEG,,,,17.80624008,10.47888470
1803,imagenet,1,ILSVRC2012_val_00045391.JPEG,,,,22.43717957,-10.10752296
1804,imagenet,1,ILSVRC2012_val_00045404.JPEG,,,,27.06743622,-11.06644058
1805,imagenet,1,ILSVRC2012_val_00045431.JPEG,,,,-27.26312828,-5.99139929
1806,imagenet,1,ILSVRC2012_val_00045447.JPEG,,,,-18.30845451,-3.76382494
1807,imagenet,1,ILSVRC2012_val_00045497.JPEG,,,,24.01543808,-1.69170904
1808,imagenet,1,ILSVRC2012_val_00045519.JPEG,,,,31.28200340,3.59974027
1809,imagenet,1,ILSVRC2012_val_00045552.JPEG,,,,8.67744160,-41.36120987
1810,imagenet,1,ILSVRC2012_val_00045575.JPEG,,,,28.01889420,-0.36049539
1811,imagenet,1,ILSVRC2012_val_00045598.JPEG,,,,-9.68787289,15.99668980
1812,imagenet,1,ILSVRC2012_val_00045609.JPEG,,,,-3.04789352,1.19733417
1813,imagenet,1,ILSVRC2012_val_00045698.JPEG,,,,-12.41556358,0.40487340
1814,imagenet,1,ILSVRC2012_val_00045802.JPEG,,,,-1.45867860,24.50246239
1815,imagenet,1,ILSVRC2012_val_00045805.JPEG,,,,-3.86189342,-9.39558601
1816,imagenet,1,ILSVRC2012_val_00045815.JPEG,,,,-17.73114395,13.91606331
1817,imagenet,1,ILSVRC2012_val_00045835.JPEG,,,,-31.84387016,-0.34826109
1818,imagenet,1,ILSVRC2012_val_00045842.JPEG,,,,-22.91765976,19.91711044
1819,imagenet,1,ILSVRC2012_val_00045848.JPEG,,,,13.23292732,-17.90844727
1820,imagenet,1,ILSVRC2012_val_00045888.JPEG,,,,35.82854843,2.54408193
1821,imagenet,1,ILSVRC2012_val_00045917.JPEG,,,,-5.62830639,4.62671041
1822,imagenet,1,ILSVRC2012_val_00045941.JPEG,,,,18.61890030,1.19382310
1823,imagenet,1,ILSVRC2012_val_00045954.JPEG,,,,16.11613655,-5.60636473
1824,imagenet,1,ILSVRC2012_val_00045956.JPEG,,,,-6.63207769,23.79820824
1825,imagenet,1,ILSVRC2012_val_00045996.JPEG,,,,-24.05414391,1.91699958
1826,imagenet,1,ILSVRC2012_val_00046091.JPEG,,,,2.36584234,17.98393250
1827,imagenet,1,ILSVRC2012_val_00046104.JPEG,,,,-22.52744293,21.15406609
1828,imagenet,1,ILSVRC2012_val_00046130.JPEG,,,,-16.20758629,-7.49315310
1829,imagenet,1,ILSVRC2012_val_00046135.JPEG,,,,19.40301895,17.64729691
1830,imagenet,1,ILSVRC2012_val_00046149.JPEG,,,,3.35225248,-10.54706383
1831,imagenet,1,ILSVRC2012_val_00046190.JPEG,,,,11.28281975,20.43733597
1832,imagenet,1,ILSVRC2012_val_00046196.JPEG,,,,18.18879700,-8.70543671
1833,imagenet,1,ILSVRC2012_val_00046232.JPEG,,,,-19.95989990,11.90144253
1834,imagenet,1,ILSVRC2012_val_00046256.JPEG,,,,-14.55966759,21.13546753
1835,imagenet,1,ILSVRC2012_val_00046275.JPEG,,,,11.22454357,-14.87283421
1836,imagenet,1,ILSVRC2012_val_00046292.JPEG,,,,0.11811210,-12.23377132
1837,imagenet,1,ILSVRC2012_val_00046297.JPEG,,,,0.16242293,26.28897476
1838,imagenet,1,ILSVRC2012_val_00046303.JPEG,,,,-5.96508503,23.65764809
1839,imagenet,1,ILSVRC2012_val_00046311.JPEG,,,,-24.12042999,8.88167000
1840,imagenet,1,ILSVRC2012_val_00046360.JPEG,,,,12.14534187,-19.03068733
1841,imagenet,1,ILSVRC2012_val_00046366.JPEG,,,,-18.09559250,-10.07816887
1842,imagenet,1,ILSVRC2012_val_00046381.JPEG,,,,34.45531082,0.16952951
1843,imagenet,1,ILSVRC2012_val_00046394.JPEG,,,,-3.56049490,12.83346939
1844,imagenet,1,ILSVRC2012_val_00046476.JPEG,,,,18.26339722,-9.15742207
1845,imagenet,1,ILSVRC2012_val_00046477.JPEG,,,,-11.10705185,2.91647506
1846,imagenet,1,ILSVRC2012_val_00046516.JPEG,,,,28.14022446,12.78010178
1847,imagenet,1,ILSVRC2012_val_00046552.JPEG,,,,-27.46504784,-7.19141293
1848,imagenet,1,ILSVRC2012_val_00046586.JPEG,,,,30.30209541,0.33897504
1849,imagenet,1,ILSVRC2012_val_00046605.JPEG,,,,-19.64134026,-1.22365022
1850,imagenet,1,ILSVRC2012_val_00046669.JPEG,,,,6.56501865,-11.01347733
1851,imagenet,1,ILSVRC2012_val_00046696.JPEG,,,,2.31019878,-0.77268738
1852,imagenet,1,ILSVRC2012_val_00046705.JPEG,,,,0.52945554,13.71391201
1853,imagenet,1,ILSVRC2012_val_00046719.JPEG,,,,10.66816425,3.19158506
1854,imagenet,1,ILSVRC2012_val_00046723.JPEG,,,,36.40176773,4.12048817
1855,imagenet,1,ILSVRC2012_val_00046755.JPEG,,,,-20.66896439,-11.46604443
1856,imagenet,1,ILSVRC2012_val_00046796.JPEG,,,,-9.52341938,-13.88770676
1857,imagenet,1,ILSVRC2012_val_00046820.JPEG,,,,-17.04443932,5.00471497
1858,imagenet,1,ILSVRC2012_val_00046850.JPEG,,,,35.00841904,6.14355850
1859,imagenet,1,ILSVRC2012_val_00046871.JPEG,,,,36.53563690,9.13003063
1860,imagenet,1,ILSVRC2012_val_00046878.JPEG,,,,-23.66719437,-2.06662631
1861,imagenet,1,ILSVRC2012_val_00046894.JPEG,,,,-3.37825298,24.12620926
1862,imagenet,1,ILSVRC2012_val_00046906.JPEG,,,,33.18497467,6.05577278
1863,imagenet,1,ILSVRC2012_val_00046916.JPEG,,,,-6.10768747,10.74996567
1864,imagenet,1,ILSVRC2012_val_00046929.JPEG,,,,-7.97059917,-6.38249779
1865,imagenet,1,ILSVRC2012_val_00046940.JPEG,,,,-13.23575020,-17.62671280
1866,imagenet,1,ILSVRC2012_val_00046971.JPEG,,,,27.28633118,-4.22461796
1867,imagenet,1,ILSVRC2012_val_00046974.JPEG,,,,9.79812527,10.01670647
1868,imagenet,1,ILSVRC2012_val_00046976.JPEG,,,,36.55812836,7.32446814
1869,imagenet,1,ILSVRC2012_val_00046979.JPEG,,,,8.38239861,-9.09444332
1870,imagenet,1,ILSVRC2012_val_00046983.JPEG,,,,8.03087902,-29.41123962
1871,imagenet,1,ILSVRC2012_val_00047067.JPEG,,,,-31.39423180,6.42309141
1872,imagenet,1,ILSVRC2012_val_00047129.JPEG,,,,10.18240452,23.98044014
1873,imagenet,1,ILSVRC2012_val_00047175.JPEG,,,,-25.03206635,16.34359741
1874,imagenet,1,ILSVRC2012_val_00047224.JPEG,,,,-32.00714874,0.72515601
1875,imagenet,1,ILSVRC2012_val_00047281.JPEG,,,,-4.01157284,15.08522606
1876,imagenet,1,ILSVRC2012_val_00047305.JPEG,,,,7.24878216,23.69225502
1877,imagenet,1,ILSVRC2012_val_00047308.JPEG,,,,16.36264610,15.30256557
1878,imagenet,1,ILSVRC2012_val_00047323.JPEG,,,,-9.09244251,-6.64115047
1879,imagenet,1,ILSVRC2012_val_00047341.JPEG,,,,7.36446095,16.26821709
1880,imagenet,1,ILSVRC2012_val_00047381.JPEG,,,,-7.83458185,-13.93872070
1881,imagenet,1,ILSVRC2012_val_00047417.JPEG,,,,19.63714218,10.32122135
1882,imagenet,1,ILSVRC2012_val_00047452.JPEG,,,,-23.65005493,-11.95439148
1883,imagenet,1,ILSVRC2012_val_00047469.JPEG,,,,-30.42332268,-3.06049657
1884,imagenet,1,ILSVRC2012_val_00047476.JPEG,,,,0.10059181,10.92946529
1885,imagenet,1,ILSVRC2012_val_00047484.JPEG,,,,-17.87766838,-7.69287491
1886,imagenet,1,ILSVRC2012_val_00047505.JPEG,,,,4.11154604,0.74504006
1887,imagenet,1,ILSVRC2012_val_00047552.JPEG,,,,24.92543602,17.87078476
1888,imagenet,1,ILSVRC2012_val_00047569.JPEG,,,,-5.61534357,-21.61063766
1889,imagenet,1,ILSVRC2012_val_00047606.JPEG,,,,-7.08357716,-4.61232471
1890,imagenet,1,ILSVRC2012_val_00047666.JPEG,,,,25.47222519,18.31785774
1891,imagenet,1,ILSVRC2012_val_00047701.JPEG,,,,-15.42017460,21.82142258
1892,imagenet,1,ILSVRC2012_val_00047722.JPEG,,,,11.93779469,7.12493992
1893,imagenet,1,ILSVRC2012_val_00047723.JPEG,,,,-6.86217642,-20.99873161
1894,imagenet,1,ILSVRC2012_val_00047727.JPEG,,,,24.68856049,15.02634430
1895,imagenet,1,ILSVRC2012_val_00047728.JPEG,,,,26.51516724,10.86070824
1896,imagenet,1,ILSVRC2012_val_00047739.JPEG,,,,14.44203281,21.91772652
1897,imagenet,1,ILSVRC2012_val_00047763.JPEG,,,,-30.33095551,9.47059631
1898,imagenet,1,ILSVRC2012_val_00047767.JPEG,,,,-19.45693970,13.67608643
1899,imagenet,1,ILSVRC2012_val_00047823.JPEG,,,,4.80284691,15.29646969
1900,imagenet,1,ILSVRC2012_val_00047848.JPEG,,,,35.54074478,7.12610102
1901,imagenet,1,ILSVRC2012_val_00047873.JPEG,,,,-25.29928398,13.36979771
1902,imagenet,1,ILSVRC2012_val_00047881.JPEG,,,,-22.27611732,2.29299259
1903,imagenet,1,ILSVRC2012_val_00047921.JPEG,,,,24.63015938,-4.00578642
1904,imagenet,1,ILSVRC2012_val_00047952.JPEG,,,,-25.68888664,-10.65912628
1905,imagenet,1,ILSVRC2012_val_00047959.JPEG,,,,-2.77475381,-1.76000190
1906,imagenet,1,ILSVRC2012_val_00047963.JPEG,,,,-4.13735390,14.58584881
1907,imagenet,1,ILSVRC2012_val_00047967.JPEG,,,,8.57301807,19.31790733
1908,imagenet,1,ILSVRC2012_val_00047996.JPEG,,,,2.05104756,11.89580059
1909,imagenet,1,ILSVRC2012_val_00048013.JPEG,,,,18.10600281,7.65310383
1910,imagenet,1,ILSVRC2012_val_00048039.JPEG,,,,-17.33364868,-2.90882301
1911,imagenet,1,ILSVRC2012_val_00048071.JPEG,,,,-7.71306133,-0.46513551
1912,imagenet,1,ILSVRC2012_val_00048110.JPEG,,,,-8.14918804,-7.68876171
1913,imagenet,1,ILSVRC2012_val_00048134.JPEG,,,,-7.99095297,1.59266484
1914,imagenet,1,ILSVRC2012_val_00048136.JPEG,,,,28.06675148,0.16428179
1915,imagenet,1,ILSVRC2012_val_00048190.JPEG,,,,-1.92256725,-6.56327438
1916,imagenet,1,ILSVRC2012_val_00048205.JPEG,,,,-21.02355957,-9.11520100
1917,imagenet,1,ILSVRC2012_val_00048206.JPEG,,,,37.74874878,7.43384409
1918,imagenet,1,ILSVRC2012_val_00048217.JPEG,,,,36.75600815,9.43113327
1919,imagenet,1,ILSVRC2012_val_00048222.JPEG,,,,-26.67935371,8.47908306
1920,imagenet,1,ILSVRC2012_val_00048231.JPEG,,,,-21.45199394,-3.97012258
1921,imagenet,1,ILSVRC2012_val_00048275.JPEG,,,,-28.16074181,-3.90132594
1922,imagenet,1,ILSVRC2012_val_00048316.JPEG,,,,0.12949844,1.34701586
1923,imagenet,1,ILSVRC2012_val_00048335.JPEG,,,,23.21921730,7.32887936
1924,imagenet,1,ILSVRC2012_val_00048341.JPEG,,,,-25.37590408,6.64869213
1925,imagenet,1,ILSVRC2012_val_00048355.JPEG,,,,-0.90227914,2.13645840
1926,imagenet,1,ILSVRC2012_val_00048370.JPEG,,,,-20.57505417,13.02919292
1927,imagenet,1,ILSVRC2012_val_00048425.JPEG,,,,-2.35626388,-20.94771385
1928,imagenet,1,ILSVRC2012_val_00048426.JPEG,,,,-29.79509735,13.69524574
1929,imagenet,1,ILSVRC2012_val_00048427.JPEG,,,,14.96922112,13.45202923
1930,imagenet,1,ILSVRC2012_val_00048544.JPEG,,,,-3.49591041,-15.78857040
1931,imagenet,1,ILSVRC2012_val_00048554.JPEG,,,,-24.10145950,-10.47866821
1932,imagenet,1,ILSVRC2012_val_00048556.JPEG,,,,27.16565895,-5.28948975
1933,imagenet,1,ILSVRC2012_val_00048559.JPEG,,,,23.33930588,5.56457567
1934,imagenet,1,ILSVRC2012_val_00048560.JPEG,,,,-24.34278679,10.22822857
1935,imagenet,1,ILSVRC2012_val_00048613.JPEG,,,,15.71577263,11.66617775
1936,imagenet,1,ILSVRC2012_val_00048615.JPEG,,,,-17.11639977,-3.15464330
1937,imagenet,1,ILSVRC2012_val_00048616.JPEG,,,,28.89096069,-1.55384278
1938,imagenet,1,ILSVRC2012_val_00048626.JPEG,,,,7.78193331,-30.14621353
1939,imagenet,1,ILSVRC2012_val_00048632.JPEG,,,,12.80419922,20.07089615
1940,imagenet,1,ILSVRC2012_val_00048633.JPEG,,,,14.67142677,22.48216057
1941,imagenet,1,ILSVRC2012_val_00048644.JPEG,,,,30.14088440,-3.64000964
1942,imagenet,1,ILSVRC2012_val_00048663.JPEG,,,,0.64692199,14.01408195
1943,imagenet,1,ILSVRC2012_val_00048708.JPEG,,,,-1.66680515,8.16288662
1944,imagenet,1,ILSVRC2012_val_00048744.JPEG,,,,1.89976919,-7.67308378
1945,imagenet,1,ILSVRC2012_val_00048802.JPEG,,,,31.56205940,-0.06596874
1946,imagenet,1,ILSVRC2012_val_00048805.JPEG,,,,8.93851948,24.92670059
1947,imagenet,1,ILSVRC2012_val_00048815.JPEG,,,,-15.75766468,20.98564720
1948,imagenet,1,ILSVRC2012_val_00048825.JPEG,,,,-3.53497005,-5.93093920
1949,imagenet,1,ILSVRC2012_val_00048831.JPEG,,,,-26.31732941,-1.16002822
1950,imagenet,1,ILSVRC2012_val_00048851.JPEG,,,,4.81939888,24.20949745
1951,imagenet,1,ILSVRC2012_val_00048869.JPEG,,,,-26.39665794,-4.60939407
1952,imagenet,1,ILSVRC2012_val_00048907.JPEG,,,,-2.74995351,19.38001823
1953,imagenet,1,ILSVRC2012_val_00048912.JPEG,,,,-11.05121994,6.13760042
1954,imagenet,1,ILSVRC2012_val_00048926.JPEG,,,,14.72454071,9.49947262
1955,imagenet,1,ILSVRC2012_val_00048942.JPEG,,,,28.86812210,6.49137735
1956,imagenet,1,ILSVRC2012_val_00048955.JPEG,,,,25.55708694,13.42791367
1957,imagenet,1,ILSVRC2012_val_00048960.JPEG,,,,22.38631248,-6.25908089
1958,imagenet,1,ILSVRC2012_val_00048970.JPEG,,,,36.17355728,4.62251854
1959,imagenet,1,ILSVRC2012_val_00049060.JPEG,,,,-17.47554779,-10.66963196
1960,imagenet,1,ILSVRC2012_val_00049083.JPEG,,,,-5.25292826,-15.45226192
1961,imagenet,1,ILSVRC2012_val_00049118.JPEG,,,,-30.66197395,3.50563502
1962,imagenet,1,ILSVRC2012_val_00049149.JPEG,,,,4.64283371,-10.50351810
1963,imagenet,1,ILSVRC2012_val_00049287.JPEG,,,,0.35017139,1.41169286
1964,imagenet,1,ILSVRC2012_val_00049311.JPEG,,,,4.89455891,22.99700546
1965,imagenet,1,ILSVRC2012_val_00049333.JPEG,,,,-28.42123604,-5.15602398
1966,imagenet,1,ILSVRC2012_val_00049354.JPEG,,,,-33.94742584,-5.26078176
1967,imagenet,1,ILSVRC2012_val_00049385.JPEG,,,,7.38238573,-8.99642849
1968,imagenet,1,ILSVRC2012_val_00049402.JPEG,,,,-24.73109818,-15.33076382
1969,imagenet,1,ILSVRC2012_val_00049442.JPEG,,,,2.97438788,-16.80824089
1970,imagenet,1,ILSVRC2012_val_00049472.JPEG,,,,9.90731812,23.15526390
1971,imagenet,1,ILSVRC2012_val_00049484.JPEG,,,,15.08592796,-4.50654125
1972,imagenet,1,ILSVRC2012_val_00049490.JPEG,,,,-2.31802511,24.73431969
1973,imagenet,1,ILSVRC2012_val_00049494.JPEG,,,,-32.96315384,-4.20434952
1974,imagenet,1,ILSVRC2012_val_00049539.JPEG,,,,38.18521500,2.95893002
1975,imagenet,1,ILSVRC2012_val_00049543.JPEG,,,,0.68134058,-14.15334320
1976,imagenet,1,ILSVRC2012_val_00049545.JPEG,,,,15.04815388,-9.26673794
1977,imagenet,1,ILSVRC2012_val_00049560.JPEG,,,,-13.56613159,-6.09631014
1978,imagenet,1,ILSVRC2012_val_00049563.JPEG,,,,-12.49566078,21.68178749
1979,imagenet,1,ILSVRC2012_val_00049564.JPEG,,,,10.31605244,18.15582085
1980,imagenet,1,ILSVRC2012_val_00049616.JPEG,,,,-30.73876572,-5.23855829
1981,imagenet,1,ILSVRC2012_val_00049635.JPEG,,,,18.03433800,11.99112415
1982,imagenet,1,ILSVRC2012_val_00049644.JPEG,,,,-6.36157370,13.45630836
1983,imagenet,1,ILSVRC2012_val_00049666.JPEG,,,,-4.84889746,-10.50599957
1984,imagenet,1,ILSVRC2012_val_00049671.JPEG,,,,-27.59150124,-3.75199318
1985,imagenet,1,ILSVRC2012_val_00049706.JPEG,,,,18.76183701,14.22395229
1986,imagenet,1,ILSVRC2012_val_00049710.JPEG,,,,-16.08271980,15.20368767
1987,imagenet,1,ILSVRC2012_val_00049726.JPEG,,,,-27.08094597,-4.21449661
1988,imagenet,1,ILSVRC2012_val_00049737.JPEG,,,,-26.39716339,7.35047579
1989,imagenet,1,ILSVRC2012_val_00049742.JPEG,,,,18.24981880,-0.43929917
1990,imagenet,1,ILSVRC2012_val_00049746.JPEG,,,,2.74373007,14.07721329
1991,imagenet,1,ILSVRC2012_val_00049757.JPEG,,,,-10.70553017,-15.87137222
1992,imagenet,1,ILSVRC2012_val_00049828.JPEG,,,,22.57551193,-0.75597167
1993,imagenet,1,ILSVRC2012_val_00049844.JPEG,,,,30.02684212,-8.59059906
1994,imagenet,1,ILSVRC2012_val_00049855.JPEG,,,,-9.03743172,11.20923519
1995,imagenet,1,ILSVRC2012_val_00049891.JPEG,,,,-24.73218346,-12.16790104
1996,imagenet,1,ILSVRC2012_val_00049909.JPEG,,,,-30.13217545,-0.42566463
1997,imagenet,1,ILSVRC2012_val_00049961.JPEG,,,,-14.15262508,12.76750469
1998,imagenet,1,ILSVRC2012_val_00049968.JPEG,,,,33.12858963,5.36899805
1999,imagenet,1,ILSVRC2012_val_00049975.JPEG,,,,8.53564739,24.90579224
4093,timesx,1,CropsAndStaples__rice_usd_cwt_96_12_12_10events__20250611T000000,CropsAndStaples__rice_usd_cwt_96_12_12_10events,middle,0,3.95354104,-46.30966949
4094,timesx,1,CropsAndStaples__rice_usd_cwt_96_12_12_10events__20250630T000000,CropsAndStaples__rice_usd_cwt_96_12_12_10events,middle,0,6.10876846,-46.87100983
4095,timesx,1,CropsAndStaples__rice_usd_cwt_96_12_12_10events__20250717T000000,CropsAndStaples__rice_usd_cwt_96_12_12_10events,middle,0,4.08913136,-46.67966461
4096,timesx,1,CropsAndStaples__rice_usd_cwt_96_12_12_10events__20250804T000000,CropsAndStaples__rice_usd_cwt_96_12_12_10events,middle,0,5.15843821,-45.70731354
4097,timesx,1,CropsAndStaples__rice_usd_cwt_96_12_12_10events__20250820T000000,CropsAndStaples__rice_usd_cwt_96_12_12_10events,middle,0,4.12966347,-46.69414520
4098,timesx,1,CropsAndStaples__rice_usd_cwt_96_12_12_10events__20250908T000000,CropsAndStaples__rice_usd_cwt_96_12_12_10events,middle,0,4.53803253,-44.80181885
4099,timesx,1,CropsAndStaples__rice_usd_cwt_96_12_12_10events__20250924T000000,CropsAndStaples__rice_usd_cwt_96_12_12_10events,middle,0,5.15755558,-45.34285736
4100,timesx,1,CropsAndStaples__rice_usd_cwt_96_12_12_10events__20251010T000000,CropsAndStaples__rice_usd_cwt_96_12_12_10events,middle,0,3.80063200,-43.81946945
4101,timesx,1,CropsAndStaples__rice_usd_cwt_96_12_12_10events__20251028T000000,CropsAndStaples__rice_usd_cwt_96_12_12_10events,middle,0,4.88436413,-43.78466797
4102,timesx,1,CropsAndStaples__rice_usd_cwt_96_12_12_10events__20251113T000000,CropsAndStaples__rice_usd_cwt_96_12_12_10events,middle,0,4.20986462,-43.89680481
4103,timesx,1,CropsAndStaples__rice_usd_cwt_96_12_12_10events__20251201T000000,CropsAndStaples__rice_usd_cwt_96_12_12_10events,middle,0,4.78024149,-44.00709152
4104,timesx,1,CropsAndStaples__rice_usd_cwt_96_12_12_10events__20251217T000000,CropsAndStaples__rice_usd_cwt_96_12_12_10events,middle,0,4.02623129,-43.83467865
4105,timesx,1,CropsAndStaples__rice_usd_cwt_96_12_12_10events__20260105T000000,CropsAndStaples__rice_usd_cwt_96_12_12_10events,middle,0,4.86430645,-43.90336990
4106,timesx,1,CropsAndStaples__rice_usd_cwt_96_12_12_10events__20260122T000000,CropsAndStaples__rice_usd_cwt_96_12_12_10events,middle,0,4.62686825,-45.34109879
4107,timesx,1,CropsAndStaples__rice_usd_cwt_96_12_12_10events__20260209T000000,CropsAndStaples__rice_usd_cwt_96_12_12_10events,middle,0,4.88936901,-44.91713333
4108,timesx,1,CropsAndStaples__rice_usd_cwt_96_12_12_10events__20260226T000000,CropsAndStaples__rice_usd_cwt_96_12_12_10events,middle,0,4.30753756,-45.68368912
4109,timesx,1,CropsAndStaples__rice_usd_cwt_96_12_12_10events__20260316T000000,CropsAndStaples__rice_usd_cwt_96_12_12_10events,middle,0,6.27453852,-49.54373169
4983,timesx,1,arts__food_wine_festivals_96_12_4_10events__20250119T000000,arts__food_wine_festivals_96_12_4_10events,middle,1,7.31129313,-47.80079651
4984,timesx,1,arts__food_wine_festivals_96_12_4_10events__20250216T000000,arts__food_wine_festivals_96_12_4_10events,middle,1,6.23489475,-48.47566223
4985,timesx,1,arts__food_wine_festivals_96_12_4_10events__20250316T000000,arts__food_wine_festivals_96_12_4_10events,middle,1,5.42451811,-49.59325409
4986,timesx,1,arts__food_wine_festivals_96_12_4_10events__20250413T000000,arts__food_wine_festivals_96_12_4_10events,middle,1,4.12141991,-49.44590759
5023,timesx,1,climate__endangered_species_96_12_4_10events__20250803T000000,climate__endangered_species_96_12_4_10events,middle,2,4.35306549,-46.92222595
5024,timesx,1,climate__endangered_species_96_12_4_10events__20250831T000000,climate__endangered_species_96_12_4_10events,middle,2,7.39207649,-47.64720917
5025,timesx,1,climate__endangered_species_96_12_4_10events__20250928T000000,climate__endangered_species_96_12_4_10events,middle,2,8.60549450,-49.09434509
5026,timesx,1,climate__endangered_species_96_12_4_10events__20251026T000000,climate__endangered_species_96_12_4_10events,middle,2,5.75266552,-50.99079895
5027,timesx,1,climate__endangered_species_96_12_4_10events__20251123T000000,climate__endangered_species_96_12_4_10events,middle,2,1.24773490,-49.88480377
5028,timesx,1,climate__endangered_species_96_12_4_10events__20251221T000000,climate__endangered_species_96_12_4_10events,middle,2,1.01128244,-48.54745483
5059,timesx,1,climate__sustainable_fashion_96_12_4_10events__20250803T000000,climate__sustainable_fashion_96_12_4_10events,worst,3,7.27156687,-48.60706711
5060,timesx,1,climate__sustainable_fashion_96_12_4_10events__20250831T000000,climate__sustainable_fashion_96_12_4_10events,worst,3,6.99446630,-49.42626953
5061,timesx,1,climate__sustainable_fashion_96_12_4_10events__20250928T000000,climate__sustainable_fashion_96_12_4_10events,worst,3,6.45179844,-50.36689758
5062,timesx,1,climate__sustainable_fashion_96_12_4_10events__20251026T000000,climate__sustainable_fashion_96_12_4_10events,worst,3,2.66683555,-50.76620102
5063,timesx,1,climate__sustainable_fashion_96_12_4_10events__20251123T000000,climate__sustainable_fashion_96_12_4_10events,worst,3,1.81594300,-49.44403839
5064,timesx,1,climate__sustainable_fashion_96_12_4_10events__20251221T000000,climate__sustainable_fashion_96_12_4_10events,worst,3,2.95435977,-49.74214935
5071,timesx,1,economy__cost_of_living_96_12_4_10events__20250803T000000,economy__cost_of_living_96_12_4_10events,worst,4,7.42574930,-50.12336349
5072,timesx,1,economy__cost_of_living_96_12_4_10events__20250831T000000,economy__cost_of_living_96_12_4_10events,worst,4,5.17884827,-49.27931976
5073,timesx,1,economy__cost_of_living_96_12_4_10events__20250928T000000,economy__cost_of_living_96_12_4_10events,worst,4,3.83617449,-49.10478210
5074,timesx,1,economy__cost_of_living_96_12_4_10events__20251026T000000,economy__cost_of_living_96_12_4_10events,worst,4,2.67703414,-49.15895844
5075,timesx,1,economy__cost_of_living_96_12_4_10events__20251123T000000,economy__cost_of_living_96_12_4_10events,worst,4,3.59334826,-48.43034363
5076,timesx,1,economy__cost_of_living_96_12_4_10events__20251221T000000,economy__cost_of_living_96_12_4_10events,worst,4,5.65946579,-48.88136292
5161,timesx,1,electronic_technology__drones_96_12_4_10events__20250803T000000,electronic_technology__drones_96_12_4_10events,best,5,0.73644298,-45.17410278
5162,timesx,1,electronic_technology__drones_96_12_4_10events__20250831T000000,electronic_technology__drones_96_12_4_10events,best,5,1.40309691,-44.95734787
5163,timesx,1,electronic_technology__drones_96_12_4_10events__20250928T000000,electronic_technology__drones_96_12_4_10events,best,5,1.62121069,-44.80607224
5164,timesx,1,electronic_technology__drones_96_12_4_10events__20251026T000000,electronic_technology__drones_96_12_4_10events,best,5,1.97597671,-44.22330475
5165,timesx,1,electronic_technology__drones_96_12_4_10events__20251123T000000,electronic_technology__drones_96_12_4_10events,best,5,8.22454071,-45.13813782
5166,timesx,1,electronic_technology__drones_96_12_4_10events__20251221T000000,electronic_technology__drones_96_12_4_10events,best,5,0.81998068,-45.63486862
5203,timesx,1,finance__financial_regulation_96_12_4_10events__20250803T000000,finance__financial_regulation_96_12_4_10events,worst,6,6.94436693,-49.47564697
5204,timesx,1,finance__financial_regulation_96_12_4_10events__20250831T000000,finance__financial_regulation_96_12_4_10events,worst,6,6.53494072,-49.76325989
5205,timesx,1,finance__financial_regulation_96_12_4_10events__20250928T000000,finance__financial_regulation_96_12_4_10events,worst,6,5.48957777,-50.86142349
5206,timesx,1,finance__financial_regulation_96_12_4_10events__20251026T000000,finance__financial_regulation_96_12_4_10events,worst,6,1.88141668,-50.17920685
5207,timesx,1,finance__financial_regulation_96_12_4_10events__20251123T000000,finance__financial_regulation_96_12_4_10events,worst,6,2.85654616,-50.19718170
5208,timesx,1,finance__financial_regulation_96_12_4_10events__20251221T000000,finance__financial_regulation_96_12_4_10events,worst,6,3.33302975,-50.19150543
5263,timesx,1,pets__animal_welfare_96_12_4_10events__20250803T000000,pets__animal_welfare_96_12_4_10events,worst,7,8.25608540,-48.67704391
5264,timesx,1,pets__animal_welfare_96_12_4_10events__20250831T000000,pets__animal_welfare_96_12_4_10events,worst,7,7.20710325,-49.91197205
5265,timesx,1,pets__animal_welfare_96_12_4_10events__20250928T000000,pets__animal_welfare_96_12_4_10events,worst,7,6.22164679,-50.32939911
5266,timesx,1,pets__animal_welfare_96_12_4_10events__20251026T000000,pets__animal_welfare_96_12_4_10events,worst,7,1.91320264,-50.51594162
5267,timesx,1,pets__animal_welfare_96_12_4_10events__20251123T000000,pets__animal_welfare_96_12_4_10events,worst,7,1.98535156,-49.55072403
5268,timesx,1,pets__animal_welfare_96_12_4_10events__20251221T000000,pets__animal_welfare_96_12_4_10events,worst,7,3.74523401,-47.70582962
5275,timesx,1,pets__biodiversity_96_12_4_10events__20250803T000000,pets__biodiversity_96_12_4_10events,middle,8,5.50345993,-46.76515579
5276,timesx,1,pets__biodiversity_96_12_4_10events__20250831T000000,pets__biodiversity_96_12_4_10events,middle,8,8.16441345,-48.08459854
5277,timesx,1,pets__biodiversity_96_12_4_10events__20250928T000000,pets__biodiversity_96_12_4_10events,middle,8,8.47844410,-49.72186279
5278,timesx,1,pets__biodiversity_96_12_4_10events__20251026T000000,pets__biodiversity_96_12_4_10events,middle,8,5.22251081,-51.28726196
5279,timesx,1,pets__biodiversity_96_12_4_10events__20251123T000000,pets__biodiversity_96_12_4_10events,middle,8,0.98851860,-49.74929810
5280,timesx,1,pets__biodiversity_96_12_4_10events__20251221T000000,pets__biodiversity_96_12_4_10events,middle,8,0.77605176,-48.46413422
5317,timesx,1,public_health__climate_change_96_12_4_10events__20250803T000000,public_health__climate_change_96_12_4_10events,best,9,1.87058842,-44.51871872
5318,timesx,1,public_health__climate_change_96_12_4_10events__20250831T000000,public_health__climate_change_96_12_4_10events,best,9,5.55258512,-43.47115326
5319,timesx,1,public_health__climate_change_96_12_4_10events__20250928T000000,public_health__climate_change_96_12_4_10events,best,9,2.71233439,-44.87120438
5320,timesx,1,public_health__climate_change_96_12_4_10events__20251026T000000,public_health__climate_change_96_12_4_10events,best,9,0.90552610,-45.52340698
5321,timesx,1,public_health__climate_change_96_12_4_10events__20251123T000000,public_health__climate_change_96_12_4_10events,best,9,0.60801744,-45.00997543
5322,timesx,1,public_health__climate_change_96_12_4_10events__20251221T000000,public_health__climate_change_96_12_4_10events,best,9,1.21614635,-44.81037903
5341,timesx,1,public_health__hiv_aids_96_12_4_10events__20250803T000000,public_health__hiv_aids_96_12_4_10events,middle,10,3.35032701,-47.91835403
5342,timesx,1,public_health__hiv_aids_96_12_4_10events__20250831T000000,public_health__hiv_aids_96_12_4_10events,middle,10,5.05103683,-46.68374252
5343,timesx,1,public_health__hiv_aids_96_12_4_10events__20250928T000000,public_health__hiv_aids_96_12_4_10events,middle,10,7.68240881,-48.37217331
5344,timesx,1,public_health__hiv_aids_96_12_4_10events__20251026T000000,public_health__hiv_aids_96_12_4_10events,middle,10,6.06247091,-50.80442429
5345,timesx,1,public_health__hiv_aids_96_12_4_10events__20251123T000000,public_health__hiv_aids_96_12_4_10events,middle,10,2.27454567,-50.45726013
5346,timesx,1,public_health__hiv_aids_96_12_4_10events__20251221T000000,public_health__hiv_aids_96_12_4_10events,middle,10,2.95056891,-48.30353928
5359,timesx,1,public_health__obesity_96_12_4_10events__20250803T000000,public_health__obesity_96_12_4_10events,worst,11,6.41689253,-48.73125458
5360,timesx,1,public_health__obesity_96_12_4_10events__20250831T000000,public_health__obesity_96_12_4_10events,worst,11,5.99992895,-48.03001404
5361,timesx,1,public_health__obesity_96_12_4_10events__20250928T000000,public_health__obesity_96_12_4_10events,worst,11,6.81137753,-48.25549316
5362,timesx,1,public_health__obesity_96_12_4_10events__20251026T000000,public_health__obesity_96_12_4_10events,worst,11,5.80499172,-51.49593353
5363,timesx,1,public_health__obesity_96_12_4_10events__20251123T000000,public_health__obesity_96_12_4_10events,worst,11,2.26022959,-49.88510513
5364,timesx,1,public_health__obesity_96_12_4_10events__20251221T000000,public_health__obesity_96_12_4_10events,worst,11,2.77356744,-48.11787415
5401,timesx,1,public_policy__national_debt_96_12_4_10events__20250803T000000,public_policy__national_debt_96_12_4_10events,middle,12,8.15596867,-49.03086472
5402,timesx,1,public_policy__national_debt_96_12_4_10events__20250831T000000,public_policy__national_debt_96_12_4_10events,middle,12,5.68230391,-49.74551773
5403,timesx,1,public_policy__national_debt_96_12_4_10events__20250928T000000,public_policy__national_debt_96_12_4_10events,middle,12,4.60659456,-49.98057938
5404,timesx,1,public_policy__national_debt_96_12_4_10events__20251026T000000,public_policy__national_debt_96_12_4_10events,middle,12,2.23318529,-49.55247498
5405,timesx,1,public_policy__national_debt_96_12_4_10events__20251123T000000,public_policy__national_debt_96_12_4_10events,middle,12,2.17474532,-48.66561127
5406,timesx,1,public_policy__national_debt_96_12_4_10events__20251221T000000,public_policy__national_debt_96_12_4_10events,middle,12,5.09386635,-47.69334793
5449,timesx,1,science__earthquake_96_12_4_10events__20250803T000000,science__earthquake_96_12_4_10events,best,13,5.35752964,-48.11948395
5450,timesx,1,science__earthquake_96_12_4_10events__20250831T000000,science__earthquake_96_12_4_10events,best,13,4.68523216,-48.73464584
5451,timesx,1,science__earthquake_96_12_4_10events__20250928T000000,science__earthquake_96_12_4_10events,best,13,2.75978112,-47.32473373
5452,timesx,1,science__earthquake_96_12_4_10events__20251026T000000,science__earthquake_96_12_4_10events,best,13,2.68070579,-47.30873489
5453,timesx,1,science__earthquake_96_12_4_10events__20251123T000000,science__earthquake_96_12_4_10events,best,13,2.38816381,-46.39311981
5454,timesx,1,science__earthquake_96_12_4_10events__20251221T000000,science__earthquake_96_12_4_10events,best,13,3.28077078,-46.68331909
5473,timesx,1,science__nobel_prize_96_12_4_10events__20250803T000000,science__nobel_prize_96_12_4_10events,worst,14,7.90872383,-47.67520142
5474,timesx,1,science__nobel_prize_96_12_4_10events__20250831T000000,science__nobel_prize_96_12_4_10events,worst,14,6.33863497,-47.09165192
5475,timesx,1,science__nobel_prize_96_12_4_10events__20250928T000000,science__nobel_prize_96_12_4_10events,worst,14,4.68777943,-49.71970367
5476,timesx,1,science__nobel_prize_96_12_4_10events__20251026T000000,science__nobel_prize_96_12_4_10events,worst,14,0.66036081,-46.06850052
5477,timesx,1,science__nobel_prize_96_12_4_10events__20251123T000000,science__nobel_prize_96_12_4_10events,worst,14,0.73408771,-44.98296356
5478,timesx,1,science__nobel_prize_96_12_4_10events__20251221T000000,science__nobel_prize_96_12_4_10events,worst,14,1.48196781,-44.98208237
5497,timesx,1,shopping__air_conditioner_96_12_4_10events__20250803T000000,shopping__air_conditioner_96_12_4_10events,best,15,1.12009025,-46.54243469
5498,timesx,1,shopping__air_conditioner_96_12_4_10events__20250831T000000,shopping__air_conditioner_96_12_4_10events,best,15,1.74405563,-45.70308304
5499,timesx,1,shopping__air_conditioner_96_12_4_10events__20250928T000000,shopping__air_conditioner_96_12_4_10events,best,15,2.07899308,-45.61575699
5500,timesx,1,shopping__air_conditioner_96_12_4_10events__20251026T000000,shopping__air_conditioner_96_12_4_10events,best,15,3.36401463,-45.81462097
5501,timesx,1,shopping__air_conditioner_96_12_4_10events__20251123T000000,shopping__air_conditioner_96_12_4_10events,best,15,7.49842119,-46.49099350
5502,timesx,1,shopping__air_conditioner_96_12_4_10events__20251221T000000,shopping__air_conditioner_96_12_4_10events,best,15,7.07522583,-46.08277130
5503,timesx,1,shopping__back_to_school_96_12_4_10events__20250803T000000,shopping__back_to_school_96_12_4_10events,best,16,8.43078804,-45.32374573
5504,timesx,1,shopping__back_to_school_96_12_4_10events__20250831T000000,shopping__back_to_school_96_12_4_10events,best,16,-0.17912979,-45.81352615
5505,timesx,1,shopping__back_to_school_96_12_4_10events__20250928T000000,shopping__back_to_school_96_12_4_10events,best,16,-0.03428516,-44.67485428
5506,timesx,1,shopping__back_to_school_96_12_4_10events__20251026T000000,shopping__back_to_school_96_12_4_10events,best,16,0.75124931,-43.77267456
5507,timesx,1,shopping__back_to_school_96_12_4_10events__20251123T000000,shopping__back_to_school_96_12_4_10events,best,16,1.45163596,-43.49294281
5508,timesx,1,shopping__back_to_school_96_12_4_10events__20251221T000000,shopping__back_to_school_96_12_4_10events,best,16,8.06088161,-46.26277924
5659,timesx,1,traffic__tour_de_france_96_12_4_10events__20250803T000000,traffic__tour_de_france_96_12_4_10events,best,17,0.03818146,-46.09856415
5660,timesx,1,traffic__tour_de_france_96_12_4_10events__20250831T000000,traffic__tour_de_france_96_12_4_10events,best,17,-0.08085489,-44.87645340
5661,timesx,1,traffic__tour_de_france_96_12_4_10events__20250928T000000,traffic__tour_de_france_96_12_4_10events,best,17,0.47476423,-44.02607346
5662,timesx,1,traffic__tour_de_france_96_12_4_10events__20251026T000000,traffic__tour_de_france_96_12_4_10events,best,17,1.14783311,-43.74833679
5663,timesx,1,traffic__tour_de_france_96_12_4_10events__20251123T000000,traffic__tour_de_france_96_12_4_10events,best,17,7.96768284,-45.77978516
5664,timesx,1,traffic__tour_de_france_96_12_4_10events__20251221T000000,traffic__tour_de_france_96_12_4_10events,best,17,7.68968248,-45.61545944
