row_id,source,masked,id,var_key,sel_group,color_idx,x,y
0,imagenet,1,ILSVRC2012_val_00000043.JPEG,,,,-11.86252213,18.25554085
1,imagenet,1,ILSVRC2012_val_00000072.JPEG,,,,-7.11623383,-25.79156494
2,imagenet,1,ILSVRC2012_val_00000085.JPEG,,,,50.54520798,2.94801450
3,imagenet,1,ILSVRC2012_val_00000107.JPEG,,,,43.87232208,3.17307019
4,imagenet,1,ILSVRC2012_val_00000164.JPEG,,,,-6.37858057,38.49860001
5,imagenet,1,ILSVRC2012_val_00000210.JPEG,,,,-6.14900923,-25.12932396
6,imagenet,1,ILSVRC2012_val_00000279.JPEG,,,,-11.23343277,2.75789881
7,imagenet,1,ILSVRC2012_val_00000294.JPEG,,,,-13.28155708,-27.51226044
8,imagenet,1,ILSVRC2012_val_00000303.JPEG,,,,-23.89492798,22.24001122
9,imagenet,1,ILSVRC2012_val_00000319.JPEG,,,,19.50755882,-1.78992498
10,imagenet,1,ILSVRC2012_val_00000343.JPEG,,,,-30.58748055,1.81847835
11,imagenet,1,ILSVRC2012_val_00000361.JPEG,,,,29.88801956,20.67845345
12,imagenet,1,ILSVRC2012_val_00000397.JPEG,,,,-16.57988548,18.16000938
13,imagenet,1,ILSVRC2012_val_00000453.JPEG,,,,-4.78269768,-7.23322344
14,imagenet,1,ILSVRC2012_val_00000460.JPEG,,,,-20.04534912,-3.34740448
15,imagenet,1,ILSVRC2012_val_00000464.JPEG,,,,36.54647064,-3.81710148
16,imagenet,1,ILSVRC2012_val_00000472.JPEG,,,,-32.30470276,14.87124443
17,imagenet,1,ILSVRC2012_val_00000498.JPEG,,,,44.72130966,1.27265155
18,imagenet,1,ILSVRC2012_val_00000500.JPEG,,,,-29.10610962,-7.02218199
19,imagenet,1,ILSVRC2012_val_00000507.JPEG,,,,-19.07783699,-10.61328793
20,imagenet,1,ILSVRC2012_val_00000547.JPEG,,,,41.27575302,12.54489803
21,imagenet,1,ILSVRC2012_val_00000559.JPEG,,,,-40.20059967,-0.95902222
22,imagenet,1,ILSVRC2012_val_00000620.JPEG,,,,-3.69428086,-11.31279278
23,imagenet,1,ILSVRC2012_val_00000650.JPEG,,,,-30.68825340,11.79287338
24,imagenet,1,ILSVRC2012_val_00000651.JPEG,,,,48.45471191,2.48627067
25,imagenet,1,ILSVRC2012_val_00000652.JPEG,,,,-33.32049179,-0.28393093
26,imagenet,1,ILSVRC2012_val_00000660.JPEG,,,,-29.91740417,-18.93204117
27,imagenet,1,ILSVRC2012_val_00000724.JPEG,,,,20.33699989,-19.84040451
28,imagenet,1,ILSVRC2012_val_00000728.JPEG,,,,-20.16579437,18.17768097
29,imagenet,1,ILSVRC2012_val_00000746.JPEG,,,,1.49167132,22.21881485
30,imagenet,1,ILSVRC2012_val_00000790.JPEG,,,,-24.69510460,6.62901831
31,imagenet,1,ILSVRC2012_val_00000810.JPEG,,,,-1.42340791,8.28219509
32,imagenet,1,ILSVRC2012_val_00000824.JPEG,,,,41.99389648,-2.01012731
33,imagenet,1,ILSVRC2012_val_00000842.JPEG,,,,-38.27817917,-0.21206209
34,imagenet,1,ILSVRC2012_val_00000875.JPEG,,,,-12.36800098,13.56261921
35,imagenet,1,ILSVRC2012_val_00000898.JPEG,,,,23.40135002,18.54260063
36,imagenet,1,ILSVRC2012_val_00000940.JPEG,,,,-11.59652328,5.99120808
37,imagenet,1,ILSVRC2012_val_00000963.JPEG,,,,-22.83090210,17.78345871
38,imagenet,1,ILSVRC2012_val_00000997.JPEG,,,,-7.15058231,10.66589737
39,imagenet,1,ILSVRC2012_val_00001006.JPEG,,,,-37.19991302,11.53128719
40,imagenet,1,ILSVRC2012_val_00001033.JPEG,,,,-18.51974297,24.53288841
41,imagenet,1,ILSVRC2012_val_00001051.JPEG,,,,-31.24484253,14.38457203
42,imagenet,1,ILSVRC2012_val_00001060.JPEG,,,,-8.70751190,22.87760162
43,imagenet,1,ILSVRC2012_val_00001085.JPEG,,,,10.88434410,-19.73658371
44,imagenet,1,ILSVRC2012_val_00001095.JPEG,,,,-26.23794174,-23.17817879
45,imagenet,1,ILSVRC2012_val_00001106.JPEG,,,,29.00086403,-17.39936829
46,imagenet,1,ILSVRC2012_val_00001124.JPEG,,,,26.19127274,7.95508623
47,imagenet,1,ILSVRC2012_val_00001140.JPEG,,,,23.01749992,4.67896986
48,imagenet,1,ILSVRC2012_val_00001161.JPEG,,,,-40.48146820,-8.68344879
49,imagenet,1,ILSVRC2012_val_00001164.JPEG,,,,36.75717163,1.93929744
50,imagenet,1,ILSVRC2012_val_00001189.JPEG,,,,-25.87771606,10.60613441
51,imagenet,1,ILSVRC2012_val_00001232.JPEG,,,,35.77277756,8.72743225
52,imagenet,1,ILSVRC2012_val_00001252.JPEG,,,,46.15827560,-7.13354921
53,imagenet,1,ILSVRC2012_val_00001281.JPEG,,,,-12.02944660,-27.58125496
54,imagenet,1,ILSVRC2012_val_00001303.JPEG,,,,-45.84611893,-3.44867539
55,imagenet,1,ILSVRC2012_val_00001349.JPEG,,,,34.82336807,1.26284218
56,imagenet,1,ILSVRC2012_val_00001352.JPEG,,,,-25.65620804,16.73617172
57,imagenet,1,ILSVRC2012_val_00001355.JPEG,,,,-6.44569588,15.61013508
58,imagenet,1,ILSVRC2012_val_00001356.JPEG,,,,3.81993318,5.93549585
59,imagenet,1,ILSVRC2012_val_00001368.JPEG,,,,-31.71879387,-7.30981874
60,imagenet,1,ILSVRC2012_val_00001378.JPEG,,,,-4.49694061,35.60142136
61,imagenet,1,ILSVRC2012_val_00001396.JPEG,,,,50.95899200,-1.75281823
62,imagenet,1,ILSVRC2012_val_00001397.JPEG,,,,6.22626066,-8.39273262
63,imagenet,1,ILSVRC2012_val_00001415.JPEG,,,,-21.48645782,-18.98690987
64,imagenet,1,ILSVRC2012_val_00001418.JPEG,,,,-6.18503237,-26.86165619
65,imagenet,1,ILSVRC2012_val_00001428.JPEG,,,,15.81570435,-22.42137337
66,imagenet,1,ILSVRC2012_val_00001439.JPEG,,,,35.48111343,21.91501808
67,imagenet,1,ILSVRC2012_val_00001477.JPEG,,,,11.45599461,3.48209310
68,imagenet,1,ILSVRC2012_val_00001484.JPEG,,,,-9.82385826,10.55632019
69,imagenet,1,ILSVRC2012_val_00001495.JPEG,,,,-37.96109390,-20.01333427
70,imagenet,1,ILSVRC2012_val_00001544.JPEG,,,,17.54850578,-23.42999840
71,imagenet,1,ILSVRC2012_val_00001556.JPEG,,,,15.84437180,-21.66626930
72,imagenet,1,ILSVRC2012_val_00001639.JPEG,,,,49.82625198,1.64798832
73,imagenet,1,ILSVRC2012_val_00001689.JPEG,,,,53.93412018,3.84124947
74,imagenet,1,ILSVRC2012_val_00001695.JPEG,,,,10.16463280,-8.69877338
75,imagenet,1,ILSVRC2012_val_00001719.JPEG,,,,-35.79317093,23.01423645
76,imagenet,1,ILSVRC2012_val_00001758.JPEG,,,,1.99716926,20.01873016
77,imagenet,1,ILSVRC2012_val_00001776.JPEG,,,,-19.03941917,15.05970001
78,imagenet,1,ILSVRC2012_val_00001797.JPEG,,,,-11.46217918,-23.54710960
79,imagenet,1,ILSVRC2012_val_00001800.JPEG,,,,29.88776588,-9.19094086
80,imagenet,1,ILSVRC2012_val_00001876.JPEG,,,,10.54959488,34.02840424
81,imagenet,1,ILSVRC2012_val_00001892.JPEG,,,,43.13373947,-10.51422215
82,imagenet,1,ILSVRC2012_val_00001917.JPEG,,,,41.27570724,16.17892456
83,imagenet,1,ILSVRC2012_val_00001930.JPEG,,,,8.89934731,36.49076462
84,imagenet,1,ILSVRC2012_val_00001950.JPEG,,,,-43.09742355,-2.64695287
85,imagenet,1,ILSVRC2012_val_00001953.JPEG,,,,-0.07369972,-17.52523422
86,imagenet,1,ILSVRC2012_val_00001984.JPEG,,,,-30.73334122,3.14100218
87,imagenet,1,ILSVRC2012_val_00002025.JPEG,,,,-12.83132744,28.63070679
88,imagenet,1,ILSVRC2012_val_00002039.JPEG,,,,2.98579884,-16.80711746
89,imagenet,1,ILSVRC2012_val_00002073.JPEG,,,,41.40495300,13.44104576
90,imagenet,1,ILSVRC2012_val_00002136.JPEG,,,,-16.42794991,11.53818798
91,imagenet,1,ILSVRC2012_val_00002186.JPEG,,,,28.93645287,-17.70438194
92,imagenet,1,ILSVRC2012_val_00002200.JPEG,,,,-26.89573669,-15.34495068
93,imagenet,1,ILSVRC2012_val_00002233.JPEG,,,,33.63634872,1.28847146
94,imagenet,1,ILSVRC2012_val_00002254.JPEG,,,,-10.53145313,-26.81489754
95,imagenet,1,ILSVRC2012_val_00002260.JPEG,,,,0.17778149,31.00967789
96,imagenet,1,ILSVRC2012_val_00002263.JPEG,,,,15.53839111,32.82404709
97,imagenet,1,ILSVRC2012_val_00002272.JPEG,,,,-16.78901672,-7.92330027
98,imagenet,1,ILSVRC2012_val_00002279.JPEG,,,,33.50839996,4.62624407
99,imagenet,1,ILSVRC2012_val_00002287.JPEG,,,,15.58918858,-16.27005386
100,imagenet,1,ILSVRC2012_val_00002293.JPEG,,,,-42.72528458,4.25338125
101,imagenet,1,ILSVRC2012_val_00002321.JPEG,,,,17.27926064,22.03110313
102,imagenet,1,ILSVRC2012_val_00002323.JPEG,,,,-19.63887596,29.86665535
103,imagenet,1,ILSVRC2012_val_00002378.JPEG,,,,35.57512283,4.31314182
104,imagenet,1,ILSVRC2012_val_00002397.JPEG,,,,21.17366219,28.36208916
105,imagenet,1,ILSVRC2012_val_00002431.JPEG,,,,-33.36520386,-17.36698341
106,imagenet,1,ILSVRC2012_val_00002455.JPEG,,,,-10.46897793,-26.92467117
107,imagenet,1,ILSVRC2012_val_00002486.JPEG,,,,-16.27745056,16.64978218
108,imagenet,1,ILSVRC2012_val_00002509.JPEG,,,,24.08805656,22.16467476
109,imagenet,1,ILSVRC2012_val_00002559.JPEG,,,,42.18464279,12.25501442
110,imagenet,1,ILSVRC2012_val_00002584.JPEG,,,,-23.57412338,-5.51614285
111,imagenet,1,ILSVRC2012_val_00002624.JPEG,,,,-9.33996296,11.62269306
112,imagenet,1,ILSVRC2012_val_00002645.JPEG,,,,-43.76851273,9.15418720
113,imagenet,1,ILSVRC2012_val_00002646.JPEG,,,,41.38085175,-9.83303261
114,imagenet,1,ILSVRC2012_val_00002660.JPEG,,,,31.74250603,-14.69791698
115,imagenet,1,ILSVRC2012_val_00002690.JPEG,,,,-35.47314453,22.17673683
116,imagenet,1,ILSVRC2012_val_00002749.JPEG,,,,-12.41859531,-6.55358791
117,imagenet,1,ILSVRC2012_val_00002759.JPEG,,,,12.11191654,36.21052551
118,imagenet,1,ILSVRC2012_val_00002762.JPEG,,,,-17.57065010,-21.92687988
119,imagenet,1,ILSVRC2012_val_00002805.JPEG,,,,-3.00616431,-20.19713974
120,imagenet,1,ILSVRC2012_val_00002811.JPEG,,,,-8.14096737,-16.17137909
121,imagenet,1,ILSVRC2012_val_00002830.JPEG,,,,35.73610306,-2.63476157
122,imagenet,1,ILSVRC2012_val_00002912.JPEG,,,,-30.00870705,-6.12007284
123,imagenet,1,ILSVRC2012_val_00002954.JPEG,,,,24.63235855,23.46042252
124,imagenet,1,ILSVRC2012_val_00002957.JPEG,,,,-40.07635498,-5.03472614
125,imagenet,1,ILSVRC2012_val_00002981.JPEG,,,,21.53733253,1.48358464
126,imagenet,1,ILSVRC2012_val_00002986.JPEG,,,,-14.68120956,-29.81118011
127,imagenet,1,ILSVRC2012_val_00002996.JPEG,,,,27.67934990,26.50679779
128,imagenet,1,ILSVRC2012_val_00003008.JPEG,,,,-3.65998459,10.18342972
129,imagenet,1,ILSVRC2012_val_00003016.JPEG,,,,20.63753700,29.55599213
130,imagenet,1,ILSVRC2012_val_00003132.JPEG,,,,-11.01222992,24.75121689
131,imagenet,1,ILSVRC2012_val_00003135.JPEG,,,,-37.21945190,-12.66086388
132,imagenet,1,ILSVRC2012_val_00003177.JPEG,,,,-10.19343948,13.01039982
133,imagenet,1,ILSVRC2012_val_00003195.JPEG,,,,-29.63841057,-14.45230770
134,imagenet,1,ILSVRC2012_val_00003220.JPEG,,,,6.31963634,-12.70177555
135,imagenet,1,ILSVRC2012_val_00003231.JPEG,,,,-37.16849136,-14.75339985
136,imagenet,1,ILSVRC2012_val_00003294.JPEG,,,,28.29315376,11.47093296
137,imagenet,1,ILSVRC2012_val_00003304.JPEG,,,,-1.23618925,35.69179916
138,imagenet,1,ILSVRC2012_val_00003309.JPEG,,,,-30.22508430,11.00812817
139,imagenet,1,ILSVRC2012_val_00003411.JPEG,,,,39.79167938,1.05445158
140,imagenet,1,ILSVRC2012_val_00003413.JPEG,,,,39.38101959,7.41513586
141,imagenet,1,ILSVRC2012_val_00003431.JPEG,,,,8.16484547,-8.80206966
142,imagenet,1,ILSVRC2012_val_00003447.JPEG,,,,-19.93492508,31.44082832
143,imagenet,1,ILSVRC2012_val_00003467.JPEG,,,,-37.99799347,-6.19215536
144,imagenet,1,ILSVRC2012_val_00003491.JPEG,,,,31.78888130,-17.36478996
145,imagenet,1,ILSVRC2012_val_00003568.JPEG,,,,-17.46093941,24.34971046
146,imagenet,1,ILSVRC2012_val_00003600.JPEG,,,,-6.47974539,22.02341270
147,imagenet,1,ILSVRC2012_val_00003603.JPEG,,,,29.83005333,1.70654690
148,imagenet,1,ILSVRC2012_val_00003619.JPEG,,,,11.32685852,35.76776123
149,imagenet,1,ILSVRC2012_val_00003653.JPEG,,,,16.58257675,24.85623169
150,imagenet,1,ILSVRC2012_val_00003657.JPEG,,,,-36.21325684,7.02411222
151,imagenet,1,ILSVRC2012_val_00003693.JPEG,,,,-16.83338356,-15.12777042
152,imagenet,1,ILSVRC2012_val_00003735.JPEG,,,,34.43498993,-2.32509494
153,imagenet,1,ILSVRC2012_val_00003736.JPEG,,,,-17.06105232,26.28351212
154,imagenet,1,ILSVRC2012_val_00003771.JPEG,,,,-6.54381800,-28.23009872
155,imagenet,1,ILSVRC2012_val_00003772.JPEG,,,,-21.07279396,-4.33220911
156,imagenet,1,ILSVRC2012_val_00003819.JPEG,,,,31.10757065,-1.38388610
157,imagenet,1,ILSVRC2012_val_00003825.JPEG,,,,34.34260941,12.45873928
158,imagenet,1,ILSVRC2012_val_00003832.JPEG,,,,-4.69044399,-7.56330919
159,imagenet,1,ILSVRC2012_val_00003895.JPEG,,,,-38.12779617,18.03796577
160,imagenet,1,ILSVRC2012_val_00003900.JPEG,,,,-22.11615562,-14.77998829
161,imagenet,1,ILSVRC2012_val_00003925.JPEG,,,,10.12121677,-11.11487770
162,imagenet,1,ILSVRC2012_val_00003928.JPEG,,,,25.10344315,21.28055382
163,imagenet,1,ILSVRC2012_val_00003933.JPEG,,,,21.44046211,-0.93296486
164,imagenet,1,ILSVRC2012_val_00003943.JPEG,,,,-13.88788128,-1.61954820
165,imagenet,1,ILSVRC2012_val_00003964.JPEG,,,,34.41133499,-8.00361633
166,imagenet,1,ILSVRC2012_val_00003990.JPEG,,,,26.62853050,-4.28943920
167,imagenet,1,ILSVRC2012_val_00004005.JPEG,,,,26.21307564,-11.60722828
168,imagenet,1,ILSVRC2012_val_00004030.JPEG,,,,-36.60649872,-12.29219913
169,imagenet,1,ILSVRC2012_val_00004072.JPEG,,,,13.29958534,22.50089836
170,imagenet,1,ILSVRC2012_val_00004093.JPEG,,,,-14.28980923,-28.52232552
171,imagenet,1,ILSVRC2012_val_00004100.JPEG,,,,-6.57385778,9.27330112
172,imagenet,1,ILSVRC2012_val_00004151.JPEG,,,,10.74496651,20.06369400
173,imagenet,1,ILSVRC2012_val_00004246.JPEG,,,,-15.38806915,11.60892296
174,imagenet,1,ILSVRC2012_val_00004259.JPEG,,,,-12.38917255,-10.28372860
175,imagenet,1,ILSVRC2012_val_00004268.JPEG,,,,-36.84862137,14.26776409
176,imagenet,1,ILSVRC2012_val_00004277.JPEG,,,,-38.99460602,10.68196487
177,imagenet,1,ILSVRC2012_val_00004294.JPEG,,,,-13.49851322,11.48483658
178,imagenet,1,ILSVRC2012_val_00004311.JPEG,,,,-3.01154375,-20.66832352
179,imagenet,1,ILSVRC2012_val_00004373.JPEG,,,,33.58227921,-5.80116177
180,imagenet,1,ILSVRC2012_val_00004381.JPEG,,,,44.70412827,-1.15440357
181,imagenet,1,ILSVRC2012_val_00004404.JPEG,,,,-21.66020203,-13.32662010
182,imagenet,1,ILSVRC2012_val_00004435.JPEG,,,,-23.75622940,12.35601902
183,imagenet,1,ILSVRC2012_val_00004502.JPEG,,,,-32.79467773,8.44660568
184,imagenet,1,ILSVRC2012_val_00004621.JPEG,,,,29.29328346,-12.65005016
185,imagenet,1,ILSVRC2012_val_00004629.JPEG,,,,-13.30698490,15.84531689
186,imagenet,1,ILSVRC2012_val_00004651.JPEG,,,,4.07933283,35.85939789
187,imagenet,1,ILSVRC2012_val_00004665.JPEG,,,,20.78656197,10.52532387
188,imagenet,1,ILSVRC2012_val_00004688.JPEG,,,,37.31616211,-9.17988682
189,imagenet,1,ILSVRC2012_val_00004712.JPEG,,,,-13.05467606,-15.13618565
190,imagenet,1,ILSVRC2012_val_00004720.JPEG,,,,-10.36559486,2.54852629
191,imagenet,1,ILSVRC2012_val_00004734.JPEG,,,,-13.57208252,-4.41895056
192,imagenet,1,ILSVRC2012_val_00004771.JPEG,,,,29.31805420,6.33567619
193,imagenet,1,ILSVRC2012_val_00004796.JPEG,,,,-0.77238703,33.50497055
194,imagenet,1,ILSVRC2012_val_00004800.JPEG,,,,22.18865395,1.70021200
195,imagenet,1,ILSVRC2012_val_00004887.JPEG,,,,-29.43359756,28.32441139
196,imagenet,1,ILSVRC2012_val_00005014.JPEG,,,,-36.25003052,16.64705276
197,imagenet,1,ILSVRC2012_val_00005069.JPEG,,,,-12.13295174,-26.46828842
198,imagenet,1,ILSVRC2012_val_00005094.JPEG,,,,-13.70017147,-14.09666252
199,imagenet,1,ILSVRC2012_val_00005109.JPEG,,,,27.05798340,24.83911896
200,imagenet,1,ILSVRC2012_val_00005122.JPEG,,,,30.16678810,-6.54187632
201,imagenet,1,ILSVRC2012_val_00005134.JPEG,,,,19.59694481,-19.07071495
202,imagenet,1,ILSVRC2012_val_00005172.JPEG,,,,-34.98530197,5.87965107
203,imagenet,1,ILSVRC2012_val_00005193.JPEG,,,,-38.53763580,6.64150381
204,imagenet,1,ILSVRC2012_val_00005241.JPEG,,,,-25.71523666,-5.53721142
205,imagenet,1,ILSVRC2012_val_00005262.JPEG,,,,-24.67777634,7.77591181
206,imagenet,1,ILSVRC2012_val_00005309.JPEG,,,,-33.20291519,21.39329529
207,imagenet,1,ILSVRC2012_val_00005385.JPEG,,,,23.54147339,-8.42423725
208,imagenet,1,ILSVRC2012_val_00005433.JPEG,,,,-25.25571060,-0.22800423
209,imagenet,1,ILSVRC2012_val_00005503.JPEG,,,,-20.18914413,29.21343231
210,imagenet,1,ILSVRC2012_val_00005517.JPEG,,,,21.74218559,-9.22389030
211,imagenet,1,ILSVRC2012_val_00005561.JPEG,,,,-29.58665085,-2.04762650
212,imagenet,1,ILSVRC2012_val_00005608.JPEG,,,,14.80940056,-23.17995453
213,imagenet,1,ILSVRC2012_val_00005623.JPEG,,,,19.54524422,21.19957542
214,imagenet,1,ILSVRC2012_val_00005629.JPEG,,,,-6.18236637,37.99725723
215,imagenet,1,ILSVRC2012_val_00005667.JPEG,,,,6.18855810,-15.19785118
216,imagenet,1,ILSVRC2012_val_00005669.JPEG,,,,-13.12849903,-5.36384630
217,imagenet,1,ILSVRC2012_val_00005670.JPEG,,,,-33.84544754,-19.61644936
218,imagenet,1,ILSVRC2012_val_00005712.JPEG,,,,35.18720627,-11.84880638
219,imagenet,1,ILSVRC2012_val_00005716.JPEG,,,,42.28773117,14.01836777
220,imagenet,1,ILSVRC2012_val_00005758.JPEG,,,,-32.51626205,-2.83415675
221,imagenet,1,ILSVRC2012_val_00005851.JPEG,,,,-43.85044479,4.81217289
222,imagenet,1,ILSVRC2012_val_00005915.JPEG,,,,-20.66781807,-11.53324127
223,imagenet,1,ILSVRC2012_val_00005944.JPEG,,,,-24.00718498,8.53549671
224,imagenet,1,ILSVRC2012_val_00005960.JPEG,,,,26.59625626,-22.39884377
225,imagenet,1,ILSVRC2012_val_00005986.JPEG,,,,50.14823532,-0.32921720
226,imagenet,1,ILSVRC2012_val_00005992.JPEG,,,,-10.54351521,-8.59159279
227,imagenet,1,ILSVRC2012_val_00006005.JPEG,,,,31.68867683,1.83055305
228,imagenet,1,ILSVRC2012_val_00006078.JPEG,,,,15.83265686,6.80246925
229,imagenet,1,ILSVRC2012_val_00006135.JPEG,,,,-13.37238121,30.84603310
230,imagenet,1,ILSVRC2012_val_00006137.JPEG,,,,27.69691467,15.09111023
231,imagenet,1,ILSVRC2012_val_00006144.JPEG,,,,29.95361328,-9.31870937
232,imagenet,1,ILSVRC2012_val_00006183.JPEG,,,,-16.34697151,8.09306622
233,imagenet,1,ILSVRC2012_val_00006216.JPEG,,,,20.42320061,10.49218655
234,imagenet,1,ILSVRC2012_val_00006242.JPEG,,,,8.61232853,5.93104029
235,imagenet,1,ILSVRC2012_val_00006280.JPEG,,,,-16.71571350,-21.81472206
236,imagenet,1,ILSVRC2012_val_00006324.JPEG,,,,34.30543518,-20.80631065
237,imagenet,1,ILSVRC2012_val_00006344.JPEG,,,,-1.43442512,-1.81595182
238,imagenet,1,ILSVRC2012_val_00006362.JPEG,,,,-30.08189964,10.10032749
239,imagenet,1,ILSVRC2012_val_00006385.JPEG,,,,23.58220673,19.67471886
240,imagenet,1,ILSVRC2012_val_00006390.JPEG,,,,47.04512024,3.68394899
241,imagenet,1,ILSVRC2012_val_00006398.JPEG,,,,-8.59721661,-6.55538082
242,imagenet,1,ILSVRC2012_val_00006406.JPEG,,,,-12.00482750,30.65837479
243,imagenet,1,ILSVRC2012_val_00006434.JPEG,,,,-37.61161804,20.24345016
244,imagenet,1,ILSVRC2012_val_00006450.JPEG,,,,-0.95312798,-20.03142357
245,imagenet,1,ILSVRC2012_val_00006454.JPEG,,,,21.73571777,14.11783123
246,imagenet,1,ILSVRC2012_val_00006455.JPEG,,,,21.86308289,-23.77735138
247,imagenet,1,ILSVRC2012_val_00006475.JPEG,,,,-25.27858353,-14.22459507
248,imagenet,1,ILSVRC2012_val_00006476.JPEG,,,,33.34775162,-6.45525217
249,imagenet,1,ILSVRC2012_val_00006493.JPEG,,,,42.41532898,6.87958622
250,imagenet,1,ILSVRC2012_val_00006514.JPEG,,,,-12.77669811,10.98140430
251,imagenet,1,ILSVRC2012_val_00006575.JPEG,,,,-25.55224609,22.99078751
252,imagenet,1,ILSVRC2012_val_00006584.JPEG,,,,31.79772758,-12.47959328
253,imagenet,1,ILSVRC2012_val_00006599.JPEG,,,,-40.79244232,-7.17407322
254,imagenet,1,ILSVRC2012_val_00006618.JPEG,,,,42.61801910,-3.72930622
255,imagenet,1,ILSVRC2012_val_00006623.JPEG,,,,2.12209034,-2.88274693
256,imagenet,1,ILSVRC2012_val_00006631.JPEG,,,,16.06466675,-24.21684837
257,imagenet,1,ILSVRC2012_val_00006637.JPEG,,,,3.56487989,-21.93849182
258,imagenet,1,ILSVRC2012_val_00006641.JPEG,,,,-45.15000534,4.82807684
259,imagenet,1,ILSVRC2012_val_00006651.JPEG,,,,-36.00992584,-2.93529558
260,imagenet,1,ILSVRC2012_val_00006668.JPEG,,,,-24.68775558,11.56736469
261,imagenet,1,ILSVRC2012_val_00006758.JPEG,,,,30.25638008,3.55967999
262,imagenet,1,ILSVRC2012_val_00006860.JPEG,,,,-7.08955383,18.28563499
263,imagenet,1,ILSVRC2012_val_00006899.JPEG,,,,-38.30517578,4.20403481
264,imagenet,1,ILSVRC2012_val_00006956.JPEG,,,,-37.14520264,2.29600501
265,imagenet,1,ILSVRC2012_val_00006965.JPEG,,,,24.10849571,16.68997955
266,imagenet,1,ILSVRC2012_val_00006977.JPEG,,,,37.94348907,-8.84722233
267,imagenet,1,ILSVRC2012_val_00006981.JPEG,,,,40.93225479,12.33751965
268,imagenet,1,ILSVRC2012_val_00007007.JPEG,,,,-13.42406368,6.24119377
269,imagenet,1,ILSVRC2012_val_00007013.JPEG,,,,1.74884868,33.39285660
270,imagenet,1,ILSVRC2012_val_00007019.JPEG,,,,-0.93554431,1.91207862
271,imagenet,1,ILSVRC2012_val_00007027.JPEG,,,,-14.68902874,-7.39266062
272,imagenet,1,ILSVRC2012_val_00007070.JPEG,,,,43.27160263,-6.03936529
273,imagenet,1,ILSVRC2012_val_00007075.JPEG,,,,5.07567978,11.60680771
274,imagenet,1,ILSVRC2012_val_00007087.JPEG,,,,12.68373013,32.98218918
275,imagenet,1,ILSVRC2012_val_00007092.JPEG,,,,-32.92029572,1.49991786
276,imagenet,1,ILSVRC2012_val_00007127.JPEG,,,,-37.08218384,-20.69728088
277,imagenet,1,ILSVRC2012_val_00007168.JPEG,,,,-30.71858788,-13.83627033
278,imagenet,1,ILSVRC2012_val_00007195.JPEG,,,,55.25733948,-0.80152583
279,imagenet,1,ILSVRC2012_val_00007209.JPEG,,,,-0.56249261,13.18179035
280,imagenet,1,ILSVRC2012_val_00007264.JPEG,,,,-34.09547043,-8.19810295
281,imagenet,1,ILSVRC2012_val_00007265.JPEG,,,,23.38676071,21.67005920
282,imagenet,1,ILSVRC2012_val_00007293.JPEG,,,,9.71114159,-23.46091843
283,imagenet,1,ILSVRC2012_val_00007298.JPEG,,,,-0.53141117,36.53808594
284,imagenet,1,ILSVRC2012_val_00007326.JPEG,,,,49.80992508,-4.81226826
285,imagenet,1,ILSVRC2012_val_00007348.JPEG,,,,14.09704971,35.76485443
286,imagenet,1,ILSVRC2012_val_00007372.JPEG,,,,10.43958664,-22.23892212
287,imagenet,1,ILSVRC2012_val_00007461.JPEG,,,,22.96196556,-5.84221745
288,imagenet,1,ILSVRC2012_val_00007472.JPEG,,,,-46.61218643,-0.85809857
289,imagenet,1,ILSVRC2012_val_00007478.JPEG,,,,-35.29638672,5.79753685
290,imagenet,1,ILSVRC2012_val_00007495.JPEG,,,,-21.71617317,-17.64273834
291,imagenet,1,ILSVRC2012_val_00007540.JPEG,,,,22.25673294,-5.77212048
292,imagenet,1,ILSVRC2012_val_00007601.JPEG,,,,5.23858786,10.30049801
293,imagenet,1,ILSVRC2012_val_00007622.JPEG,,,,-32.78124237,-21.16766548
294,imagenet,1,ILSVRC2012_val_00007650.JPEG,,,,40.85964966,-11.07933235
295,imagenet,1,ILSVRC2012_val_00007696.JPEG,,,,8.08511734,3.84916949
296,imagenet,1,ILSVRC2012_val_00007711.JPEG,,,,45.44440842,0.90575963
297,imagenet,1,ILSVRC2012_val_00007718.JPEG,,,,-10.72483253,-14.67978382
298,imagenet,1,ILSVRC2012_val_00007719.JPEG,,,,-31.50996399,14.59783173
299,imagenet,1,ILSVRC2012_val_00007726.JPEG,,,,-6.12632275,31.41907501
300,imagenet,1,ILSVRC2012_val_00007773.JPEG,,,,-14.98134613,3.89416075
301,imagenet,1,ILSVRC2012_val_00007775.JPEG,,,,-9.22635365,-19.66166115
302,imagenet,1,ILSVRC2012_val_00007792.JPEG,,,,32.76197815,12.57214355
303,imagenet,1,ILSVRC2012_val_00007842.JPEG,,,,3.94690657,6.71054983
304,imagenet,1,ILSVRC2012_val_00007856.JPEG,,,,-47.82289505,-3.41180944
305,imagenet,1,ILSVRC2012_val_00007862.JPEG,,,,-34.17326355,-1.73887086
306,imagenet,1,ILSVRC2012_val_00007872.JPEG,,,,31.59704399,15.86583805
307,imagenet,1,ILSVRC2012_val_00007882.JPEG,,,,48.53129196,2.83695436
308,imagenet,1,ILSVRC2012_val_00007887.JPEG,,,,-1.58973026,34.76131058
309,imagenet,1,ILSVRC2012_val_00007922.JPEG,,,,1.97257102,-61.06140518
310,imagenet,1,ILSVRC2012_val_00007931.JPEG,,,,-15.67624760,4.11033535
311,imagenet,1,ILSVRC2012_val_00008036.JPEG,,,,-42.48660660,-3.10946059
312,imagenet,1,ILSVRC2012_val_00008100.JPEG,,,,0.92665619,11.49443817
313,imagenet,1,ILSVRC2012_val_00008120.JPEG,,,,33.08049011,-3.52734089
314,imagenet,1,ILSVRC2012_val_00008188.JPEG,,,,24.97785568,-9.23285294
315,imagenet,1,ILSVRC2012_val_00008193.JPEG,,,,52.94603348,6.00261259
316,imagenet,1,ILSVRC2012_val_00008233.JPEG,,,,11.58452892,-11.37590122
317,imagenet,1,ILSVRC2012_val_00008234.JPEG,,,,-20.29916573,-0.75819814
318,imagenet,1,ILSVRC2012_val_00008237.JPEG,,,,-17.77184486,-14.00965786
319,imagenet,1,ILSVRC2012_val_00008293.JPEG,,,,-18.38310051,0.66809958
320,imagenet,1,ILSVRC2012_val_00008304.JPEG,,,,-2.74974322,38.97173309
321,imagenet,1,ILSVRC2012_val_00008363.JPEG,,,,32.98808289,6.67891788
322,imagenet,1,ILSVRC2012_val_00008369.JPEG,,,,-29.20130539,18.36919594
323,imagenet,1,ILSVRC2012_val_00008429.JPEG,,,,45.40413666,-11.61310673
324,imagenet,1,ILSVRC2012_val_00008446.JPEG,,,,-9.52930450,29.67841148
325,imagenet,1,ILSVRC2012_val_00008470.JPEG,,,,-25.48818588,-15.91874409
326,imagenet,1,ILSVRC2012_val_00008538.JPEG,,,,12.94614410,0.52844507
327,imagenet,1,ILSVRC2012_val_00008544.JPEG,,,,-33.51725388,-13.07039070
328,imagenet,1,ILSVRC2012_val_00008562.JPEG,,,,15.12046814,-2.22585011
329,imagenet,1,ILSVRC2012_val_00008568.JPEG,,,,2.69052839,34.06069946
330,imagenet,1,ILSVRC2012_val_00008577.JPEG,,,,43.01484680,-5.36109114
331,imagenet,1,ILSVRC2012_val_00008578.JPEG,,,,-8.30017567,-27.29212189
332,imagenet,1,ILSVRC2012_val_00008603.JPEG,,,,-4.07874918,-22.96992683
333,imagenet,1,ILSVRC2012_val_00008604.JPEG,,,,-36.48001862,22.57622337
334,imagenet,1,ILSVRC2012_val_00008657.JPEG,,,,-28.30768204,1.56501055
335,imagenet,1,ILSVRC2012_val_00008698.JPEG,,,,-10.17263031,-8.75007820
336,imagenet,1,ILSVRC2012_val_00008718.JPEG,,,,-4.78535604,24.32263565
337,imagenet,1,ILSVRC2012_val_00008768.JPEG,,,,10.53082752,29.85560608
338,imagenet,1,ILSVRC2012_val_00008777.JPEG,,,,1.64912724,-3.21824503
339,imagenet,1,ILSVRC2012_val_00008787.JPEG,,,,-34.26785278,23.21341324
340,imagenet,1,ILSVRC2012_val_00008795.JPEG,,,,19.53845596,-11.68723011
341,imagenet,1,ILSVRC2012_val_00008810.JPEG,,,,-34.11131668,15.16525745
342,imagenet,1,ILSVRC2012_val_00008819.JPEG,,,,-11.09700394,6.82328558
343,imagenet,1,ILSVRC2012_val_00008922.JPEG,,,,-31.30688286,20.20058823
344,imagenet,1,ILSVRC2012_val_00008935.JPEG,,,,-29.61857033,17.49600792
345,imagenet,1,ILSVRC2012_val_00008968.JPEG,,,,7.75487471,4.38923454
346,imagenet,1,ILSVRC2012_val_00009041.JPEG,,,,-20.31865883,11.51212215
347,imagenet,1,ILSVRC2012_val_00009061.JPEG,,,,35.48538208,0.96394223
348,imagenet,1,ILSVRC2012_val_00009089.JPEG,,,,28.25080299,-19.87256813
349,imagenet,1,ILSVRC2012_val_00009091.JPEG,,,,-18.00462723,26.42349815
350,imagenet,1,ILSVRC2012_val_00009108.JPEG,,,,-8.94571781,5.21479464
351,imagenet,1,ILSVRC2012_val_00009111.JPEG,,,,13.05861950,12.51429749
352,imagenet,1,ILSVRC2012_val_00009121.JPEG,,,,-23.14242172,-2.79928279
353,imagenet,1,ILSVRC2012_val_00009141.JPEG,,,,28.37815094,-22.55603218
354,imagenet,1,ILSVRC2012_val_00009175.JPEG,,,,-21.38737106,27.73470879
355,imagenet,1,ILSVRC2012_val_00009190.JPEG,,,,30.98261070,1.30965602
356,imagenet,1,ILSVRC2012_val_00009209.JPEG,,,,-5.71253872,1.63026488
357,imagenet,1,ILSVRC2012_val_00009217.JPEG,,,,30.16207504,3.47564244
358,imagenet,1,ILSVRC2012_val_00009270.JPEG,,,,0.67652196,20.67553520
359,imagenet,1,ILSVRC2012_val_00009286.JPEG,,,,3.79082727,-21.92892075
360,imagenet,1,ILSVRC2012_val_00009294.JPEG,,,,-16.42757607,-7.78664494
361,imagenet,1,ILSVRC2012_val_00009297.JPEG,,,,-33.88173676,-6.75618124
362,imagenet,1,ILSVRC2012_val_00009312.JPEG,,,,7.84647131,21.70863342
363,imagenet,1,ILSVRC2012_val_00009367.JPEG,,,,23.11886787,-22.72824860
364,imagenet,1,ILSVRC2012_val_00009369.JPEG,,,,-34.94176865,13.77900410
365,imagenet,1,ILSVRC2012_val_00009487.JPEG,,,,-13.10059071,-16.47343636
366,imagenet,1,ILSVRC2012_val_00009550.JPEG,,,,40.38591385,2.63717699
367,imagenet,1,ILSVRC2012_val_00009610.JPEG,,,,10.53834724,-9.57773685
368,imagenet,1,ILSVRC2012_val_00009637.JPEG,,,,28.06798172,-17.86059570
369,imagenet,1,ILSVRC2012_val_00009638.JPEG,,,,-11.98252583,18.95684052
370,imagenet,1,ILSVRC2012_val_00009657.JPEG,,,,26.09482765,-20.46982956
371,imagenet,1,ILSVRC2012_val_00009671.JPEG,,,,-40.24093628,-3.05462265
372,imagenet,1,ILSVRC2012_val_00009708.JPEG,,,,-30.46853065,2.03034496
373,imagenet,1,ILSVRC2012_val_00009745.JPEG,,,,-4.60983276,-23.39996910
374,imagenet,1,ILSVRC2012_val_00009758.JPEG,,,,-6.84719896,34.50973892
375,imagenet,1,ILSVRC2012_val_00009789.JPEG,,,,40.31988144,-2.87433767
376,imagenet,1,ILSVRC2012_val_00009816.JPEG,,,,-16.24704552,-5.86323309
377,imagenet,1,ILSVRC2012_val_00009850.JPEG,,,,-45.09494781,-2.94859648
378,imagenet,1,ILSVRC2012_val_00009895.JPEG,,,,47.64205551,6.08886623
379,imagenet,1,ILSVRC2012_val_00009897.JPEG,,,,13.96293068,35.96974182
380,imagenet,1,ILSVRC2012_val_00009928.JPEG,,,,-9.02870560,11.68482780
381,imagenet,1,ILSVRC2012_val_00009932.JPEG,,,,-18.66573906,7.97391129
382,imagenet,1,ILSVRC2012_val_00009947.JPEG,,,,-13.22768974,5.87666941
383,imagenet,1,ILSVRC2012_val_00009974.JPEG,,,,49.88340378,6.08048439
384,imagenet,1,ILSVRC2012_val_00010026.JPEG,,,,12.07373905,22.44162560
385,imagenet,1,ILSVRC2012_val_00010040.JPEG,,,,-37.03987503,-7.15862560
386,imagenet,1,ILSVRC2012_val_00010101.JPEG,,,,37.91505432,13.67042542
387,imagenet,1,ILSVRC2012_val_00010123.JPEG,,,,7.76982117,11.18370724
388,imagenet,1,ILSVRC2012_val_00010196.JPEG,,,,-11.07285595,15.74510384
389,imagenet,1,ILSVRC2012_val_00010248.JPEG,,,,13.54637051,2.39647198
390,imagenet,1,ILSVRC2012_val_00010314.JPEG,,,,35.14481354,23.58651733
391,imagenet,1,ILSVRC2012_val_00010338.JPEG,,,,46.60200500,13.84878922
392,imagenet,1,ILSVRC2012_val_00010350.JPEG,,,,3.87773895,-16.68660355
393,imagenet,1,ILSVRC2012_val_00010351.JPEG,,,,30.12753868,-14.00262356
394,imagenet,1,ILSVRC2012_val_00010371.JPEG,,,,-46.80805588,-1.88724232
395,imagenet,1,ILSVRC2012_val_00010374.JPEG,,,,46.86737061,6.03764105
396,imagenet,1,ILSVRC2012_val_00010419.JPEG,,,,35.20301819,2.21203804
397,imagenet,1,ILSVRC2012_val_00010429.JPEG,,,,20.10681534,10.55175304
398,imagenet,1,ILSVRC2012_val_00010471.JPEG,,,,33.14195251,18.07277679
399,imagenet,1,ILSVRC2012_val_00010528.JPEG,,,,33.11632156,14.03313446
400,imagenet,1,ILSVRC2012_val_00010547.JPEG,,,,30.27924156,-5.00154066
401,imagenet,1,ILSVRC2012_val_00010549.JPEG,,,,37.72743988,-8.30684757
402,imagenet,1,ILSVRC2012_val_00010564.JPEG,,,,-0.03762177,35.46682739
403,imagenet,1,ILSVRC2012_val_00010593.JPEG,,,,-18.62178802,18.37342644
404,imagenet,1,ILSVRC2012_val_00010659.JPEG,,,,-27.60421562,19.57744408
405,imagenet,1,ILSVRC2012_val_00010726.JPEG,,,,-33.42336273,5.83126545
406,imagenet,1,ILSVRC2012_val_00010739.JPEG,,,,13.87622547,-22.36346245
407,imagenet,1,ILSVRC2012_val_00010749.JPEG,,,,29.71540260,-0.22382045
408,imagenet,1,ILSVRC2012_val_00010766.JPEG,,,,-10.03416729,32.69060516
409,imagenet,1,ILSVRC2012_val_00010810.JPEG,,,,21.26523590,-11.63465881
410,imagenet,1,ILSVRC2012_val_00010812.JPEG,,,,-42.35388947,-3.35661483
411,imagenet,1,ILSVRC2012_val_00010833.JPEG,,,,13.13611126,1.30185318
412,imagenet,1,ILSVRC2012_val_00010844.JPEG,,,,-29.15801239,-5.38264179
413,imagenet,1,ILSVRC2012_val_00010845.JPEG,,,,23.41496849,-18.56686783
414,imagenet,1,ILSVRC2012_val_00010847.JPEG,,,,-44.28960037,-9.33228397
415,imagenet,1,ILSVRC2012_val_00010851.JPEG,,,,17.47839546,-12.12700081
416,imagenet,1,ILSVRC2012_val_00010861.JPEG,,,,11.92967606,23.05231857
417,imagenet,1,ILSVRC2012_val_00010874.JPEG,,,,-29.03465080,20.23897552
418,imagenet,1,ILSVRC2012_val_00010895.JPEG,,,,12.72240734,35.20922470
419,imagenet,1,ILSVRC2012_val_00010920.JPEG,,,,34.00654221,14.34543037
420,imagenet,1,ILSVRC2012_val_00011004.JPEG,,,,27.60301018,-1.62835205
421,imagenet,1,ILSVRC2012_val_00011009.JPEG,,,,-8.56167221,14.88339520
422,imagenet,1,ILSVRC2012_val_00011025.JPEG,,,,-19.86093903,6.63128567
423,imagenet,1,ILSVRC2012_val_00011043.JPEG,,,,30.54719543,7.42217731
424,imagenet,1,ILSVRC2012_val_00011057.JPEG,,,,31.58946991,16.43130112
425,imagenet,1,ILSVRC2012_val_00011080.JPEG,,,,-2.63124681,38.61876297
426,imagenet,1,ILSVRC2012_val_00011122.JPEG,,,,30.58588028,23.55547523
427,imagenet,1,ILSVRC2012_val_00011150.JPEG,,,,-15.65930176,12.60674572
428,imagenet,1,ILSVRC2012_val_00011179.JPEG,,,,-15.10773945,30.49822235
429,imagenet,1,ILSVRC2012_val_00011192.JPEG,,,,-19.78396606,-22.03100204
430,imagenet,1,ILSVRC2012_val_00011204.JPEG,,,,-35.70351028,-4.34373093
431,imagenet,1,ILSVRC2012_val_00011243.JPEG,,,,14.62872314,-7.73686838
432,imagenet,1,ILSVRC2012_val_00011281.JPEG,,,,-22.24015236,26.32579613
433,imagenet,1,ILSVRC2012_val_00011310.JPEG,,,,35.85635757,-12.83691978
434,imagenet,1,ILSVRC2012_val_00011315.JPEG,,,,30.89355278,16.10292625
435,imagenet,1,ILSVRC2012_val_00011322.JPEG,,,,18.31362343,-20.45108032
436,imagenet,1,ILSVRC2012_val_00011399.JPEG,,,,6.49638605,13.07047844
437,imagenet,1,ILSVRC2012_val_00011401.JPEG,,,,-22.79400063,14.31085682
438,imagenet,1,ILSVRC2012_val_00011462.JPEG,,,,-29.73930931,-1.82207847
439,imagenet,1,ILSVRC2012_val_00011483.JPEG,,,,25.27094078,21.76630211
440,imagenet,1,ILSVRC2012_val_00011499.JPEG,,,,15.63143349,-22.93648338
441,imagenet,1,ILSVRC2012_val_00011526.JPEG,,,,-9.40258026,26.16310692
442,imagenet,1,ILSVRC2012_val_00011557.JPEG,,,,-33.64049911,16.12692070
443,imagenet,1,ILSVRC2012_val_00011565.JPEG,,,,-23.94292068,-24.35648155
444,imagenet,1,ILSVRC2012_val_00011566.JPEG,,,,44.39769745,-5.17711926
445,imagenet,1,ILSVRC2012_val_00011626.JPEG,,,,35.08641052,16.01884079
446,imagenet,1,ILSVRC2012_val_00011647.JPEG,,,,-38.13613892,-6.22869825
447,imagenet,1,ILSVRC2012_val_00011686.JPEG,,,,31.25508118,18.58000755
448,imagenet,1,ILSVRC2012_val_00011730.JPEG,,,,19.92129707,18.48314285
449,imagenet,1,ILSVRC2012_val_00011752.JPEG,,,,6.34392214,8.40205288
450,imagenet,1,ILSVRC2012_val_00011769.JPEG,,,,17.63922501,-9.29922104
451,imagenet,1,ILSVRC2012_val_00011779.JPEG,,,,29.15386963,-3.42702699
452,imagenet,1,ILSVRC2012_val_00011797.JPEG,,,,-44.03558731,-8.57464218
453,imagenet,1,ILSVRC2012_val_00011862.JPEG,,,,-27.47171211,6.52617168
454,imagenet,1,ILSVRC2012_val_00011870.JPEG,,,,25.28711700,-13.03053284
455,imagenet,1,ILSVRC2012_val_00011884.JPEG,,,,-8.71168423,19.96530151
456,imagenet,1,ILSVRC2012_val_00011894.JPEG,,,,-1.16931105,-15.28427315
457,imagenet,1,ILSVRC2012_val_00011904.JPEG,,,,-7.00579023,17.30462646
458,imagenet,1,ILSVRC2012_val_00011905.JPEG,,,,29.61254692,12.57765484
459,imagenet,1,ILSVRC2012_val_00011947.JPEG,,,,5.84032726,-10.06358528
460,imagenet,1,ILSVRC2012_val_00011956.JPEG,,,,-38.66540909,-5.23859453
461,imagenet,1,ILSVRC2012_val_00012013.JPEG,,,,-25.49697876,17.35497665
462,imagenet,1,ILSVRC2012_val_00012018.JPEG,,,,34.52359390,13.12756348
463,imagenet,1,ILSVRC2012_val_00012077.JPEG,,,,22.05818367,-27.45930481
464,imagenet,1,ILSVRC2012_val_00012108.JPEG,,,,-41.15046692,17.16941833
465,imagenet,1,ILSVRC2012_val_00012148.JPEG,,,,51.82284546,-0.67175919
466,imagenet,1,ILSVRC2012_val_00012150.JPEG,,,,26.04688644,-20.01415062
467,imagenet,1,ILSVRC2012_val_00012238.JPEG,,,,-36.97176361,-5.57392502
468,imagenet,1,ILSVRC2012_val_00012241.JPEG,,,,16.67185974,17.22748184
469,imagenet,1,ILSVRC2012_val_00012245.JPEG,,,,30.51174736,26.22879601
470,imagenet,1,ILSVRC2012_val_00012266.JPEG,,,,6.83783817,-15.30427265
471,imagenet,1,ILSVRC2012_val_00012270.JPEG,,,,-43.62147903,9.18107033
472,imagenet,1,ILSVRC2012_val_00012315.JPEG,,,,-17.69564247,14.62166691
473,imagenet,1,ILSVRC2012_val_00012349.JPEG,,,,3.66778970,-25.05711746
474,imagenet,1,ILSVRC2012_val_00012355.JPEG,,,,-35.44280624,-10.06914520
475,imagenet,1,ILSVRC2012_val_00012366.JPEG,,,,-41.72974777,-7.25452900
476,imagenet,1,ILSVRC2012_val_00012374.JPEG,,,,-14.59580421,-14.67266941
477,imagenet,1,ILSVRC2012_val_00012375.JPEG,,,,-11.62243080,-24.82499886
478,imagenet,1,ILSVRC2012_val_00012469.JPEG,,,,-35.93051529,9.68282127
479,imagenet,1,ILSVRC2012_val_00012492.JPEG,,,,16.22068787,31.40896225
480,imagenet,1,ILSVRC2012_val_00012513.JPEG,,,,-6.27318954,-19.55994797
481,imagenet,1,ILSVRC2012_val_00012601.JPEG,,,,-27.12858391,-9.62617970
482,imagenet,1,ILSVRC2012_val_00012604.JPEG,,,,37.93077087,-16.66998863
483,imagenet,1,ILSVRC2012_val_00012607.JPEG,,,,-22.98891640,32.47851181
484,imagenet,1,ILSVRC2012_val_00012659.JPEG,,,,-19.61408615,-11.92284393
485,imagenet,1,ILSVRC2012_val_00012661.JPEG,,,,-11.41069984,-14.85750961
486,imagenet,1,ILSVRC2012_val_00012663.JPEG,,,,41.60195923,9.09327793
487,imagenet,1,ILSVRC2012_val_00012703.JPEG,,,,1.36548352,-1.83027828
488,imagenet,1,ILSVRC2012_val_00012721.JPEG,,,,-8.52566433,10.65674591
489,imagenet,1,ILSVRC2012_val_00012742.JPEG,,,,-12.56226635,-1.09604001
490,imagenet,1,ILSVRC2012_val_00012754.JPEG,,,,-23.46947670,20.79519272
491,imagenet,1,ILSVRC2012_val_00012794.JPEG,,,,39.85726929,-12.06681538
492,imagenet,1,ILSVRC2012_val_00012800.JPEG,,,,-25.78743362,11.34649658
493,imagenet,1,ILSVRC2012_val_00012825.JPEG,,,,-19.67372704,20.57929611
494,imagenet,1,ILSVRC2012_val_00012867.JPEG,,,,48.52196503,3.72319841
495,imagenet,1,ILSVRC2012_val_00012869.JPEG,,,,-34.47336578,19.54056358
496,imagenet,1,ILSVRC2012_val_00012954.JPEG,,,,3.47231174,21.06656647
497,imagenet,1,ILSVRC2012_val_00012981.JPEG,,,,-19.53097534,-22.71931839
498,imagenet,1,ILSVRC2012_val_00012996.JPEG,,,,47.53834534,0.70615953
499,imagenet,1,ILSVRC2012_val_00013000.JPEG,,,,-34.29100037,3.07411909
500,imagenet,1,ILSVRC2012_val_00013025.JPEG,,,,7.88952065,-24.45723343
501,imagenet,1,ILSVRC2012_val_00013071.JPEG,,,,7.30218697,21.43946266
502,imagenet,1,ILSVRC2012_val_00013149.JPEG,,,,-19.30019379,-8.68736553
503,imagenet,1,ILSVRC2012_val_00013157.JPEG,,,,2.24274468,-27.60445595
504,imagenet,1,ILSVRC2012_val_00013164.JPEG,,,,26.32085609,21.36223984
505,imagenet,1,ILSVRC2012_val_00013204.JPEG,,,,13.58273888,17.67018318
506,imagenet,1,ILSVRC2012_val_00013242.JPEG,,,,41.40321350,-4.10141993
507,imagenet,1,ILSVRC2012_val_00013249.JPEG,,,,53.25568390,4.59172153
508,imagenet,1,ILSVRC2012_val_00013293.JPEG,,,,-20.30817986,-24.13159752
509,imagenet,1,ILSVRC2012_val_00013301.JPEG,,,,53.68107605,-1.53711188
510,imagenet,1,ILSVRC2012_val_00013305.JPEG,,,,-0.88975745,35.40335464
511,imagenet,1,ILSVRC2012_val_00013322.JPEG,,,,-18.53812027,15.62896442
512,imagenet,1,ILSVRC2012_val_00013369.JPEG,,,,-13.79502487,13.24018383
513,imagenet,1,ILSVRC2012_val_00013379.JPEG,,,,-4.12465191,22.76641083
514,imagenet,1,ILSVRC2012_val_00013385.JPEG,,,,3.93041563,-15.38183308
515,imagenet,1,ILSVRC2012_val_00013421.JPEG,,,,-36.26418686,-14.81991673
516,imagenet,1,ILSVRC2012_val_00013444.JPEG,,,,-39.71073914,10.27002907
517,imagenet,1,ILSVRC2012_val_00013450.JPEG,,,,6.92663193,19.61307907
518,imagenet,1,ILSVRC2012_val_00013474.JPEG,,,,-14.09359550,17.47449684
519,imagenet,1,ILSVRC2012_val_00013494.JPEG,,,,-8.79937363,26.64932442
520,imagenet,1,ILSVRC2012_val_00013509.JPEG,,,,-32.01115799,-18.21001434
521,imagenet,1,ILSVRC2012_val_00013512.JPEG,,,,47.12416077,1.24970937
522,imagenet,1,ILSVRC2012_val_00013554.JPEG,,,,49.86867142,7.35951471
523,imagenet,1,ILSVRC2012_val_00013579.JPEG,,,,3.11653304,21.84154892
524,imagenet,1,ILSVRC2012_val_00013581.JPEG,,,,42.37890244,-0.59502387
525,imagenet,1,ILSVRC2012_val_00013588.JPEG,,,,10.28506184,20.19159889
526,imagenet,1,ILSVRC2012_val_00013624.JPEG,,,,48.75738907,5.96840572
527,imagenet,1,ILSVRC2012_val_00013670.JPEG,,,,-38.15043259,-16.26104736
528,imagenet,1,ILSVRC2012_val_00013676.JPEG,,,,-40.67813492,2.78240204
529,imagenet,1,ILSVRC2012_val_00013682.JPEG,,,,6.79860687,-10.04373074
530,imagenet,1,ILSVRC2012_val_00013698.JPEG,,,,-15.41418076,10.08498287
531,imagenet,1,ILSVRC2012_val_00013709.JPEG,,,,41.11024857,3.13562465
532,imagenet,1,ILSVRC2012_val_00013717.JPEG,,,,42.64353943,12.59817123
533,imagenet,1,ILSVRC2012_val_00013767.JPEG,,,,6.29642296,-16.08147049
534,imagenet,1,ILSVRC2012_val_00013808.JPEG,,,,29.81693077,-10.26042271
535,imagenet,1,ILSVRC2012_val_00013810.JPEG,,,,3.78554177,-9.20307636
536,imagenet,1,ILSVRC2012_val_00013826.JPEG,,,,16.45343018,-10.50889397
537,imagenet,1,ILSVRC2012_val_00013833.JPEG,,,,48.09113312,15.29333401
538,imagenet,1,ILSVRC2012_val_00013844.JPEG,,,,-35.22432327,-8.57642841
539,imagenet,1,ILSVRC2012_val_00013873.JPEG,,,,21.98622513,15.86835957
540,imagenet,1,ILSVRC2012_val_00013877.JPEG,,,,-37.05449677,0.13421103
541,imagenet,1,ILSVRC2012_val_00013883.JPEG,,,,4.28961706,11.74861050
542,imagenet,1,ILSVRC2012_val_00013896.JPEG,,,,23.75854683,-11.21751785
543,imagenet,1,ILSVRC2012_val_00013898.JPEG,,,,26.90855598,-1.83605707
544,imagenet,1,ILSVRC2012_val_00013907.JPEG,,,,50.22256088,2.25500226
545,imagenet,1,ILSVRC2012_val_00013922.JPEG,,,,14.07794952,-7.04761839
546,imagenet,1,ILSVRC2012_val_00013935.JPEG,,,,-13.35784817,33.65886307
547,imagenet,1,ILSVRC2012_val_00013936.JPEG,,,,-15.98432636,4.51251698
548,imagenet,1,ILSVRC2012_val_00013949.JPEG,,,,-24.91924286,-15.34156322
549,imagenet,1,ILSVRC2012_val_00013963.JPEG,,,,48.01334381,-0.82784265
550,imagenet,1,ILSVRC2012_val_00013974.JPEG,,,,-35.26596069,14.62013245
551,imagenet,1,ILSVRC2012_val_00013993.JPEG,,,,-9.96588230,13.67299080
552,imagenet,1,ILSVRC2012_val_00014003.JPEG,,,,-46.52367020,-2.43457055
553,imagenet,1,ILSVRC2012_val_00014008.JPEG,,,,35.73803329,13.74795532
554,imagenet,1,ILSVRC2012_val_00014026.JPEG,,,,29.86165047,-3.47982311
555,imagenet,1,ILSVRC2012_val_00014052.JPEG,,,,32.82221222,16.00743294
556,imagenet,1,ILSVRC2012_val_00014061.JPEG,,,,43.57884216,8.08859348
557,imagenet,1,ILSVRC2012_val_00014163.JPEG,,,,33.25006104,24.61417198
558,imagenet,1,ILSVRC2012_val_00014182.JPEG,,,,21.59495544,-21.65781021
559,imagenet,1,ILSVRC2012_val_00014190.JPEG,,,,-38.58066177,21.49374390
560,imagenet,1,ILSVRC2012_val_00014202.JPEG,,,,28.02862930,2.70701098
561,imagenet,1,ILSVRC2012_val_00014265.JPEG,,,,-5.80104256,-29.38605309
562,imagenet,1,ILSVRC2012_val_00014307.JPEG,,,,-31.66761971,22.76846313
563,imagenet,1,ILSVRC2012_val_00014314.JPEG,,,,47.78860092,9.96778393
564,imagenet,1,ILSVRC2012_val_00014327.JPEG,,,,30.54703712,19.19835281
565,imagenet,1,ILSVRC2012_val_00014382.JPEG,,,,19.29739761,22.58813858
566,imagenet,1,ILSVRC2012_val_00014414.JPEG,,,,24.05413055,-14.73157787
567,imagenet,1,ILSVRC2012_val_00014425.JPEG,,,,33.00528717,-7.79258394
568,imagenet,1,ILSVRC2012_val_00014427.JPEG,,,,-18.09980011,25.34588623
569,imagenet,1,ILSVRC2012_val_00014438.JPEG,,,,-22.64558601,-20.25851059
570,imagenet,1,ILSVRC2012_val_00014514.JPEG,,,,40.27438736,14.43718815
571,imagenet,1,ILSVRC2012_val_00014532.JPEG,,,,27.34792519,2.95839643
572,imagenet,1,ILSVRC2012_val_00014547.JPEG,,,,51.05685806,1.20511734
573,imagenet,1,ILSVRC2012_val_00014625.JPEG,,,,10.88362789,12.34286880
574,imagenet,1,ILSVRC2012_val_00014655.JPEG,,,,-20.25521469,-2.63192940
575,imagenet,1,ILSVRC2012_val_00014661.JPEG,,,,-28.68106270,16.30257416
576,imagenet,1,ILSVRC2012_val_00014699.JPEG,,,,5.38642025,-5.04149151
577,imagenet,1,ILSVRC2012_val_00014780.JPEG,,,,-40.72457886,10.83685780
578,imagenet,1,ILSVRC2012_val_00014835.JPEG,,,,12.98270035,-5.72879410
579,imagenet,1,ILSVRC2012_val_00014841.JPEG,,,,-19.23363495,-12.29456425
580,imagenet,1,ILSVRC2012_val_00015005.JPEG,,,,-42.49775696,-4.80830240
581,imagenet,1,ILSVRC2012_val_00015025.JPEG,,,,-29.25356293,11.96922779
582,imagenet,1,ILSVRC2012_val_00015034.JPEG,,,,-5.96238422,16.06456375
583,imagenet,1,ILSVRC2012_val_00015059.JPEG,,,,-13.36889553,29.33678818
584,imagenet,1,ILSVRC2012_val_00015064.JPEG,,,,-6.85053921,9.71713448
585,imagenet,1,ILSVRC2012_val_00015084.JPEG,,,,-3.88356304,20.87524033
586,imagenet,1,ILSVRC2012_val_00015111.JPEG,,,,26.96632957,7.77158165
587,imagenet,1,ILSVRC2012_val_00015158.JPEG,,,,-12.64816570,-10.96698475
588,imagenet,1,ILSVRC2012_val_00015169.JPEG,,,,-37.83512115,23.08742905
589,imagenet,1,ILSVRC2012_val_00015193.JPEG,,,,-30.92343140,15.59417725
590,imagenet,1,ILSVRC2012_val_00015263.JPEG,,,,-0.82109594,-11.24439526
591,imagenet,1,ILSVRC2012_val_00015316.JPEG,,,,-43.04912567,-3.18606520
592,imagenet,1,ILSVRC2012_val_00015351.JPEG,,,,-17.70246506,31.77703285
593,imagenet,1,ILSVRC2012_val_00015365.JPEG,,,,-41.37879181,-3.89215064
594,imagenet,1,ILSVRC2012_val_00015366.JPEG,,,,-10.07818985,-14.53989029
595,imagenet,1,ILSVRC2012_val_00015387.JPEG,,,,-35.09715271,22.87591743
596,imagenet,1,ILSVRC2012_val_00015425.JPEG,,,,37.91794968,-0.07396486
597,imagenet,1,ILSVRC2012_val_00015426.JPEG,,,,-23.73799324,18.11613274
598,imagenet,1,ILSVRC2012_val_00015438.JPEG,,,,-34.80642319,13.99365044
599,imagenet,1,ILSVRC2012_val_00015449.JPEG,,,,2.20372844,-27.68251038
600,imagenet,1,ILSVRC2012_val_00015453.JPEG,,,,15.38738537,-17.82527351
601,imagenet,1,ILSVRC2012_val_00015516.JPEG,,,,26.49430847,-20.09528351
602,imagenet,1,ILSVRC2012_val_00015522.JPEG,,,,12.95873547,33.60180664
603,imagenet,1,ILSVRC2012_val_00015543.JPEG,,,,48.43040085,-2.15648746
604,imagenet,1,ILSVRC2012_val_00015554.JPEG,,,,9.88952732,26.97715378
605,imagenet,1,ILSVRC2012_val_00015569.JPEG,,,,44.92419052,15.43403053
606,imagenet,1,ILSVRC2012_val_00015595.JPEG,,,,32.01868439,-14.69081306
607,imagenet,1,ILSVRC2012_val_00015597.JPEG,,,,29.22093391,19.19139481
608,imagenet,1,ILSVRC2012_val_00015618.JPEG,,,,16.09133720,-11.31830025
609,imagenet,1,ILSVRC2012_val_00015641.JPEG,,,,-25.25917435,-3.44808030
610,imagenet,1,ILSVRC2012_val_00015644.JPEG,,,,27.18464470,3.57441258
611,imagenet,1,ILSVRC2012_val_00015647.JPEG,,,,-1.14355159,15.87085056
612,imagenet,1,ILSVRC2012_val_00015734.JPEG,,,,-32.77917480,-11.89039326
613,imagenet,1,ILSVRC2012_val_00015742.JPEG,,,,28.09866714,21.81252480
614,imagenet,1,ILSVRC2012_val_00015753.JPEG,,,,2.53114748,-7.11718178
615,imagenet,1,ILSVRC2012_val_00015780.JPEG,,,,-25.02808380,19.27176476
616,imagenet,1,ILSVRC2012_val_00015825.JPEG,,,,-12.22064877,-11.95250034
617,imagenet,1,ILSVRC2012_val_00015836.JPEG,,,,-1.75567329,36.23419571
618,imagenet,1,ILSVRC2012_val_00015862.JPEG,,,,-19.81504440,-8.53409195
619,imagenet,1,ILSVRC2012_val_00015877.JPEG,,,,33.30868912,-9.84965897
620,imagenet,1,ILSVRC2012_val_00015892.JPEG,,,,42.22664642,-10.00084591
621,imagenet,1,ILSVRC2012_val_00015898.JPEG,,,,47.42535400,10.54827309
622,imagenet,1,ILSVRC2012_val_00015910.JPEG,,,,12.70042038,31.24020386
623,imagenet,1,ILSVRC2012_val_00015940.JPEG,,,,-45.78517532,5.80437422
624,imagenet,1,ILSVRC2012_val_00015965.JPEG,,,,32.29423141,13.12621498
625,imagenet,1,ILSVRC2012_val_00016061.JPEG,,,,-26.78932571,3.06024408
626,imagenet,1,ILSVRC2012_val_00016095.JPEG,,,,22.53689003,23.57581329
627,imagenet,1,ILSVRC2012_val_00016113.JPEG,,,,-9.72766972,33.39381027
628,imagenet,1,ILSVRC2012_val_00016147.JPEG,,,,18.45973778,-16.92675781
629,imagenet,1,ILSVRC2012_val_00016171.JPEG,,,,-13.81120300,24.71531677
630,imagenet,1,ILSVRC2012_val_00016204.JPEG,,,,17.57306671,17.73771286
631,imagenet,1,ILSVRC2012_val_00016214.JPEG,,,,22.52807236,5.99587488
632,imagenet,1,ILSVRC2012_val_00016219.JPEG,,,,-7.74604750,-3.35627103
633,imagenet,1,ILSVRC2012_val_00016250.JPEG,,,,16.83463860,25.71820831
634,imagenet,1,ILSVRC2012_val_00016251.JPEG,,,,28.55334091,11.47265053
635,imagenet,1,ILSVRC2012_val_00016275.JPEG,,,,23.55234909,-23.00289726
636,imagenet,1,ILSVRC2012_val_00016322.JPEG,,,,-22.85424042,-15.39375496
637,imagenet,1,ILSVRC2012_val_00016359.JPEG,,,,-39.44227600,4.84014082
638,imagenet,1,ILSVRC2012_val_00016387.JPEG,,,,47.39097977,7.10765266
639,imagenet,1,ILSVRC2012_val_00016420.JPEG,,,,29.25241470,23.68352890
640,imagenet,1,ILSVRC2012_val_00016425.JPEG,,,,7.90995455,14.67368031
641,imagenet,1,ILSVRC2012_val_00016470.JPEG,,,,-17.50432014,-21.83789444
642,imagenet,1,ILSVRC2012_val_00016474.JPEG,,,,-3.87990141,40.04417419
643,imagenet,1,ILSVRC2012_val_00016495.JPEG,,,,-43.42598343,0.24526162
644,imagenet,1,ILSVRC2012_val_00016509.JPEG,,,,-28.07700729,-19.64437294
645,imagenet,1,ILSVRC2012_val_00016528.JPEG,,,,43.07187653,-9.47936630
646,imagenet,1,ILSVRC2012_val_00016542.JPEG,,,,-17.17405891,-10.41088295
647,imagenet,1,ILSVRC2012_val_00016591.JPEG,,,,-32.61602402,4.65022850
648,imagenet,1,ILSVRC2012_val_00016605.JPEG,,,,24.96385384,-14.65944004
649,imagenet,1,ILSVRC2012_val_00016616.JPEG,,,,50.19345093,9.61847973
650,imagenet,1,ILSVRC2012_val_00016680.JPEG,,,,-14.63347530,31.35558510
651,imagenet,1,ILSVRC2012_val_00016707.JPEG,,,,8.49886513,-16.25989532
652,imagenet,1,ILSVRC2012_val_00016708.JPEG,,,,2.12995505,36.07282639
653,imagenet,1,ILSVRC2012_val_00016740.JPEG,,,,-24.70417213,-16.93095207
654,imagenet,1,ILSVRC2012_val_00016791.JPEG,,,,-6.48844385,12.78307247
655,imagenet,1,ILSVRC2012_val_00016796.JPEG,,,,6.16723633,27.31285095
656,imagenet,1,ILSVRC2012_val_00016798.JPEG,,,,-27.50498962,2.98641944
657,imagenet,1,ILSVRC2012_val_00016813.JPEG,,,,-31.75773811,-16.26419449
658,imagenet,1,ILSVRC2012_val_00016832.JPEG,,,,-11.25794983,-24.47083664
659,imagenet,1,ILSVRC2012_val_00016843.JPEG,,,,4.26321983,16.24719048
660,imagenet,1,ILSVRC2012_val_00016918.JPEG,,,,-33.04908752,-1.23602843
661,imagenet,1,ILSVRC2012_val_00016926.JPEG,,,,-18.28632927,15.77562809
662,imagenet,1,ILSVRC2012_val_00016960.JPEG,,,,-13.72918606,30.82537460
663,imagenet,1,ILSVRC2012_val_00016997.JPEG,,,,16.72446251,-23.16921997
664,imagenet,1,ILSVRC2012_val_00016999.JPEG,,,,-7.56765413,34.11649323
665,imagenet,1,ILSVRC2012_val_00017018.JPEG,,,,37.59516144,-0.37050831
666,imagenet,1,ILSVRC2012_val_00017060.JPEG,,,,-6.55290604,-4.13402033
667,imagenet,1,ILSVRC2012_val_00017104.JPEG,,,,-20.59139824,10.45337772
668,imagenet,1,ILSVRC2012_val_00017154.JPEG,,,,-46.72472382,1.33485889
669,imagenet,1,ILSVRC2012_val_00017168.JPEG,,,,48.25787354,3.21531034
670,imagenet,1,ILSVRC2012_val_00017216.JPEG,,,,-35.88473511,20.79316902
671,imagenet,1,ILSVRC2012_val_00017264.JPEG,,,,-1.82646835,8.73959160
672,imagenet,1,ILSVRC2012_val_00017273.JPEG,,,,-17.24709320,-24.00543404
673,imagenet,1,ILSVRC2012_val_00017286.JPEG,,,,-22.04646873,23.74060059
674,imagenet,1,ILSVRC2012_val_00017320.JPEG,,,,34.48370361,10.61854649
675,imagenet,1,ILSVRC2012_val_00017332.JPEG,,,,27.78902054,-18.96733284
676,imagenet,1,ILSVRC2012_val_00017340.JPEG,,,,-33.79527283,24.11213875
677,imagenet,1,ILSVRC2012_val_00017392.JPEG,,,,-20.45688820,30.84160614
678,imagenet,1,ILSVRC2012_val_00017414.JPEG,,,,48.51211929,-1.82806814
679,imagenet,1,ILSVRC2012_val_00017426.JPEG,,,,35.57085800,-3.95936179
680,imagenet,1,ILSVRC2012_val_00017438.JPEG,,,,-14.20784283,20.67329788
681,imagenet,1,ILSVRC2012_val_00017461.JPEG,,,,-12.10120201,-14.98916245
682,imagenet,1,ILSVRC2012_val_00017477.JPEG,,,,43.87855148,16.09844971
683,imagenet,1,ILSVRC2012_val_00017497.JPEG,,,,18.95473480,-3.31855488
684,imagenet,1,ILSVRC2012_val_00017503.JPEG,,,,-4.90477276,37.44003296
685,imagenet,1,ILSVRC2012_val_00017508.JPEG,,,,22.26172638,-1.24245977
686,imagenet,1,ILSVRC2012_val_00017520.JPEG,,,,-28.30388069,31.86474609
687,imagenet,1,ILSVRC2012_val_00017543.JPEG,,,,-15.67387962,0.47452727
688,imagenet,1,ILSVRC2012_val_00017585.JPEG,,,,-36.73205948,15.78590870
689,imagenet,1,ILSVRC2012_val_00017590.JPEG,,,,-35.45764542,-7.46705151
690,imagenet,1,ILSVRC2012_val_00017607.JPEG,,,,13.25214958,31.68617630
691,imagenet,1,ILSVRC2012_val_00017613.JPEG,,,,-34.97139359,19.20028877
692,imagenet,1,ILSVRC2012_val_00017614.JPEG,,,,-36.08181763,-4.05810738
693,imagenet,1,ILSVRC2012_val_00017638.JPEG,,,,-28.13641167,12.11283112
694,imagenet,1,ILSVRC2012_val_00017639.JPEG,,,,16.44935608,-17.28782082
695,imagenet,1,ILSVRC2012_val_00017707.JPEG,,,,11.46010590,35.83806610
696,imagenet,1,ILSVRC2012_val_00017713.JPEG,,,,8.54199791,34.23822784
697,imagenet,1,ILSVRC2012_val_00017715.JPEG,,,,-7.40819311,13.30375290
698,imagenet,1,ILSVRC2012_val_00017728.JPEG,,,,37.57294464,-9.80507183
699,imagenet,1,ILSVRC2012_val_00017775.JPEG,,,,-13.60162449,-16.20678902
700,imagenet,1,ILSVRC2012_val_00017814.JPEG,,,,20.55134392,-0.47584003
701,imagenet,1,ILSVRC2012_val_00017880.JPEG,,,,23.13559723,-20.58629417
702,imagenet,1,ILSVRC2012_val_00017890.JPEG,,,,-36.40678024,23.98999214
703,imagenet,1,ILSVRC2012_val_00017898.JPEG,,,,-40.34702301,17.97177315
704,imagenet,1,ILSVRC2012_val_00017909.JPEG,,,,-27.65044403,-5.49910927
705,imagenet,1,ILSVRC2012_val_00017920.JPEG,,,,-38.08312607,18.04867172
706,imagenet,1,ILSVRC2012_val_00017937.JPEG,,,,-33.21595383,-13.92973137
707,imagenet,1,ILSVRC2012_val_00017948.JPEG,,,,-23.21825027,4.82453728
708,imagenet,1,ILSVRC2012_val_00017963.JPEG,,,,-13.43259716,15.04959297
709,imagenet,1,ILSVRC2012_val_00017970.JPEG,,,,-14.19193554,9.67270947
710,imagenet,1,ILSVRC2012_val_00017981.JPEG,,,,-41.87976837,-0.24710850
711,imagenet,1,ILSVRC2012_val_00017984.JPEG,,,,-24.04776192,21.40592957
712,imagenet,1,ILSVRC2012_val_00018027.JPEG,,,,-8.00852680,-18.97095490
713,imagenet,1,ILSVRC2012_val_00018077.JPEG,,,,-17.23248863,-5.21878815
714,imagenet,1,ILSVRC2012_val_00018110.JPEG,,,,45.24192810,-3.65502143
715,imagenet,1,ILSVRC2012_val_00018132.JPEG,,,,15.02229309,-2.31507587
716,imagenet,1,ILSVRC2012_val_00018133.JPEG,,,,-15.68729782,-21.92811012
717,imagenet,1,ILSVRC2012_val_00018142.JPEG,,,,19.99507713,3.73146296
718,imagenet,1,ILSVRC2012_val_00018177.JPEG,,,,29.34518051,-12.27382851
719,imagenet,1,ILSVRC2012_val_00018228.JPEG,,,,-18.95373917,25.32426643
720,imagenet,1,ILSVRC2012_val_00018255.JPEG,,,,-17.45100594,18.81008530
721,imagenet,1,ILSVRC2012_val_00018382.JPEG,,,,-5.96238565,12.11914539
722,imagenet,1,ILSVRC2012_val_00018391.JPEG,,,,-41.07332611,-5.70707846
723,imagenet,1,ILSVRC2012_val_00018416.JPEG,,,,13.59592342,2.13663960
724,imagenet,1,ILSVRC2012_val_00018481.JPEG,,,,-32.05998611,12.96714878
725,imagenet,1,ILSVRC2012_val_00018509.JPEG,,,,16.46262360,-22.84849739
726,imagenet,1,ILSVRC2012_val_00018543.JPEG,,,,9.41407681,24.56115532
727,imagenet,1,ILSVRC2012_val_00018619.JPEG,,,,13.79777050,-18.63256836
728,imagenet,1,ILSVRC2012_val_00018621.JPEG,,,,-1.46041155,37.01557159
729,imagenet,1,ILSVRC2012_val_00018635.JPEG,,,,-37.12658310,21.99531555
730,imagenet,1,ILSVRC2012_val_00018649.JPEG,,,,-37.01151276,12.97256947
731,imagenet,1,ILSVRC2012_val_00018658.JPEG,,,,40.63424301,-6.99225664
732,imagenet,1,ILSVRC2012_val_00018692.JPEG,,,,-28.33871460,5.63807631
733,imagenet,1,ILSVRC2012_val_00018715.JPEG,,,,-24.22356224,1.81331277
734,imagenet,1,ILSVRC2012_val_00018729.JPEG,,,,-26.38976479,10.43758488
735,imagenet,1,ILSVRC2012_val_00018732.JPEG,,,,7.11217594,-15.51096725
736,imagenet,1,ILSVRC2012_val_00018752.JPEG,,,,-27.34278107,-5.53767633
737,imagenet,1,ILSVRC2012_val_00018804.JPEG,,,,-18.71522522,-23.89702034
738,imagenet,1,ILSVRC2012_val_00018809.JPEG,,,,-19.31835938,28.40084457
739,imagenet,1,ILSVRC2012_val_00018839.JPEG,,,,41.79146194,7.29855490
740,imagenet,1,ILSVRC2012_val_00018886.JPEG,,,,-43.58632660,-1.57836092
741,imagenet,1,ILSVRC2012_val_00018914.JPEG,,,,11.28845882,34.89619827
742,imagenet,1,ILSVRC2012_val_00018930.JPEG,,,,-31.35110283,22.68701744
743,imagenet,1,ILSVRC2012_val_00018938.JPEG,,,,54.30055237,2.77724195
744,imagenet,1,ILSVRC2012_val_00018955.JPEG,,,,-21.52352142,6.84445715
745,imagenet,1,ILSVRC2012_val_00018981.JPEG,,,,8.88722610,6.89991522
746,imagenet,1,ILSVRC2012_val_00018995.JPEG,,,,33.45670700,-12.01385403
747,imagenet,1,ILSVRC2012_val_00019003.JPEG,,,,38.81829071,9.82877541
748,imagenet,1,ILSVRC2012_val_00019015.JPEG,,,,-7.29926682,35.24404526
749,imagenet,1,ILSVRC2012_val_00019029.JPEG,,,,37.01442719,7.20987129
750,imagenet,1,ILSVRC2012_val_00019048.JPEG,,,,-14.77815247,11.23544121
751,imagenet,1,ILSVRC2012_val_00019062.JPEG,,,,-33.76562119,9.49064827
752,imagenet,1,ILSVRC2012_val_00019089.JPEG,,,,-36.92821121,3.15402627
753,imagenet,1,ILSVRC2012_val_00019113.JPEG,,,,10.94832516,24.23656273
754,imagenet,1,ILSVRC2012_val_00019124.JPEG,,,,13.04689312,29.00674248
755,imagenet,1,ILSVRC2012_val_00019125.JPEG,,,,13.54914665,-2.41605401
756,imagenet,1,ILSVRC2012_val_00019146.JPEG,,,,35.60835266,-19.50404549
757,imagenet,1,ILSVRC2012_val_00019228.JPEG,,,,-38.19348526,-15.13776398
758,imagenet,1,ILSVRC2012_val_00019319.JPEG,,,,-24.70446968,31.88930702
759,imagenet,1,ILSVRC2012_val_00019331.JPEG,,,,-10.31085110,25.52237129
760,imagenet,1,ILSVRC2012_val_00019386.JPEG,,,,-6.39254093,-26.58973503
761,imagenet,1,ILSVRC2012_val_00019426.JPEG,,,,-12.41380596,-17.84234428
762,imagenet,1,ILSVRC2012_val_00019516.JPEG,,,,-25.42270470,-6.98219013
763,imagenet,1,ILSVRC2012_val_00019548.JPEG,,,,13.01159859,0.26271987
764,imagenet,1,ILSVRC2012_val_00019592.JPEG,,,,30.68248940,20.33651161
765,imagenet,1,ILSVRC2012_val_00019616.JPEG,,,,-40.72173691,-15.51061440
766,imagenet,1,ILSVRC2012_val_00019620.JPEG,,,,-38.31932068,-1.60137975
767,imagenet,1,ILSVRC2012_val_00019622.JPEG,,,,-24.94593620,-14.53308105
768,imagenet,1,ILSVRC2012_val_00019652.JPEG,,,,28.13849640,3.68750691
769,imagenet,1,ILSVRC2012_val_00019774.JPEG,,,,-13.56619167,25.68939781
770,imagenet,1,ILSVRC2012_val_00019778.JPEG,,,,20.57987022,-9.09672165
771,imagenet,1,ILSVRC2012_val_00019795.JPEG,,,,-28.46025467,4.03868723
772,imagenet,1,ILSVRC2012_val_00019803.JPEG,,,,-20.05290985,10.42043304
773,imagenet,1,ILSVRC2012_val_00019872.JPEG,,,,-14.61943150,-13.27768803
774,imagenet,1,ILSVRC2012_val_00019903.JPEG,,,,-5.41052341,34.81286240
775,imagenet,1,ILSVRC2012_val_00019907.JPEG,,,,-37.99134064,3.02401376
776,imagenet,1,ILSVRC2012_val_00019914.JPEG,,,,37.39310455,1.72045791
777,imagenet,1,ILSVRC2012_val_00019932.JPEG,,,,-8.57068157,13.11602688
778,imagenet,1,ILSVRC2012_val_00019941.JPEG,,,,51.26627350,6.17725849
779,imagenet,1,ILSVRC2012_val_00019949.JPEG,,,,12.95121002,34.32892990
780,imagenet,1,ILSVRC2012_val_00019958.JPEG,,,,33.49280167,19.99181938
781,imagenet,1,ILSVRC2012_val_00019983.JPEG,,,,19.45959473,-8.34459114
782,imagenet,1,ILSVRC2012_val_00019989.JPEG,,,,-42.10266876,-2.29564095
783,imagenet,1,ILSVRC2012_val_00020032.JPEG,,,,34.75518799,23.63979721
784,imagenet,1,ILSVRC2012_val_00020033.JPEG,,,,-23.87640190,-7.70606756
785,imagenet,1,ILSVRC2012_val_00020043.JPEG,,,,-10.49945736,9.41341686
786,imagenet,1,ILSVRC2012_val_00020061.JPEG,,,,-28.58498955,18.87772942
787,imagenet,1,ILSVRC2012_val_00020076.JPEG,,,,34.28741074,1.15974689
788,imagenet,1,ILSVRC2012_val_00020087.JPEG,,,,-40.48891830,8.69078159
789,imagenet,1,ILSVRC2012_val_00020108.JPEG,,,,-2.99092007,8.84748745
790,imagenet,1,ILSVRC2012_val_00020182.JPEG,,,,-28.49038506,32.57247543
791,imagenet,1,ILSVRC2012_val_00020188.JPEG,,,,-25.75585938,6.67734337
792,imagenet,1,ILSVRC2012_val_00020196.JPEG,,,,-6.18305540,-21.90469933
793,imagenet,1,ILSVRC2012_val_00020220.JPEG,,,,-25.15299034,-8.56814003
794,imagenet,1,ILSVRC2012_val_00020232.JPEG,,,,-0.80565673,35.62312317
795,imagenet,1,ILSVRC2012_val_00020246.JPEG,,,,-1.21415532,7.69933319
796,imagenet,1,ILSVRC2012_val_00020249.JPEG,,,,-19.91148949,-21.88873291
797,imagenet,1,ILSVRC2012_val_00020250.JPEG,,,,34.90843201,8.54845047
798,imagenet,1,ILSVRC2012_val_00020258.JPEG,,,,-40.43918228,-0.26570022
799,imagenet,1,ILSVRC2012_val_00020292.JPEG,,,,53.99699783,3.45164990
800,imagenet,1,ILSVRC2012_val_00020297.JPEG,,,,-9.25874710,6.04494333
801,imagenet,1,ILSVRC2012_val_00020314.JPEG,,,,7.73605347,-14.47012234
802,imagenet,1,ILSVRC2012_val_00020342.JPEG,,,,-19.20746040,-17.20641136
803,imagenet,1,ILSVRC2012_val_00020362.JPEG,,,,23.88587761,-10.72520542
804,imagenet,1,ILSVRC2012_val_00020375.JPEG,,,,2.83848071,20.10854340
805,imagenet,1,ILSVRC2012_val_00020399.JPEG,,,,0.83630466,-25.33877182
806,imagenet,1,ILSVRC2012_val_00020419.JPEG,,,,48.00258255,-3.21499133
807,imagenet,1,ILSVRC2012_val_00020442.JPEG,,,,2.60390091,6.88119030
808,imagenet,1,ILSVRC2012_val_00020462.JPEG,,,,-22.27717018,-11.85148239
809,imagenet,1,ILSVRC2012_val_00020512.JPEG,,,,-34.17532730,10.65697765
810,imagenet,1,ILSVRC2012_val_00020516.JPEG,,,,-3.09654379,-13.31456184
811,imagenet,1,ILSVRC2012_val_00020533.JPEG,,,,-9.65005589,-23.35378838
812,imagenet,1,ILSVRC2012_val_00020543.JPEG,,,,-26.72653580,-3.48440742
813,imagenet,1,ILSVRC2012_val_00020550.JPEG,,,,-7.20380783,-17.53137970
814,imagenet,1,ILSVRC2012_val_00020557.JPEG,,,,35.82921219,-1.41956472
815,imagenet,1,ILSVRC2012_val_00020560.JPEG,,,,10.87972832,-62.68484497
816,imagenet,1,ILSVRC2012_val_00020565.JPEG,,,,-44.28648758,8.66336060
817,imagenet,1,ILSVRC2012_val_00020573.JPEG,,,,40.28021240,4.89346790
818,imagenet,1,ILSVRC2012_val_00020665.JPEG,,,,-35.21380997,25.88303375
819,imagenet,1,ILSVRC2012_val_00020739.JPEG,,,,33.26431274,24.00992966
820,imagenet,1,ILSVRC2012_val_00020755.JPEG,,,,42.30127716,-9.29372215
821,imagenet,1,ILSVRC2012_val_00020756.JPEG,,,,-3.75944185,39.12466049
822,imagenet,1,ILSVRC2012_val_00020789.JPEG,,,,-27.22203445,31.34780121
823,imagenet,1,ILSVRC2012_val_00020806.JPEG,,,,38.31776428,-8.04707527
824,imagenet,1,ILSVRC2012_val_00020844.JPEG,,,,4.33500385,20.52203751
825,imagenet,1,ILSVRC2012_val_00020849.JPEG,,,,13.08024502,-22.32081604
826,imagenet,1,ILSVRC2012_val_00020863.JPEG,,,,12.90669250,-23.57895088
827,imagenet,1,ILSVRC2012_val_00020865.JPEG,,,,23.87798691,-0.96768248
828,imagenet,1,ILSVRC2012_val_00020902.JPEG,,,,-37.90214157,-14.79424000
829,imagenet,1,ILSVRC2012_val_00020928.JPEG,,,,51.10915375,4.44321823
830,imagenet,1,ILSVRC2012_val_00020929.JPEG,,,,-14.69040775,-5.14458323
831,imagenet,1,ILSVRC2012_val_00020948.JPEG,,,,9.80201817,36.50889587
832,imagenet,1,ILSVRC2012_val_00020963.JPEG,,,,-16.09699631,-21.82160950
833,imagenet,1,ILSVRC2012_val_00020981.JPEG,,,,-4.32592297,36.90620422
834,imagenet,1,ILSVRC2012_val_00021011.JPEG,,,,-18.42737389,21.00759315
835,imagenet,1,ILSVRC2012_val_00021033.JPEG,,,,32.83488464,-18.47766113
836,imagenet,1,ILSVRC2012_val_00021103.JPEG,,,,32.01269150,12.13207150
837,imagenet,1,ILSVRC2012_val_00021138.JPEG,,,,-24.13035583,8.90022659
838,imagenet,1,ILSVRC2012_val_00021162.JPEG,,,,38.42725372,10.90631962
839,imagenet,1,ILSVRC2012_val_00021216.JPEG,,,,-32.36604309,-5.55730104
840,imagenet,1,ILSVRC2012_val_00021220.JPEG,,,,-34.51141739,-15.48883915
841,imagenet,1,ILSVRC2012_val_00021241.JPEG,,,,-27.41551590,-7.05710220
842,imagenet,1,ILSVRC2012_val_00021255.JPEG,,,,-36.64294052,12.86408329
843,imagenet,1,ILSVRC2012_val_00021291.JPEG,,,,-24.27447891,-8.33999348
844,imagenet,1,ILSVRC2012_val_00021341.JPEG,,,,28.76585579,-10.50911808
845,imagenet,1,ILSVRC2012_val_00021371.JPEG,,,,33.67039490,-11.76850319
846,imagenet,1,ILSVRC2012_val_00021492.JPEG,,,,-23.07375336,7.28067875
847,imagenet,1,ILSVRC2012_val_00021506.JPEG,,,,26.63685989,26.23733902
848,imagenet,1,ILSVRC2012_val_00021533.JPEG,,,,-0.93788832,-23.83763695
849,imagenet,1,ILSVRC2012_val_00021575.JPEG,,,,-14.24439049,-26.24556732
850,imagenet,1,ILSVRC2012_val_00021606.JPEG,,,,27.22666359,-3.61554670
851,imagenet,1,ILSVRC2012_val_00021656.JPEG,,,,34.56357574,-7.08126831
852,imagenet,1,ILSVRC2012_val_00021663.JPEG,,,,16.20868111,-19.01137352
853,imagenet,1,ILSVRC2012_val_00021665.JPEG,,,,53.37940979,-1.27139783
854,imagenet,1,ILSVRC2012_val_00021730.JPEG,,,,28.00628662,-9.07571697
855,imagenet,1,ILSVRC2012_val_00021733.JPEG,,,,-33.50130844,-20.79925156
856,imagenet,1,ILSVRC2012_val_00021745.JPEG,,,,-47.89048386,-3.51046395
857,imagenet,1,ILSVRC2012_val_00021751.JPEG,,,,10.49375725,-11.23470116
858,imagenet,1,ILSVRC2012_val_00021788.JPEG,,,,5.10653543,3.97434711
859,imagenet,1,ILSVRC2012_val_00021790.JPEG,,,,28.44195366,-15.62987995
860,imagenet,1,ILSVRC2012_val_00021800.JPEG,,,,-39.14374161,-7.60079384
861,imagenet,1,ILSVRC2012_val_00021839.JPEG,,,,-20.45918083,-12.39561749
862,imagenet,1,ILSVRC2012_val_00021856.JPEG,,,,54.50298691,1.59896994
863,imagenet,1,ILSVRC2012_val_00021928.JPEG,,,,-14.88681602,10.29064465
864,imagenet,1,ILSVRC2012_val_00021989.JPEG,,,,22.59543037,-5.71415091
865,imagenet,1,ILSVRC2012_val_00022021.JPEG,,,,-17.37915230,24.30607224
866,imagenet,1,ILSVRC2012_val_00022026.JPEG,,,,46.64429092,-0.41883475
867,imagenet,1,ILSVRC2012_val_00022029.JPEG,,,,16.87484360,14.58461094
868,imagenet,1,ILSVRC2012_val_00022074.JPEG,,,,54.02000046,-2.35614514
869,imagenet,1,ILSVRC2012_val_00022130.JPEG,,,,24.61612511,-14.28225040
870,imagenet,1,ILSVRC2012_val_00022158.JPEG,,,,-9.63144970,-25.26432228
871,imagenet,1,ILSVRC2012_val_00022159.JPEG,,,,35.98440933,4.99889517
872,imagenet,1,ILSVRC2012_val_00022174.JPEG,,,,-14.87256718,12.19309521
873,imagenet,1,ILSVRC2012_val_00022220.JPEG,,,,11.63116264,31.75442696
874,imagenet,1,ILSVRC2012_val_00022235.JPEG,,,,10.23457813,12.21309471
875,imagenet,1,ILSVRC2012_val_00022246.JPEG,,,,-20.89517021,19.60100555
876,imagenet,1,ILSVRC2012_val_00022279.JPEG,,,,-17.27275276,-13.22373104
877,imagenet,1,ILSVRC2012_val_00022299.JPEG,,,,20.84052086,11.90725708
878,imagenet,1,ILSVRC2012_val_00022348.JPEG,,,,-8.12370110,37.48423386
879,imagenet,1,ILSVRC2012_val_00022354.JPEG,,,,-5.61889887,18.36344147
880,imagenet,1,ILSVRC2012_val_00022362.JPEG,,,,-31.47500229,9.13512897
881,imagenet,1,ILSVRC2012_val_00022518.JPEG,,,,-22.19022751,26.77981758
882,imagenet,1,ILSVRC2012_val_00022555.JPEG,,,,-16.08634949,-26.29723740
883,imagenet,1,ILSVRC2012_val_00022561.JPEG,,,,-9.07316494,-25.58520508
884,imagenet,1,ILSVRC2012_val_00022581.JPEG,,,,-36.43832397,-21.36151505
885,imagenet,1,ILSVRC2012_val_00022586.JPEG,,,,-8.03396988,-8.36478329
886,imagenet,1,ILSVRC2012_val_00022604.JPEG,,,,43.95034790,-0.02857075
887,imagenet,1,ILSVRC2012_val_00022624.JPEG,,,,20.68909454,-7.49109650
888,imagenet,1,ILSVRC2012_val_00022626.JPEG,,,,39.63474655,7.98443747
889,imagenet,1,ILSVRC2012_val_00022631.JPEG,,,,-38.73970032,3.82256413
890,imagenet,1,ILSVRC2012_val_00022656.JPEG,,,,-40.59114075,13.52769470
891,imagenet,1,ILSVRC2012_val_00022681.JPEG,,,,42.11750412,-4.59846258
892,imagenet,1,ILSVRC2012_val_00022683.JPEG,,,,-12.47429466,-13.21042252
893,imagenet,1,ILSVRC2012_val_00022693.JPEG,,,,5.16417122,21.11481094
894,imagenet,1,ILSVRC2012_val_00022714.JPEG,,,,27.35672760,26.88363075
895,imagenet,1,ILSVRC2012_val_00022720.JPEG,,,,17.90877724,34.43052673
896,imagenet,1,ILSVRC2012_val_00022735.JPEG,,,,41.81016159,1.75923753
897,imagenet,1,ILSVRC2012_val_00022751.JPEG,,,,-22.13463783,30.43226814
898,imagenet,1,ILSVRC2012_val_00022758.JPEG,,,,-17.38898849,-7.01957798
899,imagenet,1,ILSVRC2012_val_00022772.JPEG,,,,36.46940994,18.45248032
900,imagenet,1,ILSVRC2012_val_00022779.JPEG,,,,-8.92643547,-28.03183746
901,imagenet,1,ILSVRC2012_val_00022807.JPEG,,,,-15.92641830,-18.36030388
902,imagenet,1,ILSVRC2012_val_00022839.JPEG,,,,3.02679133,12.41149235
903,imagenet,1,ILSVRC2012_val_00022856.JPEG,,,,-33.41730499,13.57776642
904,imagenet,1,ILSVRC2012_val_00022922.JPEG,,,,-24.59434319,7.16226959
905,imagenet,1,ILSVRC2012_val_00022942.JPEG,,,,43.75259781,0.96635187
906,imagenet,1,ILSVRC2012_val_00022948.JPEG,,,,7.72496653,19.38367081
907,imagenet,1,ILSVRC2012_val_00022970.JPEG,,,,-25.14517021,5.72110653
908,imagenet,1,ILSVRC2012_val_00022971.JPEG,,,,-21.79065514,1.86815464
909,imagenet,1,ILSVRC2012_val_00022972.JPEG,,,,36.24347687,-1.63039339
910,imagenet,1,ILSVRC2012_val_00022991.JPEG,,,,-9.08076191,-12.51838398
911,imagenet,1,ILSVRC2012_val_00022998.JPEG,,,,-5.75918198,-2.05628514
912,imagenet,1,ILSVRC2012_val_00023007.JPEG,,,,31.51965523,-12.34810066
913,imagenet,1,ILSVRC2012_val_00023060.JPEG,,,,-29.95593452,16.84547997
914,imagenet,1,ILSVRC2012_val_00023087.JPEG,,,,31.00477791,-18.26122475
915,imagenet,1,ILSVRC2012_val_00023110.JPEG,,,,-30.95916748,-10.37133026
916,imagenet,1,ILSVRC2012_val_00023155.JPEG,,,,-34.59814072,2.20667100
917,imagenet,1,ILSVRC2012_val_00023157.JPEG,,,,-22.25948334,-2.83583450
918,imagenet,1,ILSVRC2012_val_00023159.JPEG,,,,29.59663200,10.58873367
919,imagenet,1,ILSVRC2012_val_00023201.JPEG,,,,-9.31429100,17.44618797
920,imagenet,1,ILSVRC2012_val_00023225.JPEG,,,,45.34115219,-0.03628843
921,imagenet,1,ILSVRC2012_val_00023258.JPEG,,,,-43.86932373,0.41082221
922,imagenet,1,ILSVRC2012_val_00023260.JPEG,,,,-35.37038422,-11.87886906
923,imagenet,1,ILSVRC2012_val_00023265.JPEG,,,,-11.51243782,-10.34320641
924,imagenet,1,ILSVRC2012_val_00023327.JPEG,,,,-11.75531197,15.01049900
925,imagenet,1,ILSVRC2012_val_00023363.JPEG,,,,-16.36767578,23.36199188
926,imagenet,1,ILSVRC2012_val_00023419.JPEG,,,,18.28104401,-24.97471619
927,imagenet,1,ILSVRC2012_val_00023448.JPEG,,,,4.69361973,24.95007896
928,imagenet,1,ILSVRC2012_val_00023455.JPEG,,,,-2.05519795,16.52078247
929,imagenet,1,ILSVRC2012_val_00023517.JPEG,,,,5.25133514,-22.97684097
930,imagenet,1,ILSVRC2012_val_00023591.JPEG,,,,-38.74200821,6.88401270
931,imagenet,1,ILSVRC2012_val_00023594.JPEG,,,,6.26670361,18.17176437
932,imagenet,1,ILSVRC2012_val_00023606.JPEG,,,,26.63444710,-0.02384563
933,imagenet,1,ILSVRC2012_val_00023644.JPEG,,,,-3.14392662,37.37585449
934,imagenet,1,ILSVRC2012_val_00023646.JPEG,,,,-34.29248047,-0.86575007
935,imagenet,1,ILSVRC2012_val_00023675.JPEG,,,,-25.57844925,-14.05729961
936,imagenet,1,ILSVRC2012_val_00023703.JPEG,,,,20.55740738,25.00965500
937,imagenet,1,ILSVRC2012_val_00023729.JPEG,,,,-23.47512627,10.64732647
938,imagenet,1,ILSVRC2012_val_00023740.JPEG,,,,5.87087297,14.26174736
939,imagenet,1,ILSVRC2012_val_00023750.JPEG,,,,-36.86097717,-17.88813972
940,imagenet,1,ILSVRC2012_val_00023784.JPEG,,,,-9.86710739,-24.25694466
941,imagenet,1,ILSVRC2012_val_00023786.JPEG,,,,-36.63409424,-16.82415199
942,imagenet,1,ILSVRC2012_val_00023788.JPEG,,,,-17.06585693,-2.82374072
943,imagenet,1,ILSVRC2012_val_00023811.JPEG,,,,-3.23069382,-6.25058603
944,imagenet,1,ILSVRC2012_val_00023822.JPEG,,,,-29.28207779,28.15598679
945,imagenet,1,ILSVRC2012_val_00023832.JPEG,,,,13.70927334,32.36478424
946,imagenet,1,ILSVRC2012_val_00023838.JPEG,,,,17.06639481,33.35745621
947,imagenet,1,ILSVRC2012_val_00023843.JPEG,,,,33.38288498,19.68664169
948,imagenet,1,ILSVRC2012_val_00023862.JPEG,,,,24.19991493,1.22280264
949,imagenet,1,ILSVRC2012_val_00023873.JPEG,,,,-32.98338699,18.08773994
950,imagenet,1,ILSVRC2012_val_00023922.JPEG,,,,-23.83545494,-19.64338303
951,imagenet,1,ILSVRC2012_val_00023929.JPEG,,,,41.29472733,-14.55365944
952,imagenet,1,ILSVRC2012_val_00023939.JPEG,,,,-15.82347298,-9.42871189
953,imagenet,1,ILSVRC2012_val_00023951.JPEG,,,,-24.97193909,-12.08794117
954,imagenet,1,ILSVRC2012_val_00023959.JPEG,,,,27.32534981,-20.46586037
955,imagenet,1,ILSVRC2012_val_00024049.JPEG,,,,-37.65235901,9.03245068
956,imagenet,1,ILSVRC2012_val_00024101.JPEG,,,,-2.51169038,-2.43400669
957,imagenet,1,ILSVRC2012_val_00024119.JPEG,,,,-36.92457199,15.64350796
958,imagenet,1,ILSVRC2012_val_00024142.JPEG,,,,-6.51077032,-27.99990082
959,imagenet,1,ILSVRC2012_val_00024145.JPEG,,,,12.02728844,-14.69893456
960,imagenet,1,ILSVRC2012_val_00024176.JPEG,,,,28.04138565,21.25635719
961,imagenet,1,ILSVRC2012_val_00024179.JPEG,,,,-10.94405079,-21.42899132
962,imagenet,1,ILSVRC2012_val_00024222.JPEG,,,,35.60932159,-18.23868561
963,imagenet,1,ILSVRC2012_val_00024241.JPEG,,,,16.51049995,21.26490593
964,imagenet,1,ILSVRC2012_val_00024244.JPEG,,,,-15.18241024,-18.67937660
965,imagenet,1,ILSVRC2012_val_00024302.JPEG,,,,-2.65733719,7.78389025
966,imagenet,1,ILSVRC2012_val_00024316.JPEG,,,,17.05969810,-21.75123978
967,imagenet,1,ILSVRC2012_val_00024326.JPEG,,,,-1.56760180,-6.92679071
968,imagenet,1,ILSVRC2012_val_00024333.JPEG,,,,-26.91141319,26.46836662
969,imagenet,1,ILSVRC2012_val_00024377.JPEG,,,,9.13364983,12.80360222
970,imagenet,1,ILSVRC2012_val_00024447.JPEG,,,,-12.32571316,-4.25736427
971,imagenet,1,ILSVRC2012_val_00024463.JPEG,,,,-7.52323771,-28.01271057
972,imagenet,1,ILSVRC2012_val_00024467.JPEG,,,,0.25635201,14.01441193
973,imagenet,1,ILSVRC2012_val_00024491.JPEG,,,,6.54484987,-19.81104088
974,imagenet,1,ILSVRC2012_val_00024513.JPEG,,,,28.30448723,-17.02575684
975,imagenet,1,ILSVRC2012_val_00024549.JPEG,,,,-16.89287186,29.29570580
976,imagenet,1,ILSVRC2012_val_00024561.JPEG,,,,8.41773033,29.41276169
977,imagenet,1,ILSVRC2012_val_00024581.JPEG,,,,5.56396055,22.45953560
978,imagenet,1,ILSVRC2012_val_00024599.JPEG,,,,35.50587082,21.86280632
979,imagenet,1,ILSVRC2012_val_00024620.JPEG,,,,-19.74106407,-6.51445913
980,imagenet,1,ILSVRC2012_val_00024667.JPEG,,,,-34.56198502,8.22927570
981,imagenet,1,ILSVRC2012_val_00024709.JPEG,,,,31.00620651,-6.89570951
982,imagenet,1,ILSVRC2012_val_00024784.JPEG,,,,-37.62419510,-18.32732391
983,imagenet,1,ILSVRC2012_val_00024805.JPEG,,,,-27.30338097,-15.35400867
984,imagenet,1,ILSVRC2012_val_00024824.JPEG,,,,-32.44655991,8.00463772
985,imagenet,1,ILSVRC2012_val_00024904.JPEG,,,,-30.59296227,-8.68732166
986,imagenet,1,ILSVRC2012_val_00024914.JPEG,,,,-4.66892672,24.13942909
987,imagenet,1,ILSVRC2012_val_00024977.JPEG,,,,-3.99019217,-13.49956417
988,imagenet,1,ILSVRC2012_val_00025045.JPEG,,,,-41.09134293,5.50916338
989,imagenet,1,ILSVRC2012_val_00025052.JPEG,,,,-20.74873543,-17.11091995
990,imagenet,1,ILSVRC2012_val_00025062.JPEG,,,,-16.94978905,-28.12999725
991,imagenet,1,ILSVRC2012_val_00025082.JPEG,,,,32.67087936,15.07874203
992,imagenet,1,ILSVRC2012_val_00025085.JPEG,,,,26.96639061,-11.82313538
993,imagenet,1,ILSVRC2012_val_00025144.JPEG,,,,-0.44506946,13.97965050
994,imagenet,1,ILSVRC2012_val_00025164.JPEG,,,,-32.22599792,9.95444489
995,imagenet,1,ILSVRC2012_val_00025180.JPEG,,,,-8.95824814,30.21454048
996,imagenet,1,ILSVRC2012_val_00025214.JPEG,,,,-40.50022888,-2.42057800
997,imagenet,1,ILSVRC2012_val_00025257.JPEG,,,,14.61986828,34.37205887
998,imagenet,1,ILSVRC2012_val_00025271.JPEG,,,,33.33455658,-1.74623001
999,imagenet,1,ILSVRC2012_val_00025283.JPEG,,,,24.28221512,-2.49042511
1000,imagenet,1,ILSVRC2012_val_00025336.JPEG,,,,-25.56442451,15.03436852
1001,imagenet,1,ILSVRC2012_val_00025353.JPEG,,,,-37.92402267,13.53654957
1002,imagenet,1,ILSVRC2012_val_00025357.JPEG,,,,-39.95846939,-4.20747709
1003,imagenet,1,ILSVRC2012_val_00025373.JPEG,,,,-43.53524780,-3.46648359
1004,imagenet,1,ILSVRC2012_val_00025422.JPEG,,,,-35.15774918,1.80533326
1005,imagenet,1,ILSVRC2012_val_00025428.JPEG,,,,30.39516258,15.92706776
1006,imagenet,1,ILSVRC2012_val_00025476.JPEG,,,,-4.30968046,7.90883970
1007,imagenet,1,ILSVRC2012_val_00025512.JPEG,,,,-28.25127220,1.15806878
1008,imagenet,1,ILSVRC2012_val_00025514.JPEG,,,,-33.93370819,-12.73561287
1009,imagenet,1,ILSVRC2012_val_00025519.JPEG,,,,4.05830479,32.23251724
1010,imagenet,1,ILSVRC2012_val_00025557.JPEG,,,,37.91675568,22.39732170
1011,imagenet,1,ILSVRC2012_val_00025570.JPEG,,,,33.50027847,4.70529413
1012,imagenet,1,ILSVRC2012_val_00025597.JPEG,,,,51.82684708,2.40488744
1013,imagenet,1,ILSVRC2012_val_00025610.JPEG,,,,16.91337013,25.71375084
1014,imagenet,1,ILSVRC2012_val_00025611.JPEG,,,,14.31120682,-1.35831118
1015,imagenet,1,ILSVRC2012_val_00025619.JPEG,,,,35.88455963,-16.49356651
1016,imagenet,1,ILSVRC2012_val_00025631.JPEG,,,,-23.22367859,-0.48830378
1017,imagenet,1,ILSVRC2012_val_00025636.JPEG,,,,15.77694035,-23.38807678
1018,imagenet,1,ILSVRC2012_val_00025686.JPEG,,,,24.03038025,-20.33856964
1019,imagenet,1,ILSVRC2012_val_00025694.JPEG,,,,27.24165344,3.82614422
1020,imagenet,1,ILSVRC2012_val_00025718.JPEG,,,,5.31946087,11.32506275
1021,imagenet,1,ILSVRC2012_val_00025720.JPEG,,,,-11.90589714,19.70196533
1022,imagenet,1,ILSVRC2012_val_00025726.JPEG,,,,-20.20012665,-1.96023083
1023,imagenet,1,ILSVRC2012_val_00025731.JPEG,,,,-43.86436844,-4.60223579
1024,imagenet,1,ILSVRC2012_val_00025732.JPEG,,,,27.46118164,-13.24548721
1025,imagenet,1,ILSVRC2012_val_00025765.JPEG,,,,-32.27673340,6.71504784
1026,imagenet,1,ILSVRC2012_val_00025792.JPEG,,,,10.61906719,-19.14913368
1027,imagenet,1,ILSVRC2012_val_00025803.JPEG,,,,45.11917877,-1.94568288
1028,imagenet,1,ILSVRC2012_val_00025830.JPEG,,,,-23.24779510,5.78727388
1029,imagenet,1,ILSVRC2012_val_00025848.JPEG,,,,-34.05937576,-10.23179436
1030,imagenet,1,ILSVRC2012_val_00025851.JPEG,,,,-45.69471741,-7.14019394
1031,imagenet,1,ILSVRC2012_val_00025853.JPEG,,,,15.28820896,-22.18019867
1032,imagenet,1,ILSVRC2012_val_00025871.JPEG,,,,-16.18737221,15.74413109
1033,imagenet,1,ILSVRC2012_val_00025880.JPEG,,,,15.18677139,19.71876526
1034,imagenet,1,ILSVRC2012_val_00025882.JPEG,,,,-41.90380859,-11.14115429
1035,imagenet,1,ILSVRC2012_val_00025901.JPEG,,,,16.41186714,-11.13869667
1036,imagenet,1,ILSVRC2012_val_00025906.JPEG,,,,16.26852226,11.45156288
1037,imagenet,1,ILSVRC2012_val_00025927.JPEG,,,,-10.85168362,17.60984802
1038,imagenet,1,ILSVRC2012_val_00025948.JPEG,,,,1.06947768,-25.81421661
1039,imagenet,1,ILSVRC2012_val_00025972.JPEG,,,,-23.15295410,-6.49430084
1040,imagenet,1,ILSVRC2012_val_00025986.JPEG,,,,1.00971842,-3.81276178
1041,imagenet,1,ILSVRC2012_val_00025992.JPEG,,,,-22.34527397,-16.25934792
1042,imagenet,1,ILSVRC2012_val_00026017.JPEG,,,,42.36815643,11.68957329
1043,imagenet,1,ILSVRC2012_val_00026047.JPEG,,,,-10.08896542,-8.20309830
1044,imagenet,1,ILSVRC2012_val_00026081.JPEG,,,,-26.89410019,-12.39704895
1045,imagenet,1,ILSVRC2012_val_00026095.JPEG,,,,50.60536575,7.25363159
1046,imagenet,1,ILSVRC2012_val_00026103.JPEG,,,,-19.82912827,-4.62750959
1047,imagenet,1,ILSVRC2012_val_00026113.JPEG,,,,18.57119751,-7.11538267
1048,imagenet,1,ILSVRC2012_val_00026120.JPEG,,,,-36.83742905,1.41863883
1049,imagenet,1,ILSVRC2012_val_00026132.JPEG,,,,49.31548309,2.52082753
1050,imagenet,1,ILSVRC2012_val_00026141.JPEG,,,,-26.73064804,-12.47461510
1051,imagenet,1,ILSVRC2012_val_00026146.JPEG,,,,15.88534260,16.86472511
1052,imagenet,1,ILSVRC2012_val_00026152.JPEG,,,,-34.71723557,22.76645470
1053,imagenet,1,ILSVRC2012_val_00026155.JPEG,,,,51.04145813,-2.65074658
1054,imagenet,1,ILSVRC2012_val_00026204.JPEG,,,,54.95268250,-0.44003096
1055,imagenet,1,ILSVRC2012_val_00026212.JPEG,,,,-28.73194695,11.63459015
1056,imagenet,1,ILSVRC2012_val_00026225.JPEG,,,,7.78367424,-24.42379951
1057,imagenet,1,ILSVRC2012_val_00026327.JPEG,,,,48.46457291,0.28243527
1058,imagenet,1,ILSVRC2012_val_00026328.JPEG,,,,34.30102921,-14.58631992
1059,imagenet,1,ILSVRC2012_val_00026339.JPEG,,,,-12.77070236,-10.84573174
1060,imagenet,1,ILSVRC2012_val_00026344.JPEG,,,,-22.34874344,23.70536613
1061,imagenet,1,ILSVRC2012_val_00026346.JPEG,,,,6.12858534,28.76098633
1062,imagenet,1,ILSVRC2012_val_00026355.JPEG,,,,-35.18642044,-5.13555002
1063,imagenet,1,ILSVRC2012_val_00026372.JPEG,,,,-13.07643604,4.94508362
1064,imagenet,1,ILSVRC2012_val_00026400.JPEG,,,,34.43096542,-6.37740993
1065,imagenet,1,ILSVRC2012_val_00026477.JPEG,,,,-30.27716255,-8.44109154
1066,imagenet,1,ILSVRC2012_val_00026479.JPEG,,,,11.12978268,13.43114758
1067,imagenet,1,ILSVRC2012_val_00026486.JPEG,,,,-26.70399475,-23.50997925
1068,imagenet,1,ILSVRC2012_val_00026536.JPEG,,,,-4.70130491,14.75672054
1069,imagenet,1,ILSVRC2012_val_00026545.JPEG,,,,27.96628380,23.10739136
1070,imagenet,1,ILSVRC2012_val_00026598.JPEG,,,,26.99752045,4.75031996
1071,imagenet,1,ILSVRC2012_val_00026602.JPEG,,,,34.87888718,3.73348737
1072,imagenet,1,ILSVRC2012_val_00026616.JPEG,,,,18.91345596,-23.15125656
1073,imagenet,1,ILSVRC2012_val_00026632.JPEG,,,,33.87983322,-9.67992210
1074,imagenet,1,ILSVRC2012_val_00026652.JPEG,,,,20.03949928,-14.03294086
1075,imagenet,1,ILSVRC2012_val_00026661.JPEG,,,,-5.62320423,30.41060638
1076,imagenet,1,ILSVRC2012_val_00026672.JPEG,,,,12.70889187,-8.33550644
1077,imagenet,1,ILSVRC2012_val_00026688.JPEG,,,,-5.78205299,-23.71370888
1078,imagenet,1,ILSVRC2012_val_00026697.JPEG,,,,-32.17346573,-1.90249467
1079,imagenet,1,ILSVRC2012_val_00026706.JPEG,,,,-13.53954887,17.65418625
1080,imagenet,1,ILSVRC2012_val_00026755.JPEG,,,,17.22834778,-22.91307640
1081,imagenet,1,ILSVRC2012_val_00026778.JPEG,,,,28.96866226,18.47729683
1082,imagenet,1,ILSVRC2012_val_00026807.JPEG,,,,-10.58581161,-2.82347226
1083,imagenet,1,ILSVRC2012_val_00026862.JPEG,,,,25.48892784,19.87387085
1084,imagenet,1,ILSVRC2012_val_00026875.JPEG,,,,32.21343613,-4.55014324
1085,imagenet,1,ILSVRC2012_val_00026878.JPEG,,,,-12.05068302,16.99528503
1086,imagenet,1,ILSVRC2012_val_00026880.JPEG,,,,-22.68649101,27.65558815
1087,imagenet,1,ILSVRC2012_val_00026922.JPEG,,,,-17.23061752,-3.06629968
1088,imagenet,1,ILSVRC2012_val_00026930.JPEG,,,,21.62779617,-27.35349464
1089,imagenet,1,ILSVRC2012_val_00027006.JPEG,,,,45.77055359,8.35827637
1090,imagenet,1,ILSVRC2012_val_00027019.JPEG,,,,34.22702789,-21.59178925
1091,imagenet,1,ILSVRC2012_val_00027021.JPEG,,,,-2.96013784,-11.43495655
1092,imagenet,1,ILSVRC2012_val_00027053.JPEG,,,,27.98943520,21.02573776
1093,imagenet,1,ILSVRC2012_val_00027061.JPEG,,,,25.50072670,9.79407883
1094,imagenet,1,ILSVRC2012_val_00027065.JPEG,,,,-34.66640854,17.87719536
1095,imagenet,1,ILSVRC2012_val_00027066.JPEG,,,,14.38753033,-6.18211222
1096,imagenet,1,ILSVRC2012_val_00027067.JPEG,,,,-36.93814850,-4.53388596
1097,imagenet,1,ILSVRC2012_val_00027108.JPEG,,,,-32.48538589,-7.89364958
1098,imagenet,1,ILSVRC2012_val_00027117.JPEG,,,,24.68293381,-21.44827843
1099,imagenet,1,ILSVRC2012_val_00027124.JPEG,,,,-32.62442017,-10.17406464
1100,imagenet,1,ILSVRC2012_val_00027132.JPEG,,,,41.65647125,8.14075565
1101,imagenet,1,ILSVRC2012_val_00027134.JPEG,,,,-3.30824566,-17.84466553
1102,imagenet,1,ILSVRC2012_val_00027146.JPEG,,,,-16.01534843,32.60800934
1103,imagenet,1,ILSVRC2012_val_00027151.JPEG,,,,-0.04102530,-0.22913657
1104,imagenet,1,ILSVRC2012_val_00027153.JPEG,,,,5.72779751,17.79037666
1105,imagenet,1,ILSVRC2012_val_00027163.JPEG,,,,20.98339081,-13.19040775
1106,imagenet,1,ILSVRC2012_val_00027177.JPEG,,,,-17.77940369,-17.17977333
1107,imagenet,1,ILSVRC2012_val_00027178.JPEG,,,,-9.99004364,2.71657586
1108,imagenet,1,ILSVRC2012_val_00027211.JPEG,,,,29.68257332,-17.39074135
1109,imagenet,1,ILSVRC2012_val_00027237.JPEG,,,,-34.73264313,7.64044905
1110,imagenet,1,ILSVRC2012_val_00027248.JPEG,,,,34.71925354,-6.01078606
1111,imagenet,1,ILSVRC2012_val_00027330.JPEG,,,,-28.44101715,11.72331333
1112,imagenet,1,ILSVRC2012_val_00027351.JPEG,,,,36.81406784,10.13639259
1113,imagenet,1,ILSVRC2012_val_00027375.JPEG,,,,5.74313211,-16.47496033
1114,imagenet,1,ILSVRC2012_val_00027385.JPEG,,,,-0.23998658,-0.60063738
1115,imagenet,1,ILSVRC2012_val_00027428.JPEG,,,,-23.10500717,-7.08408594
1116,imagenet,1,ILSVRC2012_val_00027481.JPEG,,,,-28.34060287,9.01642513
1117,imagenet,1,ILSVRC2012_val_00027517.JPEG,,,,-13.69549561,-23.21355629
1118,imagenet,1,ILSVRC2012_val_00027533.JPEG,,,,38.95221710,0.82159221
1119,imagenet,1,ILSVRC2012_val_00027539.JPEG,,,,-19.55852318,-23.22429466
1120,imagenet,1,ILSVRC2012_val_00027560.JPEG,,,,-19.42365265,26.34528732
1121,imagenet,1,ILSVRC2012_val_00027584.JPEG,,,,-7.62133741,36.09676743
1122,imagenet,1,ILSVRC2012_val_00027631.JPEG,,,,8.92634106,-10.36007214
1123,imagenet,1,ILSVRC2012_val_00027632.JPEG,,,,7.32189703,19.08691597
1124,imagenet,1,ILSVRC2012_val_00027642.JPEG,,,,-30.78836441,-10.41091728
1125,imagenet,1,ILSVRC2012_val_00027659.JPEG,,,,7.53328180,32.64120865
1126,imagenet,1,ILSVRC2012_val_00027660.JPEG,,,,52.71585846,-3.50274491
1127,imagenet,1,ILSVRC2012_val_00027703.JPEG,,,,-22.21362114,9.83000946
1128,imagenet,1,ILSVRC2012_val_00027713.JPEG,,,,-6.28552103,-4.41665459
1129,imagenet,1,ILSVRC2012_val_00027760.JPEG,,,,-11.27557087,0.33421665
1130,imagenet,1,ILSVRC2012_val_00027807.JPEG,,,,-7.25824118,11.68849754
1131,imagenet,1,ILSVRC2012_val_00027820.JPEG,,,,41.22478104,7.40035343
1132,imagenet,1,ILSVRC2012_val_00027836.JPEG,,,,-27.70535469,-9.54816151
1133,imagenet,1,ILSVRC2012_val_00027866.JPEG,,,,48.16457367,-6.47433519
1134,imagenet,1,ILSVRC2012_val_00027951.JPEG,,,,43.75822449,-1.55681300
1135,imagenet,1,ILSVRC2012_val_00027985.JPEG,,,,-39.70780182,13.24080944
1136,imagenet,1,ILSVRC2012_val_00028049.JPEG,,,,-35.73625946,-12.22637749
1137,imagenet,1,ILSVRC2012_val_00028076.JPEG,,,,33.94177246,-6.86490297
1138,imagenet,1,ILSVRC2012_val_00028101.JPEG,,,,-23.77897072,-13.96456432
1139,imagenet,1,ILSVRC2012_val_00028109.JPEG,,,,-5.96683455,-23.88484192
1140,imagenet,1,ILSVRC2012_val_00028132.JPEG,,,,-9.45364475,28.99545097
1141,imagenet,1,ILSVRC2012_val_00028296.JPEG,,,,8.58915234,22.86356354
1142,imagenet,1,ILSVRC2012_val_00028323.JPEG,,,,-41.64321518,2.71848130
1143,imagenet,1,ILSVRC2012_val_00028418.JPEG,,,,-33.04909134,3.72165823
1144,imagenet,1,ILSVRC2012_val_00028424.JPEG,,,,-18.17116165,7.43769264
1145,imagenet,1,ILSVRC2012_val_00028437.JPEG,,,,-41.16729736,-15.38283920
1146,imagenet,1,ILSVRC2012_val_00028438.JPEG,,,,-24.88198471,4.49769402
1147,imagenet,1,ILSVRC2012_val_00028466.JPEG,,,,-36.07758713,8.30813789
1148,imagenet,1,ILSVRC2012_val_00028475.JPEG,,,,5.63563108,29.06211281
1149,imagenet,1,ILSVRC2012_val_00028557.JPEG,,,,-17.99508095,14.14206791
1150,imagenet,1,ILSVRC2012_val_00028582.JPEG,,,,49.47242355,3.38008046
1151,imagenet,1,ILSVRC2012_val_00028584.JPEG,,,,23.54595757,22.14463615
1152,imagenet,1,ILSVRC2012_val_00028590.JPEG,,,,22.62628937,-27.22546196
1153,imagenet,1,ILSVRC2012_val_00028592.JPEG,,,,-5.24008417,-10.55956650
1154,imagenet,1,ILSVRC2012_val_00028657.JPEG,,,,25.93094254,9.78741646
1155,imagenet,1,ILSVRC2012_val_00028660.JPEG,,,,37.75880432,-9.07901669
1156,imagenet,1,ILSVRC2012_val_00028667.JPEG,,,,-27.17516899,9.49749756
1157,imagenet,1,ILSVRC2012_val_00028671.JPEG,,,,3.69287658,-23.25500107
1158,imagenet,1,ILSVRC2012_val_00028683.JPEG,,,,-16.28736305,7.98079348
1159,imagenet,1,ILSVRC2012_val_00028702.JPEG,,,,-3.50814891,32.16537094
1160,imagenet,1,ILSVRC2012_val_00028794.JPEG,,,,-18.72354507,5.04816055
1161,imagenet,1,ILSVRC2012_val_00028898.JPEG,,,,-35.33953094,23.68061829
1162,imagenet,1,ILSVRC2012_val_00028901.JPEG,,,,-6.53585100,-15.07481098
1163,imagenet,1,ILSVRC2012_val_00028905.JPEG,,,,2.09002161,-20.15220261
1164,imagenet,1,ILSVRC2012_val_00028919.JPEG,,,,1.29208326,31.50781441
1165,imagenet,1,ILSVRC2012_val_00028946.JPEG,,,,16.35856056,21.15280914
1166,imagenet,1,ILSVRC2012_val_00028959.JPEG,,,,3.51389766,33.77690887
1167,imagenet,1,ILSVRC2012_val_00028993.JPEG,,,,0.09954602,31.50350571
1168,imagenet,1,ILSVRC2012_val_00029050.JPEG,,,,-19.56056595,-12.84756470
1169,imagenet,1,ILSVRC2012_val_00029059.JPEG,,,,6.69742155,21.57595634
1170,imagenet,1,ILSVRC2012_val_00029077.JPEG,,,,10.42891216,-23.71645164
1171,imagenet,1,ILSVRC2012_val_00029102.JPEG,,,,0.30295199,7.02290964
1172,imagenet,1,ILSVRC2012_val_00029108.JPEG,,,,-14.18103409,14.58856964
1173,imagenet,1,ILSVRC2012_val_00029111.JPEG,,,,-22.94836617,15.47471714
1174,imagenet,1,ILSVRC2012_val_00029120.JPEG,,,,-44.72851944,5.02052212
1175,imagenet,1,ILSVRC2012_val_00029127.JPEG,,,,-20.63959503,-9.94999695
1176,imagenet,1,ILSVRC2012_val_00029135.JPEG,,,,26.32672501,27.23858833
1177,imagenet,1,ILSVRC2012_val_00029140.JPEG,,,,-24.02290154,10.48868465
1178,imagenet,1,ILSVRC2012_val_00029163.JPEG,,,,-41.31053543,7.20866585
1179,imagenet,1,ILSVRC2012_val_00029171.JPEG,,,,-3.74432707,37.26405716
1180,imagenet,1,ILSVRC2012_val_00029194.JPEG,,,,5.07227135,-10.59219360
1181,imagenet,1,ILSVRC2012_val_00029205.JPEG,,,,-11.36484337,35.88315582
1182,imagenet,1,ILSVRC2012_val_00029222.JPEG,,,,-41.36144638,20.49784470
1183,imagenet,1,ILSVRC2012_val_00029229.JPEG,,,,10.97124290,35.42686462
1184,imagenet,1,ILSVRC2012_val_00029275.JPEG,,,,45.35186386,-7.80618906
1185,imagenet,1,ILSVRC2012_val_00029282.JPEG,,,,-40.54037857,3.72481346
1186,imagenet,1,ILSVRC2012_val_00029290.JPEG,,,,-40.00743103,2.70453405
1187,imagenet,1,ILSVRC2012_val_00029298.JPEG,,,,8.63850594,22.35050011
1188,imagenet,1,ILSVRC2012_val_00029320.JPEG,,,,25.60898781,-10.95888424
1189,imagenet,1,ILSVRC2012_val_00029353.JPEG,,,,52.66382980,8.22304821
1190,imagenet,1,ILSVRC2012_val_00029413.JPEG,,,,-15.17917633,-14.91588211
1191,imagenet,1,ILSVRC2012_val_00029424.JPEG,,,,38.58514786,9.40020275
1192,imagenet,1,ILSVRC2012_val_00029435.JPEG,,,,9.66145134,-14.32299995
1193,imagenet,1,ILSVRC2012_val_00029483.JPEG,,,,-40.78565979,19.57966232
1194,imagenet,1,ILSVRC2012_val_00029513.JPEG,,,,-26.40410423,2.03604221
1195,imagenet,1,ILSVRC2012_val_00029527.JPEG,,,,39.41392517,-2.62814116
1196,imagenet,1,ILSVRC2012_val_00029592.JPEG,,,,10.39366817,22.39712715
1197,imagenet,1,ILSVRC2012_val_00029621.JPEG,,,,-16.28566551,0.39571828
1198,imagenet,1,ILSVRC2012_val_00029650.JPEG,,,,-3.50065279,-1.77992332
1199,imagenet,1,ILSVRC2012_val_00029686.JPEG,,,,-37.88464737,-1.92977452
1200,imagenet,1,ILSVRC2012_val_00029691.JPEG,,,,-21.70629501,26.98692894
1201,imagenet,1,ILSVRC2012_val_00029708.JPEG,,,,18.39880753,32.31591797
1202,imagenet,1,ILSVRC2012_val_00029756.JPEG,,,,-40.93840027,-1.67773962
1203,imagenet,1,ILSVRC2012_val_00029867.JPEG,,,,32.57540131,-0.04702736
1204,imagenet,1,ILSVRC2012_val_00029897.JPEG,,,,-43.32369995,0.78726411
1205,imagenet,1,ILSVRC2012_val_00029916.JPEG,,,,-9.24899197,20.79852676
1206,imagenet,1,ILSVRC2012_val_00029941.JPEG,,,,4.78590870,32.78518295
1207,imagenet,1,ILSVRC2012_val_00029963.JPEG,,,,-38.08345413,-20.94050980
1208,imagenet,1,ILSVRC2012_val_00030044.JPEG,,,,28.30459976,-15.27751923
1209,imagenet,1,ILSVRC2012_val_00030067.JPEG,,,,-24.41369057,-23.28722191
1210,imagenet,1,ILSVRC2012_val_00030079.JPEG,,,,45.94775772,3.50280523
1211,imagenet,1,ILSVRC2012_val_00030096.JPEG,,,,20.28210640,3.15490913
1212,imagenet,1,ILSVRC2012_val_00030112.JPEG,,,,-41.13220215,1.48269486
1213,imagenet,1,ILSVRC2012_val_00030183.JPEG,,,,-34.19978333,-0.37032112
1214,imagenet,1,ILSVRC2012_val_00030194.JPEG,,,,-43.66358948,3.05825377
1215,imagenet,1,ILSVRC2012_val_00030244.JPEG,,,,25.49243736,-15.42189121
1216,imagenet,1,ILSVRC2012_val_00030293.JPEG,,,,-19.26103592,31.33468437
1217,imagenet,1,ILSVRC2012_val_00030295.JPEG,,,,31.90286446,-4.73745775
1218,imagenet,1,ILSVRC2012_val_00030298.JPEG,,,,3.17034721,29.76561546
1219,imagenet,1,ILSVRC2012_val_00030304.JPEG,,,,-24.18686104,-14.60407257
1220,imagenet,1,ILSVRC2012_val_00030323.JPEG,,,,-25.94504356,31.34518814
1221,imagenet,1,ILSVRC2012_val_00030365.JPEG,,,,-31.96288109,-16.84803391
1222,imagenet,1,ILSVRC2012_val_00030380.JPEG,,,,13.06225967,-21.76334381
1223,imagenet,1,ILSVRC2012_val_00030425.JPEG,,,,-29.75165939,19.34365082
1224,imagenet,1,ILSVRC2012_val_00030466.JPEG,,,,24.25225639,24.86340332
1225,imagenet,1,ILSVRC2012_val_00030534.JPEG,,,,-3.37306309,-6.61749983
1226,imagenet,1,ILSVRC2012_val_00030560.JPEG,,,,53.10809708,-3.05581164
1227,imagenet,1,ILSVRC2012_val_00030572.JPEG,,,,-39.03435898,8.72048759
1228,imagenet,1,ILSVRC2012_val_00030582.JPEG,,,,39.17525482,-6.19167137
1229,imagenet,1,ILSVRC2012_val_00030619.JPEG,,,,33.98768234,-1.06291711
1230,imagenet,1,ILSVRC2012_val_00030641.JPEG,,,,17.00986862,-16.91588974
1231,imagenet,1,ILSVRC2012_val_00030643.JPEG,,,,54.19081116,-2.75501394
1232,imagenet,1,ILSVRC2012_val_00030687.JPEG,,,,46.88102341,-1.85917115
1233,imagenet,1,ILSVRC2012_val_00030752.JPEG,,,,-41.26496124,7.12912226
1234,imagenet,1,ILSVRC2012_val_00030772.JPEG,,,,41.36100769,16.83510017
1235,imagenet,1,ILSVRC2012_val_00030800.JPEG,,,,-41.48537064,11.18341732
1236,imagenet,1,ILSVRC2012_val_00030814.JPEG,,,,-24.43467140,-4.17331028
1237,imagenet,1,ILSVRC2012_val_00030851.JPEG,,,,-6.78446913,18.07721138
1238,imagenet,1,ILSVRC2012_val_00030872.JPEG,,,,46.59175110,4.29155779
1239,imagenet,1,ILSVRC2012_val_00030886.JPEG,,,,35.52519226,6.51944971
1240,imagenet,1,ILSVRC2012_val_00030891.JPEG,,,,-18.01914024,16.91702080
1241,imagenet,1,ILSVRC2012_val_00030928.JPEG,,,,47.76744461,4.73413801
1242,imagenet,1,ILSVRC2012_val_00030943.JPEG,,,,8.96040726,7.76062202
1243,imagenet,1,ILSVRC2012_val_00030951.JPEG,,,,-32.15049744,-5.55292225
1244,imagenet,1,ILSVRC2012_val_00030954.JPEG,,,,7.83224392,-18.42404747
1245,imagenet,1,ILSVRC2012_val_00030955.JPEG,,,,-41.66169739,-3.17436194
1246,imagenet,1,ILSVRC2012_val_00031051.JPEG,,,,-20.00805855,14.70658112
1247,imagenet,1,ILSVRC2012_val_00031080.JPEG,,,,-13.19581413,-11.77160454
1248,imagenet,1,ILSVRC2012_val_00031091.JPEG,,,,22.44735718,-27.31586838
1249,imagenet,1,ILSVRC2012_val_00031092.JPEG,,,,22.88099098,4.74931574
1250,imagenet,1,ILSVRC2012_val_00031135.JPEG,,,,-38.29018784,-13.43463135
1251,imagenet,1,ILSVRC2012_val_00031143.JPEG,,,,-24.35487175,2.53574729
1252,imagenet,1,ILSVRC2012_val_00031185.JPEG,,,,4.36268425,-9.07244873
1253,imagenet,1,ILSVRC2012_val_00031191.JPEG,,,,9.46839428,14.96084785
1254,imagenet,1,ILSVRC2012_val_00031205.JPEG,,,,15.89716721,15.93671989
1255,imagenet,1,ILSVRC2012_val_00031209.JPEG,,,,40.35717010,-5.16041851
1256,imagenet,1,ILSVRC2012_val_00031221.JPEG,,,,-11.45324135,17.79829025
1257,imagenet,1,ILSVRC2012_val_00031230.JPEG,,,,-8.19037533,-27.43794250
1258,imagenet,1,ILSVRC2012_val_00031243.JPEG,,,,-7.98611259,-28.28697777
1259,imagenet,1,ILSVRC2012_val_00031244.JPEG,,,,24.84724236,-22.01487923
1260,imagenet,1,ILSVRC2012_val_00031257.JPEG,,,,-33.28826141,-8.35043335
1261,imagenet,1,ILSVRC2012_val_00031288.JPEG,,,,-29.06281662,-18.84196472
1262,imagenet,1,ILSVRC2012_val_00031299.JPEG,,,,-33.53673172,16.02076340
1263,imagenet,1,ILSVRC2012_val_00031350.JPEG,,,,-18.46328545,0.76582426
1264,imagenet,1,ILSVRC2012_val_00031436.JPEG,,,,-43.37583160,-7.81038284
1265,imagenet,1,ILSVRC2012_val_00031488.JPEG,,,,30.14770126,20.64865112
1266,imagenet,1,ILSVRC2012_val_00031491.JPEG,,,,26.95889664,18.07818222
1267,imagenet,1,ILSVRC2012_val_00031522.JPEG,,,,-14.10335732,-27.12889290
1268,imagenet,1,ILSVRC2012_val_00031567.JPEG,,,,-6.92862892,-24.45715523
1269,imagenet,1,ILSVRC2012_val_00031589.JPEG,,,,-35.03918457,4.71855545
1270,imagenet,1,ILSVRC2012_val_00031606.JPEG,,,,-22.13064194,-14.17880630
1271,imagenet,1,ILSVRC2012_val_00031636.JPEG,,,,-32.53624344,13.54142284
1272,imagenet,1,ILSVRC2012_val_00031639.JPEG,,,,-2.18742394,7.86635399
1273,imagenet,1,ILSVRC2012_val_00031669.JPEG,,,,-18.37521362,4.11576748
1274,imagenet,1,ILSVRC2012_val_00031674.JPEG,,,,-8.78716660,-8.18086815
1275,imagenet,1,ILSVRC2012_val_00031684.JPEG,,,,23.79574585,-0.81511551
1276,imagenet,1,ILSVRC2012_val_00031778.JPEG,,,,20.86960793,27.80567360
1277,imagenet,1,ILSVRC2012_val_00031806.JPEG,,,,30.26224709,19.32654572
1278,imagenet,1,ILSVRC2012_val_00031813.JPEG,,,,32.06730652,22.55915833
1279,imagenet,1,ILSVRC2012_val_00031836.JPEG,,,,-6.11598635,-22.28956795
1280,imagenet,1,ILSVRC2012_val_00031862.JPEG,,,,32.52835846,8.64511108
1281,imagenet,1,ILSVRC2012_val_00031869.JPEG,,,,5.81861353,-23.15702057
1282,imagenet,1,ILSVRC2012_val_00031897.JPEG,,,,45.36159515,8.15487576
1283,imagenet,1,ILSVRC2012_val_00031904.JPEG,,,,0.90039986,11.69141483
1284,imagenet,1,ILSVRC2012_val_00031925.JPEG,,,,1.64387441,13.99436951
1285,imagenet,1,ILSVRC2012_val_00031932.JPEG,,,,6.60793734,32.94931793
1286,imagenet,1,ILSVRC2012_val_00031934.JPEG,,,,11.60144806,-5.11203480
1287,imagenet,1,ILSVRC2012_val_00031962.JPEG,,,,-26.20021057,-9.28116512
1288,imagenet,1,ILSVRC2012_val_00031969.JPEG,,,,-32.59473419,2.19248486
1289,imagenet,1,ILSVRC2012_val_00031970.JPEG,,,,4.25361633,30.21128845
1290,imagenet,1,ILSVRC2012_val_00031977.JPEG,,,,22.70057678,2.76709485
1291,imagenet,1,ILSVRC2012_val_00032071.JPEG,,,,8.68593597,-21.90093613
1292,imagenet,1,ILSVRC2012_val_00032105.JPEG,,,,-34.21741486,-14.81786060
1293,imagenet,1,ILSVRC2012_val_00032192.JPEG,,,,-13.52811146,18.42880630
1294,imagenet,1,ILSVRC2012_val_00032195.JPEG,,,,24.40789223,13.32395744
1295,imagenet,1,ILSVRC2012_val_00032199.JPEG,,,,-10.38647461,25.44158363
1296,imagenet,1,ILSVRC2012_val_00032243.JPEG,,,,47.96702194,3.69622922
1297,imagenet,1,ILSVRC2012_val_00032264.JPEG,,,,-21.29883385,-4.54273272
1298,imagenet,1,ILSVRC2012_val_00032320.JPEG,,,,46.48392487,4.68395805
1299,imagenet,1,ILSVRC2012_val_00032328.JPEG,,,,38.93834305,-17.42592049
1300,imagenet,1,ILSVRC2012_val_00032333.JPEG,,,,40.29835129,11.55627537
1301,imagenet,1,ILSVRC2012_val_00032340.JPEG,,,,48.01993942,15.19591236
1302,imagenet,1,ILSVRC2012_val_00032348.JPEG,,,,-47.78497314,-1.57451272
1303,imagenet,1,ILSVRC2012_val_00032385.JPEG,,,,-8.45430088,16.50263214
1304,imagenet,1,ILSVRC2012_val_00032410.JPEG,,,,44.11630630,12.68600941
1305,imagenet,1,ILSVRC2012_val_00032414.JPEG,,,,-25.37897873,24.00771904
1306,imagenet,1,ILSVRC2012_val_00032427.JPEG,,,,11.99212837,34.56798172
1307,imagenet,1,ILSVRC2012_val_00032444.JPEG,,,,-6.54870033,22.07738113
1308,imagenet,1,ILSVRC2012_val_00032448.JPEG,,,,45.37179565,4.16635036
1309,imagenet,1,ILSVRC2012_val_00032462.JPEG,,,,16.04364395,-19.92317390
1310,imagenet,1,ILSVRC2012_val_00032469.JPEG,,,,-19.80327606,-10.69025993
1311,imagenet,1,ILSVRC2012_val_00032590.JPEG,,,,22.47296333,-12.70123577
1312,imagenet,1,ILSVRC2012_val_00032606.JPEG,,,,10.14498997,-22.54634476
1313,imagenet,1,ILSVRC2012_val_00032623.JPEG,,,,-10.85632801,22.32798004
1314,imagenet,1,ILSVRC2012_val_00032689.JPEG,,,,30.63214493,12.81611729
1315,imagenet,1,ILSVRC2012_val_00032727.JPEG,,,,-31.12266922,1.04244554
1316,imagenet,1,ILSVRC2012_val_00032746.JPEG,,,,18.57275772,34.49951935
1317,imagenet,1,ILSVRC2012_val_00032754.JPEG,,,,0.59261614,21.44807243
1318,imagenet,1,ILSVRC2012_val_00032795.JPEG,,,,-39.86595917,-2.72701788
1319,imagenet,1,ILSVRC2012_val_00032804.JPEG,,,,23.76996231,-13.88835239
1320,imagenet,1,ILSVRC2012_val_00032810.JPEG,,,,-25.95832634,1.56591737
1321,imagenet,1,ILSVRC2012_val_00032846.JPEG,,,,37.82321548,4.23495626
1322,imagenet,1,ILSVRC2012_val_00032863.JPEG,,,,-44.55233002,-3.44393778
1323,imagenet,1,ILSVRC2012_val_00032878.JPEG,,,,53.80465317,8.72812271
1324,imagenet,1,ILSVRC2012_val_00032886.JPEG,,,,33.82373047,-20.93285179
1325,imagenet,1,ILSVRC2012_val_00032889.JPEG,,,,40.96730423,-10.96638584
1326,imagenet,1,ILSVRC2012_val_00032993.JPEG,,,,47.25671387,-4.69891119
1327,imagenet,1,ILSVRC2012_val_00033006.JPEG,,,,21.80874252,-6.13147688
1328,imagenet,1,ILSVRC2012_val_00033022.JPEG,,,,-32.26567459,-14.08217812
1329,imagenet,1,ILSVRC2012_val_00033085.JPEG,,,,27.67232895,-3.35280275
1330,imagenet,1,ILSVRC2012_val_00033138.JPEG,,,,1.89650166,-22.43527603
1331,imagenet,1,ILSVRC2012_val_00033142.JPEG,,,,-41.61211014,-8.13906002
1332,imagenet,1,ILSVRC2012_val_00033151.JPEG,,,,15.32195568,16.92466354
1333,imagenet,1,ILSVRC2012_val_00033161.JPEG,,,,36.25991058,-7.58480597
1334,imagenet,1,ILSVRC2012_val_00033162.JPEG,,,,-27.55113983,11.84330273
1335,imagenet,1,ILSVRC2012_val_00033180.JPEG,,,,38.70988464,13.01365471
1336,imagenet,1,ILSVRC2012_val_00033232.JPEG,,,,-22.91680527,-21.44026375
1337,imagenet,1,ILSVRC2012_val_00033280.JPEG,,,,31.60819244,-2.85927868
1338,imagenet,1,ILSVRC2012_val_00033289.JPEG,,,,8.74723053,31.92530823
1339,imagenet,1,ILSVRC2012_val_00033311.JPEG,,,,-21.23884773,-22.19856834
1340,imagenet,1,ILSVRC2012_val_00033326.JPEG,,,,-36.19808960,2.87754941
1341,imagenet,1,ILSVRC2012_val_00033328.JPEG,,,,-11.45821190,-0.05152830
1342,imagenet,1,ILSVRC2012_val_00033329.JPEG,,,,22.52458954,26.51759911
1343,imagenet,1,ILSVRC2012_val_00033359.JPEG,,,,31.12465286,13.86475277
1344,imagenet,1,ILSVRC2012_val_00033374.JPEG,,,,-36.39015198,3.59880733
1345,imagenet,1,ILSVRC2012_val_00033378.JPEG,,,,38.57174683,7.60197687
1346,imagenet,1,ILSVRC2012_val_00033401.JPEG,,,,-13.00104904,-5.45357227
1347,imagenet,1,ILSVRC2012_val_00033406.JPEG,,,,-12.20738125,30.23196602
1348,imagenet,1,ILSVRC2012_val_00033436.JPEG,,,,-19.19074249,30.54525375
1349,imagenet,1,ILSVRC2012_val_00033439.JPEG,,,,-7.40978241,19.44584084
1350,imagenet,1,ILSVRC2012_val_00033449.JPEG,,,,-10.16972923,14.70532417
1351,imagenet,1,ILSVRC2012_val_00033500.JPEG,,,,-35.87458420,22.09032249
1352,imagenet,1,ILSVRC2012_val_00033553.JPEG,,,,9.82791996,-10.63580799
1353,imagenet,1,ILSVRC2012_val_00033557.JPEG,,,,-36.98430252,-0.16612747
1354,imagenet,1,ILSVRC2012_val_00033586.JPEG,,,,-6.34742260,-28.61561394
1355,imagenet,1,ILSVRC2012_val_00033609.JPEG,,,,48.06488037,9.36840343
1356,imagenet,1,ILSVRC2012_val_00033645.JPEG,,,,-11.50888062,-26.44334984
1357,imagenet,1,ILSVRC2012_val_00033658.JPEG,,,,-15.71685219,22.75516129
1358,imagenet,1,ILSVRC2012_val_00033725.JPEG,,,,-2.96299791,-12.01189423
1359,imagenet,1,ILSVRC2012_val_00033786.JPEG,,,,31.06612587,20.31528091
1360,imagenet,1,ILSVRC2012_val_00033806.JPEG,,,,-18.07452011,-10.93618774
1361,imagenet,1,ILSVRC2012_val_00033838.JPEG,,,,-28.63358879,9.65424442
1362,imagenet,1,ILSVRC2012_val_00033843.JPEG,,,,43.46284485,-6.68371534
1363,imagenet,1,ILSVRC2012_val_00033851.JPEG,,,,38.30160141,-13.87166405
1364,imagenet,1,ILSVRC2012_val_00033874.JPEG,,,,46.24123383,14.63636112
1365,imagenet,1,ILSVRC2012_val_00033906.JPEG,,,,-21.08061600,-15.77817822
1366,imagenet,1,ILSVRC2012_val_00033959.JPEG,,,,-12.29962349,28.56011391
1367,imagenet,1,ILSVRC2012_val_00033977.JPEG,,,,29.79268265,15.42082024
1368,imagenet,1,ILSVRC2012_val_00033995.JPEG,,,,-40.91862488,17.54349518
1369,imagenet,1,ILSVRC2012_val_00033999.JPEG,,,,-20.78339577,29.38754654
1370,imagenet,1,ILSVRC2012_val_00034015.JPEG,,,,20.92898369,19.76640320
1371,imagenet,1,ILSVRC2012_val_00034064.JPEG,,,,3.60211539,29.86864281
1372,imagenet,1,ILSVRC2012_val_00034117.JPEG,,,,31.16809464,23.10784912
1373,imagenet,1,ILSVRC2012_val_00034137.JPEG,,,,20.70688438,30.76088524
1374,imagenet,1,ILSVRC2012_val_00034200.JPEG,,,,-24.21958923,-8.40108204
1375,imagenet,1,ILSVRC2012_val_00034227.JPEG,,,,13.73263931,-27.46840286
1376,imagenet,1,ILSVRC2012_val_00034228.JPEG,,,,32.20448303,-18.28922653
1377,imagenet,1,ILSVRC2012_val_00034305.JPEG,,,,-8.02581310,10.99921131
1378,imagenet,1,ILSVRC2012_val_00034374.JPEG,,,,-29.42204475,-13.14336109
1379,imagenet,1,ILSVRC2012_val_00034400.JPEG,,,,-42.39302063,17.44054222
1380,imagenet,1,ILSVRC2012_val_00034420.JPEG,,,,12.51441860,-5.11667633
1381,imagenet,1,ILSVRC2012_val_00034439.JPEG,,,,-7.20346165,-12.48942757
1382,imagenet,1,ILSVRC2012_val_00034446.JPEG,,,,-30.34332657,-13.76299095
1383,imagenet,1,ILSVRC2012_val_00034477.JPEG,,,,14.71189117,-24.50584412
1384,imagenet,1,ILSVRC2012_val_00034526.JPEG,,,,-28.85453415,22.98522758
1385,imagenet,1,ILSVRC2012_val_00034529.JPEG,,,,32.73257828,-10.07693005
1386,imagenet,1,ILSVRC2012_val_00034555.JPEG,,,,41.86954880,-0.51507992
1387,imagenet,1,ILSVRC2012_val_00034640.JPEG,,,,1.19148779,-21.17726517
1388,imagenet,1,ILSVRC2012_val_00034667.JPEG,,,,-7.97691584,11.76990032
1389,imagenet,1,ILSVRC2012_val_00034668.JPEG,,,,-40.84097672,-1.12955296
1390,imagenet,1,ILSVRC2012_val_00034675.JPEG,,,,22.31395340,-16.96623230
1391,imagenet,1,ILSVRC2012_val_00034682.JPEG,,,,-29.18694878,4.78965664
1392,imagenet,1,ILSVRC2012_val_00034699.JPEG,,,,20.70461655,20.87962151
1393,imagenet,1,ILSVRC2012_val_00034704.JPEG,,,,46.93202972,-6.84512138
1394,imagenet,1,ILSVRC2012_val_00034714.JPEG,,,,-28.58860207,-16.04503822
1395,imagenet,1,ILSVRC2012_val_00034742.JPEG,,,,8.71534634,-55.04575348
1396,imagenet,1,ILSVRC2012_val_00034800.JPEG,,,,40.17063141,-9.16714191
1397,imagenet,1,ILSVRC2012_val_00034810.JPEG,,,,-7.68875265,-26.66147041
1398,imagenet,1,ILSVRC2012_val_00034815.JPEG,,,,-3.50989914,3.31046009
1399,imagenet,1,ILSVRC2012_val_00034830.JPEG,,,,0.70853478,33.08355713
1400,imagenet,1,ILSVRC2012_val_00034924.JPEG,,,,25.87474632,14.69085026
1401,imagenet,1,ILSVRC2012_val_00034926.JPEG,,,,11.56291866,22.30127335
1402,imagenet,1,ILSVRC2012_val_00034938.JPEG,,,,-21.08622169,10.14311504
1403,imagenet,1,ILSVRC2012_val_00034948.JPEG,,,,22.08000183,2.70191050
1404,imagenet,1,ILSVRC2012_val_00034953.JPEG,,,,36.97128296,-7.28581476
1405,imagenet,1,ILSVRC2012_val_00034961.JPEG,,,,37.55704880,-16.34678650
1406,imagenet,1,ILSVRC2012_val_00034963.JPEG,,,,-44.80686951,13.22055435
1407,imagenet,1,ILSVRC2012_val_00034967.JPEG,,,,35.10182953,-19.50431252
1408,imagenet,1,ILSVRC2012_val_00034994.JPEG,,,,20.56904411,-11.96649361
1409,imagenet,1,ILSVRC2012_val_00035010.JPEG,,,,31.73596764,-7.20510674
1410,imagenet,1,ILSVRC2012_val_00035016.JPEG,,,,-38.92267609,23.79348183
1411,imagenet,1,ILSVRC2012_val_00035057.JPEG,,,,1.82723856,-15.61075306
1412,imagenet,1,ILSVRC2012_val_00035121.JPEG,,,,-3.00300097,-5.92963362
1413,imagenet,1,ILSVRC2012_val_00035175.JPEG,,,,35.56352234,9.31046391
1414,imagenet,1,ILSVRC2012_val_00035280.JPEG,,,,17.74549866,-20.95270157
1415,imagenet,1,ILSVRC2012_val_00035293.JPEG,,,,14.84170818,17.50747108
1416,imagenet,1,ILSVRC2012_val_00035338.JPEG,,,,10.69036579,-19.45804787
1417,imagenet,1,ILSVRC2012_val_00035361.JPEG,,,,-25.18567848,-3.32660294
1418,imagenet,1,ILSVRC2012_val_00035387.JPEG,,,,-39.07242966,2.53306317
1419,imagenet,1,ILSVRC2012_val_00035444.JPEG,,,,-18.94310951,-18.73979950
1420,imagenet,1,ILSVRC2012_val_00035446.JPEG,,,,-6.87074947,36.18853760
1421,imagenet,1,ILSVRC2012_val_00035465.JPEG,,,,22.16184616,19.24367523
1422,imagenet,1,ILSVRC2012_val_00035470.JPEG,,,,40.91470718,5.38386011
1423,imagenet,1,ILSVRC2012_val_00035491.JPEG,,,,28.39096069,-5.79035378
1424,imagenet,1,ILSVRC2012_val_00035546.JPEG,,,,6.40329981,28.24975586
1425,imagenet,1,ILSVRC2012_val_00035562.JPEG,,,,29.64652252,1.73441517
1426,imagenet,1,ILSVRC2012_val_00035614.JPEG,,,,42.04581070,-12.82928467
1427,imagenet,1,ILSVRC2012_val_00035646.JPEG,,,,-32.07910538,6.76819754
1428,imagenet,1,ILSVRC2012_val_00035651.JPEG,,,,23.26677895,1.48763311
1429,imagenet,1,ILSVRC2012_val_00035722.JPEG,,,,-28.89062691,-9.12628269
1430,imagenet,1,ILSVRC2012_val_00035758.JPEG,,,,-26.47384644,26.85666847
1431,imagenet,1,ILSVRC2012_val_00035771.JPEG,,,,5.15047693,-15.69589520
1432,imagenet,1,ILSVRC2012_val_00035789.JPEG,,,,37.78297806,1.79969072
1433,imagenet,1,ILSVRC2012_val_00035791.JPEG,,,,-16.77824783,24.29082870
1434,imagenet,1,ILSVRC2012_val_00035866.JPEG,,,,-39.03574753,3.27558780
1435,imagenet,1,ILSVRC2012_val_00035914.JPEG,,,,46.80388260,1.20525229
1436,imagenet,1,ILSVRC2012_val_00035935.JPEG,,,,-3.74586368,13.97778797
1437,imagenet,1,ILSVRC2012_val_00035941.JPEG,,,,-9.85304165,10.23259258
1438,imagenet,1,ILSVRC2012_val_00035952.JPEG,,,,12.20825291,17.87762070
1439,imagenet,1,ILSVRC2012_val_00035987.JPEG,,,,26.29793739,-18.38518524
1440,imagenet,1,ILSVRC2012_val_00036022.JPEG,,,,-42.22149658,-15.21219826
1441,imagenet,1,ILSVRC2012_val_00036048.JPEG,,,,25.46043968,-10.63054276
1442,imagenet,1,ILSVRC2012_val_00036057.JPEG,,,,-48.98984146,-4.15165758
1443,imagenet,1,ILSVRC2012_val_00036063.JPEG,,,,24.93687439,-3.44497967
1444,imagenet,1,ILSVRC2012_val_00036066.JPEG,,,,-19.90649223,20.31909561
1445,imagenet,1,ILSVRC2012_val_00036080.JPEG,,,,-8.97710991,18.90453911
1446,imagenet,1,ILSVRC2012_val_00036084.JPEG,,,,-24.41568756,-10.35751820
1447,imagenet,1,ILSVRC2012_val_00036107.JPEG,,,,-36.42641449,5.28499651
1448,imagenet,1,ILSVRC2012_val_00036110.JPEG,,,,25.87455177,-21.48732567
1449,imagenet,1,ILSVRC2012_val_00036114.JPEG,,,,24.17954636,-8.48378563
1450,imagenet,1,ILSVRC2012_val_00036119.JPEG,,,,17.19849205,34.18695831
1451,imagenet,1,ILSVRC2012_val_00036130.JPEG,,,,-5.05309772,-11.28075790
1452,imagenet,1,ILSVRC2012_val_00036155.JPEG,,,,25.57929993,1.23250651
1453,imagenet,1,ILSVRC2012_val_00036174.JPEG,,,,34.53119659,-21.95406914
1454,imagenet,1,ILSVRC2012_val_00036214.JPEG,,,,-2.93646717,36.24421692
1455,imagenet,1,ILSVRC2012_val_00036246.JPEG,,,,46.57754517,12.80898952
1456,imagenet,1,ILSVRC2012_val_00036272.JPEG,,,,-28.00951958,17.37784576
1457,imagenet,1,ILSVRC2012_val_00036302.JPEG,,,,-14.10129833,19.46264839
1458,imagenet,1,ILSVRC2012_val_00036339.JPEG,,,,11.35176849,-24.40160942
1459,imagenet,1,ILSVRC2012_val_00036352.JPEG,,,,29.67041779,-3.34849072
1460,imagenet,1,ILSVRC2012_val_00036390.JPEG,,,,17.77620888,32.96683502
1461,imagenet,1,ILSVRC2012_val_00036399.JPEG,,,,-18.62831879,-13.57019711
1462,imagenet,1,ILSVRC2012_val_00036423.JPEG,,,,10.03567505,28.83411407
1463,imagenet,1,ILSVRC2012_val_00036472.JPEG,,,,-3.94530964,-13.51154804
1464,imagenet,1,ILSVRC2012_val_00036475.JPEG,,,,19.65701675,21.16729355
1465,imagenet,1,ILSVRC2012_val_00036495.JPEG,,,,35.74154663,18.08542252
1466,imagenet,1,ILSVRC2012_val_00036519.JPEG,,,,27.91240120,-4.13782549
1467,imagenet,1,ILSVRC2012_val_00036539.JPEG,,,,-27.67093277,21.16285515
1468,imagenet,1,ILSVRC2012_val_00036549.JPEG,,,,-25.00446129,-18.13100815
1469,imagenet,1,ILSVRC2012_val_00036614.JPEG,,,,41.34046173,-2.60240865
1470,imagenet,1,ILSVRC2012_val_00036675.JPEG,,,,5.68372488,19.76988792
1471,imagenet,1,ILSVRC2012_val_00036676.JPEG,,,,-17.81650925,15.93418694
1472,imagenet,1,ILSVRC2012_val_00036688.JPEG,,,,11.60971928,-14.87049866
1473,imagenet,1,ILSVRC2012_val_00036694.JPEG,,,,40.95451355,-7.87762213
1474,imagenet,1,ILSVRC2012_val_00036700.JPEG,,,,-3.34445286,17.03386879
1475,imagenet,1,ILSVRC2012_val_00036705.JPEG,,,,9.56743813,20.71801567
1476,imagenet,1,ILSVRC2012_val_00036717.JPEG,,,,19.02487373,6.35467529
1477,imagenet,1,ILSVRC2012_val_00036728.JPEG,,,,17.37406731,16.39678955
1478,imagenet,1,ILSVRC2012_val_00036741.JPEG,,,,-30.59219170,-4.26761198
1479,imagenet,1,ILSVRC2012_val_00036773.JPEG,,,,15.81926060,-1.39580214
1480,imagenet,1,ILSVRC2012_val_00036829.JPEG,,,,37.01812744,6.13826466
1481,imagenet,1,ILSVRC2012_val_00036845.JPEG,,,,37.78762054,16.03586769
1482,imagenet,1,ILSVRC2012_val_00036902.JPEG,,,,-4.89082956,34.02057266
1483,imagenet,1,ILSVRC2012_val_00036903.JPEG,,,,-6.07862568,2.23291421
1484,imagenet,1,ILSVRC2012_val_00036907.JPEG,,,,23.42910767,19.50644302
1485,imagenet,1,ILSVRC2012_val_00036929.JPEG,,,,-17.14521599,-6.94116306
1486,imagenet,1,ILSVRC2012_val_00036947.JPEG,,,,47.40637970,2.13639641
1487,imagenet,1,ILSVRC2012_val_00036977.JPEG,,,,8.35637188,12.42584991
1488,imagenet,1,ILSVRC2012_val_00037036.JPEG,,,,-11.11837387,22.36422729
1489,imagenet,1,ILSVRC2012_val_00037071.JPEG,,,,-32.64324188,-6.51049089
1490,imagenet,1,ILSVRC2012_val_00037092.JPEG,,,,1.58074605,15.81364536
1491,imagenet,1,ILSVRC2012_val_00037103.JPEG,,,,-38.93063736,-15.07124996
1492,imagenet,1,ILSVRC2012_val_00037113.JPEG,,,,28.81874847,-1.24270284
1493,imagenet,1,ILSVRC2012_val_00037184.JPEG,,,,39.83347321,-12.79986286
1494,imagenet,1,ILSVRC2012_val_00037195.JPEG,,,,9.74492931,14.02066612
1495,imagenet,1,ILSVRC2012_val_00037280.JPEG,,,,35.37514877,-4.14849138
1496,imagenet,1,ILSVRC2012_val_00037294.JPEG,,,,-2.28670096,34.84157562
1497,imagenet,1,ILSVRC2012_val_00037298.JPEG,,,,-0.65389735,-10.93727493
1498,imagenet,1,ILSVRC2012_val_00037363.JPEG,,,,33.38856888,23.04157257
1499,imagenet,1,ILSVRC2012_val_00037402.JPEG,,,,-4.11985159,-27.15442848
1500,imagenet,1,ILSVRC2012_val_00037405.JPEG,,,,42.76143265,0.08817559
1501,imagenet,1,ILSVRC2012_val_00037407.JPEG,,,,-14.29986572,-7.52392769
1502,imagenet,1,ILSVRC2012_val_00037444.JPEG,,,,40.83309937,-8.78531265
1503,imagenet,1,ILSVRC2012_val_00037474.JPEG,,,,11.60936928,-24.57272530
1504,imagenet,1,ILSVRC2012_val_00037485.JPEG,,,,35.50713730,15.27763939
1505,imagenet,1,ILSVRC2012_val_00037491.JPEG,,,,39.87441254,5.48535872
1506,imagenet,1,ILSVRC2012_val_00037587.JPEG,,,,9.67179012,-18.34938622
1507,imagenet,1,ILSVRC2012_val_00037626.JPEG,,,,-27.45731354,18.21010971
1508,imagenet,1,ILSVRC2012_val_00037631.JPEG,,,,-24.44911194,19.97566795
1509,imagenet,1,ILSVRC2012_val_00037638.JPEG,,,,-11.41877747,5.73027182
1510,imagenet,1,ILSVRC2012_val_00037643.JPEG,,,,-25.64664459,15.23306942
1511,imagenet,1,ILSVRC2012_val_00037673.JPEG,,,,-10.92228317,18.54777527
1512,imagenet,1,ILSVRC2012_val_00037733.JPEG,,,,45.00693130,5.47717667
1513,imagenet,1,ILSVRC2012_val_00037784.JPEG,,,,21.57114983,22.93994331
1514,imagenet,1,ILSVRC2012_val_00037786.JPEG,,,,-15.47704220,-28.77500534
1515,imagenet,1,ILSVRC2012_val_00037797.JPEG,,,,9.60974216,13.59081936
1516,imagenet,1,ILSVRC2012_val_00037826.JPEG,,,,6.89317894,-10.07701111
1517,imagenet,1,ILSVRC2012_val_00037828.JPEG,,,,43.40664291,-3.17853403
1518,imagenet,1,ILSVRC2012_val_00037847.JPEG,,,,23.68991852,12.07170868
1519,imagenet,1,ILSVRC2012_val_00037862.JPEG,,,,13.00473690,-20.07806778
1520,imagenet,1,ILSVRC2012_val_00037882.JPEG,,,,-33.26121521,-15.57242298
1521,imagenet,1,ILSVRC2012_val_00037885.JPEG,,,,-40.33515167,-7.55990028
1522,imagenet,1,ILSVRC2012_val_00037965.JPEG,,,,21.29642868,-23.70036888
1523,imagenet,1,ILSVRC2012_val_00038027.JPEG,,,,-35.46209335,7.33594036
1524,imagenet,1,ILSVRC2012_val_00038055.JPEG,,,,-27.67821884,-1.13374841
1525,imagenet,1,ILSVRC2012_val_00038061.JPEG,,,,9.95156956,33.33627701
1526,imagenet,1,ILSVRC2012_val_00038065.JPEG,,,,-25.57375336,-23.04264832
1527,imagenet,1,ILSVRC2012_val_00038070.JPEG,,,,41.30191040,11.07242680
1528,imagenet,1,ILSVRC2012_val_00038118.JPEG,,,,44.40884018,-0.19442151
1529,imagenet,1,ILSVRC2012_val_00038165.JPEG,,,,-28.71510696,-1.75727046
1530,imagenet,1,ILSVRC2012_val_00038184.JPEG,,,,-1.87075520,30.71002007
1531,imagenet,1,ILSVRC2012_val_00038186.JPEG,,,,-26.54398155,28.03860474
1532,imagenet,1,ILSVRC2012_val_00038203.JPEG,,,,-26.76354027,-10.35167885
1533,imagenet,1,ILSVRC2012_val_00038210.JPEG,,,,-9.09151936,-9.14833069
1534,imagenet,1,ILSVRC2012_val_00038251.JPEG,,,,-39.46419144,-3.16263032
1535,imagenet,1,ILSVRC2012_val_00038252.JPEG,,,,48.50138474,8.21641731
1536,imagenet,1,ILSVRC2012_val_00038268.JPEG,,,,16.87448120,-20.89806557
1537,imagenet,1,ILSVRC2012_val_00038311.JPEG,,,,18.26967812,-23.43678093
1538,imagenet,1,ILSVRC2012_val_00038350.JPEG,,,,-32.68714905,-12.61861134
1539,imagenet,1,ILSVRC2012_val_00038395.JPEG,,,,-19.70715714,-6.70884848
1540,imagenet,1,ILSVRC2012_val_00038410.JPEG,,,,43.11003494,4.28586626
1541,imagenet,1,ILSVRC2012_val_00038430.JPEG,,,,42.34987259,2.45580220
1542,imagenet,1,ILSVRC2012_val_00038452.JPEG,,,,-7.34644842,-16.60260582
1543,imagenet,1,ILSVRC2012_val_00038518.JPEG,,,,-24.67368317,9.61668110
1544,imagenet,1,ILSVRC2012_val_00038521.JPEG,,,,48.08747864,1.72980332
1545,imagenet,1,ILSVRC2012_val_00038561.JPEG,,,,29.48889160,-13.48833275
1546,imagenet,1,ILSVRC2012_val_00038570.JPEG,,,,-31.43515968,7.08562136
1547,imagenet,1,ILSVRC2012_val_00038573.JPEG,,,,26.82777786,-0.80054867
1548,imagenet,1,ILSVRC2012_val_00038581.JPEG,,,,-19.88488960,19.27095222
1549,imagenet,1,ILSVRC2012_val_00038593.JPEG,,,,-37.38421631,-2.39816475
1550,imagenet,1,ILSVRC2012_val_00038608.JPEG,,,,16.96442032,-24.64433098
1551,imagenet,1,ILSVRC2012_val_00038644.JPEG,,,,-40.56306839,15.56009483
1552,imagenet,1,ILSVRC2012_val_00038651.JPEG,,,,-13.55333900,20.78431129
1553,imagenet,1,ILSVRC2012_val_00038681.JPEG,,,,-1.31080329,-15.23706722
1554,imagenet,1,ILSVRC2012_val_00038692.JPEG,,,,-38.33695984,-21.77125549
1555,imagenet,1,ILSVRC2012_val_00038771.JPEG,,,,24.33881378,25.09452248
1556,imagenet,1,ILSVRC2012_val_00038807.JPEG,,,,-26.54038048,28.97887802
1557,imagenet,1,ILSVRC2012_val_00038850.JPEG,,,,5.06446075,-23.30167961
1558,imagenet,1,ILSVRC2012_val_00038940.JPEG,,,,-32.97867203,17.27099609
1559,imagenet,1,ILSVRC2012_val_00039002.JPEG,,,,50.81439590,7.77127409
1560,imagenet,1,ILSVRC2012_val_00039006.JPEG,,,,-34.25233841,-11.50085258
1561,imagenet,1,ILSVRC2012_val_00039029.JPEG,,,,0.00267847,12.43290997
1562,imagenet,1,ILSVRC2012_val_00039039.JPEG,,,,-0.30872387,23.94933510
1563,imagenet,1,ILSVRC2012_val_00039068.JPEG,,,,-26.88246536,-17.98090363
1564,imagenet,1,ILSVRC2012_val_00039070.JPEG,,,,49.22805786,1.03066778
1565,imagenet,1,ILSVRC2012_val_00039082.JPEG,,,,-7.54414415,35.03965759
1566,imagenet,1,ILSVRC2012_val_00039083.JPEG,,,,35.62860870,-8.58346844
1567,imagenet,1,ILSVRC2012_val_00039085.JPEG,,,,-5.12092686,12.08964157
1568,imagenet,1,ILSVRC2012_val_00039139.JPEG,,,,42.12747574,-11.77505493
1569,imagenet,1,ILSVRC2012_val_00039164.JPEG,,,,-17.95277596,-11.35889816
1570,imagenet,1,ILSVRC2012_val_00039165.JPEG,,,,-23.71679688,-11.32914639
1571,imagenet,1,ILSVRC2012_val_00039211.JPEG,,,,38.32329178,-1.49344301
1572,imagenet,1,ILSVRC2012_val_00039242.JPEG,,,,13.96911812,15.88209438
1573,imagenet,1,ILSVRC2012_val_00039275.JPEG,,,,2.29677653,34.21798325
1574,imagenet,1,ILSVRC2012_val_00039287.JPEG,,,,46.74419022,2.33374953
1575,imagenet,1,ILSVRC2012_val_00039311.JPEG,,,,-37.81022644,4.86693859
1576,imagenet,1,ILSVRC2012_val_00039321.JPEG,,,,51.46806335,1.46634972
1577,imagenet,1,ILSVRC2012_val_00039335.JPEG,,,,28.86904716,-7.09944248
1578,imagenet,1,ILSVRC2012_val_00039380.JPEG,,,,37.65393829,-7.76296616
1579,imagenet,1,ILSVRC2012_val_00039415.JPEG,,,,-24.17130280,20.72400475
1580,imagenet,1,ILSVRC2012_val_00039425.JPEG,,,,46.02268219,2.29295468
1581,imagenet,1,ILSVRC2012_val_00039433.JPEG,,,,6.12801981,-17.80080414
1582,imagenet,1,ILSVRC2012_val_00039455.JPEG,,,,-41.95516968,-1.15692580
1583,imagenet,1,ILSVRC2012_val_00039510.JPEG,,,,29.07997704,24.50344276
1584,imagenet,1,ILSVRC2012_val_00039537.JPEG,,,,-13.11489964,-27.14698219
1585,imagenet,1,ILSVRC2012_val_00039541.JPEG,,,,27.64981461,-8.51714993
1586,imagenet,1,ILSVRC2012_val_00039557.JPEG,,,,-30.14444733,13.10156631
1587,imagenet,1,ILSVRC2012_val_00039648.JPEG,,,,43.55627060,3.04328775
1588,imagenet,1,ILSVRC2012_val_00039655.JPEG,,,,-0.19793694,-16.58057213
1589,imagenet,1,ILSVRC2012_val_00039674.JPEG,,,,36.63372421,-2.27788305
1590,imagenet,1,ILSVRC2012_val_00039678.JPEG,,,,-24.88036156,14.83080387
1591,imagenet,1,ILSVRC2012_val_00039690.JPEG,,,,-40.78015518,-6.22313595
1592,imagenet,1,ILSVRC2012_val_00039694.JPEG,,,,-13.54756546,-24.53058052
1593,imagenet,1,ILSVRC2012_val_00039697.JPEG,,,,30.32247925,7.10793018
1594,imagenet,1,ILSVRC2012_val_00039700.JPEG,,,,37.99256897,18.11190796
1595,imagenet,1,ILSVRC2012_val_00039712.JPEG,,,,-25.52169991,7.65299559
1596,imagenet,1,ILSVRC2012_val_00039754.JPEG,,,,-24.33906746,20.74408531
1597,imagenet,1,ILSVRC2012_val_00039776.JPEG,,,,-38.60358047,-16.76796722
1598,imagenet,1,ILSVRC2012_val_00039779.JPEG,,,,-3.59493613,36.46189117
1599,imagenet,1,ILSVRC2012_val_00039835.JPEG,,,,-5.93219900,33.37481689
1600,imagenet,1,ILSVRC2012_val_00039837.JPEG,,,,-4.24939680,35.47753906
1601,imagenet,1,ILSVRC2012_val_00039886.JPEG,,,,1.81370234,32.92823410
1602,imagenet,1,ILSVRC2012_val_00039895.JPEG,,,,24.48217392,28.71899605
1603,imagenet,1,ILSVRC2012_val_00039905.JPEG,,,,-25.12789917,6.80001736
1604,imagenet,1,ILSVRC2012_val_00039927.JPEG,,,,-7.02962017,0.96248591
1605,imagenet,1,ILSVRC2012_val_00039935.JPEG,,,,0.09451750,7.21896839
1606,imagenet,1,ILSVRC2012_val_00039983.JPEG,,,,1.65766191,34.27159500
1607,imagenet,1,ILSVRC2012_val_00039986.JPEG,,,,4.28059053,36.10154724
1608,imagenet,1,ILSVRC2012_val_00039993.JPEG,,,,11.48775578,-10.84071064
1609,imagenet,1,ILSVRC2012_val_00040000.JPEG,,,,7.24600792,-11.19804382
1610,imagenet,1,ILSVRC2012_val_00040033.JPEG,,,,-14.04347324,-28.30128670
1611,imagenet,1,ILSVRC2012_val_00040053.JPEG,,,,-38.96487045,-0.50556248
1612,imagenet,1,ILSVRC2012_val_00040075.JPEG,,,,-9.87207222,-12.80109024
1613,imagenet,1,ILSVRC2012_val_00040096.JPEG,,,,0.26337981,0.53766644
1614,imagenet,1,ILSVRC2012_val_00040130.JPEG,,,,-6.72636843,-14.48822594
1615,imagenet,1,ILSVRC2012_val_00040158.JPEG,,,,-34.54303360,-5.49157429
1616,imagenet,1,ILSVRC2012_val_00040172.JPEG,,,,40.31597519,10.59868336
1617,imagenet,1,ILSVRC2012_val_00040227.JPEG,,,,-18.43199348,17.57488441
1618,imagenet,1,ILSVRC2012_val_00040280.JPEG,,,,-7.91495705,35.48318481
1619,imagenet,1,ILSVRC2012_val_00040306.JPEG,,,,-41.92577744,-6.42785168
1620,imagenet,1,ILSVRC2012_val_00040328.JPEG,,,,14.98202229,33.48925781
1621,imagenet,1,ILSVRC2012_val_00040330.JPEG,,,,47.13085175,1.80179453
1622,imagenet,1,ILSVRC2012_val_00040369.JPEG,,,,-38.51433182,8.23415184
1623,imagenet,1,ILSVRC2012_val_00040392.JPEG,,,,1.71140254,6.98728037
1624,imagenet,1,ILSVRC2012_val_00040417.JPEG,,,,23.81234932,23.59620285
1625,imagenet,1,ILSVRC2012_val_00040429.JPEG,,,,17.72230911,-6.66194105
1626,imagenet,1,ILSVRC2012_val_00040434.JPEG,,,,4.15703726,-13.49937534
1627,imagenet,1,ILSVRC2012_val_00040478.JPEG,,,,-40.09956741,1.30012739
1628,imagenet,1,ILSVRC2012_val_00040479.JPEG,,,,-29.22219658,-18.02681351
1629,imagenet,1,ILSVRC2012_val_00040483.JPEG,,,,44.98077011,-9.17799568
1630,imagenet,1,ILSVRC2012_val_00040500.JPEG,,,,-18.90536880,-16.93147469
1631,imagenet,1,ILSVRC2012_val_00040527.JPEG,,,,-28.31710052,13.66791534
1632,imagenet,1,ILSVRC2012_val_00040546.JPEG,,,,-13.99464798,13.19110489
1633,imagenet,1,ILSVRC2012_val_00040564.JPEG,,,,-33.31513596,11.93673325
1634,imagenet,1,ILSVRC2012_val_00040576.JPEG,,,,20.74701500,30.80866432
1635,imagenet,1,ILSVRC2012_val_00040636.JPEG,,,,-33.16088867,3.60152006
1636,imagenet,1,ILSVRC2012_val_00040703.JPEG,,,,-35.25416946,9.32007694
1637,imagenet,1,ILSVRC2012_val_00040775.JPEG,,,,3.18514705,-8.08097458
1638,imagenet,1,ILSVRC2012_val_00040787.JPEG,,,,-23.93970680,17.66380882
1639,imagenet,1,ILSVRC2012_val_00040801.JPEG,,,,-32.95930862,17.73415565
1640,imagenet,1,ILSVRC2012_val_00040809.JPEG,,,,12.01142597,-8.38268661
1641,imagenet,1,ILSVRC2012_val_00040831.JPEG,,,,-29.40478897,-12.45600891
1642,imagenet,1,ILSVRC2012_val_00040854.JPEG,,,,-17.93572235,30.57235336
1643,imagenet,1,ILSVRC2012_val_00040860.JPEG,,,,10.84869671,29.97626305
1644,imagenet,1,ILSVRC2012_val_00040865.JPEG,,,,26.71261024,-22.90433693
1645,imagenet,1,ILSVRC2012_val_00040896.JPEG,,,,38.60780716,18.25010109
1646,imagenet,1,ILSVRC2012_val_00040900.JPEG,,,,25.81077385,27.63309097
1647,imagenet,1,ILSVRC2012_val_00040924.JPEG,,,,44.96754074,-2.88300395
1648,imagenet,1,ILSVRC2012_val_00040974.JPEG,,,,14.88439751,-21.64419937
1649,imagenet,1,ILSVRC2012_val_00041169.JPEG,,,,-15.22733784,-7.46392059
1650,imagenet,1,ILSVRC2012_val_00041214.JPEG,,,,17.78781509,-15.86190701
1651,imagenet,1,ILSVRC2012_val_00041233.JPEG,,,,34.95689774,-16.93268967
1652,imagenet,1,ILSVRC2012_val_00041241.JPEG,,,,44.81639481,6.43003130
1653,imagenet,1,ILSVRC2012_val_00041247.JPEG,,,,-36.70854568,20.77661705
1654,imagenet,1,ILSVRC2012_val_00041261.JPEG,,,,34.08964920,18.52747536
1655,imagenet,1,ILSVRC2012_val_00041323.JPEG,,,,37.25840759,-6.50524902
1656,imagenet,1,ILSVRC2012_val_00041326.JPEG,,,,30.18997574,13.49161816
1657,imagenet,1,ILSVRC2012_val_00041340.JPEG,,,,-31.19537926,18.28133583
1658,imagenet,1,ILSVRC2012_val_00041403.JPEG,,,,25.88987923,-20.54911613
1659,imagenet,1,ILSVRC2012_val_00041406.JPEG,,,,40.41639709,8.66670418
1660,imagenet,1,ILSVRC2012_val_00041411.JPEG,,,,-31.20677948,-6.09779215
1661,imagenet,1,ILSVRC2012_val_00041424.JPEG,,,,40.87088776,-13.65073013
1662,imagenet,1,ILSVRC2012_val_00041455.JPEG,,,,-34.57854080,26.77317619
1663,imagenet,1,ILSVRC2012_val_00041461.JPEG,,,,-11.92834568,-28.61500168
1664,imagenet,1,ILSVRC2012_val_00041464.JPEG,,,,38.22046661,-4.77959728
1665,imagenet,1,ILSVRC2012_val_00041489.JPEG,,,,-33.45741653,23.12469292
1666,imagenet,1,ILSVRC2012_val_00041495.JPEG,,,,6.52863169,20.31234932
1667,imagenet,1,ILSVRC2012_val_00041513.JPEG,,,,26.83872986,18.19125175
1668,imagenet,1,ILSVRC2012_val_00041591.JPEG,,,,31.99099541,23.71226311
1669,imagenet,1,ILSVRC2012_val_00041608.JPEG,,,,-16.43498993,-28.13138008
1670,imagenet,1,ILSVRC2012_val_00041609.JPEG,,,,42.32048035,10.38881397
1671,imagenet,1,ILSVRC2012_val_00041627.JPEG,,,,-39.22799301,1.14575636
1672,imagenet,1,ILSVRC2012_val_00041660.JPEG,,,,-0.65054184,39.38684464
1673,imagenet,1,ILSVRC2012_val_00041698.JPEG,,,,-25.48556900,-18.32219887
1674,imagenet,1,ILSVRC2012_val_00041728.JPEG,,,,35.23325348,-0.63391358
1675,imagenet,1,ILSVRC2012_val_00041737.JPEG,,,,26.33230209,-5.89382172
1676,imagenet,1,ILSVRC2012_val_00041777.JPEG,,,,7.74712324,11.95081520
1677,imagenet,1,ILSVRC2012_val_00041779.JPEG,,,,-20.05645561,32.86373520
1678,imagenet,1,ILSVRC2012_val_00041788.JPEG,,,,13.36818314,32.24651337
1679,imagenet,1,ILSVRC2012_val_00041819.JPEG,,,,-31.87251282,1.11016965
1680,imagenet,1,ILSVRC2012_val_00041830.JPEG,,,,38.37644577,18.35707664
1681,imagenet,1,ILSVRC2012_val_00041832.JPEG,,,,6.65248680,12.90659618
1682,imagenet,1,ILSVRC2012_val_00041848.JPEG,,,,-23.42671013,27.63658524
1683,imagenet,1,ILSVRC2012_val_00041865.JPEG,,,,30.40649223,-7.85857296
1684,imagenet,1,ILSVRC2012_val_00041926.JPEG,,,,14.23164082,-18.90377617
1685,imagenet,1,ILSVRC2012_val_00041930.JPEG,,,,2.69212055,-28.42746544
1686,imagenet,1,ILSVRC2012_val_00041934.JPEG,,,,2.32010078,-12.10060024
1687,imagenet,1,ILSVRC2012_val_00041942.JPEG,,,,-32.54699326,25.79778671
1688,imagenet,1,ILSVRC2012_val_00041954.JPEG,,,,10.74675941,-3.87239790
1689,imagenet,1,ILSVRC2012_val_00041999.JPEG,,,,-18.98783875,11.17950153
1690,imagenet,1,ILSVRC2012_val_00042024.JPEG,,,,-23.56151009,6.15367842
1691,imagenet,1,ILSVRC2012_val_00042028.JPEG,,,,-34.07360077,-16.88978004
1692,imagenet,1,ILSVRC2012_val_00042047.JPEG,,,,33.18201447,13.32848167
1693,imagenet,1,ILSVRC2012_val_00042064.JPEG,,,,-21.89585495,4.42443085
1694,imagenet,1,ILSVRC2012_val_00042138.JPEG,,,,-22.41702271,-22.33454132
1695,imagenet,1,ILSVRC2012_val_00042273.JPEG,,,,28.83371162,-10.97260761
1696,imagenet,1,ILSVRC2012_val_00042275.JPEG,,,,25.32401276,13.82928562
1697,imagenet,1,ILSVRC2012_val_00042286.JPEG,,,,-29.86295128,23.86692619
1698,imagenet,1,ILSVRC2012_val_00042303.JPEG,,,,43.23604202,9.14745712
1699,imagenet,1,ILSVRC2012_val_00042327.JPEG,,,,-22.39916992,-19.78505898
1700,imagenet,1,ILSVRC2012_val_00042338.JPEG,,,,45.30272675,10.21689606
1701,imagenet,1,ILSVRC2012_val_00042345.JPEG,,,,-34.42607117,-3.55128431
1702,imagenet,1,ILSVRC2012_val_00042374.JPEG,,,,-31.14608765,-2.50001240
1703,imagenet,1,ILSVRC2012_val_00042389.JPEG,,,,8.53956795,-13.29561615
1704,imagenet,1,ILSVRC2012_val_00042401.JPEG,,,,5.34392118,20.62103653
1705,imagenet,1,ILSVRC2012_val_00042406.JPEG,,,,-8.69110203,17.77511597
1706,imagenet,1,ILSVRC2012_val_00042445.JPEG,,,,-15.26718330,-14.78126812
1707,imagenet,1,ILSVRC2012_val_00042489.JPEG,,,,-1.65994692,16.12336731
1708,imagenet,1,ILSVRC2012_val_00042530.JPEG,,,,-18.68413544,30.50315094
1709,imagenet,1,ILSVRC2012_val_00042536.JPEG,,,,-39.83196259,-1.95966554
1710,imagenet,1,ILSVRC2012_val_00042675.JPEG,,,,14.94783592,-24.41340065
1711,imagenet,1,ILSVRC2012_val_00042714.JPEG,,,,-24.28602219,-17.84205246
1712,imagenet,1,ILSVRC2012_val_00042745.JPEG,,,,36.04566574,9.09847736
1713,imagenet,1,ILSVRC2012_val_00042773.JPEG,,,,25.19249916,24.51501656
1714,imagenet,1,ILSVRC2012_val_00042776.JPEG,,,,34.62250519,14.75698566
1715,imagenet,1,ILSVRC2012_val_00042781.JPEG,,,,23.33520508,25.64878464
1716,imagenet,1,ILSVRC2012_val_00042787.JPEG,,,,-38.21910858,1.09011614
1717,imagenet,1,ILSVRC2012_val_00042838.JPEG,,,,38.79222870,17.66167641
1718,imagenet,1,ILSVRC2012_val_00042860.JPEG,,,,-35.21550369,-18.72092819
1719,imagenet,1,ILSVRC2012_val_00042908.JPEG,,,,39.77033615,-0.77762526
1720,imagenet,1,ILSVRC2012_val_00042926.JPEG,,,,20.38460541,-0.11197609
1721,imagenet,1,ILSVRC2012_val_00042969.JPEG,,,,52.56120300,-0.04760424
1722,imagenet,1,ILSVRC2012_val_00042995.JPEG,,,,-38.64314270,-10.11383629
1723,imagenet,1,ILSVRC2012_val_00043025.JPEG,,,,22.62303162,24.09172058
1724,imagenet,1,ILSVRC2012_val_00043056.JPEG,,,,-1.61889720,-6.85967159
1725,imagenet,1,ILSVRC2012_val_00043080.JPEG,,,,20.83664131,13.10338306
1726,imagenet,1,ILSVRC2012_val_00043081.JPEG,,,,16.56136703,10.75105095
1727,imagenet,1,ILSVRC2012_val_00043097.JPEG,,,,-8.12758923,-29.29853439
1728,imagenet,1,ILSVRC2012_val_00043132.JPEG,,,,20.52462769,2.51383662
1729,imagenet,1,ILSVRC2012_val_00043179.JPEG,,,,43.56592941,1.66067374
1730,imagenet,1,ILSVRC2012_val_00043213.JPEG,,,,19.77410316,-16.25314713
1731,imagenet,1,ILSVRC2012_val_00043248.JPEG,,,,-26.97183609,20.85124969
1732,imagenet,1,ILSVRC2012_val_00043257.JPEG,,,,16.88512039,14.58800697
1733,imagenet,1,ILSVRC2012_val_00043278.JPEG,,,,-24.13432503,26.99676704
1734,imagenet,1,ILSVRC2012_val_00043280.JPEG,,,,10.92425442,-3.87993908
1735,imagenet,1,ILSVRC2012_val_00043349.JPEG,,,,-32.23172379,10.77042103
1736,imagenet,1,ILSVRC2012_val_00043368.JPEG,,,,18.11000252,-14.36327648
1737,imagenet,1,ILSVRC2012_val_00043409.JPEG,,,,-14.07110119,25.42199135
1738,imagenet,1,ILSVRC2012_val_00043424.JPEG,,,,-3.25681853,9.17370510
1739,imagenet,1,ILSVRC2012_val_00043581.JPEG,,,,43.75668335,5.75125694
1740,imagenet,1,ILSVRC2012_val_00043630.JPEG,,,,6.29011774,4.74557734
1741,imagenet,1,ILSVRC2012_val_00043637.JPEG,,,,16.01656723,31.27143097
1742,imagenet,1,ILSVRC2012_val_00043639.JPEG,,,,10.81015873,23.23380089
1743,imagenet,1,ILSVRC2012_val_00043658.JPEG,,,,-7.44559002,-3.73010516
1744,imagenet,1,ILSVRC2012_val_00043689.JPEG,,,,38.73321915,-13.45778084
1745,imagenet,1,ILSVRC2012_val_00043695.JPEG,,,,-28.25046730,-11.33775043
1746,imagenet,1,ILSVRC2012_val_00043705.JPEG,,,,20.82915497,24.76937294
1747,imagenet,1,ILSVRC2012_val_00043737.JPEG,,,,-15.73627853,32.09002304
1748,imagenet,1,ILSVRC2012_val_00043753.JPEG,,,,36.81961441,16.93477821
1749,imagenet,1,ILSVRC2012_val_00043758.JPEG,,,,-37.60336304,5.99649477
1750,imagenet,1,ILSVRC2012_val_00043794.JPEG,,,,8.42508984,21.95091629
1751,imagenet,1,ILSVRC2012_val_00043925.JPEG,,,,-3.63085508,32.74728394
1752,imagenet,1,ILSVRC2012_val_00043931.JPEG,,,,-0.08928375,32.89659500
1753,imagenet,1,ILSVRC2012_val_00043932.JPEG,,,,13.30037022,30.74499702
1754,imagenet,1,ILSVRC2012_val_00043957.JPEG,,,,49.98373032,-1.93427861
1755,imagenet,1,ILSVRC2012_val_00043968.JPEG,,,,-9.51107121,8.91716957
1756,imagenet,1,ILSVRC2012_val_00044001.JPEG,,,,-31.41987228,20.07858467
1757,imagenet,1,ILSVRC2012_val_00044104.JPEG,,,,17.50382042,-9.47135448
1758,imagenet,1,ILSVRC2012_val_00044124.JPEG,,,,-3.69652462,36.83984375
1759,imagenet,1,ILSVRC2012_val_00044179.JPEG,,,,11.73171043,-14.48572731
1760,imagenet,1,ILSVRC2012_val_00044243.JPEG,,,,9.55027294,-15.87986851
1761,imagenet,1,ILSVRC2012_val_00044246.JPEG,,,,39.77577209,-7.76061964
1762,imagenet,1,ILSVRC2012_val_00044255.JPEG,,,,30.00182915,23.73076057
1763,imagenet,1,ILSVRC2012_val_00044264.JPEG,,,,32.68963242,-21.58646965
1764,imagenet,1,ILSVRC2012_val_00044269.JPEG,,,,30.52312279,26.38238907
1765,imagenet,1,ILSVRC2012_val_00044273.JPEG,,,,-26.40410042,31.45117950
1766,imagenet,1,ILSVRC2012_val_00044299.JPEG,,,,10.03673077,34.68844604
1767,imagenet,1,ILSVRC2012_val_00044315.JPEG,,,,-30.71617508,7.02896023
1768,imagenet,1,ILSVRC2012_val_00044322.JPEG,,,,46.22366714,3.21896696
1769,imagenet,1,ILSVRC2012_val_00044342.JPEG,,,,23.98794746,-21.97746849
1770,imagenet,1,ILSVRC2012_val_00044417.JPEG,,,,-36.54217148,15.37500763
1771,imagenet,1,ILSVRC2012_val_00044428.JPEG,,,,-35.01083755,24.12874031
1772,imagenet,1,ILSVRC2012_val_00044439.JPEG,,,,37.13705444,22.28101730
1773,imagenet,1,ILSVRC2012_val_00044458.JPEG,,,,21.86306190,-20.25745392
1774,imagenet,1,ILSVRC2012_val_00044491.JPEG,,,,26.67565346,3.15494037
1775,imagenet,1,ILSVRC2012_val_00044493.JPEG,,,,-40.20159912,6.34600735
1776,imagenet,1,ILSVRC2012_val_00044503.JPEG,,,,-8.59134960,-22.83412552
1777,imagenet,1,ILSVRC2012_val_00044540.JPEG,,,,-3.62044072,8.87785912
1778,imagenet,1,ILSVRC2012_val_00044583.JPEG,,,,19.02718925,-3.35415220
1779,imagenet,1,ILSVRC2012_val_00044620.JPEG,,,,30.97040749,23.32374954
1780,imagenet,1,ILSVRC2012_val_00044683.JPEG,,,,-36.49655533,4.22481585
1781,imagenet,1,ILSVRC2012_val_00044700.JPEG,,,,-13.84634399,-26.24329948
1782,imagenet,1,ILSVRC2012_val_00044706.JPEG,,,,-25.34744453,-13.13328171
1783,imagenet,1,ILSVRC2012_val_00044784.JPEG,,,,47.59937286,2.91191769
1784,imagenet,1,ILSVRC2012_val_00044801.JPEG,,,,15.70779610,-20.78393745
1785,imagenet,1,ILSVRC2012_val_00044818.JPEG,,,,-8.75333786,9.18945122
1786,imagenet,1,ILSVRC2012_val_00044947.JPEG,,,,35.14332581,4.52020597
1787,imagenet,1,ILSVRC2012_val_00044971.JPEG,,,,10.66630554,-8.97251034
1788,imagenet,1,ILSVRC2012_val_00044985.JPEG,,,,-34.07007217,-5.43513489
1789,imagenet,1,ILSVRC2012_val_00045024.JPEG,,,,-5.04963541,-27.60803795
1790,imagenet,1,ILSVRC2012_val_00045056.JPEG,,,,-27.58942032,2.52809954
1791,imagenet,1,ILSVRC2012_val_00045117.JPEG,,,,-38.59426498,-3.98416805
1792,imagenet,1,ILSVRC2012_val_00045222.JPEG,,,,28.84814262,1.17867887
1793,imagenet,1,ILSVRC2012_val_00045269.JPEG,,,,-25.56821632,23.94025993
1794,imagenet,1,ILSVRC2012_val_00045276.JPEG,,,,17.85720444,-20.34797287
1795,imagenet,1,ILSVRC2012_val_00045281.JPEG,,,,31.23277855,-8.42964935
1796,imagenet,1,ILSVRC2012_val_00045296.JPEG,,,,23.43982124,-18.89107323
1797,imagenet,1,ILSVRC2012_val_00045301.JPEG,,,,38.38818359,4.56872511
1798,imagenet,1,ILSVRC2012_val_00045309.JPEG,,,,25.75839424,-12.47054386
1799,imagenet,1,ILSVRC2012_val_00045329.JPEG,,,,6.36814213,26.64109230
1800,imagenet,1,ILSVRC2012_val_00045357.JPEG,,,,-33.43699265,11.28900146
1801,imagenet,1,ILSVRC2012_val_00045359.JPEG,,,,15.93195438,-12.28983784
1802,imagenet,1,ILSVRC2012_val_00045390.JPEG,,,,24.61560631,13.75980377
1803,imagenet,1,ILSVRC2012_val_00045391.JPEG,,,,30.18994141,-14.24553299
1804,imagenet,1,ILSVRC2012_val_00045404.JPEG,,,,36.05484772,-16.52572441
1805,imagenet,1,ILSVRC2012_val_00045431.JPEG,,,,-37.14531326,-7.64071703
1806,imagenet,1,ILSVRC2012_val_00045447.JPEG,,,,-26.09610558,-5.44018507
1807,imagenet,1,ILSVRC2012_val_00045497.JPEG,,,,32.95000458,-3.23868942
1808,imagenet,1,ILSVRC2012_val_00045519.JPEG,,,,42.04988480,3.30086803
1809,imagenet,1,ILSVRC2012_val_00045552.JPEG,,,,8.65976429,-55.20229340
1810,imagenet,1,ILSVRC2012_val_00045575.JPEG,,,,37.01480865,-1.55094635
1811,imagenet,1,ILSVRC2012_val_00045598.JPEG,,,,-11.21334076,22.02115440
1812,imagenet,1,ILSVRC2012_val_00045609.JPEG,,,,-6.48552752,-0.07545058
1813,imagenet,1,ILSVRC2012_val_00045698.JPEG,,,,-17.56713676,0.19665903
1814,imagenet,1,ILSVRC2012_val_00045802.JPEG,,,,-0.85460263,34.63438797
1815,imagenet,1,ILSVRC2012_val_00045805.JPEG,,,,-9.52412319,-7.66476011
1816,imagenet,1,ILSVRC2012_val_00045815.JPEG,,,,-23.67314720,18.12648582
1817,imagenet,1,ILSVRC2012_val_00045835.JPEG,,,,-44.04647064,-0.04091869
1818,imagenet,1,ILSVRC2012_val_00045842.JPEG,,,,-30.04342842,29.03798294
1819,imagenet,1,ILSVRC2012_val_00045848.JPEG,,,,16.16316223,-25.77498055
1820,imagenet,1,ILSVRC2012_val_00045888.JPEG,,,,49.36705780,2.04356694
1821,imagenet,1,ILSVRC2012_val_00045917.JPEG,,,,-7.98942566,6.26650620
1822,imagenet,1,ILSVRC2012_val_00045941.JPEG,,,,25.39659691,1.25707650
1823,imagenet,1,ILSVRC2012_val_00045954.JPEG,,,,21.29262161,-10.43316746
1824,imagenet,1,ILSVRC2012_val_00045956.JPEG,,,,-8.33616352,33.44186783
1825,imagenet,1,ILSVRC2012_val_00045996.JPEG,,,,-32.52950668,3.84054041
1826,imagenet,1,ILSVRC2012_val_00046091.JPEG,,,,4.52300072,25.48886681
1827,imagenet,1,ILSVRC2012_val_00046104.JPEG,,,,-29.05213165,30.45545769
1828,imagenet,1,ILSVRC2012_val_00046130.JPEG,,,,-17.98900795,-11.96192741
1829,imagenet,1,ILSVRC2012_val_00046135.JPEG,,,,27.16663361,24.36066437
1830,imagenet,1,ILSVRC2012_val_00046149.JPEG,,,,4.09259319,-13.59462070
1831,imagenet,1,ILSVRC2012_val_00046190.JPEG,,,,15.26783085,36.49748993
1832,imagenet,1,ILSVRC2012_val_00046196.JPEG,,,,23.84194946,-13.97439957
1833,imagenet,1,ILSVRC2012_val_00046232.JPEG,,,,-27.37191391,20.49286652
1834,imagenet,1,ILSVRC2012_val_00046256.JPEG,,,,-18.79442024,29.56084061
1835,imagenet,1,ILSVRC2012_val_00046275.JPEG,,,,13.82223606,-21.09357262
1836,imagenet,1,ILSVRC2012_val_00046292.JPEG,,,,-4.06669760,-15.61564255
1837,imagenet,1,ILSVRC2012_val_00046297.JPEG,,,,0.64149481,37.31493759
1838,imagenet,1,ILSVRC2012_val_00046303.JPEG,,,,-7.24601316,33.60909271
1839,imagenet,1,ILSVRC2012_val_00046311.JPEG,,,,-32.14733887,13.54769039
1840,imagenet,1,ILSVRC2012_val_00046360.JPEG,,,,14.50485134,-27.04640770
1841,imagenet,1,ILSVRC2012_val_00046366.JPEG,,,,-23.86357689,-15.80893326
1842,imagenet,1,ILSVRC2012_val_00046381.JPEG,,,,44.67185211,4.24264526
1843,imagenet,1,ILSVRC2012_val_00046394.JPEG,,,,-2.45415044,16.74674225
1844,imagenet,1,ILSVRC2012_val_00046476.JPEG,,,,24.01663399,-14.79860115
1845,imagenet,1,ILSVRC2012_val_00046477.JPEG,,,,-14.50823307,4.02875376
1846,imagenet,1,ILSVRC2012_val_00046516.JPEG,,,,38.54973221,16.76135635
1847,imagenet,1,ILSVRC2012_val_00046552.JPEG,,,,-37.25321960,-9.38901234
1848,imagenet,1,ILSVRC2012_val_00046586.JPEG,,,,40.12046432,-0.68395114
1849,imagenet,1,ILSVRC2012_val_00046605.JPEG,,,,-25.88400269,-19.02742577
1850,imagenet,1,ILSVRC2012_val_00046669.JPEG,,,,7.66600466,-15.24715042
1851,imagenet,1,ILSVRC2012_val_00046696.JPEG,,,,3.42766213,2.62561059
1852,imagenet,1,ILSVRC2012_val_00046705.JPEG,,,,2.48956227,19.99698830
1853,imagenet,1,ILSVRC2012_val_00046719.JPEG,,,,15.81131840,6.80951500
1854,imagenet,1,ILSVRC2012_val_00046723.JPEG,,,,49.00824356,4.58123302
1855,imagenet,1,ILSVRC2012_val_00046755.JPEG,,,,-26.83779716,-10.49041080
1856,imagenet,1,ILSVRC2012_val_00046796.JPEG,,,,-6.08372355,-19.55199432
1857,imagenet,1,ILSVRC2012_val_00046820.JPEG,,,,-21.71191025,6.79660940
1858,imagenet,1,ILSVRC2012_val_00046850.JPEG,,,,44.97056580,2.37891459
1859,imagenet,1,ILSVRC2012_val_00046871.JPEG,,,,50.54904556,10.67763615
1860,imagenet,1,ILSVRC2012_val_00046878.JPEG,,,,-32.77852631,-2.18502784
1861,imagenet,1,ILSVRC2012_val_00046894.JPEG,,,,-3.62823462,34.35990524
1862,imagenet,1,ILSVRC2012_val_00046906.JPEG,,,,45.87626648,7.04289389
1863,imagenet,1,ILSVRC2012_val_00046916.JPEG,,,,-6.78167391,14.15360928
1864,imagenet,1,ILSVRC2012_val_00046929.JPEG,,,,-11.77829742,-15.20532894
1865,imagenet,1,ILSVRC2012_val_00046940.JPEG,,,,-15.60121632,-24.48874855
1866,imagenet,1,ILSVRC2012_val_00046971.JPEG,,,,36.33129501,-8.27042770
1867,imagenet,1,ILSVRC2012_val_00046974.JPEG,,,,14.10311794,15.54811478
1868,imagenet,1,ILSVRC2012_val_00046976.JPEG,,,,50.57225418,8.22993469
1869,imagenet,1,ILSVRC2012_val_00046979.JPEG,,,,9.99448395,-13.43491459
1870,imagenet,1,ILSVRC2012_val_00046983.JPEG,,,,11.79741669,3.18865395
1871,imagenet,1,ILSVRC2012_val_00047067.JPEG,,,,-44.37870026,6.45611811
1872,imagenet,1,ILSVRC2012_val_00047129.JPEG,,,,14.93481827,34.21642303
1873,imagenet,1,ILSVRC2012_val_00047175.JPEG,,,,-32.23331070,23.70531273
1874,imagenet,1,ILSVRC2012_val_00047224.JPEG,,,,-44.59775543,1.21596706
1875,imagenet,1,ILSVRC2012_val_00047281.JPEG,,,,-3.96412444,20.81535339
1876,imagenet,1,ILSVRC2012_val_00047305.JPEG,,,,11.03990841,33.65509033
1877,imagenet,1,ILSVRC2012_val_00047308.JPEG,,,,23.08189964,21.00480843
1878,imagenet,1,ILSVRC2012_val_00047323.JPEG,,,,-12.96783161,-15.39521790
1879,imagenet,1,ILSVRC2012_val_00047341.JPEG,,,,11.74934292,22.56014061
1880,imagenet,1,ILSVRC2012_val_00047381.JPEG,,,,-7.80377769,-18.88932228
1881,imagenet,1,ILSVRC2012_val_00047417.JPEG,,,,27.38350296,14.78902435
1882,imagenet,1,ILSVRC2012_val_00047452.JPEG,,,,-32.03642654,-14.82437134
1883,imagenet,1,ILSVRC2012_val_00047469.JPEG,,,,-42.06230927,-3.73944998
1884,imagenet,1,ILSVRC2012_val_00047476.JPEG,,,,1.72137606,15.15529442
1885,imagenet,1,ILSVRC2012_val_00047484.JPEG,,,,-19.12557030,-13.76163101
1886,imagenet,1,ILSVRC2012_val_00047505.JPEG,,,,4.19923019,5.54715681
1887,imagenet,1,ILSVRC2012_val_00047552.JPEG,,,,35.09467316,24.12421417
1888,imagenet,1,ILSVRC2012_val_00047569.JPEG,,,,-4.53282452,-28.93613052
1889,imagenet,1,ILSVRC2012_val_00047606.JPEG,,,,-8.74142647,-12.53539848
1890,imagenet,1,ILSVRC2012_val_00047666.JPEG,,,,35.86780548,24.44400978
1891,imagenet,1,ILSVRC2012_val_00047701.JPEG,,,,-19.66984367,30.65194321
1892,imagenet,1,ILSVRC2012_val_00047722.JPEG,,,,16.29729843,11.46081257
1893,imagenet,1,ILSVRC2012_val_00047723.JPEG,,,,-5.86019611,-28.21766281
1894,imagenet,1,ILSVRC2012_val_00047727.JPEG,,,,33.48742676,20.69186592
1895,imagenet,1,ILSVRC2012_val_00047728.JPEG,,,,36.70389175,13.98869038
1896,imagenet,1,ILSVRC2012_val_00047739.JPEG,,,,19.24744225,30.01976967
1897,imagenet,1,ILSVRC2012_val_00047763.JPEG,,,,-37.83332443,21.39910698
1898,imagenet,1,ILSVRC2012_val_00047767.JPEG,,,,-25.34479713,18.97849655
1899,imagenet,1,ILSVRC2012_val_00047823.JPEG,,,,7.88897610,22.75138092
1900,imagenet,1,ILSVRC2012_val_00047848.JPEG,,,,49.44563675,8.76338196
1901,imagenet,1,ILSVRC2012_val_00047873.JPEG,,,,-33.59093094,20.04534149
1902,imagenet,1,ILSVRC2012_val_00047881.JPEG,,,,-29.67622757,4.76562166
1903,imagenet,1,ILSVRC2012_val_00047921.JPEG,,,,32.26775742,-7.48294115
1904,imagenet,1,ILSVRC2012_val_00047952.JPEG,,,,-34.46612167,-14.39276409
1905,imagenet,1,ILSVRC2012_val_00047959.JPEG,,,,-2.16115546,-2.45580983
1906,imagenet,1,ILSVRC2012_val_00047963.JPEG,,,,-4.18558693,20.05004883
1907,imagenet,1,ILSVRC2012_val_00047967.JPEG,,,,10.13013268,27.80966568
1908,imagenet,1,ILSVRC2012_val_00047996.JPEG,,,,5.47353649,17.60698509
1909,imagenet,1,ILSVRC2012_val_00048013.JPEG,,,,24.90991974,9.47774696
1910,imagenet,1,ILSVRC2012_val_00048039.JPEG,,,,-24.45757866,-4.61523867
1911,imagenet,1,ILSVRC2012_val_00048071.JPEG,,,,-10.84363365,-0.52806342
1912,imagenet,1,ILSVRC2012_val_00048110.JPEG,,,,-13.65354729,-12.09496784
1913,imagenet,1,ILSVRC2012_val_00048134.JPEG,,,,-11.59948254,2.03738093
1914,imagenet,1,ILSVRC2012_val_00048136.JPEG,,,,37.05025482,-0.97925550
1915,imagenet,1,ILSVRC2012_val_00048190.JPEG,,,,-5.22603083,-9.99781990
1916,imagenet,1,ILSVRC2012_val_00048205.JPEG,,,,-28.12202835,-15.71642208
1917,imagenet,1,ILSVRC2012_val_00048206.JPEG,,,,52.25601196,8.20254803
1918,imagenet,1,ILSVRC2012_val_00048217.JPEG,,,,50.82411194,11.07686138
1919,imagenet,1,ILSVRC2012_val_00048222.JPEG,,,,-36.00387955,13.02452946
1920,imagenet,1,ILSVRC2012_val_00048231.JPEG,,,,-30.67597389,-3.39133978
1921,imagenet,1,ILSVRC2012_val_00048275.JPEG,,,,-37.53790283,-3.83136129
1922,imagenet,1,ILSVRC2012_val_00048316.JPEG,,,,-1.10741580,2.54745054
1923,imagenet,1,ILSVRC2012_val_00048335.JPEG,,,,31.92814827,8.76838398
1924,imagenet,1,ILSVRC2012_val_00048341.JPEG,,,,-33.91019440,10.34166241
1925,imagenet,1,ILSVRC2012_val_00048355.JPEG,,,,-2.07820296,3.16693377
1926,imagenet,1,ILSVRC2012_val_00048370.JPEG,,,,-27.32778168,19.14541054
1927,imagenet,1,ILSVRC2012_val_00048425.JPEG,,,,-1.68005562,-30.41167450
1928,imagenet,1,ILSVRC2012_val_00048426.JPEG,,,,-40.40305710,19.93268394
1929,imagenet,1,ILSVRC2012_val_00048427.JPEG,,,,20.64241600,18.73790932
1930,imagenet,1,ILSVRC2012_val_00048544.JPEG,,,,-1.22040725,-18.71566582
1931,imagenet,1,ILSVRC2012_val_00048554.JPEG,,,,-32.25267410,-13.20672607
1932,imagenet,1,ILSVRC2012_val_00048556.JPEG,,,,36.18888855,-9.73487854
1933,imagenet,1,ILSVRC2012_val_00048559.JPEG,,,,32.29919052,6.16268396
1934,imagenet,1,ILSVRC2012_val_00048560.JPEG,,,,-31.94133568,15.65312290
1935,imagenet,1,ILSVRC2012_val_00048613.JPEG,,,,21.91975784,15.88348961
1936,imagenet,1,ILSVRC2012_val_00048615.JPEG,,,,-24.35925102,-5.03012037
1937,imagenet,1,ILSVRC2012_val_00048616.JPEG,,,,37.35953522,-3.55580592
1938,imagenet,1,ILSVRC2012_val_00048626.JPEG,,,,10.90713024,3.69813943
1939,imagenet,1,ILSVRC2012_val_00048632.JPEG,,,,19.79220009,28.57763481
1940,imagenet,1,ILSVRC2012_val_00048633.JPEG,,,,18.06571388,30.12205124
1941,imagenet,1,ILSVRC2012_val_00048644.JPEG,,,,40.43394852,-6.82576990
1942,imagenet,1,ILSVRC2012_val_00048663.JPEG,,,,2.91969776,19.88517761
1943,imagenet,1,ILSVRC2012_val_00048708.JPEG,,,,-2.30458283,8.76127911
1944,imagenet,1,ILSVRC2012_val_00048744.JPEG,,,,-0.09912278,-12.10803032
1945,imagenet,1,ILSVRC2012_val_00048802.JPEG,,,,42.38780594,-1.91853642
1946,imagenet,1,ILSVRC2012_val_00048805.JPEG,,,,13.00318050,35.83916473
1947,imagenet,1,ILSVRC2012_val_00048815.JPEG,,,,-20.00913429,29.58694649
1948,imagenet,1,ILSVRC2012_val_00048825.JPEG,,,,-3.23175454,-8.88620758
1949,imagenet,1,ILSVRC2012_val_00048831.JPEG,,,,-36.16600800,-1.38880146
1950,imagenet,1,ILSVRC2012_val_00048851.JPEG,,,,10.23855400,32.07239151
1951,imagenet,1,ILSVRC2012_val_00048869.JPEG,,,,-36.29139328,-6.35007000
1952,imagenet,1,ILSVRC2012_val_00048907.JPEG,,,,-3.21697569,31.18089104
1953,imagenet,1,ILSVRC2012_val_00048912.JPEG,,,,-14.17436695,8.58757496
1954,imagenet,1,ILSVRC2012_val_00048926.JPEG,,,,20.70322418,12.92758560
1955,imagenet,1,ILSVRC2012_val_00048942.JPEG,,,,39.93197632,4.29695177
1956,imagenet,1,ILSVRC2012_val_00048955.JPEG,,,,35.11713409,17.96048355
1957,imagenet,1,ILSVRC2012_val_00048960.JPEG,,,,29.58457184,-11.43743896
1958,imagenet,1,ILSVRC2012_val_00048970.JPEG,,,,50.32759094,4.93066835
1959,imagenet,1,ILSVRC2012_val_00049060.JPEG,,,,-23.05734253,-16.22725677
1960,imagenet,1,ILSVRC2012_val_00049083.JPEG,,,,-0.24951275,-13.74196720
1961,imagenet,1,ILSVRC2012_val_00049118.JPEG,,,,-43.20486832,5.29762888
1962,imagenet,1,ILSVRC2012_val_00049149.JPEG,,,,6.33267355,-13.55414486
1963,imagenet,1,ILSVRC2012_val_00049287.JPEG,,,,-0.88922721,2.71590185
1964,imagenet,1,ILSVRC2012_val_00049311.JPEG,,,,7.01294613,33.18969345
1965,imagenet,1,ILSVRC2012_val_00049333.JPEG,,,,-39.52549362,-6.07934618
1966,imagenet,1,ILSVRC2012_val_00049354.JPEG,,,,-46.38863373,-6.49100351
1967,imagenet,1,ILSVRC2012_val_00049385.JPEG,,,,9.14477062,0.47573826
1968,imagenet,1,ILSVRC2012_val_00049402.JPEG,,,,-33.82749939,-19.92073250
1969,imagenet,1,ILSVRC2012_val_00049442.JPEG,,,,3.70337963,-24.81852531
1970,imagenet,1,ILSVRC2012_val_00049472.JPEG,,,,14.62429047,33.12554932
1971,imagenet,1,ILSVRC2012_val_00049484.JPEG,,,,20.24253845,-6.68956518
1972,imagenet,1,ILSVRC2012_val_00049490.JPEG,,,,-1.80240917,35.11800385
1973,imagenet,1,ILSVRC2012_val_00049494.JPEG,,,,-45.37819290,-4.96685171
1974,imagenet,1,ILSVRC2012_val_00049539.JPEG,,,,52.11120605,3.03076959
1975,imagenet,1,ILSVRC2012_val_00049543.JPEG,,,,1.37063408,-21.57181931
1976,imagenet,1,ILSVRC2012_val_00049545.JPEG,,,,20.28421402,-13.87809086
1977,imagenet,1,ILSVRC2012_val_00049560.JPEG,,,,-16.87707329,-7.26573420
1978,imagenet,1,ILSVRC2012_val_00049563.JPEG,,,,-15.57200432,30.38970375
1979,imagenet,1,ILSVRC2012_val_00049564.JPEG,,,,15.50312519,26.68198395
1980,imagenet,1,ILSVRC2012_val_00049616.JPEG,,,,-42.30395508,-7.12368917
1981,imagenet,1,ILSVRC2012_val_00049635.JPEG,,,,24.85575867,16.36725616
1982,imagenet,1,ILSVRC2012_val_00049644.JPEG,,,,-6.23534584,17.73093033
1983,imagenet,1,ILSVRC2012_val_00049666.JPEG,,,,-10.22221947,-6.65927601
1984,imagenet,1,ILSVRC2012_val_00049671.JPEG,,,,-37.70002365,-4.62211180
1985,imagenet,1,ILSVRC2012_val_00049706.JPEG,,,,26.31166077,18.94712257
1986,imagenet,1,ILSVRC2012_val_00049710.JPEG,,,,-20.46852112,21.46368790
1987,imagenet,1,ILSVRC2012_val_00049726.JPEG,,,,-37.09320450,-5.21046734
1988,imagenet,1,ILSVRC2012_val_00049737.JPEG,,,,-35.55390167,11.35981464
1989,imagenet,1,ILSVRC2012_val_00049742.JPEG,,,,24.08257675,-0.83794481
1990,imagenet,1,ILSVRC2012_val_00049746.JPEG,,,,5.80808735,20.64697075
1991,imagenet,1,ILSVRC2012_val_00049757.JPEG,,,,-18.43831253,-24.18890190
1992,imagenet,1,ILSVRC2012_val_00049828.JPEG,,,,31.15038490,-1.29835033
1993,imagenet,1,ILSVRC2012_val_00049844.JPEG,,,,40.64228439,-13.27116013
1994,imagenet,1,ILSVRC2012_val_00049855.JPEG,,,,-10.69083405,15.19409275
1995,imagenet,1,ILSVRC2012_val_00049891.JPEG,,,,-33.32682037,-15.68034458
1996,imagenet,1,ILSVRC2012_val_00049909.JPEG,,,,-41.21466064,0.26372534
1997,imagenet,1,ILSVRC2012_val_00049961.JPEG,,,,-18.83061028,17.46026993
1998,imagenet,1,ILSVRC2012_val_00049968.JPEG,,,,45.02812958,6.41170931
1999,imagenet,1,ILSVRC2012_val_00049975.JPEG,,,,12.61890316,35.64150620
4093,timesx,1,CropsAndStaples__rice_usd_cwt_96_12_12_10events__20250611T000000,CropsAndStaples__rice_usd_cwt_96_12_12_10events,middle,0,3.52239084,-63.07636642
4094,timesx,1,CropsAndStaples__rice_usd_cwt_96_12_12_10events__20250630T000000,CropsAndStaples__rice_usd_cwt_96_12_12_10events,middle,0,6.71842098,-62.95323181
4095,timesx,1,CropsAndStaples__rice_usd_cwt_96_12_12_10events__20250717T000000,CropsAndStaples__rice_usd_cwt_96_12_12_10events,middle,0,3.78170013,-63.85356903
4096,timesx,1,CropsAndStaples__rice_usd_cwt_96_12_12_10events__20250804T000000,CropsAndStaples__rice_usd_cwt_96_12_12_10events,middle,0,5.16131687,-61.99083710
4097,timesx,1,CropsAndStaples__rice_usd_cwt_96_12_12_10events__20250820T000000,CropsAndStaples__rice_usd_cwt_96_12_12_10events,middle,0,3.74551725,-63.65214539
4098,timesx,1,CropsAndStaples__rice_usd_cwt_96_12_12_10events__20250908T000000,CropsAndStaples__rice_usd_cwt_96_12_12_10events,middle,0,3.76235104,-61.20853806
4099,timesx,1,CropsAndStaples__rice_usd_cwt_96_12_12_10events__20250924T000000,CropsAndStaples__rice_usd_cwt_96_12_12_10events,middle,0,5.12177610,-61.51129532
4100,timesx,1,CropsAndStaples__rice_usd_cwt_96_12_12_10events__20251010T000000,CropsAndStaples__rice_usd_cwt_96_12_12_10events,middle,0,2.70902658,-60.37646484
4101,timesx,1,CropsAndStaples__rice_usd_cwt_96_12_12_10events__20251028T000000,CropsAndStaples__rice_usd_cwt_96_12_12_10events,middle,0,4.04149485,-59.58617020
4102,timesx,1,CropsAndStaples__rice_usd_cwt_96_12_12_10events__20251113T000000,CropsAndStaples__rice_usd_cwt_96_12_12_10events,middle,0,3.27441573,-60.03820038
4103,timesx,1,CropsAndStaples__rice_usd_cwt_96_12_12_10events__20251201T000000,CropsAndStaples__rice_usd_cwt_96_12_12_10events,middle,0,4.16824865,-59.91336441
4104,timesx,1,CropsAndStaples__rice_usd_cwt_96_12_12_10events__20251217T000000,CropsAndStaples__rice_usd_cwt_96_12_12_10events,middle,0,3.00169635,-60.10964966
4105,timesx,1,CropsAndStaples__rice_usd_cwt_96_12_12_10events__20260105T000000,CropsAndStaples__rice_usd_cwt_96_12_12_10events,middle,0,4.03713989,-59.77363586
4106,timesx,1,CropsAndStaples__rice_usd_cwt_96_12_12_10events__20260122T000000,CropsAndStaples__rice_usd_cwt_96_12_12_10events,middle,0,4.45692492,-61.69202805
4107,timesx,1,CropsAndStaples__rice_usd_cwt_96_12_12_10events__20260209T000000,CropsAndStaples__rice_usd_cwt_96_12_12_10events,middle,0,4.64075994,-61.07191467
4108,timesx,1,CropsAndStaples__rice_usd_cwt_96_12_12_10events__20260226T000000,CropsAndStaples__rice_usd_cwt_96_12_12_10events,middle,0,3.80711365,-62.34355927
4109,timesx,1,CropsAndStaples__rice_usd_cwt_96_12_12_10events__20260316T000000,CropsAndStaples__rice_usd_cwt_96_12_12_10events,middle,0,8.20496559,-67.00194550
4983,timesx,1,arts__food_wine_festivals_96_12_4_10events__20250119T000000,arts__food_wine_festivals_96_12_4_10events,middle,1,8.81968403,-64.03194427
4984,timesx,1,arts__food_wine_festivals_96_12_4_10events__20250216T000000,arts__food_wine_festivals_96_12_4_10events,middle,1,7.64604902,-65.43839264
4985,timesx,1,arts__food_wine_festivals_96_12_4_10events__20250316T000000,arts__food_wine_festivals_96_12_4_10events,middle,1,7.15061140,-67.72485352
4986,timesx,1,arts__food_wine_festivals_96_12_4_10events__20250413T000000,arts__food_wine_festivals_96_12_4_10events,middle,1,5.30393171,-68.20955658
5023,timesx,1,climate__endangered_species_96_12_4_10events__20250803T000000,climate__endangered_species_96_12_4_10events,middle,2,4.28428936,-64.35243225
5024,timesx,1,climate__endangered_species_96_12_4_10events__20250831T000000,climate__endangered_species_96_12_4_10events,middle,2,9.46535397,-64.14115906
5025,timesx,1,climate__endangered_species_96_12_4_10events__20250928T000000,climate__endangered_species_96_12_4_10events,middle,2,11.30550385,-65.57048035
5026,timesx,1,climate__endangered_species_96_12_4_10events__20251026T000000,climate__endangered_species_96_12_4_10events,middle,2,8.56869888,-69.40881348
5027,timesx,1,climate__endangered_species_96_12_4_10events__20251123T000000,climate__endangered_species_96_12_4_10events,middle,2,1.28466296,-69.66371918
5028,timesx,1,climate__endangered_species_96_12_4_10events__20251221T000000,climate__endangered_species_96_12_4_10events,middle,2,0.52421832,-67.75549316
5059,timesx,1,climate__sustainable_fashion_96_12_4_10events__20250803T000000,climate__sustainable_fashion_96_12_4_10events,worst,3,9.28433704,-65.33917999
5060,timesx,1,climate__sustainable_fashion_96_12_4_10events__20250831T000000,climate__sustainable_fashion_96_12_4_10events,worst,3,9.30987072,-66.76538086
5061,timesx,1,climate__sustainable_fashion_96_12_4_10events__20250928T000000,climate__sustainable_fashion_96_12_4_10events,worst,3,8.96655750,-68.16351318
5062,timesx,1,climate__sustainable_fashion_96_12_4_10events__20251026T000000,climate__sustainable_fashion_96_12_4_10events,worst,3,3.01556635,-70.34954071
5063,timesx,1,climate__sustainable_fashion_96_12_4_10events__20251123T000000,climate__sustainable_fashion_96_12_4_10events,worst,3,1.89755154,-69.06526184
5064,timesx,1,climate__sustainable_fashion_96_12_4_10events__20251221T000000,climate__sustainable_fashion_96_12_4_10events,worst,3,3.73032260,-69.14586639
5071,timesx,1,economy__cost_of_living_96_12_4_10events__20250803T000000,economy__cost_of_living_96_12_4_10events,worst,4,10.16419792,-67.17922211
5072,timesx,1,economy__cost_of_living_96_12_4_10events__20250831T000000,economy__cost_of_living_96_12_4_10events,worst,4,6.78658772,-67.42976379
5073,timesx,1,economy__cost_of_living_96_12_4_10events__20250928T000000,economy__cost_of_living_96_12_4_10events,worst,4,5.07306194,-67.62908936
5074,timesx,1,economy__cost_of_living_96_12_4_10events__20251026T000000,economy__cost_of_living_96_12_4_10events,worst,4,2.91396642,-68.18910217
5075,timesx,1,economy__cost_of_living_96_12_4_10events__20251123T000000,economy__cost_of_living_96_12_4_10events,worst,4,3.87622142,-66.66337585
5076,timesx,1,economy__cost_of_living_96_12_4_10events__20251221T000000,economy__cost_of_living_96_12_4_10events,worst,4,7.62574196,-66.60382843
5161,timesx,1,electronic_technology__drones_96_12_4_10events__20250803T000000,electronic_technology__drones_96_12_4_10events,best,5,-2.57772231,-62.87001419
5162,timesx,1,electronic_technology__drones_96_12_4_10events__20250831T000000,electronic_technology__drones_96_12_4_10events,best,5,-1.74934256,-63.14112854
5163,timesx,1,electronic_technology__drones_96_12_4_10events__20250928T000000,electronic_technology__drones_96_12_4_10events,best,5,-1.17415655,-62.94439697
5164,timesx,1,electronic_technology__drones_96_12_4_10events__20251026T000000,electronic_technology__drones_96_12_4_10events,best,5,-1.24383247,-63.64687347
5165,timesx,1,electronic_technology__drones_96_12_4_10events__20251123T000000,electronic_technology__drones_96_12_4_10events,best,5,9.37560558,-59.93042755
5166,timesx,1,electronic_technology__drones_96_12_4_10events__20251221T000000,electronic_technology__drones_96_12_4_10events,best,5,-2.69942594,-63.73948669
5203,timesx,1,finance__financial_regulation_96_12_4_10events__20250803T000000,finance__financial_regulation_96_12_4_10events,worst,6,9.21730804,-66.51196289
5204,timesx,1,finance__financial_regulation_96_12_4_10events__20250831T000000,finance__financial_regulation_96_12_4_10events,worst,6,8.80892658,-67.39366150
5205,timesx,1,finance__financial_regulation_96_12_4_10events__20250928T000000,finance__financial_regulation_96_12_4_10events,worst,6,8.19803524,-69.17903137
5206,timesx,1,finance__financial_regulation_96_12_4_10events__20251026T000000,finance__financial_regulation_96_12_4_10events,worst,6,2.13820529,-69.78633881
5207,timesx,1,finance__financial_regulation_96_12_4_10events__20251123T000000,finance__financial_regulation_96_12_4_10events,worst,6,3.72224092,-69.61407471
5208,timesx,1,finance__financial_regulation_96_12_4_10events__20251221T000000,finance__financial_regulation_96_12_4_10events,worst,6,4.24610186,-69.54815674
5263,timesx,1,pets__animal_welfare_96_12_4_10events__20250803T000000,pets__animal_welfare_96_12_4_10events,worst,7,10.64029884,-64.96234131
5264,timesx,1,pets__animal_welfare_96_12_4_10events__20250831T000000,pets__animal_welfare_96_12_4_10events,worst,7,9.59367657,-67.43719482
5265,timesx,1,pets__animal_welfare_96_12_4_10events__20250928T000000,pets__animal_welfare_96_12_4_10events,worst,7,8.53511810,-68.21385193
5266,timesx,1,pets__animal_welfare_96_12_4_10events__20251026T000000,pets__animal_welfare_96_12_4_10events,worst,7,2.16536617,-70.23712921
5267,timesx,1,pets__animal_welfare_96_12_4_10events__20251123T000000,pets__animal_welfare_96_12_4_10events,worst,7,2.21927357,-68.74006653
5268,timesx,1,pets__animal_welfare_96_12_4_10events__20251221T000000,pets__animal_welfare_96_12_4_10events,worst,7,3.84160495,-65.97505951
5275,timesx,1,pets__biodiversity_96_12_4_10events__20250803T000000,pets__biodiversity_96_12_4_10events,middle,8,5.46795988,-63.90491104
5276,timesx,1,pets__biodiversity_96_12_4_10events__20250831T000000,pets__biodiversity_96_12_4_10events,middle,8,10.18985367,-64.31288910
5277,timesx,1,pets__biodiversity_96_12_4_10events__20250928T000000,pets__biodiversity_96_12_4_10events,middle,8,11.40604305,-66.15990448
5278,timesx,1,pets__biodiversity_96_12_4_10events__20251026T000000,pets__biodiversity_96_12_4_10events,middle,8,8.20627499,-69.89577484
5279,timesx,1,pets__biodiversity_96_12_4_10events__20251123T000000,pets__biodiversity_96_12_4_10events,middle,8,0.91442239,-69.47016144
5280,timesx,1,pets__biodiversity_96_12_4_10events__20251221T000000,pets__biodiversity_96_12_4_10events,middle,8,0.35290197,-67.64875031
5317,timesx,1,public_health__climate_change_96_12_4_10events__20250803T000000,public_health__climate_change_96_12_4_10events,best,9,-0.95820826,-63.24580765
5318,timesx,1,public_health__climate_change_96_12_4_10events__20250831T000000,public_health__climate_change_96_12_4_10events,best,9,4.68554115,-58.76662827
5319,timesx,1,public_health__climate_change_96_12_4_10events__20250928T000000,public_health__climate_change_96_12_4_10events,best,9,-3.21326590,-64.65196991
5320,timesx,1,public_health__climate_change_96_12_4_10events__20251026T000000,public_health__climate_change_96_12_4_10events,best,9,-2.72252011,-63.45077896
5321,timesx,1,public_health__climate_change_96_12_4_10events__20251123T000000,public_health__climate_change_96_12_4_10events,best,9,-2.60058165,-62.36595535
5322,timesx,1,public_health__climate_change_96_12_4_10events__20251221T000000,public_health__climate_change_96_12_4_10events,best,9,-1.76451540,-62.47308731
5341,timesx,1,public_health__hiv_aids_96_12_4_10events__20250803T000000,public_health__hiv_aids_96_12_4_10events,middle,10,3.43001914,-65.47513580
5342,timesx,1,public_health__hiv_aids_96_12_4_10events__20250831T000000,public_health__hiv_aids_96_12_4_10events,middle,10,4.95100641,-63.61569595
5343,timesx,1,public_health__hiv_aids_96_12_4_10events__20250928T000000,public_health__hiv_aids_96_12_4_10events,middle,10,9.81115818,-64.71773529
5344,timesx,1,public_health__hiv_aids_96_12_4_10events__20251026T000000,public_health__hiv_aids_96_12_4_10events,middle,10,8.93727970,-69.04192352
5345,timesx,1,public_health__hiv_aids_96_12_4_10events__20251123T000000,public_health__hiv_aids_96_12_4_10events,middle,10,2.61559653,-70.01216125
5346,timesx,1,public_health__hiv_aids_96_12_4_10events__20251221T000000,public_health__hiv_aids_96_12_4_10events,middle,10,2.82720399,-66.64855957
5359,timesx,1,public_health__obesity_96_12_4_10events__20250803T000000,public_health__obesity_96_12_4_10events,worst,11,8.45104313,-65.70620728
5360,timesx,1,public_health__obesity_96_12_4_10events__20250831T000000,public_health__obesity_96_12_4_10events,worst,11,7.36261082,-64.94628906
5361,timesx,1,public_health__obesity_96_12_4_10events__20250928T000000,public_health__obesity_96_12_4_10events,worst,11,8.28307629,-64.75551605
5362,timesx,1,public_health__obesity_96_12_4_10events__20251026T000000,public_health__obesity_96_12_4_10events,worst,11,8.91645908,-69.93548584
5363,timesx,1,public_health__obesity_96_12_4_10events__20251123T000000,public_health__obesity_96_12_4_10events,worst,11,2.55429173,-69.33038330
5364,timesx,1,public_health__obesity_96_12_4_10events__20251221T000000,public_health__obesity_96_12_4_10events,worst,11,2.67731524,-66.50192261
5401,timesx,1,public_policy__national_debt_96_12_4_10events__20250803T000000,public_policy__national_debt_96_12_4_10events,middle,12,10.67066765,-65.46643829
5402,timesx,1,public_policy__national_debt_96_12_4_10events__20250831T000000,public_policy__national_debt_96_12_4_10events,middle,12,7.56200504,-67.77850342
5403,timesx,1,public_policy__national_debt_96_12_4_10events__20250928T000000,public_policy__national_debt_96_12_4_10events,middle,12,6.28188610,-68.30882263
5404,timesx,1,public_policy__national_debt_96_12_4_10events__20251026T000000,public_policy__national_debt_96_12_4_10events,middle,12,2.56968737,-68.82480621
5405,timesx,1,public_policy__national_debt_96_12_4_10events__20251123T000000,public_policy__national_debt_96_12_4_10events,middle,12,2.14431310,-67.61481476
5406,timesx,1,public_policy__national_debt_96_12_4_10events__20251221T000000,public_policy__national_debt_96_12_4_10events,middle,12,6.04601192,-64.90132904
5449,timesx,1,science__earthquake_96_12_4_10events__20250803T000000,science__earthquake_96_12_4_10events,best,13,6.47352552,-65.46498871
5450,timesx,1,science__earthquake_96_12_4_10events__20250831T000000,science__earthquake_96_12_4_10events,best,13,5.83555555,-66.75664520
5451,timesx,1,science__earthquake_96_12_4_10events__20250928T000000,science__earthquake_96_12_4_10events,best,13,1.85426438,-65.22572327
5452,timesx,1,science__earthquake_96_12_4_10events__20251026T000000,science__earthquake_96_12_4_10events,best,13,1.82119441,-65.18808746
5453,timesx,1,science__earthquake_96_12_4_10events__20251123T000000,science__earthquake_96_12_4_10events,best,13,0.90529782,-64.00969696
5454,timesx,1,science__earthquake_96_12_4_10events__20251221T000000,science__earthquake_96_12_4_10events,best,13,2.13238597,-64.26780701
5473,timesx,1,science__nobel_prize_96_12_4_10events__20250803T000000,science__nobel_prize_96_12_4_10events,worst,14,9.79742241,-63.54959106
5474,timesx,1,science__nobel_prize_96_12_4_10events__20250831T000000,science__nobel_prize_96_12_4_10events,worst,14,7.19342232,-63.14323044
5475,timesx,1,science__nobel_prize_96_12_4_10events__20250928T000000,science__nobel_prize_96_12_4_10events,worst,14,6.09468889,-67.93866730
5476,timesx,1,science__nobel_prize_96_12_4_10events__20251026T000000,science__nobel_prize_96_12_4_10events,worst,14,-3.18100739,-63.69773483
5477,timesx,1,science__nobel_prize_96_12_4_10events__20251123T000000,science__nobel_prize_96_12_4_10events,worst,14,-2.51455903,-62.58575439
5478,timesx,1,science__nobel_prize_96_12_4_10events__20251221T000000,science__nobel_prize_96_12_4_10events,worst,14,-1.74236596,-62.84102631
5497,timesx,1,shopping__air_conditioner_96_12_4_10events__20250803T000000,shopping__air_conditioner_96_12_4_10events,best,15,-2.31126690,-64.70857239
5498,timesx,1,shopping__air_conditioner_96_12_4_10events__20250831T000000,shopping__air_conditioner_96_12_4_10events,best,15,-0.46476501,-62.06460571
5499,timesx,1,shopping__air_conditioner_96_12_4_10events__20250928T000000,shopping__air_conditioner_96_12_4_10events,best,15,-0.17062907,-62.17206192
5500,timesx,1,shopping__air_conditioner_96_12_4_10events__20251026T000000,shopping__air_conditioner_96_12_4_10events,best,15,1.80671990,-62.88040543
5501,timesx,1,shopping__air_conditioner_96_12_4_10events__20251123T000000,shopping__air_conditioner_96_12_4_10events,best,15,8.87617493,-61.88981247
5502,timesx,1,shopping__air_conditioner_96_12_4_10events__20251221T000000,shopping__air_conditioner_96_12_4_10events,best,15,8.48845196,-61.54053116
5503,timesx,1,shopping__back_to_school_96_12_4_10events__20250803T000000,shopping__back_to_school_96_12_4_10events,best,16,9.28979111,-59.88887024
5504,timesx,1,shopping__back_to_school_96_12_4_10events__20250831T000000,shopping__back_to_school_96_12_4_10events,best,16,-3.88329268,-62.53875351
5505,timesx,1,shopping__back_to_school_96_12_4_10events__20250928T000000,shopping__back_to_school_96_12_4_10events,best,16,-2.74738812,-61.30867004
5506,timesx,1,shopping__back_to_school_96_12_4_10events__20251026T000000,shopping__back_to_school_96_12_4_10events,best,16,-1.41409612,-60.84917450
5507,timesx,1,shopping__back_to_school_96_12_4_10events__20251123T000000,shopping__back_to_school_96_12_4_10events,best,16,-0.76531476,-60.72199631
5508,timesx,1,shopping__back_to_school_96_12_4_10events__20251221T000000,shopping__back_to_school_96_12_4_10events,best,16,9.74029350,-61.53223038
5659,timesx,1,traffic__tour_de_france_96_12_4_10events__20250803T000000,traffic__tour_de_france_96_12_4_10events,best,17,-3.92151308,-63.61756897
5660,timesx,1,traffic__tour_de_france_96_12_4_10events__20250831T000000,traffic__tour_de_france_96_12_4_10events,best,17,-3.19052482,-61.65059280
5661,timesx,1,traffic__tour_de_france_96_12_4_10events__20250928T000000,traffic__tour_de_france_96_12_4_10events,best,17,-1.92176116,-61.02626419
5662,timesx,1,traffic__tour_de_france_96_12_4_10events__20251026T000000,traffic__tour_de_france_96_12_4_10events,best,17,-1.14064443,-60.99596786
5663,timesx,1,traffic__tour_de_france_96_12_4_10events__20251123T000000,traffic__tour_de_france_96_12_4_10events,best,17,9.71225452,-61.09273911
5664,timesx,1,traffic__tour_de_france_96_12_4_10events__20251221T000000,traffic__tour_de_france_96_12_4_10events,best,17,9.43598747,-61.01180649
