row_id,source,masked,id,var_key,sel_group,color_idx,x,y
0,imagenet,0,ILSVRC2012_val_00000043.JPEG,,,,-11.88614845,17.95546341
1,imagenet,0,ILSVRC2012_val_00000072.JPEG,,,,-11.98430920,-26.39684486
2,imagenet,0,ILSVRC2012_val_00000085.JPEG,,,,49.18285370,9.64045811
3,imagenet,0,ILSVRC2012_val_00000107.JPEG,,,,47.17792130,5.68865967
4,imagenet,0,ILSVRC2012_val_00000164.JPEG,,,,-0.34683660,34.91912079
5,imagenet,0,ILSVRC2012_val_00000210.JPEG,,,,-7.54330349,-26.19259453
6,imagenet,0,ILSVRC2012_val_00000279.JPEG,,,,-11.48934364,11.12201881
7,imagenet,0,ILSVRC2012_val_00000294.JPEG,,,,-22.02151680,-14.37974739
8,imagenet,0,ILSVRC2012_val_00000303.JPEG,,,,-31.58383560,19.25081253
9,imagenet,0,ILSVRC2012_val_00000319.JPEG,,,,31.43443871,7.23027182
10,imagenet,0,ILSVRC2012_val_00000343.JPEG,,,,0.48003173,0.21897827
11,imagenet,0,ILSVRC2012_val_00000361.JPEG,,,,31.28108788,16.40341377
12,imagenet,0,ILSVRC2012_val_00000397.JPEG,,,,-9.14163399,21.82387733
13,imagenet,0,ILSVRC2012_val_00000453.JPEG,,,,-31.09840584,24.96431351
14,imagenet,0,ILSVRC2012_val_00000460.JPEG,,,,-22.02729607,-7.85654497
15,imagenet,0,ILSVRC2012_val_00000464.JPEG,,,,40.19664383,6.57659197
16,imagenet,0,ILSVRC2012_val_00000472.JPEG,,,,-19.62560654,0.12505530
17,imagenet,0,ILSVRC2012_val_00000498.JPEG,,,,45.02499390,8.22700787
18,imagenet,0,ILSVRC2012_val_00000500.JPEG,,,,-21.43027115,-4.08239317
19,imagenet,0,ILSVRC2012_val_00000507.JPEG,,,,-23.51636314,-7.26988649
20,imagenet,0,ILSVRC2012_val_00000547.JPEG,,,,13.60782146,-0.77175516
21,imagenet,0,ILSVRC2012_val_00000559.JPEG,,,,-46.60410690,-4.44266462
22,imagenet,0,ILSVRC2012_val_00000620.JPEG,,,,7.53243113,5.92979240
23,imagenet,0,ILSVRC2012_val_00000650.JPEG,,,,-42.87974167,8.05438423
24,imagenet,0,ILSVRC2012_val_00000651.JPEG,,,,48.08224106,9.47621346
25,imagenet,0,ILSVRC2012_val_00000652.JPEG,,,,-28.26003456,-5.58594036
26,imagenet,0,ILSVRC2012_val_00000660.JPEG,,,,-10.35061741,-16.88226700
27,imagenet,0,ILSVRC2012_val_00000724.JPEG,,,,28.86037827,-12.96993351
28,imagenet,0,ILSVRC2012_val_00000728.JPEG,,,,-14.20897770,16.85554886
29,imagenet,0,ILSVRC2012_val_00000746.JPEG,,,,-8.71180248,16.66485214
30,imagenet,0,ILSVRC2012_val_00000790.JPEG,,,,-37.64448929,-4.12363958
31,imagenet,0,ILSVRC2012_val_00000810.JPEG,,,,15.52314377,7.35696983
32,imagenet,0,ILSVRC2012_val_00000824.JPEG,,,,35.84843063,-3.80010533
33,imagenet,0,ILSVRC2012_val_00000842.JPEG,,,,-46.09630203,-4.39837122
34,imagenet,0,ILSVRC2012_val_00000875.JPEG,,,,-10.65143967,14.66679001
35,imagenet,0,ILSVRC2012_val_00000898.JPEG,,,,14.00031757,16.86702347
36,imagenet,0,ILSVRC2012_val_00000940.JPEG,,,,22.49877930,1.54132593
37,imagenet,0,ILSVRC2012_val_00000963.JPEG,,,,-42.55098724,11.52771091
38,imagenet,0,ILSVRC2012_val_00000997.JPEG,,,,-1.94064248,12.25755405
39,imagenet,0,ILSVRC2012_val_00001006.JPEG,,,,-37.55983353,7.97056580
40,imagenet,0,ILSVRC2012_val_00001033.JPEG,,,,-24.73155785,23.69366646
41,imagenet,0,ILSVRC2012_val_00001051.JPEG,,,,-37.00223160,10.33476734
42,imagenet,0,ILSVRC2012_val_00001060.JPEG,,,,4.23555040,24.55654144
43,imagenet,0,ILSVRC2012_val_00001085.JPEG,,,,30.05717278,-21.51189995
44,imagenet,0,ILSVRC2012_val_00001095.JPEG,,,,-29.61385727,-10.46569633
45,imagenet,0,ILSVRC2012_val_00001106.JPEG,,,,32.17919922,-16.10940361
46,imagenet,0,ILSVRC2012_val_00001124.JPEG,,,,-15.71830750,-15.91345596
47,imagenet,0,ILSVRC2012_val_00001140.JPEG,,,,36.96284866,1.07025504
48,imagenet,0,ILSVRC2012_val_00001161.JPEG,,,,-4.97929382,4.47616529
49,imagenet,0,ILSVRC2012_val_00001164.JPEG,,,,7.41360760,-14.20004272
50,imagenet,0,ILSVRC2012_val_00001189.JPEG,,,,-35.49171448,4.61800241
51,imagenet,0,ILSVRC2012_val_00001232.JPEG,,,,31.99851227,14.12650394
52,imagenet,0,ILSVRC2012_val_00001252.JPEG,,,,47.55214691,1.79412842
53,imagenet,0,ILSVRC2012_val_00001281.JPEG,,,,-7.89585972,-27.60339546
54,imagenet,0,ILSVRC2012_val_00001303.JPEG,,,,-44.18962479,-7.56189775
55,imagenet,0,ILSVRC2012_val_00001349.JPEG,,,,35.31356812,4.51877117
56,imagenet,0,ILSVRC2012_val_00001352.JPEG,,,,2.45412254,14.58994961
57,imagenet,0,ILSVRC2012_val_00001355.JPEG,,,,1.99266148,18.81960106
58,imagenet,0,ILSVRC2012_val_00001356.JPEG,,,,-22.28926849,0.03093757
59,imagenet,0,ILSVRC2012_val_00001368.JPEG,,,,-28.61549568,-9.44975090
60,imagenet,0,ILSVRC2012_val_00001378.JPEG,,,,-7.95747185,36.02055740
61,imagenet,0,ILSVRC2012_val_00001396.JPEG,,,,53.05701447,8.33713341
62,imagenet,0,ILSVRC2012_val_00001397.JPEG,,,,20.91105080,10.99658203
63,imagenet,0,ILSVRC2012_val_00001415.JPEG,,,,-30.67703438,1.14157593
64,imagenet,0,ILSVRC2012_val_00001418.JPEG,,,,0.76795858,-25.20627975
65,imagenet,0,ILSVRC2012_val_00001428.JPEG,,,,28.15526772,-19.78862572
66,imagenet,0,ILSVRC2012_val_00001439.JPEG,,,,28.66662788,25.71943474
67,imagenet,0,ILSVRC2012_val_00001477.JPEG,,,,4.82090712,26.84401131
68,imagenet,0,ILSVRC2012_val_00001484.JPEG,,,,12.50203800,16.35101509
69,imagenet,0,ILSVRC2012_val_00001495.JPEG,,,,-25.74796104,-24.44391823
70,imagenet,0,ILSVRC2012_val_00001544.JPEG,,,,27.66543007,-21.96757507
71,imagenet,0,ILSVRC2012_val_00001556.JPEG,,,,27.04038429,-19.81587029
72,imagenet,0,ILSVRC2012_val_00001639.JPEG,,,,49.80320740,8.32906437
73,imagenet,0,ILSVRC2012_val_00001689.JPEG,,,,50.63730240,1.38273883
74,imagenet,0,ILSVRC2012_val_00001695.JPEG,,,,10.07546711,-5.64332485
75,imagenet,0,ILSVRC2012_val_00001719.JPEG,,,,-36.25146866,18.17719269
76,imagenet,0,ILSVRC2012_val_00001758.JPEG,,,,-8.58315849,15.83200455
77,imagenet,0,ILSVRC2012_val_00001776.JPEG,,,,-4.88604450,20.18977356
78,imagenet,0,ILSVRC2012_val_00001797.JPEG,,,,-6.13233280,-18.62548637
79,imagenet,0,ILSVRC2012_val_00001800.JPEG,,,,30.57589149,-5.31513119
80,imagenet,0,ILSVRC2012_val_00001876.JPEG,,,,1.33806372,33.57976532
81,imagenet,0,ILSVRC2012_val_00001892.JPEG,,,,38.15888977,-11.33714867
82,imagenet,0,ILSVRC2012_val_00001917.JPEG,,,,39.02196121,11.89976025
83,imagenet,0,ILSVRC2012_val_00001930.JPEG,,,,-9.77015591,34.48602676
84,imagenet,0,ILSVRC2012_val_00001950.JPEG,,,,-44.27549362,-7.00322676
85,imagenet,0,ILSVRC2012_val_00001953.JPEG,,,,-25.05033302,8.13919067
86,imagenet,0,ILSVRC2012_val_00001984.JPEG,,,,-21.17494202,-8.86503315
87,imagenet,0,ILSVRC2012_val_00002025.JPEG,,,,-3.70214701,26.78116226
88,imagenet,0,ILSVRC2012_val_00002039.JPEG,,,,8.57289314,-12.19964409
89,imagenet,0,ILSVRC2012_val_00002073.JPEG,,,,32.38769913,14.82824326
90,imagenet,0,ILSVRC2012_val_00002136.JPEG,,,,-13.69677830,12.58550358
91,imagenet,0,ILSVRC2012_val_00002186.JPEG,,,,36.33506012,-14.32804108
92,imagenet,0,ILSVRC2012_val_00002200.JPEG,,,,-1.44816327,-14.61188030
93,imagenet,0,ILSVRC2012_val_00002233.JPEG,,,,25.59650993,-1.29148746
94,imagenet,0,ILSVRC2012_val_00002254.JPEG,,,,-8.19984055,-28.71253204
95,imagenet,0,ILSVRC2012_val_00002260.JPEG,,,,5.93049622,8.79227638
96,imagenet,0,ILSVRC2012_val_00002263.JPEG,,,,17.10705757,31.77228355
97,imagenet,0,ILSVRC2012_val_00002272.JPEG,,,,-20.19408989,-14.48986435
98,imagenet,0,ILSVRC2012_val_00002279.JPEG,,,,15.96911049,-5.95115662
99,imagenet,0,ILSVRC2012_val_00002287.JPEG,,,,27.44055367,-5.32729340
100,imagenet,0,ILSVRC2012_val_00002293.JPEG,,,,-43.10297394,-5.72464991
101,imagenet,0,ILSVRC2012_val_00002321.JPEG,,,,30.57139587,17.98488998
102,imagenet,0,ILSVRC2012_val_00002323.JPEG,,,,-3.13996172,35.17046356
103,imagenet,0,ILSVRC2012_val_00002378.JPEG,,,,22.71998405,-8.00314808
104,imagenet,0,ILSVRC2012_val_00002397.JPEG,,,,22.13882637,12.69590187
105,imagenet,0,ILSVRC2012_val_00002431.JPEG,,,,-28.44560623,-19.17427063
106,imagenet,0,ILSVRC2012_val_00002455.JPEG,,,,35.72966003,-10.65950775
107,imagenet,0,ILSVRC2012_val_00002486.JPEG,,,,-5.62211037,22.09610558
108,imagenet,0,ILSVRC2012_val_00002509.JPEG,,,,20.25210190,14.21430206
109,imagenet,0,ILSVRC2012_val_00002559.JPEG,,,,10.12783623,37.42568970
110,imagenet,0,ILSVRC2012_val_00002584.JPEG,,,,-18.73657417,-5.34943819
111,imagenet,0,ILSVRC2012_val_00002624.JPEG,,,,-21.47205162,-8.07724476
112,imagenet,0,ILSVRC2012_val_00002645.JPEG,,,,-41.89153671,-0.49999693
113,imagenet,0,ILSVRC2012_val_00002646.JPEG,,,,47.09709167,1.04138792
114,imagenet,0,ILSVRC2012_val_00002660.JPEG,,,,0.74325013,-24.96117401
115,imagenet,0,ILSVRC2012_val_00002690.JPEG,,,,-37.33193588,18.88095474
116,imagenet,0,ILSVRC2012_val_00002749.JPEG,,,,-3.90548468,-11.33461380
117,imagenet,0,ILSVRC2012_val_00002759.JPEG,,,,8.29317570,35.77678299
118,imagenet,0,ILSVRC2012_val_00002762.JPEG,,,,-5.75134993,-10.49227905
119,imagenet,0,ILSVRC2012_val_00002805.JPEG,,,,2.16596675,-19.79038239
120,imagenet,0,ILSVRC2012_val_00002811.JPEG,,,,-27.02206230,-13.92520046
121,imagenet,0,ILSVRC2012_val_00002830.JPEG,,,,41.26866913,1.42802835
122,imagenet,0,ILSVRC2012_val_00002912.JPEG,,,,-23.85366631,-9.15099144
123,imagenet,0,ILSVRC2012_val_00002954.JPEG,,,,29.96620560,18.09125710
124,imagenet,0,ILSVRC2012_val_00002957.JPEG,,,,-38.37366867,-6.87828684
125,imagenet,0,ILSVRC2012_val_00002981.JPEG,,,,25.02419662,-3.94428015
126,imagenet,0,ILSVRC2012_val_00002986.JPEG,,,,-22.43456459,-12.74749279
127,imagenet,0,ILSVRC2012_val_00002996.JPEG,,,,-10.79057407,24.98902321
128,imagenet,0,ILSVRC2012_val_00003008.JPEG,,,,-3.88673782,18.16323090
129,imagenet,0,ILSVRC2012_val_00003016.JPEG,,,,26.89598465,23.25337982
130,imagenet,0,ILSVRC2012_val_00003132.JPEG,,,,-32.28353119,16.57003403
131,imagenet,0,ILSVRC2012_val_00003135.JPEG,,,,-16.92608261,14.41138935
132,imagenet,0,ILSVRC2012_val_00003177.JPEG,,,,1.54095888,3.42301893
133,imagenet,0,ILSVRC2012_val_00003195.JPEG,,,,-1.96429420,-2.54547882
134,imagenet,0,ILSVRC2012_val_00003220.JPEG,,,,-0.51579511,-14.09204197
135,imagenet,0,ILSVRC2012_val_00003231.JPEG,,,,-23.58858109,-22.08510017
136,imagenet,0,ILSVRC2012_val_00003294.JPEG,,,,8.07579422,8.11587620
137,imagenet,0,ILSVRC2012_val_00003304.JPEG,,,,3.08072948,35.40517807
138,imagenet,0,ILSVRC2012_val_00003309.JPEG,,,,-35.06667328,4.29462576
139,imagenet,0,ILSVRC2012_val_00003411.JPEG,,,,43.90716934,3.44699121
140,imagenet,0,ILSVRC2012_val_00003413.JPEG,,,,32.99856567,3.04822993
141,imagenet,0,ILSVRC2012_val_00003431.JPEG,,,,6.82206726,3.80109835
142,imagenet,0,ILSVRC2012_val_00003447.JPEG,,,,-9.83890057,35.04378128
143,imagenet,0,ILSVRC2012_val_00003467.JPEG,,,,-37.93074799,-9.47095394
144,imagenet,0,ILSVRC2012_val_00003491.JPEG,,,,21.28771400,-15.49198627
145,imagenet,0,ILSVRC2012_val_00003568.JPEG,,,,-21.71079636,23.96172714
146,imagenet,0,ILSVRC2012_val_00003600.JPEG,,,,3.77464604,16.31032181
147,imagenet,0,ILSVRC2012_val_00003603.JPEG,,,,15.89738655,-7.63366556
148,imagenet,0,ILSVRC2012_val_00003619.JPEG,,,,7.27754974,35.35684586
149,imagenet,0,ILSVRC2012_val_00003653.JPEG,,,,15.75955009,28.17342377
150,imagenet,0,ILSVRC2012_val_00003657.JPEG,,,,-36.77264786,12.19230461
151,imagenet,0,ILSVRC2012_val_00003693.JPEG,,,,-12.73380470,-16.07811737
152,imagenet,0,ILSVRC2012_val_00003735.JPEG,,,,34.08478928,9.65064049
153,imagenet,0,ILSVRC2012_val_00003736.JPEG,,,,-18.93557358,18.03575516
154,imagenet,0,ILSVRC2012_val_00003771.JPEG,,,,-13.26748848,-26.57781601
155,imagenet,0,ILSVRC2012_val_00003772.JPEG,,,,-8.19378662,11.17317867
156,imagenet,0,ILSVRC2012_val_00003819.JPEG,,,,26.89460754,-8.13312149
157,imagenet,0,ILSVRC2012_val_00003825.JPEG,,,,43.74681091,14.83380222
158,imagenet,0,ILSVRC2012_val_00003832.JPEG,,,,32.66606522,2.21872950
159,imagenet,0,ILSVRC2012_val_00003895.JPEG,,,,-23.33183479,-0.92159998
160,imagenet,0,ILSVRC2012_val_00003900.JPEG,,,,21.88015556,-8.71170902
161,imagenet,0,ILSVRC2012_val_00003925.JPEG,,,,-3.59313798,-15.43037033
162,imagenet,0,ILSVRC2012_val_00003928.JPEG,,,,26.84847641,15.99249840
163,imagenet,0,ILSVRC2012_val_00003933.JPEG,,,,16.07151413,-7.89373255
164,imagenet,0,ILSVRC2012_val_00003943.JPEG,,,,-34.96752167,-16.41429329
165,imagenet,0,ILSVRC2012_val_00003964.JPEG,,,,42.61122131,-3.10037160
166,imagenet,0,ILSVRC2012_val_00003990.JPEG,,,,13.11676884,-20.42809296
167,imagenet,0,ILSVRC2012_val_00004005.JPEG,,,,29.11229134,-9.04067993
168,imagenet,0,ILSVRC2012_val_00004030.JPEG,,,,-30.21572113,-16.44877052
169,imagenet,0,ILSVRC2012_val_00004072.JPEG,,,,-3.68885469,21.37120628
170,imagenet,0,ILSVRC2012_val_00004093.JPEG,,,,-11.13578224,-27.94588280
171,imagenet,0,ILSVRC2012_val_00004100.JPEG,,,,-1.10877478,-7.51642179
172,imagenet,0,ILSVRC2012_val_00004151.JPEG,,,,9.34549618,17.70799446
173,imagenet,0,ILSVRC2012_val_00004246.JPEG,,,,21.38769150,7.09629107
174,imagenet,0,ILSVRC2012_val_00004259.JPEG,,,,-13.39199543,-7.95941591
175,imagenet,0,ILSVRC2012_val_00004268.JPEG,,,,-39.46208191,13.25017166
176,imagenet,0,ILSVRC2012_val_00004277.JPEG,,,,-27.13206673,14.46913433
177,imagenet,0,ILSVRC2012_val_00004294.JPEG,,,,-13.50017548,7.95654488
178,imagenet,0,ILSVRC2012_val_00004311.JPEG,,,,2.52464390,-20.37103844
179,imagenet,0,ILSVRC2012_val_00004373.JPEG,,,,41.20918655,-1.35626113
180,imagenet,0,ILSVRC2012_val_00004381.JPEG,,,,46.04022217,3.41871119
181,imagenet,0,ILSVRC2012_val_00004404.JPEG,,,,-22.94670105,-18.98027229
182,imagenet,0,ILSVRC2012_val_00004435.JPEG,,,,-25.80485153,-5.00839281
183,imagenet,0,ILSVRC2012_val_00004502.JPEG,,,,-10.03313065,26.91206169
184,imagenet,0,ILSVRC2012_val_00004621.JPEG,,,,26.80755043,-15.76934338
185,imagenet,0,ILSVRC2012_val_00004629.JPEG,,,,-11.59576225,16.27884293
186,imagenet,0,ILSVRC2012_val_00004651.JPEG,,,,-24.85400009,10.23897648
187,imagenet,0,ILSVRC2012_val_00004665.JPEG,,,,1.64275920,-16.29674721
188,imagenet,0,ILSVRC2012_val_00004688.JPEG,,,,44.11199570,-0.50573969
189,imagenet,0,ILSVRC2012_val_00004712.JPEG,,,,-42.83498764,-13.28765011
190,imagenet,0,ILSVRC2012_val_00004720.JPEG,,,,0.48049611,0.92889810
191,imagenet,0,ILSVRC2012_val_00004734.JPEG,,,,-10.07927322,4.87793779
192,imagenet,0,ILSVRC2012_val_00004771.JPEG,,,,-17.48232079,-5.06767607
193,imagenet,0,ILSVRC2012_val_00004796.JPEG,,,,-1.53481436,36.32133102
194,imagenet,0,ILSVRC2012_val_00004800.JPEG,,,,3.10338140,-13.72642803
195,imagenet,0,ILSVRC2012_val_00004887.JPEG,,,,-8.07612705,-5.49098206
196,imagenet,0,ILSVRC2012_val_00005014.JPEG,,,,-39.12936020,14.29647160
197,imagenet,0,ILSVRC2012_val_00005069.JPEG,,,,-20.42786217,-23.54616928
198,imagenet,0,ILSVRC2012_val_00005094.JPEG,,,,-8.40911865,-7.98945427
199,imagenet,0,ILSVRC2012_val_00005109.JPEG,,,,-1.99121082,28.02861404
200,imagenet,0,ILSVRC2012_val_00005122.JPEG,,,,42.63667297,1.28291166
201,imagenet,0,ILSVRC2012_val_00005134.JPEG,,,,-5.20903540,-20.39106369
202,imagenet,0,ILSVRC2012_val_00005172.JPEG,,,,-33.83790970,-5.16220760
203,imagenet,0,ILSVRC2012_val_00005193.JPEG,,,,-36.11613083,16.16330528
204,imagenet,0,ILSVRC2012_val_00005241.JPEG,,,,-24.18306732,-4.56321764
205,imagenet,0,ILSVRC2012_val_00005262.JPEG,,,,-36.09484863,7.05824280
206,imagenet,0,ILSVRC2012_val_00005309.JPEG,,,,-40.31459808,0.41954342
207,imagenet,0,ILSVRC2012_val_00005385.JPEG,,,,31.60440254,-12.47749233
208,imagenet,0,ILSVRC2012_val_00005433.JPEG,,,,-20.74850082,-12.89036560
209,imagenet,0,ILSVRC2012_val_00005503.JPEG,,,,-34.57008743,19.81402588
210,imagenet,0,ILSVRC2012_val_00005517.JPEG,,,,20.00159645,1.84889305
211,imagenet,0,ILSVRC2012_val_00005561.JPEG,,,,-44.58732986,-0.76751548
212,imagenet,0,ILSVRC2012_val_00005608.JPEG,,,,28.29563904,-20.41260147
213,imagenet,0,ILSVRC2012_val_00005623.JPEG,,,,22.37474251,15.97109890
214,imagenet,0,ILSVRC2012_val_00005629.JPEG,,,,2.97665334,35.64255905
215,imagenet,0,ILSVRC2012_val_00005667.JPEG,,,,33.44234848,-4.93351507
216,imagenet,0,ILSVRC2012_val_00005669.JPEG,,,,12.52222157,-7.62470150
217,imagenet,0,ILSVRC2012_val_00005670.JPEG,,,,-33.51059341,-11.40578842
218,imagenet,0,ILSVRC2012_val_00005712.JPEG,,,,31.99010468,-11.18548393
219,imagenet,0,ILSVRC2012_val_00005716.JPEG,,,,-15.55994511,-0.12378436
220,imagenet,0,ILSVRC2012_val_00005758.JPEG,,,,-20.58413887,-3.75078583
221,imagenet,0,ILSVRC2012_val_00005851.JPEG,,,,-41.06221390,-8.34385490
222,imagenet,0,ILSVRC2012_val_00005915.JPEG,,,,-30.85132217,-6.16295576
223,imagenet,0,ILSVRC2012_val_00005944.JPEG,,,,-34.27912903,2.53550744
224,imagenet,0,ILSVRC2012_val_00005960.JPEG,,,,20.27827454,-21.59966850
225,imagenet,0,ILSVRC2012_val_00005986.JPEG,,,,50.82396698,11.54219723
226,imagenet,0,ILSVRC2012_val_00005992.JPEG,,,,13.42637062,-4.63551235
227,imagenet,0,ILSVRC2012_val_00006005.JPEG,,,,-0.38967451,-9.01841354
228,imagenet,0,ILSVRC2012_val_00006078.JPEG,,,,-27.82109070,-0.91196358
229,imagenet,0,ILSVRC2012_val_00006135.JPEG,,,,-29.50274086,15.34668922
230,imagenet,0,ILSVRC2012_val_00006137.JPEG,,,,35.32393265,12.03743076
231,imagenet,0,ILSVRC2012_val_00006144.JPEG,,,,37.21837616,-4.70461416
232,imagenet,0,ILSVRC2012_val_00006183.JPEG,,,,-15.53001595,7.66947842
233,imagenet,0,ILSVRC2012_val_00006216.JPEG,,,,-1.22356927,29.41539192
234,imagenet,0,ILSVRC2012_val_00006242.JPEG,,,,-17.94492340,-15.70840454
235,imagenet,0,ILSVRC2012_val_00006280.JPEG,,,,-23.93432045,-1.46259546
236,imagenet,0,ILSVRC2012_val_00006324.JPEG,,,,17.65069389,-14.91664219
237,imagenet,0,ILSVRC2012_val_00006344.JPEG,,,,15.07062721,-0.35982576
238,imagenet,0,ILSVRC2012_val_00006362.JPEG,,,,-17.18531609,2.58590078
239,imagenet,0,ILSVRC2012_val_00006385.JPEG,,,,34.03044128,15.68007088
240,imagenet,0,ILSVRC2012_val_00006390.JPEG,,,,43.62400055,8.55399036
241,imagenet,0,ILSVRC2012_val_00006398.JPEG,,,,-30.82059669,10.69219971
242,imagenet,0,ILSVRC2012_val_00006406.JPEG,,,,-26.71165276,18.77218437
243,imagenet,0,ILSVRC2012_val_00006434.JPEG,,,,-39.04939270,19.33705330
244,imagenet,0,ILSVRC2012_val_00006450.JPEG,,,,14.04555702,-6.45774794
245,imagenet,0,ILSVRC2012_val_00006454.JPEG,,,,-2.00754738,31.42553711
246,imagenet,0,ILSVRC2012_val_00006455.JPEG,,,,37.04535294,-17.86656380
247,imagenet,0,ILSVRC2012_val_00006475.JPEG,,,,-24.10193443,-2.07551193
248,imagenet,0,ILSVRC2012_val_00006476.JPEG,,,,49.74414825,-1.18696797
249,imagenet,0,ILSVRC2012_val_00006493.JPEG,,,,41.71038818,11.87452888
250,imagenet,0,ILSVRC2012_val_00006514.JPEG,,,,-11.59656048,7.00671387
251,imagenet,0,ILSVRC2012_val_00006575.JPEG,,,,-32.94573212,18.60428810
252,imagenet,0,ILSVRC2012_val_00006584.JPEG,,,,16.94579887,4.79861641
253,imagenet,0,ILSVRC2012_val_00006599.JPEG,,,,-18.84827423,-16.15871811
254,imagenet,0,ILSVRC2012_val_00006618.JPEG,,,,38.09468079,3.30764222
255,imagenet,0,ILSVRC2012_val_00006623.JPEG,,,,12.92843056,20.24290085
256,imagenet,0,ILSVRC2012_val_00006631.JPEG,,,,24.81455612,-20.96649170
257,imagenet,0,ILSVRC2012_val_00006637.JPEG,,,,25.24538994,-18.63659859
258,imagenet,0,ILSVRC2012_val_00006641.JPEG,,,,-47.31859589,1.21126354
259,imagenet,0,ILSVRC2012_val_00006651.JPEG,,,,-37.58556747,-2.65856385
260,imagenet,0,ILSVRC2012_val_00006668.JPEG,,,,-35.33564377,5.97694206
261,imagenet,0,ILSVRC2012_val_00006758.JPEG,,,,0.03148277,-7.19310331
262,imagenet,0,ILSVRC2012_val_00006860.JPEG,,,,16.76925087,36.05146027
263,imagenet,0,ILSVRC2012_val_00006899.JPEG,,,,-39.93603134,-5.97504091
264,imagenet,0,ILSVRC2012_val_00006956.JPEG,,,,-41.58549500,1.25916350
265,imagenet,0,ILSVRC2012_val_00006965.JPEG,,,,-16.18494987,20.63008881
266,imagenet,0,ILSVRC2012_val_00006977.JPEG,,,,44.62962341,-0.08572680
267,imagenet,0,ILSVRC2012_val_00006981.JPEG,,,,10.42977905,6.17346334
268,imagenet,0,ILSVRC2012_val_00007007.JPEG,,,,-10.38715649,7.62259388
269,imagenet,0,ILSVRC2012_val_00007013.JPEG,,,,-3.87761593,30.14003754
270,imagenet,0,ILSVRC2012_val_00007019.JPEG,,,,-0.88755798,2.07319689
271,imagenet,0,ILSVRC2012_val_00007027.JPEG,,,,-19.38382721,-7.18791628
272,imagenet,0,ILSVRC2012_val_00007070.JPEG,,,,32.69832230,-8.39126587
273,imagenet,0,ILSVRC2012_val_00007075.JPEG,,,,-14.05610943,5.41455412
274,imagenet,0,ILSVRC2012_val_00007087.JPEG,,,,7.09577847,31.83359909
275,imagenet,0,ILSVRC2012_val_00007092.JPEG,,,,-11.83819771,-15.49405003
276,imagenet,0,ILSVRC2012_val_00007127.JPEG,,,,-38.35136795,-22.09918594
277,imagenet,0,ILSVRC2012_val_00007168.JPEG,,,,-45.27538681,-3.80962086
278,imagenet,0,ILSVRC2012_val_00007195.JPEG,,,,53.48645782,5.71146154
279,imagenet,0,ILSVRC2012_val_00007209.JPEG,,,,-24.86033821,16.42665863
280,imagenet,0,ILSVRC2012_val_00007264.JPEG,,,,-36.53757095,-14.60172558
281,imagenet,0,ILSVRC2012_val_00007265.JPEG,,,,20.34714890,15.21113205
282,imagenet,0,ILSVRC2012_val_00007293.JPEG,,,,22.67523193,-21.75323486
283,imagenet,0,ILSVRC2012_val_00007298.JPEG,,,,18.94371414,32.65054321
284,imagenet,0,ILSVRC2012_val_00007326.JPEG,,,,21.27476501,-1.70023799
285,imagenet,0,ILSVRC2012_val_00007348.JPEG,,,,6.39667511,36.37903976
286,imagenet,0,ILSVRC2012_val_00007372.JPEG,,,,-16.44944000,-26.59557724
287,imagenet,0,ILSVRC2012_val_00007461.JPEG,,,,0.61172599,1.68189788
288,imagenet,0,ILSVRC2012_val_00007472.JPEG,,,,-46.38190079,-7.01784706
289,imagenet,0,ILSVRC2012_val_00007478.JPEG,,,,-38.67929840,2.65237188
290,imagenet,0,ILSVRC2012_val_00007495.JPEG,,,,-14.06105709,-17.55110168
291,imagenet,0,ILSVRC2012_val_00007540.JPEG,,,,31.12995911,-13.32569313
292,imagenet,0,ILSVRC2012_val_00007601.JPEG,,,,-21.04715729,1.10509825
293,imagenet,0,ILSVRC2012_val_00007622.JPEG,,,,-34.89511490,-2.38082480
294,imagenet,0,ILSVRC2012_val_00007650.JPEG,,,,37.87839127,-15.46169281
295,imagenet,0,ILSVRC2012_val_00007696.JPEG,,,,22.18201065,-6.63327980
296,imagenet,0,ILSVRC2012_val_00007711.JPEG,,,,22.13003922,-3.61132598
297,imagenet,0,ILSVRC2012_val_00007718.JPEG,,,,-40.92580032,-15.27282238
298,imagenet,0,ILSVRC2012_val_00007719.JPEG,,,,-34.76462555,12.32017231
299,imagenet,0,ILSVRC2012_val_00007726.JPEG,,,,8.49044991,28.87934685
300,imagenet,0,ILSVRC2012_val_00007773.JPEG,,,,-18.00614357,-13.33479214
301,imagenet,0,ILSVRC2012_val_00007775.JPEG,,,,-11.12046814,-20.14442062
302,imagenet,0,ILSVRC2012_val_00007792.JPEG,,,,38.58050156,6.94409323
303,imagenet,0,ILSVRC2012_val_00007842.JPEG,,,,4.79009151,24.88519287
304,imagenet,0,ILSVRC2012_val_00007856.JPEG,,,,-38.26957703,-21.48050308
305,imagenet,0,ILSVRC2012_val_00007862.JPEG,,,,-32.10959625,-4.25680208
306,imagenet,0,ILSVRC2012_val_00007872.JPEG,,,,35.44351196,17.03620529
307,imagenet,0,ILSVRC2012_val_00007882.JPEG,,,,48.08491135,9.88542175
308,imagenet,0,ILSVRC2012_val_00007887.JPEG,,,,5.66759682,34.34690475
309,imagenet,0,ILSVRC2012_val_00007922.JPEG,,,,-17.02390099,-5.76680183
310,imagenet,0,ILSVRC2012_val_00007931.JPEG,,,,16.58538246,5.39544821
311,imagenet,0,ILSVRC2012_val_00008036.JPEG,,,,-42.44537354,-6.92277193
312,imagenet,0,ILSVRC2012_val_00008100.JPEG,,,,17.55359459,20.52775002
313,imagenet,0,ILSVRC2012_val_00008120.JPEG,,,,41.02426147,2.04162645
314,imagenet,0,ILSVRC2012_val_00008188.JPEG,,,,35.15464020,-5.48770428
315,imagenet,0,ILSVRC2012_val_00008193.JPEG,,,,48.03968430,15.12295055
316,imagenet,0,ILSVRC2012_val_00008233.JPEG,,,,-5.19439983,-15.87520027
317,imagenet,0,ILSVRC2012_val_00008234.JPEG,,,,-18.39561272,8.59603882
318,imagenet,0,ILSVRC2012_val_00008237.JPEG,,,,-33.38781738,-22.50777435
319,imagenet,0,ILSVRC2012_val_00008293.JPEG,,,,-14.27857208,-11.30590725
320,imagenet,0,ILSVRC2012_val_00008304.JPEG,,,,-28.68556213,26.27501297
321,imagenet,0,ILSVRC2012_val_00008363.JPEG,,,,-0.80999833,-2.54710555
322,imagenet,0,ILSVRC2012_val_00008369.JPEG,,,,-26.71839714,17.41384315
323,imagenet,0,ILSVRC2012_val_00008429.JPEG,,,,41.46528244,5.44703197
324,imagenet,0,ILSVRC2012_val_00008446.JPEG,,,,11.72041416,12.00280571
325,imagenet,0,ILSVRC2012_val_00008470.JPEG,,,,-10.93935204,25.89479637
326,imagenet,0,ILSVRC2012_val_00008538.JPEG,,,,0.85542572,-3.65084505
327,imagenet,0,ILSVRC2012_val_00008544.JPEG,,,,-23.72834206,-20.84739113
328,imagenet,0,ILSVRC2012_val_00008562.JPEG,,,,20.50067520,2.97271109
329,imagenet,0,ILSVRC2012_val_00008568.JPEG,,,,16.84797668,32.87879944
330,imagenet,0,ILSVRC2012_val_00008577.JPEG,,,,36.98630524,-13.47944546
331,imagenet,0,ILSVRC2012_val_00008578.JPEG,,,,-7.21494913,-25.47138405
332,imagenet,0,ILSVRC2012_val_00008603.JPEG,,,,22.78165627,-7.90577888
333,imagenet,0,ILSVRC2012_val_00008604.JPEG,,,,-5.06722975,-1.68104577
334,imagenet,0,ILSVRC2012_val_00008657.JPEG,,,,2.21944237,-13.57621098
335,imagenet,0,ILSVRC2012_val_00008698.JPEG,,,,-15.01898003,-5.48343420
336,imagenet,0,ILSVRC2012_val_00008718.JPEG,,,,-14.74317074,24.07880402
337,imagenet,0,ILSVRC2012_val_00008768.JPEG,,,,-7.03054380,32.01217651
338,imagenet,0,ILSVRC2012_val_00008777.JPEG,,,,22.06849289,23.09068489
339,imagenet,0,ILSVRC2012_val_00008787.JPEG,,,,-36.59017944,14.67649174
340,imagenet,0,ILSVRC2012_val_00008795.JPEG,,,,40.36246872,-8.89735699
341,imagenet,0,ILSVRC2012_val_00008810.JPEG,,,,-39.53955841,5.71711731
342,imagenet,0,ILSVRC2012_val_00008819.JPEG,,,,-12.02653503,5.79839468
343,imagenet,0,ILSVRC2012_val_00008922.JPEG,,,,-16.01552200,31.94304657
344,imagenet,0,ILSVRC2012_val_00008935.JPEG,,,,-14.57350349,23.86792374
345,imagenet,0,ILSVRC2012_val_00008968.JPEG,,,,-12.88017082,23.81437111
346,imagenet,0,ILSVRC2012_val_00009041.JPEG,,,,-11.14614391,13.42185783
347,imagenet,0,ILSVRC2012_val_00009061.JPEG,,,,5.85273933,10.23906898
348,imagenet,0,ILSVRC2012_val_00009089.JPEG,,,,34.43844986,-16.96286583
349,imagenet,0,ILSVRC2012_val_00009091.JPEG,,,,-7.98393822,28.54524040
350,imagenet,0,ILSVRC2012_val_00009108.JPEG,,,,-9.48748207,2.58879781
351,imagenet,0,ILSVRC2012_val_00009111.JPEG,,,,-5.67223740,3.07908201
352,imagenet,0,ILSVRC2012_val_00009121.JPEG,,,,-23.95695114,-9.05373383
353,imagenet,0,ILSVRC2012_val_00009141.JPEG,,,,26.74089622,0.33090240
354,imagenet,0,ILSVRC2012_val_00009175.JPEG,,,,-33.89488220,14.38079834
355,imagenet,0,ILSVRC2012_val_00009190.JPEG,,,,34.84757614,1.87789035
356,imagenet,0,ILSVRC2012_val_00009209.JPEG,,,,19.79577446,-3.00273514
357,imagenet,0,ILSVRC2012_val_00009217.JPEG,,,,3.05456161,-9.60562134
358,imagenet,0,ILSVRC2012_val_00009270.JPEG,,,,-15.38068581,12.41490650
359,imagenet,0,ILSVRC2012_val_00009286.JPEG,,,,26.10441399,-18.79404259
360,imagenet,0,ILSVRC2012_val_00009294.JPEG,,,,13.81662750,-7.54320526
361,imagenet,0,ILSVRC2012_val_00009297.JPEG,,,,-36.30926514,-3.85195470
362,imagenet,0,ILSVRC2012_val_00009312.JPEG,,,,9.79760838,20.05486298
363,imagenet,0,ILSVRC2012_val_00009367.JPEG,,,,25.02466011,-23.42086601
364,imagenet,0,ILSVRC2012_val_00009369.JPEG,,,,-35.95958328,14.63331413
365,imagenet,0,ILSVRC2012_val_00009487.JPEG,,,,-9.32056904,-9.67996025
366,imagenet,0,ILSVRC2012_val_00009550.JPEG,,,,23.33574295,-8.32030201
367,imagenet,0,ILSVRC2012_val_00009610.JPEG,,,,14.49678421,-5.84644842
368,imagenet,0,ILSVRC2012_val_00009637.JPEG,,,,27.40779877,-18.76778603
369,imagenet,0,ILSVRC2012_val_00009638.JPEG,,,,-12.13337612,18.23731041
370,imagenet,0,ILSVRC2012_val_00009657.JPEG,,,,24.94101524,-22.54836655
371,imagenet,0,ILSVRC2012_val_00009671.JPEG,,,,-39.55628204,-6.85604906
372,imagenet,0,ILSVRC2012_val_00009708.JPEG,,,,31.24144363,-1.14141059
373,imagenet,0,ILSVRC2012_val_00009745.JPEG,,,,-25.20378494,-22.28920364
374,imagenet,0,ILSVRC2012_val_00009758.JPEG,,,,2.60317063,31.65130615
375,imagenet,0,ILSVRC2012_val_00009789.JPEG,,,,37.60649490,4.63639164
376,imagenet,0,ILSVRC2012_val_00009816.JPEG,,,,-22.83229065,-6.95596647
377,imagenet,0,ILSVRC2012_val_00009850.JPEG,,,,-44.83286285,-8.42585087
378,imagenet,0,ILSVRC2012_val_00009895.JPEG,,,,43.46374893,16.24550819
379,imagenet,0,ILSVRC2012_val_00009897.JPEG,,,,17.61808586,33.01477432
380,imagenet,0,ILSVRC2012_val_00009928.JPEG,,,,-1.38198459,14.27298832
381,imagenet,0,ILSVRC2012_val_00009932.JPEG,,,,-21.81616211,18.72760201
382,imagenet,0,ILSVRC2012_val_00009947.JPEG,,,,0.18401080,-6.65454865
383,imagenet,0,ILSVRC2012_val_00009974.JPEG,,,,48.10540009,11.69324970
384,imagenet,0,ILSVRC2012_val_00010026.JPEG,,,,18.26167107,34.65396500
385,imagenet,0,ILSVRC2012_val_00010040.JPEG,,,,-33.91424942,-7.84474802
386,imagenet,0,ILSVRC2012_val_00010101.JPEG,,,,-15.11810112,-17.34449577
387,imagenet,0,ILSVRC2012_val_00010123.JPEG,,,,8.08404350,13.78334045
388,imagenet,0,ILSVRC2012_val_00010196.JPEG,,,,-5.93094397,10.90509129
389,imagenet,0,ILSVRC2012_val_00010248.JPEG,,,,-2.12165213,-10.25100231
390,imagenet,0,ILSVRC2012_val_00010314.JPEG,,,,34.67446136,21.85210037
391,imagenet,0,ILSVRC2012_val_00010338.JPEG,,,,51.10366058,14.20303059
392,imagenet,0,ILSVRC2012_val_00010350.JPEG,,,,3.38632536,-13.54001617
393,imagenet,0,ILSVRC2012_val_00010351.JPEG,,,,33.19284058,-7.20618391
394,imagenet,0,ILSVRC2012_val_00010371.JPEG,,,,-45.45330048,-7.03510284
395,imagenet,0,ILSVRC2012_val_00010374.JPEG,,,,46.96823883,12.93445969
396,imagenet,0,ILSVRC2012_val_00010419.JPEG,,,,6.63681698,-9.46528625
397,imagenet,0,ILSVRC2012_val_00010429.JPEG,,,,13.01205444,3.72432590
398,imagenet,0,ILSVRC2012_val_00010471.JPEG,,,,6.91931915,10.16464615
399,imagenet,0,ILSVRC2012_val_00010528.JPEG,,,,33.45600510,9.18873787
400,imagenet,0,ILSVRC2012_val_00010547.JPEG,,,,21.99800682,-3.16053677
401,imagenet,0,ILSVRC2012_val_00010549.JPEG,,,,45.02088165,-0.80499709
402,imagenet,0,ILSVRC2012_val_00010564.JPEG,,,,-11.26480579,35.37895203
403,imagenet,0,ILSVRC2012_val_00010593.JPEG,,,,-10.03064537,18.38382721
404,imagenet,0,ILSVRC2012_val_00010659.JPEG,,,,-25.74664307,17.48538589
405,imagenet,0,ILSVRC2012_val_00010726.JPEG,,,,-31.86356926,-4.37263775
406,imagenet,0,ILSVRC2012_val_00010739.JPEG,,,,31.74357033,-17.19498634
407,imagenet,0,ILSVRC2012_val_00010749.JPEG,,,,34.54401398,-11.71562481
408,imagenet,0,ILSVRC2012_val_00010766.JPEG,,,,-16.87364388,25.67837524
409,imagenet,0,ILSVRC2012_val_00010810.JPEG,,,,40.38889313,-7.46403122
410,imagenet,0,ILSVRC2012_val_00010812.JPEG,,,,-42.71838379,-8.01877880
411,imagenet,0,ILSVRC2012_val_00010833.JPEG,,,,2.19256806,26.48859787
412,imagenet,0,ILSVRC2012_val_00010844.JPEG,,,,-36.86384964,-7.11957598
413,imagenet,0,ILSVRC2012_val_00010845.JPEG,,,,33.73162460,-14.60075951
414,imagenet,0,ILSVRC2012_val_00010847.JPEG,,,,-28.05354118,-3.19354486
415,imagenet,0,ILSVRC2012_val_00010851.JPEG,,,,30.48173332,-12.35126781
416,imagenet,0,ILSVRC2012_val_00010861.JPEG,,,,1.77732658,33.59897995
417,imagenet,0,ILSVRC2012_val_00010874.JPEG,,,,-29.10385513,18.69313812
418,imagenet,0,ILSVRC2012_val_00010895.JPEG,,,,5.68718338,35.27611542
419,imagenet,0,ILSVRC2012_val_00010920.JPEG,,,,23.75096703,14.34419060
420,imagenet,0,ILSVRC2012_val_00011004.JPEG,,,,31.46390915,3.37645411
421,imagenet,0,ILSVRC2012_val_00011009.JPEG,,,,-8.74449444,20.01701927
422,imagenet,0,ILSVRC2012_val_00011025.JPEG,,,,3.74004889,14.35014439
423,imagenet,0,ILSVRC2012_val_00011043.JPEG,,,,32.24137878,14.40951443
424,imagenet,0,ILSVRC2012_val_00011057.JPEG,,,,33.65817642,22.39070702
425,imagenet,0,ILSVRC2012_val_00011080.JPEG,,,,-5.14987946,38.42391586
426,imagenet,0,ILSVRC2012_val_00011122.JPEG,,,,17.06972694,34.19960785
427,imagenet,0,ILSVRC2012_val_00011150.JPEG,,,,-35.88422775,8.19080067
428,imagenet,0,ILSVRC2012_val_00011179.JPEG,,,,-15.01973343,24.96788788
429,imagenet,0,ILSVRC2012_val_00011192.JPEG,,,,-25.82502556,-18.09752083
430,imagenet,0,ILSVRC2012_val_00011204.JPEG,,,,-39.72942734,-3.38826084
431,imagenet,0,ILSVRC2012_val_00011243.JPEG,,,,-14.00933075,-2.75124407
432,imagenet,0,ILSVRC2012_val_00011281.JPEG,,,,-12.38357735,22.65794182
433,imagenet,0,ILSVRC2012_val_00011310.JPEG,,,,51.11199951,-2.02050877
434,imagenet,0,ILSVRC2012_val_00011315.JPEG,,,,36.74893570,17.29748344
435,imagenet,0,ILSVRC2012_val_00011322.JPEG,,,,25.43575668,-21.46863365
436,imagenet,0,ILSVRC2012_val_00011399.JPEG,,,,-7.22855425,7.69073105
437,imagenet,0,ILSVRC2012_val_00011401.JPEG,,,,-34.66738129,9.53017521
438,imagenet,0,ILSVRC2012_val_00011462.JPEG,,,,-31.32411575,-18.66354942
439,imagenet,0,ILSVRC2012_val_00011483.JPEG,,,,9.79345417,23.06206894
440,imagenet,0,ILSVRC2012_val_00011499.JPEG,,,,26.30717087,-21.62422371
441,imagenet,0,ILSVRC2012_val_00011526.JPEG,,,,-31.68785858,16.67039871
442,imagenet,0,ILSVRC2012_val_00011557.JPEG,,,,-33.87644577,13.78243732
443,imagenet,0,ILSVRC2012_val_00011565.JPEG,,,,-4.81363535,-11.69109631
444,imagenet,0,ILSVRC2012_val_00011566.JPEG,,,,-1.86382270,-12.66555595
445,imagenet,0,ILSVRC2012_val_00011626.JPEG,,,,-4.45113134,28.55718803
446,imagenet,0,ILSVRC2012_val_00011647.JPEG,,,,-39.59877014,-9.71852016
447,imagenet,0,ILSVRC2012_val_00011686.JPEG,,,,35.43581772,15.39452267
448,imagenet,0,ILSVRC2012_val_00011730.JPEG,,,,20.79759026,15.42884064
449,imagenet,0,ILSVRC2012_val_00011752.JPEG,,,,-12.69389057,0.84828830
450,imagenet,0,ILSVRC2012_val_00011769.JPEG,,,,10.70431423,2.46321940
451,imagenet,0,ILSVRC2012_val_00011779.JPEG,,,,52.09122849,5.47696877
452,imagenet,0,ILSVRC2012_val_00011797.JPEG,,,,-25.23542976,-24.34665108
453,imagenet,0,ILSVRC2012_val_00011862.JPEG,,,,-18.53819656,-11.21819305
454,imagenet,0,ILSVRC2012_val_00011870.JPEG,,,,44.39889908,-6.15463352
455,imagenet,0,ILSVRC2012_val_00011884.JPEG,,,,-12.42399311,14.60739708
456,imagenet,0,ILSVRC2012_val_00011894.JPEG,,,,3.53702450,-15.28963184
457,imagenet,0,ILSVRC2012_val_00011904.JPEG,,,,-13.98056889,10.15591908
458,imagenet,0,ILSVRC2012_val_00011905.JPEG,,,,19.93432999,-2.82551599
459,imagenet,0,ILSVRC2012_val_00011947.JPEG,,,,18.67668152,-6.40906000
460,imagenet,0,ILSVRC2012_val_00011956.JPEG,,,,-40.84385300,4.27902269
461,imagenet,0,ILSVRC2012_val_00012013.JPEG,,,,-36.26813507,10.12508106
462,imagenet,0,ILSVRC2012_val_00012018.JPEG,,,,43.33427811,12.48736477
463,imagenet,0,ILSVRC2012_val_00012077.JPEG,,,,-19.88008118,-19.31365013
464,imagenet,0,ILSVRC2012_val_00012108.JPEG,,,,-9.64470196,-7.13289785
465,imagenet,0,ILSVRC2012_val_00012148.JPEG,,,,-13.33198833,-23.14826775
466,imagenet,0,ILSVRC2012_val_00012150.JPEG,,,,24.88953400,-23.91498566
467,imagenet,0,ILSVRC2012_val_00012238.JPEG,,,,-17.61994362,-25.66853905
468,imagenet,0,ILSVRC2012_val_00012241.JPEG,,,,9.90049934,16.58441162
469,imagenet,0,ILSVRC2012_val_00012245.JPEG,,,,-18.62962341,-16.06481361
470,imagenet,0,ILSVRC2012_val_00012266.JPEG,,,,10.97056007,-10.55384350
471,imagenet,0,ILSVRC2012_val_00012270.JPEG,,,,-32.25264359,6.62479401
472,imagenet,0,ILSVRC2012_val_00012315.JPEG,,,,15.00972271,7.92336512
473,imagenet,0,ILSVRC2012_val_00012349.JPEG,,,,22.63933372,-16.95687103
474,imagenet,0,ILSVRC2012_val_00012355.JPEG,,,,23.54788399,-19.89596558
475,imagenet,0,ILSVRC2012_val_00012366.JPEG,,,,-40.90377808,15.78890610
476,imagenet,0,ILSVRC2012_val_00012374.JPEG,,,,-31.52141571,-23.52456474
477,imagenet,0,ILSVRC2012_val_00012375.JPEG,,,,24.14683342,7.15009165
478,imagenet,0,ILSVRC2012_val_00012469.JPEG,,,,-24.19356346,18.25083923
479,imagenet,0,ILSVRC2012_val_00012492.JPEG,,,,10.46480942,26.58441162
480,imagenet,0,ILSVRC2012_val_00012513.JPEG,,,,-15.26158047,-21.24840355
481,imagenet,0,ILSVRC2012_val_00012601.JPEG,,,,-27.35435867,-8.61796474
482,imagenet,0,ILSVRC2012_val_00012604.JPEG,,,,35.32998657,-3.90471888
483,imagenet,0,ILSVRC2012_val_00012607.JPEG,,,,-7.85678291,33.23173141
484,imagenet,0,ILSVRC2012_val_00012659.JPEG,,,,-37.30496979,4.52337885
485,imagenet,0,ILSVRC2012_val_00012661.JPEG,,,,-8.99547768,-8.15839672
486,imagenet,0,ILSVRC2012_val_00012663.JPEG,,,,38.04714966,14.72078133
487,imagenet,0,ILSVRC2012_val_00012703.JPEG,,,,-6.69397020,9.87177944
488,imagenet,0,ILSVRC2012_val_00012721.JPEG,,,,-2.91941023,13.46275425
489,imagenet,0,ILSVRC2012_val_00012742.JPEG,,,,-11.91580772,0.00872704
490,imagenet,0,ILSVRC2012_val_00012754.JPEG,,,,-30.41705894,17.89536285
491,imagenet,0,ILSVRC2012_val_00012794.JPEG,,,,38.22984314,-14.42257404
492,imagenet,0,ILSVRC2012_val_00012800.JPEG,,,,-35.21518707,-6.09478426
493,imagenet,0,ILSVRC2012_val_00012825.JPEG,,,,-38.10119247,5.30978203
494,imagenet,0,ILSVRC2012_val_00012867.JPEG,,,,48.94100189,9.46244144
495,imagenet,0,ILSVRC2012_val_00012869.JPEG,,,,-39.33585358,1.13612354
496,imagenet,0,ILSVRC2012_val_00012954.JPEG,,,,9.68532467,20.27871513
497,imagenet,0,ILSVRC2012_val_00012981.JPEG,,,,-26.17309952,-16.78100014
498,imagenet,0,ILSVRC2012_val_00012996.JPEG,,,,50.29127884,12.12965488
499,imagenet,0,ILSVRC2012_val_00013000.JPEG,,,,-27.36407089,3.25216889
500,imagenet,0,ILSVRC2012_val_00013025.JPEG,,,,-5.35066843,-30.44899750
501,imagenet,0,ILSVRC2012_val_00013071.JPEG,,,,-2.47241569,16.63863182
502,imagenet,0,ILSVRC2012_val_00013149.JPEG,,,,-17.24569893,-8.45855236
503,imagenet,0,ILSVRC2012_val_00013157.JPEG,,,,-34.28898621,-19.35738373
504,imagenet,0,ILSVRC2012_val_00013164.JPEG,,,,26.79330063,12.97597885
505,imagenet,0,ILSVRC2012_val_00013204.JPEG,,,,-3.70116496,10.65205479
506,imagenet,0,ILSVRC2012_val_00013242.JPEG,,,,39.40382385,4.03831100
507,imagenet,0,ILSVRC2012_val_00013249.JPEG,,,,38.24079514,15.04784012
508,imagenet,0,ILSVRC2012_val_00013293.JPEG,,,,-29.75212288,-2.44036388
509,imagenet,0,ILSVRC2012_val_00013301.JPEG,,,,19.12537003,-14.86197281
510,imagenet,0,ILSVRC2012_val_00013305.JPEG,,,,1.39716709,35.43770981
511,imagenet,0,ILSVRC2012_val_00013322.JPEG,,,,-8.66151619,21.22073364
512,imagenet,0,ILSVRC2012_val_00013369.JPEG,,,,-14.55098724,13.70333099
513,imagenet,0,ILSVRC2012_val_00013379.JPEG,,,,-4.50655794,5.58989477
514,imagenet,0,ILSVRC2012_val_00013385.JPEG,,,,3.77733612,-13.69604111
515,imagenet,0,ILSVRC2012_val_00013421.JPEG,,,,-37.96791077,-11.18177414
516,imagenet,0,ILSVRC2012_val_00013444.JPEG,,,,-10.72675514,27.07555389
517,imagenet,0,ILSVRC2012_val_00013450.JPEG,,,,9.37585163,16.79474449
518,imagenet,0,ILSVRC2012_val_00013474.JPEG,,,,-15.85067177,12.04510689
519,imagenet,0,ILSVRC2012_val_00013494.JPEG,,,,0.77986825,29.66834068
520,imagenet,0,ILSVRC2012_val_00013509.JPEG,,,,-20.98994064,-17.19684792
521,imagenet,0,ILSVRC2012_val_00013512.JPEG,,,,47.43863297,9.55009747
522,imagenet,0,ILSVRC2012_val_00013554.JPEG,,,,47.16844177,12.05607033
523,imagenet,0,ILSVRC2012_val_00013579.JPEG,,,,-1.43997765,17.72813797
524,imagenet,0,ILSVRC2012_val_00013581.JPEG,,,,35.74269104,20.68040657
525,imagenet,0,ILSVRC2012_val_00013588.JPEG,,,,9.12032032,18.58198166
526,imagenet,0,ILSVRC2012_val_00013624.JPEG,,,,45.88409424,13.49794960
527,imagenet,0,ILSVRC2012_val_00013670.JPEG,,,,-32.70502472,-13.96010113
528,imagenet,0,ILSVRC2012_val_00013676.JPEG,,,,-37.01969528,13.44288826
529,imagenet,0,ILSVRC2012_val_00013682.JPEG,,,,30.20091629,4.50845623
530,imagenet,0,ILSVRC2012_val_00013698.JPEG,,,,-14.69161224,6.22443438
531,imagenet,0,ILSVRC2012_val_00013709.JPEG,,,,34.22418594,3.31736779
532,imagenet,0,ILSVRC2012_val_00013717.JPEG,,,,33.33225632,19.48388100
533,imagenet,0,ILSVRC2012_val_00013767.JPEG,,,,5.81526661,-17.67034721
534,imagenet,0,ILSVRC2012_val_00013808.JPEG,,,,32.48026657,-7.02036619
535,imagenet,0,ILSVRC2012_val_00013810.JPEG,,,,-3.55058789,-12.41447258
536,imagenet,0,ILSVRC2012_val_00013826.JPEG,,,,-4.69845724,-22.45411682
537,imagenet,0,ILSVRC2012_val_00013833.JPEG,,,,21.09264565,-24.31857109
538,imagenet,0,ILSVRC2012_val_00013844.JPEG,,,,-38.95934677,-7.72353840
539,imagenet,0,ILSVRC2012_val_00013873.JPEG,,,,13.49977684,28.64460182
540,imagenet,0,ILSVRC2012_val_00013877.JPEG,,,,-36.13270569,-14.40405655
541,imagenet,0,ILSVRC2012_val_00013883.JPEG,,,,19.13682747,15.73352623
542,imagenet,0,ILSVRC2012_val_00013896.JPEG,,,,12.82088280,-1.36034656
543,imagenet,0,ILSVRC2012_val_00013898.JPEG,,,,38.29487228,3.42732286
544,imagenet,0,ILSVRC2012_val_00013907.JPEG,,,,49.91616440,10.10724449
545,imagenet,0,ILSVRC2012_val_00013922.JPEG,,,,-17.75996590,-4.80667353
546,imagenet,0,ILSVRC2012_val_00013935.JPEG,,,,-5.69793415,40.44778442
547,imagenet,0,ILSVRC2012_val_00013936.JPEG,,,,14.98127556,8.78664017
548,imagenet,0,ILSVRC2012_val_00013949.JPEG,,,,-26.21826935,-1.94612086
549,imagenet,0,ILSVRC2012_val_00013963.JPEG,,,,49.60896683,-1.54282176
550,imagenet,0,ILSVRC2012_val_00013974.JPEG,,,,-40.86041641,6.14202166
551,imagenet,0,ILSVRC2012_val_00013993.JPEG,,,,-5.37958527,9.81219292
552,imagenet,0,ILSVRC2012_val_00014003.JPEG,,,,-44.98277664,-8.27541733
553,imagenet,0,ILSVRC2012_val_00014008.JPEG,,,,36.23450851,19.52795601
554,imagenet,0,ILSVRC2012_val_00014026.JPEG,,,,37.83313370,-10.40117073
555,imagenet,0,ILSVRC2012_val_00014052.JPEG,,,,16.43857574,26.96854210
556,imagenet,0,ILSVRC2012_val_00014061.JPEG,,,,11.15839100,-13.51109219
557,imagenet,0,ILSVRC2012_val_00014163.JPEG,,,,11.87449932,32.21225739
558,imagenet,0,ILSVRC2012_val_00014182.JPEG,,,,23.80286789,-18.06181335
559,imagenet,0,ILSVRC2012_val_00014190.JPEG,,,,-40.47758865,18.03978539
560,imagenet,0,ILSVRC2012_val_00014202.JPEG,,,,41.92136002,-8.83199787
561,imagenet,0,ILSVRC2012_val_00014265.JPEG,,,,25.41776466,-24.56587029
562,imagenet,0,ILSVRC2012_val_00014307.JPEG,,,,-7.12923241,37.63827133
563,imagenet,0,ILSVRC2012_val_00014314.JPEG,,,,42.80245972,14.45685101
564,imagenet,0,ILSVRC2012_val_00014327.JPEG,,,,29.52202034,17.07516479
565,imagenet,0,ILSVRC2012_val_00014382.JPEG,,,,12.81806660,24.93098259
566,imagenet,0,ILSVRC2012_val_00014414.JPEG,,,,45.36735153,-5.89785194
567,imagenet,0,ILSVRC2012_val_00014425.JPEG,,,,37.88082504,-4.69495249
568,imagenet,0,ILSVRC2012_val_00014427.JPEG,,,,-36.37088776,20.91742516
569,imagenet,0,ILSVRC2012_val_00014438.JPEG,,,,-0.69311440,-11.92667389
570,imagenet,0,ILSVRC2012_val_00014514.JPEG,,,,21.23442459,11.40139389
571,imagenet,0,ILSVRC2012_val_00014532.JPEG,,,,41.77759171,-7.91285992
572,imagenet,0,ILSVRC2012_val_00014547.JPEG,,,,48.97448349,6.74090672
573,imagenet,0,ILSVRC2012_val_00014625.JPEG,,,,23.65208054,14.68892956
574,imagenet,0,ILSVRC2012_val_00014655.JPEG,,,,26.05162430,3.69335270
575,imagenet,0,ILSVRC2012_val_00014661.JPEG,,,,-32.67738342,11.84250832
576,imagenet,0,ILSVRC2012_val_00014699.JPEG,,,,3.24860764,6.53144360
577,imagenet,0,ILSVRC2012_val_00014780.JPEG,,,,13.89948559,3.22097015
578,imagenet,0,ILSVRC2012_val_00014835.JPEG,,,,-21.71205902,-12.15765476
579,imagenet,0,ILSVRC2012_val_00014841.JPEG,,,,-33.73508072,-17.35487747
580,imagenet,0,ILSVRC2012_val_00015005.JPEG,,,,-43.23305893,-10.52738380
581,imagenet,0,ILSVRC2012_val_00015025.JPEG,,,,-1.54484248,33.73386383
582,imagenet,0,ILSVRC2012_val_00015034.JPEG,,,,-6.90019703,14.06996059
583,imagenet,0,ILSVRC2012_val_00015059.JPEG,,,,-3.08340430,8.31401443
584,imagenet,0,ILSVRC2012_val_00015064.JPEG,,,,-0.26118696,-7.71890974
585,imagenet,0,ILSVRC2012_val_00015084.JPEG,,,,13.85499001,31.78269577
586,imagenet,0,ILSVRC2012_val_00015111.JPEG,,,,-25.97923470,16.12331200
587,imagenet,0,ILSVRC2012_val_00015158.JPEG,,,,-8.58437252,-11.85074043
588,imagenet,0,ILSVRC2012_val_00015169.JPEG,,,,-29.31404686,25.10059738
589,imagenet,0,ILSVRC2012_val_00015193.JPEG,,,,-30.37635612,14.95495892
590,imagenet,0,ILSVRC2012_val_00015263.JPEG,,,,6.92744303,4.72598648
591,imagenet,0,ILSVRC2012_val_00015316.JPEG,,,,-42.88491821,-8.88677406
592,imagenet,0,ILSVRC2012_val_00015351.JPEG,,,,-4.74505138,38.20027542
593,imagenet,0,ILSVRC2012_val_00015365.JPEG,,,,-41.68816757,-9.24285316
594,imagenet,0,ILSVRC2012_val_00015366.JPEG,,,,-10.14860725,-8.25399303
595,imagenet,0,ILSVRC2012_val_00015387.JPEG,,,,-35.82203293,17.77991295
596,imagenet,0,ILSVRC2012_val_00015425.JPEG,,,,33.88476181,3.12260628
597,imagenet,0,ILSVRC2012_val_00015426.JPEG,,,,-41.71394730,11.47033596
598,imagenet,0,ILSVRC2012_val_00015438.JPEG,,,,7.39104033,9.21478939
599,imagenet,0,ILSVRC2012_val_00015449.JPEG,,,,-10.38710213,-22.97025681
600,imagenet,0,ILSVRC2012_val_00015453.JPEG,,,,31.65865135,-7.91324282
601,imagenet,0,ILSVRC2012_val_00015516.JPEG,,,,31.33963203,-19.76329422
602,imagenet,0,ILSVRC2012_val_00015522.JPEG,,,,8.79146767,33.02954102
603,imagenet,0,ILSVRC2012_val_00015543.JPEG,,,,50.57373047,7.45843267
604,imagenet,0,ILSVRC2012_val_00015554.JPEG,,,,-7.50734758,12.48645687
605,imagenet,0,ILSVRC2012_val_00015569.JPEG,,,,39.99634171,14.37370586
606,imagenet,0,ILSVRC2012_val_00015595.JPEG,,,,0.76053518,-23.45423698
607,imagenet,0,ILSVRC2012_val_00015597.JPEG,,,,26.76281357,12.97451973
608,imagenet,0,ILSVRC2012_val_00015618.JPEG,,,,15.69573879,-4.25474405
609,imagenet,0,ILSVRC2012_val_00015641.JPEG,,,,-17.87063217,-0.72661901
610,imagenet,0,ILSVRC2012_val_00015644.JPEG,,,,25.47375298,11.33561897
611,imagenet,0,ILSVRC2012_val_00015647.JPEG,,,,-27.60449219,26.22436714
612,imagenet,0,ILSVRC2012_val_00015734.JPEG,,,,-28.03251648,-16.02391624
613,imagenet,0,ILSVRC2012_val_00015742.JPEG,,,,32.63385010,18.87777710
614,imagenet,0,ILSVRC2012_val_00015753.JPEG,,,,5.87075710,-8.65383720
615,imagenet,0,ILSVRC2012_val_00015780.JPEG,,,,-32.41949844,12.61605453
616,imagenet,0,ILSVRC2012_val_00015825.JPEG,,,,-8.65362358,-11.80062866
617,imagenet,0,ILSVRC2012_val_00015836.JPEG,,,,-0.02252031,31.45859718
618,imagenet,0,ILSVRC2012_val_00015862.JPEG,,,,12.38086605,-12.54940414
619,imagenet,0,ILSVRC2012_val_00015877.JPEG,,,,27.29342461,3.41296053
620,imagenet,0,ILSVRC2012_val_00015892.JPEG,,,,11.07820797,-19.14248085
621,imagenet,0,ILSVRC2012_val_00015898.JPEG,,,,-22.54013443,11.95230198
622,imagenet,0,ILSVRC2012_val_00015910.JPEG,,,,4.70053339,32.26594925
623,imagenet,0,ILSVRC2012_val_00015940.JPEG,,,,-30.51010513,-21.23721695
624,imagenet,0,ILSVRC2012_val_00015965.JPEG,,,,33.28989029,8.52347374
625,imagenet,0,ILSVRC2012_val_00016061.JPEG,,,,-19.68929100,-0.69796211
626,imagenet,0,ILSVRC2012_val_00016095.JPEG,,,,-5.51674080,7.07824039
627,imagenet,0,ILSVRC2012_val_00016113.JPEG,,,,-7.48392153,35.29035950
628,imagenet,0,ILSVRC2012_val_00016147.JPEG,,,,27.43687057,-12.51297855
629,imagenet,0,ILSVRC2012_val_00016171.JPEG,,,,-8.34425926,24.31826019
630,imagenet,0,ILSVRC2012_val_00016204.JPEG,,,,4.72006845,-7.61263084
631,imagenet,0,ILSVRC2012_val_00016214.JPEG,,,,-15.43840885,-20.53136444
632,imagenet,0,ILSVRC2012_val_00016219.JPEG,,,,-25.91791725,2.54382658
633,imagenet,0,ILSVRC2012_val_00016250.JPEG,,,,10.50364304,9.65214729
634,imagenet,0,ILSVRC2012_val_00016251.JPEG,,,,10.24307156,11.31599045
635,imagenet,0,ILSVRC2012_val_00016275.JPEG,,,,32.38407898,-14.41435623
636,imagenet,0,ILSVRC2012_val_00016322.JPEG,,,,-24.64435005,-16.84173584
637,imagenet,0,ILSVRC2012_val_00016359.JPEG,,,,-40.95617294,3.24448633
638,imagenet,0,ILSVRC2012_val_00016387.JPEG,,,,36.83772659,20.65447044
639,imagenet,0,ILSVRC2012_val_00016420.JPEG,,,,14.03209877,33.30703735
640,imagenet,0,ILSVRC2012_val_00016425.JPEG,,,,-17.06178284,20.63506317
641,imagenet,0,ILSVRC2012_val_00016470.JPEG,,,,-23.86029434,-3.90573192
642,imagenet,0,ILSVRC2012_val_00016474.JPEG,,,,-25.21906471,24.91044235
643,imagenet,0,ILSVRC2012_val_00016495.JPEG,,,,-42.50074387,-5.25402784
644,imagenet,0,ILSVRC2012_val_00016509.JPEG,,,,-3.36759591,-14.75055122
645,imagenet,0,ILSVRC2012_val_00016528.JPEG,,,,40.70205307,-14.13149643
646,imagenet,0,ILSVRC2012_val_00016542.JPEG,,,,4.58840656,-17.68119621
647,imagenet,0,ILSVRC2012_val_00016591.JPEG,,,,-24.89099693,10.27044773
648,imagenet,0,ILSVRC2012_val_00016605.JPEG,,,,46.04661942,-6.21499205
649,imagenet,0,ILSVRC2012_val_00016616.JPEG,,,,48.67407227,13.21052551
650,imagenet,0,ILSVRC2012_val_00016680.JPEG,,,,0.78328055,34.50162506
651,imagenet,0,ILSVRC2012_val_00016707.JPEG,,,,-16.45970154,-19.77529526
652,imagenet,0,ILSVRC2012_val_00016708.JPEG,,,,7.31820393,33.54144669
653,imagenet,0,ILSVRC2012_val_00016740.JPEG,,,,-24.88576889,-17.07386398
654,imagenet,0,ILSVRC2012_val_00016791.JPEG,,,,-10.36312962,9.05203533
655,imagenet,0,ILSVRC2012_val_00016796.JPEG,,,,17.34957695,20.78040695
656,imagenet,0,ILSVRC2012_val_00016798.JPEG,,,,5.73364115,6.76400614
657,imagenet,0,ILSVRC2012_val_00016813.JPEG,,,,-16.91277122,2.07899809
658,imagenet,0,ILSVRC2012_val_00016832.JPEG,,,,-19.14823341,-22.10327911
659,imagenet,0,ILSVRC2012_val_00016843.JPEG,,,,-7.17528963,23.41911316
660,imagenet,0,ILSVRC2012_val_00016918.JPEG,,,,-38.19485474,-5.35075998
661,imagenet,0,ILSVRC2012_val_00016926.JPEG,,,,-6.55482674,20.61566544
662,imagenet,0,ILSVRC2012_val_00016960.JPEG,,,,-21.98576736,18.68333054
663,imagenet,0,ILSVRC2012_val_00016997.JPEG,,,,26.88411331,-21.63011932
664,imagenet,0,ILSVRC2012_val_00016999.JPEG,,,,5.26157761,34.62157440
665,imagenet,0,ILSVRC2012_val_00017018.JPEG,,,,20.53376961,-7.14151144
666,imagenet,0,ILSVRC2012_val_00017060.JPEG,,,,30.87352753,2.65753484
667,imagenet,0,ILSVRC2012_val_00017104.JPEG,,,,-12.81008816,10.12394047
668,imagenet,0,ILSVRC2012_val_00017154.JPEG,,,,-29.66168976,24.88310623
669,imagenet,0,ILSVRC2012_val_00017168.JPEG,,,,47.85066986,10.74784851
670,imagenet,0,ILSVRC2012_val_00017216.JPEG,,,,-37.92181015,16.37242699
671,imagenet,0,ILSVRC2012_val_00017264.JPEG,,,,-2.08891654,21.30435944
672,imagenet,0,ILSVRC2012_val_00017273.JPEG,,,,-30.69036865,-15.27776623
673,imagenet,0,ILSVRC2012_val_00017286.JPEG,,,,-36.11993790,13.15542126
674,imagenet,0,ILSVRC2012_val_00017320.JPEG,,,,37.90514755,13.09321022
675,imagenet,0,ILSVRC2012_val_00017332.JPEG,,,,35.14609909,-14.96038914
676,imagenet,0,ILSVRC2012_val_00017340.JPEG,,,,-3.82472181,-1.83674061
677,imagenet,0,ILSVRC2012_val_00017392.JPEG,,,,-14.23944473,33.75409698
678,imagenet,0,ILSVRC2012_val_00017414.JPEG,,,,51.33312225,7.71469116
679,imagenet,0,ILSVRC2012_val_00017426.JPEG,,,,40.68888855,1.02922404
680,imagenet,0,ILSVRC2012_val_00017438.JPEG,,,,-15.82882404,16.06037712
681,imagenet,0,ILSVRC2012_val_00017461.JPEG,,,,-9.34984112,-8.75323200
682,imagenet,0,ILSVRC2012_val_00017477.JPEG,,,,-27.08555603,-21.07152367
683,imagenet,0,ILSVRC2012_val_00017497.JPEG,,,,-1.89082968,-13.42475033
684,imagenet,0,ILSVRC2012_val_00017503.JPEG,,,,-5.99593973,38.60646820
685,imagenet,0,ILSVRC2012_val_00017508.JPEG,,,,20.52050209,-7.48126841
686,imagenet,0,ILSVRC2012_val_00017520.JPEG,,,,-6.93933392,-7.01232481
687,imagenet,0,ILSVRC2012_val_00017543.JPEG,,,,22.16582680,7.17779684
688,imagenet,0,ILSVRC2012_val_00017585.JPEG,,,,-40.34003448,12.77078152
689,imagenet,0,ILSVRC2012_val_00017590.JPEG,,,,-28.95985603,-0.10094483
690,imagenet,0,ILSVRC2012_val_00017607.JPEG,,,,10.92777348,34.57674789
691,imagenet,0,ILSVRC2012_val_00017613.JPEG,,,,-37.50207901,19.70796013
692,imagenet,0,ILSVRC2012_val_00017614.JPEG,,,,-37.72083282,-6.25552273
693,imagenet,0,ILSVRC2012_val_00017638.JPEG,,,,-37.22843933,5.39001942
694,imagenet,0,ILSVRC2012_val_00017639.JPEG,,,,25.85904694,-12.89575958
695,imagenet,0,ILSVRC2012_val_00017707.JPEG,,,,16.24463654,33.54549408
696,imagenet,0,ILSVRC2012_val_00017713.JPEG,,,,10.10918617,32.49604034
697,imagenet,0,ILSVRC2012_val_00017715.JPEG,,,,-17.55366707,8.32364655
698,imagenet,0,ILSVRC2012_val_00017728.JPEG,,,,32.86555862,-15.43293571
699,imagenet,0,ILSVRC2012_val_00017775.JPEG,,,,-33.97559738,-22.17070770
700,imagenet,0,ILSVRC2012_val_00017814.JPEG,,,,26.26873970,-3.72307491
701,imagenet,0,ILSVRC2012_val_00017880.JPEG,,,,29.43333817,-18.47993469
702,imagenet,0,ILSVRC2012_val_00017890.JPEG,,,,-30.33735847,24.48040581
703,imagenet,0,ILSVRC2012_val_00017898.JPEG,,,,-20.59606171,15.68799400
704,imagenet,0,ILSVRC2012_val_00017909.JPEG,,,,-33.22679520,-9.06928730
705,imagenet,0,ILSVRC2012_val_00017920.JPEG,,,,-38.94541550,16.75568581
706,imagenet,0,ILSVRC2012_val_00017937.JPEG,,,,-24.52013397,-20.03117561
707,imagenet,0,ILSVRC2012_val_00017948.JPEG,,,,-29.04900169,-8.66521454
708,imagenet,0,ILSVRC2012_val_00017963.JPEG,,,,-11.87059021,15.01529694
709,imagenet,0,ILSVRC2012_val_00017970.JPEG,,,,-12.40246010,5.94575739
710,imagenet,0,ILSVRC2012_val_00017981.JPEG,,,,-41.50678253,-4.33819151
711,imagenet,0,ILSVRC2012_val_00017984.JPEG,,,,-30.78401947,18.99460411
712,imagenet,0,ILSVRC2012_val_00018027.JPEG,,,,10.81651878,2.54389572
713,imagenet,0,ILSVRC2012_val_00018077.JPEG,,,,-17.35657883,-9.77892399
714,imagenet,0,ILSVRC2012_val_00018110.JPEG,,,,38.34825134,-16.01817894
715,imagenet,0,ILSVRC2012_val_00018132.JPEG,,,,2.86309505,0.63569498
716,imagenet,0,ILSVRC2012_val_00018133.JPEG,,,,-36.00444031,-8.11476326
717,imagenet,0,ILSVRC2012_val_00018142.JPEG,,,,42.97312927,10.27820873
718,imagenet,0,ILSVRC2012_val_00018177.JPEG,,,,22.50653267,-18.28479195
719,imagenet,0,ILSVRC2012_val_00018228.JPEG,,,,-25.64794350,23.12311935
720,imagenet,0,ILSVRC2012_val_00018255.JPEG,,,,-6.21452475,24.14870071
721,imagenet,0,ILSVRC2012_val_00018382.JPEG,,,,-10.28242302,8.55399990
722,imagenet,0,ILSVRC2012_val_00018391.JPEG,,,,-39.04264069,-8.39170551
723,imagenet,0,ILSVRC2012_val_00018416.JPEG,,,,17.92426491,-10.05137825
724,imagenet,0,ILSVRC2012_val_00018481.JPEG,,,,-36.51037979,0.39285803
725,imagenet,0,ILSVRC2012_val_00018509.JPEG,,,,28.75185776,-20.97719765
726,imagenet,0,ILSVRC2012_val_00018543.JPEG,,,,8.44724655,22.01028442
727,imagenet,0,ILSVRC2012_val_00018619.JPEG,,,,-1.44492555,-15.33055210
728,imagenet,0,ILSVRC2012_val_00018621.JPEG,,,,-4.85808611,35.53757858
729,imagenet,0,ILSVRC2012_val_00018635.JPEG,,,,-38.33490753,18.49147606
730,imagenet,0,ILSVRC2012_val_00018649.JPEG,,,,-38.87751770,12.21664429
731,imagenet,0,ILSVRC2012_val_00018658.JPEG,,,,44.85853958,2.07653570
732,imagenet,0,ILSVRC2012_val_00018692.JPEG,,,,-28.20991135,7.26074505
733,imagenet,0,ILSVRC2012_val_00018715.JPEG,,,,-19.25076866,-9.48603630
734,imagenet,0,ILSVRC2012_val_00018729.JPEG,,,,-38.69493103,-0.14181627
735,imagenet,0,ILSVRC2012_val_00018732.JPEG,,,,25.36231613,-16.03541374
736,imagenet,0,ILSVRC2012_val_00018752.JPEG,,,,-26.65057945,-14.58781433
737,imagenet,0,ILSVRC2012_val_00018804.JPEG,,,,-0.86093545,-15.44156075
738,imagenet,0,ILSVRC2012_val_00018809.JPEG,,,,-15.10208607,30.31548119
739,imagenet,0,ILSVRC2012_val_00018839.JPEG,,,,45.25691223,10.12687588
740,imagenet,0,ILSVRC2012_val_00018886.JPEG,,,,-44.08840179,-4.67749596
741,imagenet,0,ILSVRC2012_val_00018914.JPEG,,,,4.84239483,34.44511414
742,imagenet,0,ILSVRC2012_val_00018930.JPEG,,,,-34.37098312,17.61592484
743,imagenet,0,ILSVRC2012_val_00018938.JPEG,,,,24.39413643,24.99783325
744,imagenet,0,ILSVRC2012_val_00018955.JPEG,,,,-34.16503525,8.25161648
745,imagenet,0,ILSVRC2012_val_00018981.JPEG,,,,38.40761185,12.90252018
746,imagenet,0,ILSVRC2012_val_00018995.JPEG,,,,29.96373940,-13.64043999
747,imagenet,0,ILSVRC2012_val_00019003.JPEG,,,,33.83612061,17.52788162
748,imagenet,0,ILSVRC2012_val_00019015.JPEG,,,,-8.71777248,34.25446701
749,imagenet,0,ILSVRC2012_val_00019029.JPEG,,,,35.25782394,5.58096075
750,imagenet,0,ILSVRC2012_val_00019048.JPEG,,,,-13.28269863,13.10043716
751,imagenet,0,ILSVRC2012_val_00019062.JPEG,,,,-26.58297157,1.50801122
752,imagenet,0,ILSVRC2012_val_00019089.JPEG,,,,-27.07963562,12.96739864
753,imagenet,0,ILSVRC2012_val_00019113.JPEG,,,,-1.31678724,15.09209633
754,imagenet,0,ILSVRC2012_val_00019124.JPEG,,,,13.96792984,2.79303169
755,imagenet,0,ILSVRC2012_val_00019125.JPEG,,,,29.90355110,13.31681347
756,imagenet,0,ILSVRC2012_val_00019146.JPEG,,,,-39.35722733,-19.13806534
757,imagenet,0,ILSVRC2012_val_00019228.JPEG,,,,-34.55036163,-9.99969578
758,imagenet,0,ILSVRC2012_val_00019319.JPEG,,,,-9.07969666,31.76493454
759,imagenet,0,ILSVRC2012_val_00019331.JPEG,,,,3.90676379,27.36380577
760,imagenet,0,ILSVRC2012_val_00019386.JPEG,,,,37.40910721,-1.61835623
761,imagenet,0,ILSVRC2012_val_00019426.JPEG,,,,-16.57233238,-10.28711319
762,imagenet,0,ILSVRC2012_val_00019516.JPEG,,,,-24.17721367,-4.79993200
763,imagenet,0,ILSVRC2012_val_00019548.JPEG,,,,-3.62838697,-9.71978569
764,imagenet,0,ILSVRC2012_val_00019592.JPEG,,,,6.19349384,25.07762337
765,imagenet,0,ILSVRC2012_val_00019616.JPEG,,,,-31.88142014,26.43200302
766,imagenet,0,ILSVRC2012_val_00019620.JPEG,,,,-40.18620300,-7.93660879
767,imagenet,0,ILSVRC2012_val_00019622.JPEG,,,,-30.73523140,-5.90773773
768,imagenet,0,ILSVRC2012_val_00019652.JPEG,,,,42.53499222,-8.63010883
769,imagenet,0,ILSVRC2012_val_00019774.JPEG,,,,19.34031868,8.38170719
770,imagenet,0,ILSVRC2012_val_00019778.JPEG,,,,35.84664154,-7.26896620
771,imagenet,0,ILSVRC2012_val_00019795.JPEG,,,,-16.84038162,21.49634552
772,imagenet,0,ILSVRC2012_val_00019803.JPEG,,,,-33.83607483,4.59924269
773,imagenet,0,ILSVRC2012_val_00019872.JPEG,,,,-9.57217693,-19.98567390
774,imagenet,0,ILSVRC2012_val_00019903.JPEG,,,,-9.09095287,34.91359711
775,imagenet,0,ILSVRC2012_val_00019907.JPEG,,,,-32.14875031,-1.49377024
776,imagenet,0,ILSVRC2012_val_00019914.JPEG,,,,42.29353714,13.91174412
777,imagenet,0,ILSVRC2012_val_00019932.JPEG,,,,-3.97465515,13.94971275
778,imagenet,0,ILSVRC2012_val_00019941.JPEG,,,,48.69901276,12.07438564
779,imagenet,0,ILSVRC2012_val_00019949.JPEG,,,,9.59061623,32.43568420
780,imagenet,0,ILSVRC2012_val_00019958.JPEG,,,,34.60187149,19.27241325
781,imagenet,0,ILSVRC2012_val_00019983.JPEG,,,,-16.78718185,-11.28321457
782,imagenet,0,ILSVRC2012_val_00019989.JPEG,,,,-42.21308899,-7.22841740
783,imagenet,0,ILSVRC2012_val_00020032.JPEG,,,,35.79138184,16.55732536
784,imagenet,0,ILSVRC2012_val_00020033.JPEG,,,,-26.21306801,-9.73147297
785,imagenet,0,ILSVRC2012_val_00020043.JPEG,,,,-17.31773376,7.05704021
786,imagenet,0,ILSVRC2012_val_00020061.JPEG,,,,-30.63685989,11.75222492
787,imagenet,0,ILSVRC2012_val_00020076.JPEG,,,,35.44750214,2.22331190
788,imagenet,0,ILSVRC2012_val_00020087.JPEG,,,,-6.65734816,3.57732773
789,imagenet,0,ILSVRC2012_val_00020108.JPEG,,,,-4.01558161,19.33343887
790,imagenet,0,ILSVRC2012_val_00020182.JPEG,,,,-6.99701118,-7.18288422
791,imagenet,0,ILSVRC2012_val_00020188.JPEG,,,,-36.76097488,1.66709292
792,imagenet,0,ILSVRC2012_val_00020196.JPEG,,,,6.32587385,-11.21926403
793,imagenet,0,ILSVRC2012_val_00020220.JPEG,,,,-23.75871086,-12.84044075
794,imagenet,0,ILSVRC2012_val_00020232.JPEG,,,,-4.20740414,35.31598663
795,imagenet,0,ILSVRC2012_val_00020246.JPEG,,,,-16.40625000,20.79196930
796,imagenet,0,ILSVRC2012_val_00020249.JPEG,,,,23.55593681,-6.34641075
797,imagenet,0,ILSVRC2012_val_00020250.JPEG,,,,36.51250076,9.89687824
798,imagenet,0,ILSVRC2012_val_00020258.JPEG,,,,-40.85908127,-5.36109352
799,imagenet,0,ILSVRC2012_val_00020292.JPEG,,,,18.52581024,-15.97863865
800,imagenet,0,ILSVRC2012_val_00020297.JPEG,,,,-8.33971882,1.83366871
801,imagenet,0,ILSVRC2012_val_00020314.JPEG,,,,29.79946709,-6.34634209
802,imagenet,0,ILSVRC2012_val_00020342.JPEG,,,,-17.14573097,-21.92245483
803,imagenet,0,ILSVRC2012_val_00020362.JPEG,,,,-22.10707664,4.50749969
804,imagenet,0,ILSVRC2012_val_00020375.JPEG,,,,0.42210975,20.57262993
805,imagenet,0,ILSVRC2012_val_00020399.JPEG,,,,-6.26323032,-13.99994087
806,imagenet,0,ILSVRC2012_val_00020419.JPEG,,,,50.65945816,6.61157465
807,imagenet,0,ILSVRC2012_val_00020442.JPEG,,,,4.49141216,9.28840637
808,imagenet,0,ILSVRC2012_val_00020462.JPEG,,,,-25.16351318,-2.75720263
809,imagenet,0,ILSVRC2012_val_00020512.JPEG,,,,-28.36411858,20.09387016
810,imagenet,0,ILSVRC2012_val_00020516.JPEG,,,,4.49717331,6.56336737
811,imagenet,0,ILSVRC2012_val_00020533.JPEG,,,,-21.27115440,-20.91979790
812,imagenet,0,ILSVRC2012_val_00020543.JPEG,,,,-20.31131363,-2.21131539
813,imagenet,0,ILSVRC2012_val_00020550.JPEG,,,,17.33862686,-19.69691467
814,imagenet,0,ILSVRC2012_val_00020557.JPEG,,,,39.75908661,2.35958672
815,imagenet,0,ILSVRC2012_val_00020560.JPEG,,,,21.92468834,-10.28705215
816,imagenet,0,ILSVRC2012_val_00020565.JPEG,,,,-42.30032349,-0.28061846
817,imagenet,0,ILSVRC2012_val_00020573.JPEG,,,,36.36126709,19.91670418
818,imagenet,0,ILSVRC2012_val_00020665.JPEG,,,,-37.41302109,17.67742538
819,imagenet,0,ILSVRC2012_val_00020739.JPEG,,,,35.03798676,22.94207573
820,imagenet,0,ILSVRC2012_val_00020755.JPEG,,,,38.83404541,-14.96814442
821,imagenet,0,ILSVRC2012_val_00020756.JPEG,,,,4.44223547,32.21730804
822,imagenet,0,ILSVRC2012_val_00020789.JPEG,,,,20.89691925,24.08192062
823,imagenet,0,ILSVRC2012_val_00020806.JPEG,,,,35.69083786,-14.18041229
824,imagenet,0,ILSVRC2012_val_00020844.JPEG,,,,-8.49841118,8.86995602
825,imagenet,0,ILSVRC2012_val_00020849.JPEG,,,,-7.55494261,-27.73053551
826,imagenet,0,ILSVRC2012_val_00020863.JPEG,,,,-5.73430824,-28.21631813
827,imagenet,0,ILSVRC2012_val_00020865.JPEG,,,,19.30360031,-6.31456184
828,imagenet,0,ILSVRC2012_val_00020902.JPEG,,,,-30.13069344,-22.50160027
829,imagenet,0,ILSVRC2012_val_00020928.JPEG,,,,50.57791901,5.48991680
830,imagenet,0,ILSVRC2012_val_00020929.JPEG,,,,8.76157379,-5.35821390
831,imagenet,0,ILSVRC2012_val_00020948.JPEG,,,,15.79179382,35.38891983
832,imagenet,0,ILSVRC2012_val_00020963.JPEG,,,,7.94455099,-11.01712418
833,imagenet,0,ILSVRC2012_val_00020981.JPEG,,,,-36.19208908,21.27220154
834,imagenet,0,ILSVRC2012_val_00021011.JPEG,,,,-39.38908768,13.00234127
835,imagenet,0,ILSVRC2012_val_00021033.JPEG,,,,-30.48440552,-24.12100983
836,imagenet,0,ILSVRC2012_val_00021103.JPEG,,,,29.99175453,1.73900974
837,imagenet,0,ILSVRC2012_val_00021138.JPEG,,,,-34.09157181,2.37987757
838,imagenet,0,ILSVRC2012_val_00021162.JPEG,,,,32.38809204,20.08696556
839,imagenet,0,ILSVRC2012_val_00021216.JPEG,,,,-36.23338699,-5.30953169
840,imagenet,0,ILSVRC2012_val_00021220.JPEG,,,,-28.22913933,-19.70330811
841,imagenet,0,ILSVRC2012_val_00021241.JPEG,,,,-24.10037613,-6.01313686
842,imagenet,0,ILSVRC2012_val_00021255.JPEG,,,,-38.91607666,4.27869225
843,imagenet,0,ILSVRC2012_val_00021291.JPEG,,,,-22.32993317,-11.88862419
844,imagenet,0,ILSVRC2012_val_00021341.JPEG,,,,28.17823410,-9.83991146
845,imagenet,0,ILSVRC2012_val_00021371.JPEG,,,,-19.18071365,5.73359537
846,imagenet,0,ILSVRC2012_val_00021492.JPEG,,,,-36.73958206,10.30628681
847,imagenet,0,ILSVRC2012_val_00021506.JPEG,,,,15.56798553,29.20855713
848,imagenet,0,ILSVRC2012_val_00021533.JPEG,,,,-4.49564743,-18.62983513
849,imagenet,0,ILSVRC2012_val_00021575.JPEG,,,,0.25040329,-11.04416847
850,imagenet,0,ILSVRC2012_val_00021606.JPEG,,,,33.42323685,-5.85792398
851,imagenet,0,ILSVRC2012_val_00021656.JPEG,,,,41.35560608,-1.20952046
852,imagenet,0,ILSVRC2012_val_00021663.JPEG,,,,25.31696129,-16.70709610
853,imagenet,0,ILSVRC2012_val_00021665.JPEG,,,,53.67074966,8.47145176
854,imagenet,0,ILSVRC2012_val_00021730.JPEG,,,,32.13372421,-4.32115889
855,imagenet,0,ILSVRC2012_val_00021733.JPEG,,,,-33.59534454,-19.83378792
856,imagenet,0,ILSVRC2012_val_00021745.JPEG,,,,-37.66388321,-21.29970551
857,imagenet,0,ILSVRC2012_val_00021751.JPEG,,,,16.05374336,-3.31258059
858,imagenet,0,ILSVRC2012_val_00021788.JPEG,,,,-22.56860542,0.93102479
859,imagenet,0,ILSVRC2012_val_00021790.JPEG,,,,32.05467987,-11.91964436
860,imagenet,0,ILSVRC2012_val_00021800.JPEG,,,,-45.05229568,-11.85820198
861,imagenet,0,ILSVRC2012_val_00021839.JPEG,,,,-35.98110580,-12.32170200
862,imagenet,0,ILSVRC2012_val_00021856.JPEG,,,,-35.36709595,-23.08115578
863,imagenet,0,ILSVRC2012_val_00021928.JPEG,,,,-12.47629738,7.21026707
864,imagenet,0,ILSVRC2012_val_00021989.JPEG,,,,14.76378059,-0.53581822
865,imagenet,0,ILSVRC2012_val_00022021.JPEG,,,,-22.43772697,23.35007286
866,imagenet,0,ILSVRC2012_val_00022026.JPEG,,,,44.19178009,14.84921741
867,imagenet,0,ILSVRC2012_val_00022029.JPEG,,,,14.65748978,9.70901585
868,imagenet,0,ILSVRC2012_val_00022074.JPEG,,,,45.38497925,-4.05154037
869,imagenet,0,ILSVRC2012_val_00022130.JPEG,,,,11.18616676,-2.40248942
870,imagenet,0,ILSVRC2012_val_00022158.JPEG,,,,-4.88032866,-22.82051849
871,imagenet,0,ILSVRC2012_val_00022159.JPEG,,,,4.80523014,-13.60788536
872,imagenet,0,ILSVRC2012_val_00022174.JPEG,,,,-13.29687214,8.64125633
873,imagenet,0,ILSVRC2012_val_00022220.JPEG,,,,0.16291462,30.51947212
874,imagenet,0,ILSVRC2012_val_00022235.JPEG,,,,2.44603753,-12.37867165
875,imagenet,0,ILSVRC2012_val_00022246.JPEG,,,,-39.54088974,10.56446838
876,imagenet,0,ILSVRC2012_val_00022279.JPEG,,,,-7.93000841,-17.13294792
877,imagenet,0,ILSVRC2012_val_00022299.JPEG,,,,42.03610229,3.29693961
878,imagenet,0,ILSVRC2012_val_00022348.JPEG,,,,-9.30330372,31.31020737
879,imagenet,0,ILSVRC2012_val_00022354.JPEG,,,,4.09820080,17.73054314
880,imagenet,0,ILSVRC2012_val_00022362.JPEG,,,,-30.27231407,1.74179304
881,imagenet,0,ILSVRC2012_val_00022518.JPEG,,,,-7.41283274,27.68637657
882,imagenet,0,ILSVRC2012_val_00022555.JPEG,,,,-12.16819191,-25.61253738
883,imagenet,0,ILSVRC2012_val_00022561.JPEG,,,,-10.22774792,-23.97709656
884,imagenet,0,ILSVRC2012_val_00022581.JPEG,,,,-19.79175377,-12.10215282
885,imagenet,0,ILSVRC2012_val_00022586.JPEG,,,,26.09315109,-7.64498281
886,imagenet,0,ILSVRC2012_val_00022604.JPEG,,,,46.07111359,7.52976465
887,imagenet,0,ILSVRC2012_val_00022624.JPEG,,,,25.24810028,5.06846523
888,imagenet,0,ILSVRC2012_val_00022626.JPEG,,,,34.97939301,1.23742700
889,imagenet,0,ILSVRC2012_val_00022631.JPEG,,,,-40.19079971,1.77918041
890,imagenet,0,ILSVRC2012_val_00022656.JPEG,,,,15.88642311,32.24596786
891,imagenet,0,ILSVRC2012_val_00022681.JPEG,,,,45.88362503,4.36440802
892,imagenet,0,ILSVRC2012_val_00022683.JPEG,,,,-7.61433125,-20.77949333
893,imagenet,0,ILSVRC2012_val_00022693.JPEG,,,,0.41599175,20.28679848
894,imagenet,0,ILSVRC2012_val_00022714.JPEG,,,,15.06422997,29.87887383
895,imagenet,0,ILSVRC2012_val_00022720.JPEG,,,,-30.67586136,24.01179886
896,imagenet,0,ILSVRC2012_val_00022735.JPEG,,,,35.91371918,-10.40591717
897,imagenet,0,ILSVRC2012_val_00022751.JPEG,,,,-8.97736931,38.30064774
898,imagenet,0,ILSVRC2012_val_00022758.JPEG,,,,-18.61102867,-2.83252907
899,imagenet,0,ILSVRC2012_val_00022772.JPEG,,,,39.13780594,18.15853500
900,imagenet,0,ILSVRC2012_val_00022779.JPEG,,,,-0.86670381,-18.23702621
901,imagenet,0,ILSVRC2012_val_00022807.JPEG,,,,-7.63199520,-17.07481003
902,imagenet,0,ILSVRC2012_val_00022839.JPEG,,,,-9.27579308,6.39629412
903,imagenet,0,ILSVRC2012_val_00022856.JPEG,,,,-40.58581924,-1.50809586
904,imagenet,0,ILSVRC2012_val_00022922.JPEG,,,,-38.24925613,-3.83076119
905,imagenet,0,ILSVRC2012_val_00022942.JPEG,,,,45.24993134,6.38453722
906,imagenet,0,ILSVRC2012_val_00022948.JPEG,,,,-2.79120779,17.21315956
907,imagenet,0,ILSVRC2012_val_00022970.JPEG,,,,-36.64004898,1.32067943
908,imagenet,0,ILSVRC2012_val_00022971.JPEG,,,,4.01850891,8.98672104
909,imagenet,0,ILSVRC2012_val_00022972.JPEG,,,,40.74587250,2.79220295
910,imagenet,0,ILSVRC2012_val_00022991.JPEG,,,,14.33666039,-2.66967750
911,imagenet,0,ILSVRC2012_val_00022998.JPEG,,,,-14.22189140,26.62958145
912,imagenet,0,ILSVRC2012_val_00023007.JPEG,,,,31.84999657,-2.95923400
913,imagenet,0,ILSVRC2012_val_00023060.JPEG,,,,-24.89838791,2.83670139
914,imagenet,0,ILSVRC2012_val_00023087.JPEG,,,,45.29591751,-3.13240480
915,imagenet,0,ILSVRC2012_val_00023110.JPEG,,,,-16.19695091,1.98488355
916,imagenet,0,ILSVRC2012_val_00023155.JPEG,,,,-21.62791824,-3.69230509
917,imagenet,0,ILSVRC2012_val_00023157.JPEG,,,,-2.61599731,1.76194680
918,imagenet,0,ILSVRC2012_val_00023159.JPEG,,,,29.80373764,23.95081711
919,imagenet,0,ILSVRC2012_val_00023201.JPEG,,,,-10.40415668,15.43522072
920,imagenet,0,ILSVRC2012_val_00023225.JPEG,,,,44.63707352,7.78003407
921,imagenet,0,ILSVRC2012_val_00023258.JPEG,,,,-33.79146576,22.34312630
922,imagenet,0,ILSVRC2012_val_00023260.JPEG,,,,-30.57442093,-12.96940899
923,imagenet,0,ILSVRC2012_val_00023265.JPEG,,,,7.74882841,5.73574829
924,imagenet,0,ILSVRC2012_val_00023327.JPEG,,,,-17.71341705,12.87380695
925,imagenet,0,ILSVRC2012_val_00023363.JPEG,,,,-14.97278500,17.43632889
926,imagenet,0,ILSVRC2012_val_00023419.JPEG,,,,-4.43034983,-26.96418190
927,imagenet,0,ILSVRC2012_val_00023448.JPEG,,,,-11.09835148,20.43241501
928,imagenet,0,ILSVRC2012_val_00023455.JPEG,,,,-8.30999374,13.40686417
929,imagenet,0,ILSVRC2012_val_00023517.JPEG,,,,5.46712017,-19.20238304
930,imagenet,0,ILSVRC2012_val_00023591.JPEG,,,,-28.68754387,3.24604654
931,imagenet,0,ILSVRC2012_val_00023594.JPEG,,,,-4.75344038,19.43469810
932,imagenet,0,ILSVRC2012_val_00023606.JPEG,,,,17.49879074,6.80644464
933,imagenet,0,ILSVRC2012_val_00023644.JPEG,,,,1.02726626,38.14399719
934,imagenet,0,ILSVRC2012_val_00023646.JPEG,,,,-28.93715286,-5.97824287
935,imagenet,0,ILSVRC2012_val_00023675.JPEG,,,,-34.80488205,-6.30687428
936,imagenet,0,ILSVRC2012_val_00023703.JPEG,,,,-4.80309916,5.05987740
937,imagenet,0,ILSVRC2012_val_00023729.JPEG,,,,-26.72077942,5.55420494
938,imagenet,0,ILSVRC2012_val_00023740.JPEG,,,,12.49673462,17.56308365
939,imagenet,0,ILSVRC2012_val_00023750.JPEG,,,,-31.21973419,-15.25149536
940,imagenet,0,ILSVRC2012_val_00023784.JPEG,,,,-28.75916290,-23.06214333
941,imagenet,0,ILSVRC2012_val_00023786.JPEG,,,,-33.45827484,-13.73574924
942,imagenet,0,ILSVRC2012_val_00023788.JPEG,,,,-12.03287315,-4.27110052
943,imagenet,0,ILSVRC2012_val_00023811.JPEG,,,,-8.21580410,27.75809669
944,imagenet,0,ILSVRC2012_val_00023822.JPEG,,,,-33.98138046,15.82226658
945,imagenet,0,ILSVRC2012_val_00023832.JPEG,,,,4.96068144,33.02272797
946,imagenet,0,ILSVRC2012_val_00023838.JPEG,,,,7.85267067,34.15130997
947,imagenet,0,ILSVRC2012_val_00023843.JPEG,,,,34.91602707,18.88011169
948,imagenet,0,ILSVRC2012_val_00023862.JPEG,,,,23.71454811,-0.82169497
949,imagenet,0,ILSVRC2012_val_00023873.JPEG,,,,-45.07893372,-1.91948783
950,imagenet,0,ILSVRC2012_val_00023922.JPEG,,,,10.19760132,-11.99880600
951,imagenet,0,ILSVRC2012_val_00023929.JPEG,,,,-3.68123198,-26.57362556
952,imagenet,0,ILSVRC2012_val_00023939.JPEG,,,,2.40702176,-13.14138985
953,imagenet,0,ILSVRC2012_val_00023951.JPEG,,,,-25.06943512,-0.85942119
954,imagenet,0,ILSVRC2012_val_00023959.JPEG,,,,37.78683472,-15.90430355
955,imagenet,0,ILSVRC2012_val_00024049.JPEG,,,,-29.43675232,26.25263405
956,imagenet,0,ILSVRC2012_val_00024101.JPEG,,,,-16.17888260,-13.52251625
957,imagenet,0,ILSVRC2012_val_00024119.JPEG,,,,-37.71680450,16.38430977
958,imagenet,0,ILSVRC2012_val_00024142.JPEG,,,,-6.93278837,-29.21073151
959,imagenet,0,ILSVRC2012_val_00024145.JPEG,,,,25.78769684,-9.91392612
960,imagenet,0,ILSVRC2012_val_00024176.JPEG,,,,31.77878952,15.54274654
961,imagenet,0,ILSVRC2012_val_00024179.JPEG,,,,-3.97860098,-11.52138138
962,imagenet,0,ILSVRC2012_val_00024222.JPEG,,,,14.77091408,3.84541035
963,imagenet,0,ILSVRC2012_val_00024241.JPEG,,,,-7.85580015,13.85918427
964,imagenet,0,ILSVRC2012_val_00024244.JPEG,,,,-12.53178978,-20.04704857
965,imagenet,0,ILSVRC2012_val_00024302.JPEG,,,,-5.86508083,20.22598076
966,imagenet,0,ILSVRC2012_val_00024316.JPEG,,,,28.87463570,-18.58760643
967,imagenet,0,ILSVRC2012_val_00024326.JPEG,,,,13.40240192,3.83503079
968,imagenet,0,ILSVRC2012_val_00024333.JPEG,,,,-7.79332924,-4.39907551
969,imagenet,0,ILSVRC2012_val_00024377.JPEG,,,,-24.24145889,4.89145231
970,imagenet,0,ILSVRC2012_val_00024447.JPEG,,,,-8.97171021,5.08802748
971,imagenet,0,ILSVRC2012_val_00024463.JPEG,,,,-10.32142639,-27.33383369
972,imagenet,0,ILSVRC2012_val_00024467.JPEG,,,,-10.09778881,18.56986427
973,imagenet,0,ILSVRC2012_val_00024491.JPEG,,,,26.69166565,-15.68015099
974,imagenet,0,ILSVRC2012_val_00024513.JPEG,,,,27.68353271,-18.45188713
975,imagenet,0,ILSVRC2012_val_00024549.JPEG,,,,-12.92993832,20.49319649
976,imagenet,0,ILSVRC2012_val_00024561.JPEG,,,,21.49792862,24.90262032
977,imagenet,0,ILSVRC2012_val_00024581.JPEG,,,,-10.23265839,16.98900414
978,imagenet,0,ILSVRC2012_val_00024599.JPEG,,,,35.18807220,21.13937950
979,imagenet,0,ILSVRC2012_val_00024620.JPEG,,,,-19.81451035,17.15339661
980,imagenet,0,ILSVRC2012_val_00024667.JPEG,,,,-24.24425125,17.46367645
981,imagenet,0,ILSVRC2012_val_00024709.JPEG,,,,30.25716019,-3.84538674
982,imagenet,0,ILSVRC2012_val_00024784.JPEG,,,,-18.45992851,-19.11621857
983,imagenet,0,ILSVRC2012_val_00024805.JPEG,,,,27.92901802,-3.08460617
984,imagenet,0,ILSVRC2012_val_00024824.JPEG,,,,-29.31355095,10.86493492
985,imagenet,0,ILSVRC2012_val_00024904.JPEG,,,,-20.82228279,-10.40400314
986,imagenet,0,ILSVRC2012_val_00024914.JPEG,,,,-15.39605331,23.65394592
987,imagenet,0,ILSVRC2012_val_00024977.JPEG,,,,32.12355804,-5.89777708
988,imagenet,0,ILSVRC2012_val_00025045.JPEG,,,,-6.60902786,3.50642800
989,imagenet,0,ILSVRC2012_val_00025052.JPEG,,,,-12.75062752,-18.52546310
990,imagenet,0,ILSVRC2012_val_00025062.JPEG,,,,-17.48982048,-24.29417992
991,imagenet,0,ILSVRC2012_val_00025082.JPEG,,,,6.56623077,31.17714500
992,imagenet,0,ILSVRC2012_val_00025085.JPEG,,,,28.14049721,-11.27828026
993,imagenet,0,ILSVRC2012_val_00025144.JPEG,,,,-24.54793358,15.45455647
994,imagenet,0,ILSVRC2012_val_00025164.JPEG,,,,33.49955368,23.41145897
995,imagenet,0,ILSVRC2012_val_00025180.JPEG,,,,-4.53876257,28.36595535
996,imagenet,0,ILSVRC2012_val_00025214.JPEG,,,,-6.23302364,-1.61045468
997,imagenet,0,ILSVRC2012_val_00025257.JPEG,,,,16.71408081,36.05659103
998,imagenet,0,ILSVRC2012_val_00025271.JPEG,,,,29.45051765,-3.63150215
999,imagenet,0,ILSVRC2012_val_00025283.JPEG,,,,27.45222282,-3.34690809
1000,imagenet,0,ILSVRC2012_val_00025336.JPEG,,,,-42.95503616,12.21350861
1001,imagenet,0,ILSVRC2012_val_00025353.JPEG,,,,-38.50227356,11.38830948
1002,imagenet,0,ILSVRC2012_val_00025357.JPEG,,,,-42.39866638,-7.56207228
1003,imagenet,0,ILSVRC2012_val_00025373.JPEG,,,,-43.09400558,-9.50187969
1004,imagenet,0,ILSVRC2012_val_00025422.JPEG,,,,-38.41870880,-1.58661854
1005,imagenet,0,ILSVRC2012_val_00025428.JPEG,,,,35.97613144,6.80413961
1006,imagenet,0,ILSVRC2012_val_00025476.JPEG,,,,-27.47336006,5.49757242
1007,imagenet,0,ILSVRC2012_val_00025512.JPEG,,,,-30.63842773,-0.49150869
1008,imagenet,0,ILSVRC2012_val_00025514.JPEG,,,,-28.08558846,-18.67625427
1009,imagenet,0,ILSVRC2012_val_00025519.JPEG,,,,11.57466030,33.33519363
1010,imagenet,0,ILSVRC2012_val_00025557.JPEG,,,,51.97622299,2.47238350
1011,imagenet,0,ILSVRC2012_val_00025570.JPEG,,,,40.01818848,11.33280277
1012,imagenet,0,ILSVRC2012_val_00025597.JPEG,,,,50.98571014,9.78510857
1013,imagenet,0,ILSVRC2012_val_00025610.JPEG,,,,14.64150143,26.42439461
1014,imagenet,0,ILSVRC2012_val_00025611.JPEG,,,,-4.12666225,-9.03728390
1015,imagenet,0,ILSVRC2012_val_00025619.JPEG,,,,16.97272110,5.81170321
1016,imagenet,0,ILSVRC2012_val_00025631.JPEG,,,,-22.75136757,-10.55649853
1017,imagenet,0,ILSVRC2012_val_00025636.JPEG,,,,25.98604202,-22.36226845
1018,imagenet,0,ILSVRC2012_val_00025686.JPEG,,,,27.42294121,-20.01911736
1019,imagenet,0,ILSVRC2012_val_00025694.JPEG,,,,15.35898876,-6.51971245
1020,imagenet,0,ILSVRC2012_val_00025718.JPEG,,,,19.34601021,15.41199493
1021,imagenet,0,ILSVRC2012_val_00025720.JPEG,,,,-11.65469360,17.96613884
1022,imagenet,0,ILSVRC2012_val_00025726.JPEG,,,,-17.61751747,7.84743547
1023,imagenet,0,ILSVRC2012_val_00025731.JPEG,,,,-41.28729630,-10.41260433
1024,imagenet,0,ILSVRC2012_val_00025732.JPEG,,,,-20.00074005,-22.00024033
1025,imagenet,0,ILSVRC2012_val_00025765.JPEG,,,,-27.89600372,11.69739819
1026,imagenet,0,ILSVRC2012_val_00025792.JPEG,,,,22.44162560,-21.29069328
1027,imagenet,0,ILSVRC2012_val_00025803.JPEG,,,,47.16682816,3.73585033
1028,imagenet,0,ILSVRC2012_val_00025830.JPEG,,,,-14.53097534,9.09853077
1029,imagenet,0,ILSVRC2012_val_00025848.JPEG,,,,11.34841347,-18.76978111
1030,imagenet,0,ILSVRC2012_val_00025851.JPEG,,,,-32.18445969,-2.64471436
1031,imagenet,0,ILSVRC2012_val_00025853.JPEG,,,,27.78827095,-19.60747910
1032,imagenet,0,ILSVRC2012_val_00025871.JPEG,,,,-29.55298805,-19.98552513
1033,imagenet,0,ILSVRC2012_val_00025880.JPEG,,,,-0.68405271,15.49863720
1034,imagenet,0,ILSVRC2012_val_00025882.JPEG,,,,-29.20203972,-2.23616409
1035,imagenet,0,ILSVRC2012_val_00025901.JPEG,,,,-33.58879852,-20.59062386
1036,imagenet,0,ILSVRC2012_val_00025906.JPEG,,,,15.81515598,6.86276627
1037,imagenet,0,ILSVRC2012_val_00025927.JPEG,,,,-1.01471615,18.28966713
1038,imagenet,0,ILSVRC2012_val_00025948.JPEG,,,,17.79098129,-16.02426147
1039,imagenet,0,ILSVRC2012_val_00025972.JPEG,,,,-12.89789200,3.32619715
1040,imagenet,0,ILSVRC2012_val_00025986.JPEG,,,,19.80125427,-14.66181564
1041,imagenet,0,ILSVRC2012_val_00025992.JPEG,,,,-44.52177429,-10.92875767
1042,imagenet,0,ILSVRC2012_val_00026017.JPEG,,,,14.41326618,3.86526847
1043,imagenet,0,ILSVRC2012_val_00026047.JPEG,,,,-1.19605923,-17.52217293
1044,imagenet,0,ILSVRC2012_val_00026081.JPEG,,,,-27.73571396,5.44646788
1045,imagenet,0,ILSVRC2012_val_00026095.JPEG,,,,48.39819336,7.00565863
1046,imagenet,0,ILSVRC2012_val_00026103.JPEG,,,,-12.57646942,1.72408319
1047,imagenet,0,ILSVRC2012_val_00026113.JPEG,,,,23.76729012,19.62492371
1048,imagenet,0,ILSVRC2012_val_00026120.JPEG,,,,-32.60109711,-10.66465187
1049,imagenet,0,ILSVRC2012_val_00026132.JPEG,,,,49.43399811,8.66745186
1050,imagenet,0,ILSVRC2012_val_00026141.JPEG,,,,-29.34337616,4.78273058
1051,imagenet,0,ILSVRC2012_val_00026146.JPEG,,,,30.14947510,14.54468155
1052,imagenet,0,ILSVRC2012_val_00026152.JPEG,,,,-35.55058670,15.83163643
1053,imagenet,0,ILSVRC2012_val_00026155.JPEG,,,,52.71211243,7.98813534
1054,imagenet,0,ILSVRC2012_val_00026204.JPEG,,,,18.13843727,-13.53711796
1055,imagenet,0,ILSVRC2012_val_00026212.JPEG,,,,-37.83182144,4.97723913
1056,imagenet,0,ILSVRC2012_val_00026225.JPEG,,,,-5.31788206,-30.47507286
1057,imagenet,0,ILSVRC2012_val_00026327.JPEG,,,,51.05886078,8.69447422
1058,imagenet,0,ILSVRC2012_val_00026328.JPEG,,,,8.89300442,-13.79124832
1059,imagenet,0,ILSVRC2012_val_00026339.JPEG,,,,-13.50409031,-7.67222118
1060,imagenet,0,ILSVRC2012_val_00026344.JPEG,,,,-36.88663101,16.56965256
1061,imagenet,0,ILSVRC2012_val_00026346.JPEG,,,,-26.00946617,24.24054527
1062,imagenet,0,ILSVRC2012_val_00026355.JPEG,,,,-34.54805374,-1.87197852
1063,imagenet,0,ILSVRC2012_val_00026372.JPEG,,,,11.00932789,15.38113880
1064,imagenet,0,ILSVRC2012_val_00026400.JPEG,,,,41.76891708,-0.67764115
1065,imagenet,0,ILSVRC2012_val_00026477.JPEG,,,,-28.50279999,-22.30077171
1066,imagenet,0,ILSVRC2012_val_00026479.JPEG,,,,9.68096638,31.50525475
1067,imagenet,0,ILSVRC2012_val_00026486.JPEG,,,,1.38940775,0.27346745
1068,imagenet,0,ILSVRC2012_val_00026536.JPEG,,,,33.39709091,13.44250774
1069,imagenet,0,ILSVRC2012_val_00026545.JPEG,,,,12.91181755,31.43996048
1070,imagenet,0,ILSVRC2012_val_00026598.JPEG,,,,-13.92707348,-2.46778631
1071,imagenet,0,ILSVRC2012_val_00026602.JPEG,,,,19.30117989,8.50282860
1072,imagenet,0,ILSVRC2012_val_00026616.JPEG,,,,30.58707809,-20.01803970
1073,imagenet,0,ILSVRC2012_val_00026632.JPEG,,,,38.04743958,9.14061546
1074,imagenet,0,ILSVRC2012_val_00026652.JPEG,,,,12.33791542,-1.97507262
1075,imagenet,0,ILSVRC2012_val_00026661.JPEG,,,,-31.44562149,12.81779575
1076,imagenet,0,ILSVRC2012_val_00026672.JPEG,,,,20.23236275,1.89741302
1077,imagenet,0,ILSVRC2012_val_00026688.JPEG,,,,-13.42839432,-18.16934776
1078,imagenet,0,ILSVRC2012_val_00026697.JPEG,,,,-14.77761269,-5.74615479
1079,imagenet,0,ILSVRC2012_val_00026706.JPEG,,,,-15.99471092,11.68409252
1080,imagenet,0,ILSVRC2012_val_00026755.JPEG,,,,-20.89943695,-24.35256195
1081,imagenet,0,ILSVRC2012_val_00026778.JPEG,,,,22.85099220,10.36817360
1082,imagenet,0,ILSVRC2012_val_00026807.JPEG,,,,17.23954582,0.85358101
1083,imagenet,0,ILSVRC2012_val_00026862.JPEG,,,,21.15118408,13.69059944
1084,imagenet,0,ILSVRC2012_val_00026875.JPEG,,,,21.21392059,-1.24314344
1085,imagenet,0,ILSVRC2012_val_00026878.JPEG,,,,-9.44965076,15.57483864
1086,imagenet,0,ILSVRC2012_val_00026880.JPEG,,,,12.16693020,33.44470978
1087,imagenet,0,ILSVRC2012_val_00026922.JPEG,,,,-13.24118137,-5.61946964
1088,imagenet,0,ILSVRC2012_val_00026930.JPEG,,,,33.00107193,-10.46577358
1089,imagenet,0,ILSVRC2012_val_00027006.JPEG,,,,39.23030090,15.66279507
1090,imagenet,0,ILSVRC2012_val_00027019.JPEG,,,,-9.99642277,-7.91543388
1091,imagenet,0,ILSVRC2012_val_00027021.JPEG,,,,6.95629835,7.07274628
1092,imagenet,0,ILSVRC2012_val_00027053.JPEG,,,,30.57236481,14.39010429
1093,imagenet,0,ILSVRC2012_val_00027061.JPEG,,,,30.49576759,23.91819763
1094,imagenet,0,ILSVRC2012_val_00027065.JPEG,,,,-38.77470398,8.40257168
1095,imagenet,0,ILSVRC2012_val_00027066.JPEG,,,,-18.92843056,-18.11926460
1096,imagenet,0,ILSVRC2012_val_00027067.JPEG,,,,-37.54757309,-7.62351942
1097,imagenet,0,ILSVRC2012_val_00027108.JPEG,,,,-31.47451782,-9.32747555
1098,imagenet,0,ILSVRC2012_val_00027117.JPEG,,,,34.90959930,-17.00843048
1099,imagenet,0,ILSVRC2012_val_00027124.JPEG,,,,-18.64766312,-17.16066360
1100,imagenet,0,ILSVRC2012_val_00027132.JPEG,,,,43.14589691,6.40296173
1101,imagenet,0,ILSVRC2012_val_00027134.JPEG,,,,12.77497578,-7.68889952
1102,imagenet,0,ILSVRC2012_val_00027146.JPEG,,,,18.47899437,24.52590942
1103,imagenet,0,ILSVRC2012_val_00027151.JPEG,,,,27.27519798,3.44670463
1104,imagenet,0,ILSVRC2012_val_00027153.JPEG,,,,-5.04144287,21.00525475
1105,imagenet,0,ILSVRC2012_val_00027163.JPEG,,,,-3.46107125,-19.98318672
1106,imagenet,0,ILSVRC2012_val_00027177.JPEG,,,,-27.64339256,-17.38335419
1107,imagenet,0,ILSVRC2012_val_00027178.JPEG,,,,-2.25960851,1.85496867
1108,imagenet,0,ILSVRC2012_val_00027211.JPEG,,,,29.91186905,-18.16221809
1109,imagenet,0,ILSVRC2012_val_00027237.JPEG,,,,-32.35771561,-0.63230652
1110,imagenet,0,ILSVRC2012_val_00027248.JPEG,,,,32.78687668,8.39756870
1111,imagenet,0,ILSVRC2012_val_00027330.JPEG,,,,-36.92745590,5.47290134
1112,imagenet,0,ILSVRC2012_val_00027351.JPEG,,,,-10.85418224,4.13744926
1113,imagenet,0,ILSVRC2012_val_00027375.JPEG,,,,6.19088030,-15.98176765
1114,imagenet,0,ILSVRC2012_val_00027385.JPEG,,,,3.26193380,6.55524492
1115,imagenet,0,ILSVRC2012_val_00027428.JPEG,,,,-25.57732010,-9.93522644
1116,imagenet,0,ILSVRC2012_val_00027481.JPEG,,,,-26.60602188,14.47694969
1117,imagenet,0,ILSVRC2012_val_00027517.JPEG,,,,-26.48716354,-17.16789627
1118,imagenet,0,ILSVRC2012_val_00027533.JPEG,,,,27.60843086,20.68758392
1119,imagenet,0,ILSVRC2012_val_00027539.JPEG,,,,-25.71595573,-0.27823052
1120,imagenet,0,ILSVRC2012_val_00027560.JPEG,,,,-24.17927170,21.90734673
1121,imagenet,0,ILSVRC2012_val_00027584.JPEG,,,,-6.23836374,32.32725525
1122,imagenet,0,ILSVRC2012_val_00027631.JPEG,,,,21.71811485,11.79935837
1123,imagenet,0,ILSVRC2012_val_00027632.JPEG,,,,10.74756527,15.78059864
1124,imagenet,0,ILSVRC2012_val_00027642.JPEG,,,,-20.79322815,-10.44084930
1125,imagenet,0,ILSVRC2012_val_00027659.JPEG,,,,3.99777341,30.35627365
1126,imagenet,0,ILSVRC2012_val_00027660.JPEG,,,,51.71160126,6.07569742
1127,imagenet,0,ILSVRC2012_val_00027703.JPEG,,,,-15.34077930,14.15922165
1128,imagenet,0,ILSVRC2012_val_00027713.JPEG,,,,-24.59962463,8.77181911
1129,imagenet,0,ILSVRC2012_val_00027760.JPEG,,,,-36.45811462,-1.02770555
1130,imagenet,0,ILSVRC2012_val_00027807.JPEG,,,,-3.92997861,13.26374531
1131,imagenet,0,ILSVRC2012_val_00027820.JPEG,,,,42.10012817,7.53271770
1132,imagenet,0,ILSVRC2012_val_00027836.JPEG,,,,-28.25130653,-9.78283978
1133,imagenet,0,ILSVRC2012_val_00027866.JPEG,,,,2.60091901,-24.57196617
1134,imagenet,0,ILSVRC2012_val_00027951.JPEG,,,,49.40509796,-2.22311640
1135,imagenet,0,ILSVRC2012_val_00027985.JPEG,,,,-29.87205887,22.07623100
1136,imagenet,0,ILSVRC2012_val_00028049.JPEG,,,,-30.97947311,-13.23357677
1137,imagenet,0,ILSVRC2012_val_00028076.JPEG,,,,41.54618073,-0.84334451
1138,imagenet,0,ILSVRC2012_val_00028101.JPEG,,,,-27.60096169,2.50877571
1139,imagenet,0,ILSVRC2012_val_00028109.JPEG,,,,22.69707489,-20.18171501
1140,imagenet,0,ILSVRC2012_val_00028132.JPEG,,,,-10.47107601,24.88229561
1141,imagenet,0,ILSVRC2012_val_00028296.JPEG,,,,-11.60807323,8.64255333
1142,imagenet,0,ILSVRC2012_val_00028323.JPEG,,,,-37.56587219,12.76739597
1143,imagenet,0,ILSVRC2012_val_00028418.JPEG,,,,-11.83925533,-14.99777412
1144,imagenet,0,ILSVRC2012_val_00028424.JPEG,,,,-32.50904083,-12.84595871
1145,imagenet,0,ILSVRC2012_val_00028437.JPEG,,,,-40.83476639,-14.94332409
1146,imagenet,0,ILSVRC2012_val_00028438.JPEG,,,,-36.57959366,1.89600837
1147,imagenet,0,ILSVRC2012_val_00028466.JPEG,,,,-32.46710205,14.25660229
1148,imagenet,0,ILSVRC2012_val_00028475.JPEG,,,,-11.07316208,33.92573166
1149,imagenet,0,ILSVRC2012_val_00028557.JPEG,,,,-12.22959709,20.85845566
1150,imagenet,0,ILSVRC2012_val_00028582.JPEG,,,,48.56101227,9.64518547
1151,imagenet,0,ILSVRC2012_val_00028584.JPEG,,,,7.04559994,13.14669323
1152,imagenet,0,ILSVRC2012_val_00028590.JPEG,,,,50.32080078,3.23470330
1153,imagenet,0,ILSVRC2012_val_00028592.JPEG,,,,-10.82732296,-8.84923363
1154,imagenet,0,ILSVRC2012_val_00028657.JPEG,,,,11.22283649,6.79444599
1155,imagenet,0,ILSVRC2012_val_00028660.JPEG,,,,44.58435440,-0.27100793
1156,imagenet,0,ILSVRC2012_val_00028667.JPEG,,,,-29.46684456,4.82646036
1157,imagenet,0,ILSVRC2012_val_00028671.JPEG,,,,22.88319778,-17.39372444
1158,imagenet,0,ILSVRC2012_val_00028683.JPEG,,,,11.02702045,6.61009884
1159,imagenet,0,ILSVRC2012_val_00028702.JPEG,,,,2.96464849,33.30712891
1160,imagenet,0,ILSVRC2012_val_00028794.JPEG,,,,-7.68122005,6.29294205
1161,imagenet,0,ILSVRC2012_val_00028898.JPEG,,,,-36.40645218,17.72494698
1162,imagenet,0,ILSVRC2012_val_00028901.JPEG,,,,29.70846939,-1.00906205
1163,imagenet,0,ILSVRC2012_val_00028905.JPEG,,,,-3.95700121,-17.78154182
1164,imagenet,0,ILSVRC2012_val_00028919.JPEG,,,,15.58832741,27.63848877
1165,imagenet,0,ILSVRC2012_val_00028946.JPEG,,,,-7.54836655,14.93899250
1166,imagenet,0,ILSVRC2012_val_00028959.JPEG,,,,8.19165230,29.42134476
1167,imagenet,0,ILSVRC2012_val_00028993.JPEG,,,,12.37693310,31.43209457
1168,imagenet,0,ILSVRC2012_val_00029050.JPEG,,,,-29.69429779,-18.42788124
1169,imagenet,0,ILSVRC2012_val_00029059.JPEG,,,,-2.55636358,15.62561893
1170,imagenet,0,ILSVRC2012_val_00029077.JPEG,,,,20.51523209,-21.68616676
1171,imagenet,0,ILSVRC2012_val_00029102.JPEG,,,,-1.20749080,31.87611198
1172,imagenet,0,ILSVRC2012_val_00029108.JPEG,,,,-13.60493565,8.69845581
1173,imagenet,0,ILSVRC2012_val_00029111.JPEG,,,,-34.24076843,-9.70018578
1174,imagenet,0,ILSVRC2012_val_00029120.JPEG,,,,-45.88922882,1.54034328
1175,imagenet,0,ILSVRC2012_val_00029127.JPEG,,,,-25.75183868,-6.66706848
1176,imagenet,0,ILSVRC2012_val_00029135.JPEG,,,,15.89475918,30.21039200
1177,imagenet,0,ILSVRC2012_val_00029140.JPEG,,,,-29.75130653,-4.21527624
1178,imagenet,0,ILSVRC2012_val_00029163.JPEG,,,,-40.71543503,8.32031345
1179,imagenet,0,ILSVRC2012_val_00029171.JPEG,,,,-5.67604351,38.40443039
1180,imagenet,0,ILSVRC2012_val_00029194.JPEG,,,,14.49163532,-5.65976954
1181,imagenet,0,ILSVRC2012_val_00029205.JPEG,,,,11.73213196,24.67143250
1182,imagenet,0,ILSVRC2012_val_00029222.JPEG,,,,-9.87925148,-4.67469311
1183,imagenet,0,ILSVRC2012_val_00029229.JPEG,,,,2.21654797,34.83393860
1184,imagenet,0,ILSVRC2012_val_00029275.JPEG,,,,47.32290268,2.48802304
1185,imagenet,0,ILSVRC2012_val_00029282.JPEG,,,,-36.16653061,-18.12497139
1186,imagenet,0,ILSVRC2012_val_00029290.JPEG,,,,-39.14419174,-0.73942894
1187,imagenet,0,ILSVRC2012_val_00029298.JPEG,,,,0.50238347,18.49472809
1188,imagenet,0,ILSVRC2012_val_00029320.JPEG,,,,-4.17638874,-16.49484062
1189,imagenet,0,ILSVRC2012_val_00029353.JPEG,,,,43.45960617,-4.40138149
1190,imagenet,0,ILSVRC2012_val_00029413.JPEG,,,,-9.17237377,-24.96290779
1191,imagenet,0,ILSVRC2012_val_00029424.JPEG,,,,24.88448906,8.87800694
1192,imagenet,0,ILSVRC2012_val_00029435.JPEG,,,,-23.18796158,-19.25433922
1193,imagenet,0,ILSVRC2012_val_00029483.JPEG,,,,-45.44174957,2.47934675
1194,imagenet,0,ILSVRC2012_val_00029513.JPEG,,,,-20.13734055,-1.79013789
1195,imagenet,0,ILSVRC2012_val_00029527.JPEG,,,,40.74742889,8.58258820
1196,imagenet,0,ILSVRC2012_val_00029592.JPEG,,,,8.27272987,19.12161446
1197,imagenet,0,ILSVRC2012_val_00029621.JPEG,,,,0.25139469,-3.24889159
1198,imagenet,0,ILSVRC2012_val_00029650.JPEG,,,,-8.83350658,-1.71598828
1199,imagenet,0,ILSVRC2012_val_00029686.JPEG,,,,-40.22140884,-8.26305771
1200,imagenet,0,ILSVRC2012_val_00029691.JPEG,,,,-16.18689156,30.76591873
1201,imagenet,0,ILSVRC2012_val_00029708.JPEG,,,,24.27179337,19.84699059
1202,imagenet,0,ILSVRC2012_val_00029756.JPEG,,,,-41.91555023,-6.73368406
1203,imagenet,0,ILSVRC2012_val_00029867.JPEG,,,,41.48024750,9.73867226
1204,imagenet,0,ILSVRC2012_val_00029897.JPEG,,,,-40.32149124,7.27174568
1205,imagenet,0,ILSVRC2012_val_00029916.JPEG,,,,-24.91638565,22.88825607
1206,imagenet,0,ILSVRC2012_val_00029941.JPEG,,,,9.81856060,29.81569099
1207,imagenet,0,ILSVRC2012_val_00029963.JPEG,,,,-38.98549652,-19.48718452
1208,imagenet,0,ILSVRC2012_val_00030044.JPEG,,,,28.17842484,-11.30827045
1209,imagenet,0,ILSVRC2012_val_00030067.JPEG,,,,-23.14439774,-4.23301888
1210,imagenet,0,ILSVRC2012_val_00030079.JPEG,,,,46.56306076,8.75455666
1211,imagenet,0,ILSVRC2012_val_00030096.JPEG,,,,27.66585922,20.31208038
1212,imagenet,0,ILSVRC2012_val_00030112.JPEG,,,,-40.36026382,-2.65133262
1213,imagenet,0,ILSVRC2012_val_00030183.JPEG,,,,-33.22926331,-5.21265078
1214,imagenet,0,ILSVRC2012_val_00030194.JPEG,,,,-45.15146255,-10.39976978
1215,imagenet,0,ILSVRC2012_val_00030244.JPEG,,,,46.67916489,-6.98960829
1216,imagenet,0,ILSVRC2012_val_00030293.JPEG,,,,-11.77994442,32.26622391
1217,imagenet,0,ILSVRC2012_val_00030295.JPEG,,,,37.32859039,-1.12031484
1218,imagenet,0,ILSVRC2012_val_00030298.JPEG,,,,-11.56321049,31.43793678
1219,imagenet,0,ILSVRC2012_val_00030304.JPEG,,,,-27.73472595,2.45107532
1220,imagenet,0,ILSVRC2012_val_00030323.JPEG,,,,-28.03456879,16.01181984
1221,imagenet,0,ILSVRC2012_val_00030365.JPEG,,,,-30.36300087,-12.28780174
1222,imagenet,0,ILSVRC2012_val_00030380.JPEG,,,,28.67859650,-17.31729889
1223,imagenet,0,ILSVRC2012_val_00030425.JPEG,,,,-27.12440109,17.74511337
1224,imagenet,0,ILSVRC2012_val_00030466.JPEG,,,,4.96956825,31.05139542
1225,imagenet,0,ILSVRC2012_val_00030534.JPEG,,,,44.26897049,16.24149513
1226,imagenet,0,ILSVRC2012_val_00030560.JPEG,,,,51.57165527,6.27808666
1227,imagenet,0,ILSVRC2012_val_00030572.JPEG,,,,-39.91431427,8.22334766
1228,imagenet,0,ILSVRC2012_val_00030582.JPEG,,,,41.78668594,-8.82230663
1229,imagenet,0,ILSVRC2012_val_00030619.JPEG,,,,30.84935570,0.04392998
1230,imagenet,0,ILSVRC2012_val_00030641.JPEG,,,,26.14116669,-12.50827885
1231,imagenet,0,ILSVRC2012_val_00030643.JPEG,,,,46.80555725,-4.93420649
1232,imagenet,0,ILSVRC2012_val_00030687.JPEG,,,,40.53342819,10.18923187
1233,imagenet,0,ILSVRC2012_val_00030752.JPEG,,,,-40.05897141,0.20138395
1234,imagenet,0,ILSVRC2012_val_00030772.JPEG,,,,28.22683716,11.61458588
1235,imagenet,0,ILSVRC2012_val_00030800.JPEG,,,,-44.91620636,-1.89453137
1236,imagenet,0,ILSVRC2012_val_00030814.JPEG,,,,-35.18141937,0.53343409
1237,imagenet,0,ILSVRC2012_val_00030851.JPEG,,,,-10.82567024,16.48034286
1238,imagenet,0,ILSVRC2012_val_00030872.JPEG,,,,50.12721252,3.12250519
1239,imagenet,0,ILSVRC2012_val_00030886.JPEG,,,,-16.52524185,-26.55611229
1240,imagenet,0,ILSVRC2012_val_00030891.JPEG,,,,-12.59584904,19.80596733
1241,imagenet,0,ILSVRC2012_val_00030928.JPEG,,,,48.11529160,-0.88638806
1242,imagenet,0,ILSVRC2012_val_00030943.JPEG,,,,20.34702682,12.52630615
1243,imagenet,0,ILSVRC2012_val_00030951.JPEG,,,,-36.43212891,-4.51629782
1244,imagenet,0,ILSVRC2012_val_00030954.JPEG,,,,1.95400739,-19.55742264
1245,imagenet,0,ILSVRC2012_val_00030955.JPEG,,,,-43.59746170,-5.57180882
1246,imagenet,0,ILSVRC2012_val_00031051.JPEG,,,,-33.20143509,-6.68443394
1247,imagenet,0,ILSVRC2012_val_00031080.JPEG,,,,-14.24524307,-7.32551861
1248,imagenet,0,ILSVRC2012_val_00031091.JPEG,,,,51.08166885,2.86334634
1249,imagenet,0,ILSVRC2012_val_00031092.JPEG,,,,27.86322594,-1.29294455
1250,imagenet,0,ILSVRC2012_val_00031135.JPEG,,,,-12.76809120,-10.57553768
1251,imagenet,0,ILSVRC2012_val_00031143.JPEG,,,,9.18015671,0.97556764
1252,imagenet,0,ILSVRC2012_val_00031185.JPEG,,,,-29.16424561,-12.35665512
1253,imagenet,0,ILSVRC2012_val_00031191.JPEG,,,,-2.38232970,8.53101254
1254,imagenet,0,ILSVRC2012_val_00031205.JPEG,,,,-8.66070271,2.31554222
1255,imagenet,0,ILSVRC2012_val_00031209.JPEG,,,,-28.80207443,-24.95311356
1256,imagenet,0,ILSVRC2012_val_00031221.JPEG,,,,-11.55937099,16.66395950
1257,imagenet,0,ILSVRC2012_val_00031230.JPEG,,,,-12.00618839,-26.28710938
1258,imagenet,0,ILSVRC2012_val_00031243.JPEG,,,,-10.57001114,-26.71340370
1259,imagenet,0,ILSVRC2012_val_00031244.JPEG,,,,33.88610077,-16.85214996
1260,imagenet,0,ILSVRC2012_val_00031257.JPEG,,,,28.64014626,-23.50760269
1261,imagenet,0,ILSVRC2012_val_00031288.JPEG,,,,-31.06613159,-1.52844882
1262,imagenet,0,ILSVRC2012_val_00031299.JPEG,,,,-33.46405792,14.45753956
1263,imagenet,0,ILSVRC2012_val_00031350.JPEG,,,,20.53102684,21.86249352
1264,imagenet,0,ILSVRC2012_val_00031436.JPEG,,,,-42.48544693,-11.12600136
1265,imagenet,0,ILSVRC2012_val_00031488.JPEG,,,,31.13931084,16.48136330
1266,imagenet,0,ILSVRC2012_val_00031491.JPEG,,,,30.37444305,10.81066608
1267,imagenet,0,ILSVRC2012_val_00031522.JPEG,,,,-27.22323608,-11.61986446
1268,imagenet,0,ILSVRC2012_val_00031567.JPEG,,,,6.10680199,-18.43334961
1269,imagenet,0,ILSVRC2012_val_00031589.JPEG,,,,-35.65866852,-6.59026766
1270,imagenet,0,ILSVRC2012_val_00031606.JPEG,,,,0.83171982,-13.70167351
1271,imagenet,0,ILSVRC2012_val_00031636.JPEG,,,,-35.83336258,11.33061790
1272,imagenet,0,ILSVRC2012_val_00031639.JPEG,,,,-5.55946779,20.02153587
1273,imagenet,0,ILSVRC2012_val_00031669.JPEG,,,,8.44970608,-5.16483831
1274,imagenet,0,ILSVRC2012_val_00031674.JPEG,,,,-0.36666468,-16.97993088
1275,imagenet,0,ILSVRC2012_val_00031684.JPEG,,,,26.86925697,-2.10315657
1276,imagenet,0,ILSVRC2012_val_00031778.JPEG,,,,1.35062253,29.42966461
1277,imagenet,0,ILSVRC2012_val_00031806.JPEG,,,,31.96486473,15.50105762
1278,imagenet,0,ILSVRC2012_val_00031813.JPEG,,,,18.76622009,32.20240784
1279,imagenet,0,ILSVRC2012_val_00031836.JPEG,,,,-2.85274935,-25.41514969
1280,imagenet,0,ILSVRC2012_val_00031862.JPEG,,,,16.00043869,25.41227913
1281,imagenet,0,ILSVRC2012_val_00031869.JPEG,,,,-8.50139904,-23.29456520
1282,imagenet,0,ILSVRC2012_val_00031897.JPEG,,,,46.34708405,11.22635174
1283,imagenet,0,ILSVRC2012_val_00031904.JPEG,,,,-27.86422729,22.47223473
1284,imagenet,0,ILSVRC2012_val_00031925.JPEG,,,,28.98840141,15.85299206
1285,imagenet,0,ILSVRC2012_val_00031932.JPEG,,,,13.48071766,28.92959785
1286,imagenet,0,ILSVRC2012_val_00031934.JPEG,,,,-10.93214703,4.69866562
1287,imagenet,0,ILSVRC2012_val_00031962.JPEG,,,,-21.29971695,-11.40452385
1288,imagenet,0,ILSVRC2012_val_00031969.JPEG,,,,-28.36915398,1.26479685
1289,imagenet,0,ILSVRC2012_val_00031970.JPEG,,,,-4.74656963,33.32944107
1290,imagenet,0,ILSVRC2012_val_00031977.JPEG,,,,24.39355087,13.57049084
1291,imagenet,0,ILSVRC2012_val_00032071.JPEG,,,,-6.17759943,-25.54911613
1292,imagenet,0,ILSVRC2012_val_00032105.JPEG,,,,-29.78713608,-19.09716034
1293,imagenet,0,ILSVRC2012_val_00032192.JPEG,,,,-15.39487648,15.79310799
1294,imagenet,0,ILSVRC2012_val_00032195.JPEG,,,,38.81592560,14.72438145
1295,imagenet,0,ILSVRC2012_val_00032199.JPEG,,,,-27.49788284,11.80971241
1296,imagenet,0,ILSVRC2012_val_00032243.JPEG,,,,48.49604034,9.30316162
1297,imagenet,0,ILSVRC2012_val_00032264.JPEG,,,,-1.65468049,-17.76472855
1298,imagenet,0,ILSVRC2012_val_00032320.JPEG,,,,44.33251953,8.08505154
1299,imagenet,0,ILSVRC2012_val_00032328.JPEG,,,,34.97536850,0.96309948
1300,imagenet,0,ILSVRC2012_val_00032333.JPEG,,,,-31.85237503,-15.75648308
1301,imagenet,0,ILSVRC2012_val_00032340.JPEG,,,,10.51435280,35.76358414
1302,imagenet,0,ILSVRC2012_val_00032348.JPEG,,,,-48.07635498,-1.34681642
1303,imagenet,0,ILSVRC2012_val_00032385.JPEG,,,,-3.94881892,15.26763344
1304,imagenet,0,ILSVRC2012_val_00032410.JPEG,,,,-23.51969337,13.61477375
1305,imagenet,0,ILSVRC2012_val_00032414.JPEG,,,,-18.51062965,0.47141689
1306,imagenet,0,ILSVRC2012_val_00032427.JPEG,,,,7.29871702,35.08681870
1307,imagenet,0,ILSVRC2012_val_00032444.JPEG,,,,17.22356606,21.51990891
1308,imagenet,0,ILSVRC2012_val_00032448.JPEG,,,,47.57954025,7.74381447
1309,imagenet,0,ILSVRC2012_val_00032462.JPEG,,,,26.66767311,-17.82826996
1310,imagenet,0,ILSVRC2012_val_00032469.JPEG,,,,-0.02880975,-17.16769981
1311,imagenet,0,ILSVRC2012_val_00032590.JPEG,,,,39.25431061,-7.45754957
1312,imagenet,0,ILSVRC2012_val_00032606.JPEG,,,,-22.34327126,-11.34396076
1313,imagenet,0,ILSVRC2012_val_00032623.JPEG,,,,-14.87908840,8.05086517
1314,imagenet,0,ILSVRC2012_val_00032689.JPEG,,,,6.36714458,5.97687817
1315,imagenet,0,ILSVRC2012_val_00032727.JPEG,,,,-24.44746208,-19.07563972
1316,imagenet,0,ILSVRC2012_val_00032746.JPEG,,,,2.55544043,37.76406479
1317,imagenet,0,ILSVRC2012_val_00032754.JPEG,,,,-7.91399288,16.69922638
1318,imagenet,0,ILSVRC2012_val_00032795.JPEG,,,,-40.94638824,-6.60556555
1319,imagenet,0,ILSVRC2012_val_00032804.JPEG,,,,11.45510960,-1.44020772
1320,imagenet,0,ILSVRC2012_val_00032810.JPEG,,,,-34.47912979,-1.41726017
1321,imagenet,0,ILSVRC2012_val_00032846.JPEG,,,,40.18412018,3.51258087
1322,imagenet,0,ILSVRC2012_val_00032863.JPEG,,,,-42.18865585,-8.38565445
1323,imagenet,0,ILSVRC2012_val_00032878.JPEG,,,,25.00784683,4.35172415
1324,imagenet,0,ILSVRC2012_val_00032886.JPEG,,,,-13.48470211,-13.32424545
1325,imagenet,0,ILSVRC2012_val_00032889.JPEG,,,,37.43586731,-15.75439548
1326,imagenet,0,ILSVRC2012_val_00032993.JPEG,,,,48.70562363,4.12715292
1327,imagenet,0,ILSVRC2012_val_00033006.JPEG,,,,-15.51129913,-11.32858753
1328,imagenet,0,ILSVRC2012_val_00033022.JPEG,,,,-24.22141457,-13.45873165
1329,imagenet,0,ILSVRC2012_val_00033085.JPEG,,,,29.20265961,-4.43783474
1330,imagenet,0,ILSVRC2012_val_00033138.JPEG,,,,32.90599060,-13.06338692
1331,imagenet,0,ILSVRC2012_val_00033142.JPEG,,,,-29.30760193,-14.70005322
1332,imagenet,0,ILSVRC2012_val_00033151.JPEG,,,,-14.23290825,0.66161472
1333,imagenet,0,ILSVRC2012_val_00033161.JPEG,,,,38.78835297,-4.27247906
1334,imagenet,0,ILSVRC2012_val_00033162.JPEG,,,,-36.62318039,4.98998022
1335,imagenet,0,ILSVRC2012_val_00033180.JPEG,,,,45.90082169,12.29034901
1336,imagenet,0,ILSVRC2012_val_00033232.JPEG,,,,-33.18493652,-6.90250635
1337,imagenet,0,ILSVRC2012_val_00033280.JPEG,,,,33.23794937,-0.03554326
1338,imagenet,0,ILSVRC2012_val_00033289.JPEG,,,,13.76111889,26.47648430
1339,imagenet,0,ILSVRC2012_val_00033311.JPEG,,,,0.31832206,-13.42041397
1340,imagenet,0,ILSVRC2012_val_00033326.JPEG,,,,-26.14766502,-4.42092943
1341,imagenet,0,ILSVRC2012_val_00033328.JPEG,,,,25.25934982,4.63458967
1342,imagenet,0,ILSVRC2012_val_00033329.JPEG,,,,13.34101868,26.05840492
1343,imagenet,0,ILSVRC2012_val_00033359.JPEG,,,,24.99552536,14.35568810
1344,imagenet,0,ILSVRC2012_val_00033374.JPEG,,,,-43.24422455,-2.11847401
1345,imagenet,0,ILSVRC2012_val_00033378.JPEG,,,,37.14660645,12.92583561
1346,imagenet,0,ILSVRC2012_val_00033401.JPEG,,,,-1.44183099,2.63762450
1347,imagenet,0,ILSVRC2012_val_00033406.JPEG,,,,-6.24672937,29.26621246
1348,imagenet,0,ILSVRC2012_val_00033436.JPEG,,,,-6.54817295,35.91837311
1349,imagenet,0,ILSVRC2012_val_00033439.JPEG,,,,6.86366987,23.84561348
1350,imagenet,0,ILSVRC2012_val_00033449.JPEG,,,,-39.73862457,11.30044746
1351,imagenet,0,ILSVRC2012_val_00033500.JPEG,,,,-42.96854782,-5.68414259
1352,imagenet,0,ILSVRC2012_val_00033553.JPEG,,,,-4.68121910,-15.95915127
1353,imagenet,0,ILSVRC2012_val_00033557.JPEG,,,,-28.63245010,-22.21496773
1354,imagenet,0,ILSVRC2012_val_00033586.JPEG,,,,-8.88431072,-27.88686371
1355,imagenet,0,ILSVRC2012_val_00033609.JPEG,,,,47.00347900,14.55617809
1356,imagenet,0,ILSVRC2012_val_00033645.JPEG,,,,-8.11526108,-29.24628639
1357,imagenet,0,ILSVRC2012_val_00033658.JPEG,,,,5.74303818,24.55925941
1358,imagenet,0,ILSVRC2012_val_00033725.JPEG,,,,-12.43736935,-19.50120926
1359,imagenet,0,ILSVRC2012_val_00033786.JPEG,,,,9.38279819,22.17173386
1360,imagenet,0,ILSVRC2012_val_00033806.JPEG,,,,-29.97808266,-5.31263065
1361,imagenet,0,ILSVRC2012_val_00033838.JPEG,,,,-39.06594849,2.26598310
1362,imagenet,0,ILSVRC2012_val_00033843.JPEG,,,,41.87848282,5.30559349
1363,imagenet,0,ILSVRC2012_val_00033851.JPEG,,,,46.62289429,-2.07943964
1364,imagenet,0,ILSVRC2012_val_00033874.JPEG,,,,31.75870132,12.15168095
1365,imagenet,0,ILSVRC2012_val_00033906.JPEG,,,,-36.43981934,-11.54974842
1366,imagenet,0,ILSVRC2012_val_00033959.JPEG,,,,7.49863672,28.54713058
1367,imagenet,0,ILSVRC2012_val_00033977.JPEG,,,,10.15245914,12.36909485
1368,imagenet,0,ILSVRC2012_val_00033995.JPEG,,,,-16.89217567,-9.09031296
1369,imagenet,0,ILSVRC2012_val_00033999.JPEG,,,,-9.94085598,36.29115295
1370,imagenet,0,ILSVRC2012_val_00034015.JPEG,,,,23.40823364,15.30583191
1371,imagenet,0,ILSVRC2012_val_00034064.JPEG,,,,-12.30926132,35.02624130
1372,imagenet,0,ILSVRC2012_val_00034117.JPEG,,,,32.99920654,19.44571495
1373,imagenet,0,ILSVRC2012_val_00034137.JPEG,,,,22.10349655,23.61207008
1374,imagenet,0,ILSVRC2012_val_00034200.JPEG,,,,19.57164955,-20.80038261
1375,imagenet,0,ILSVRC2012_val_00034227.JPEG,,,,17.49298096,-16.57660294
1376,imagenet,0,ILSVRC2012_val_00034228.JPEG,,,,-30.41703987,-24.62409401
1377,imagenet,0,ILSVRC2012_val_00034305.JPEG,,,,-34.14450455,3.20769572
1378,imagenet,0,ILSVRC2012_val_00034374.JPEG,,,,-27.68903923,-6.72767591
1379,imagenet,0,ILSVRC2012_val_00034400.JPEG,,,,-48.04977798,1.35365379
1380,imagenet,0,ILSVRC2012_val_00034420.JPEG,,,,-30.18906975,-9.11855793
1381,imagenet,0,ILSVRC2012_val_00034439.JPEG,,,,1.20992672,-15.19142628
1382,imagenet,0,ILSVRC2012_val_00034446.JPEG,,,,-33.54040146,-10.88698196
1383,imagenet,0,ILSVRC2012_val_00034477.JPEG,,,,31.24919891,-15.21467590
1384,imagenet,0,ILSVRC2012_val_00034526.JPEG,,,,-29.41912460,12.52894592
1385,imagenet,0,ILSVRC2012_val_00034529.JPEG,,,,38.79615784,-5.65694809
1386,imagenet,0,ILSVRC2012_val_00034555.JPEG,,,,40.14777756,0.53907138
1387,imagenet,0,ILSVRC2012_val_00034640.JPEG,,,,-6.62907696,-19.01604843
1388,imagenet,0,ILSVRC2012_val_00034667.JPEG,,,,-3.23214006,13.01865959
1389,imagenet,0,ILSVRC2012_val_00034668.JPEG,,,,-42.45461655,-4.24989033
1390,imagenet,0,ILSVRC2012_val_00034675.JPEG,,,,26.37430000,-13.66144180
1391,imagenet,0,ILSVRC2012_val_00034682.JPEG,,,,-33.41971970,-0.29392284
1392,imagenet,0,ILSVRC2012_val_00034699.JPEG,,,,21.08861542,14.22803783
1393,imagenet,0,ILSVRC2012_val_00034704.JPEG,,,,12.41583729,-13.40256405
1394,imagenet,0,ILSVRC2012_val_00034714.JPEG,,,,-33.97471237,-23.47643661
1395,imagenet,0,ILSVRC2012_val_00034742.JPEG,,,,-3.57928681,23.13896561
1396,imagenet,0,ILSVRC2012_val_00034800.JPEG,,,,38.69191360,-13.59596062
1397,imagenet,0,ILSVRC2012_val_00034810.JPEG,,,,-6.42464447,-28.29547882
1398,imagenet,0,ILSVRC2012_val_00034815.JPEG,,,,18.66747475,14.56500721
1399,imagenet,0,ILSVRC2012_val_00034830.JPEG,,,,-0.68058771,35.37707520
1400,imagenet,0,ILSVRC2012_val_00034924.JPEG,,,,1.04476905,-10.54941177
1401,imagenet,0,ILSVRC2012_val_00034926.JPEG,,,,18.07515526,35.05420685
1402,imagenet,0,ILSVRC2012_val_00034938.JPEG,,,,-11.79884338,9.60932732
1403,imagenet,0,ILSVRC2012_val_00034948.JPEG,,,,-13.27776814,23.79263687
1404,imagenet,0,ILSVRC2012_val_00034953.JPEG,,,,38.89776611,-4.08851004
1405,imagenet,0,ILSVRC2012_val_00034961.JPEG,,,,-28.68351173,-1.45056188
1406,imagenet,0,ILSVRC2012_val_00034963.JPEG,,,,-47.72290802,-4.49724150
1407,imagenet,0,ILSVRC2012_val_00034967.JPEG,,,,51.09418869,0.78637356
1408,imagenet,0,ILSVRC2012_val_00034994.JPEG,,,,39.56778336,-6.93813133
1409,imagenet,0,ILSVRC2012_val_00035010.JPEG,,,,30.10950851,-5.96135712
1410,imagenet,0,ILSVRC2012_val_00035016.JPEG,,,,-41.45753098,14.61899281
1411,imagenet,0,ILSVRC2012_val_00035057.JPEG,,,,31.44369888,23.53989983
1412,imagenet,0,ILSVRC2012_val_00035121.JPEG,,,,-2.26143861,-25.00187492
1413,imagenet,0,ILSVRC2012_val_00035175.JPEG,,,,-5.95489979,6.67917299
1414,imagenet,0,ILSVRC2012_val_00035280.JPEG,,,,27.88171387,-18.31196213
1415,imagenet,0,ILSVRC2012_val_00035293.JPEG,,,,-11.19369507,1.06466258
1416,imagenet,0,ILSVRC2012_val_00035338.JPEG,,,,4.52099180,-10.84186363
1417,imagenet,0,ILSVRC2012_val_00035361.JPEG,,,,-19.18483353,-0.80374581
1418,imagenet,0,ILSVRC2012_val_00035387.JPEG,,,,-35.05401230,-8.10204411
1419,imagenet,0,ILSVRC2012_val_00035444.JPEG,,,,-21.11805344,-20.77663803
1420,imagenet,0,ILSVRC2012_val_00035446.JPEG,,,,-7.64145803,32.47048569
1421,imagenet,0,ILSVRC2012_val_00035465.JPEG,,,,36.87143326,17.61338043
1422,imagenet,0,ILSVRC2012_val_00035470.JPEG,,,,27.10390472,19.91120911
1423,imagenet,0,ILSVRC2012_val_00035491.JPEG,,,,33.30000687,-5.02565670
1424,imagenet,0,ILSVRC2012_val_00035546.JPEG,,,,-31.04967308,21.64320374
1425,imagenet,0,ILSVRC2012_val_00035562.JPEG,,,,41.66691208,-9.61833477
1426,imagenet,0,ILSVRC2012_val_00035614.JPEG,,,,1.02960980,-25.54168129
1427,imagenet,0,ILSVRC2012_val_00035646.JPEG,,,,-28.95311546,10.12580395
1428,imagenet,0,ILSVRC2012_val_00035651.JPEG,,,,9.16459179,-10.69328690
1429,imagenet,0,ILSVRC2012_val_00035722.JPEG,,,,-26.64368439,-10.15599442
1430,imagenet,0,ILSVRC2012_val_00035758.JPEG,,,,-29.11475182,22.95895958
1431,imagenet,0,ILSVRC2012_val_00035771.JPEG,,,,28.69509888,-5.84845972
1432,imagenet,0,ILSVRC2012_val_00035789.JPEG,,,,6.64044285,-14.67742062
1433,imagenet,0,ILSVRC2012_val_00035791.JPEG,,,,6.49342632,25.90886116
1434,imagenet,0,ILSVRC2012_val_00035866.JPEG,,,,-40.68331528,-4.99215508
1435,imagenet,0,ILSVRC2012_val_00035914.JPEG,,,,46.27855682,9.96096992
1436,imagenet,0,ILSVRC2012_val_00035935.JPEG,,,,30.34390259,8.81662083
1437,imagenet,0,ILSVRC2012_val_00035941.JPEG,,,,-2.59265685,12.02914047
1438,imagenet,0,ILSVRC2012_val_00035952.JPEG,,,,12.43111897,17.30792809
1439,imagenet,0,ILSVRC2012_val_00035987.JPEG,,,,36.59040833,-12.45827484
1440,imagenet,0,ILSVRC2012_val_00036022.JPEG,,,,-33.63709641,-24.38254166
1441,imagenet,0,ILSVRC2012_val_00036048.JPEG,,,,29.44324493,-8.32423687
1442,imagenet,0,ILSVRC2012_val_00036057.JPEG,,,,-38.69837570,-20.17833138
1443,imagenet,0,ILSVRC2012_val_00036063.JPEG,,,,28.38778114,-5.65721416
1444,imagenet,0,ILSVRC2012_val_00036066.JPEG,,,,-40.62839127,5.92723560
1445,imagenet,0,ILSVRC2012_val_00036080.JPEG,,,,-31.28751945,4.97102642
1446,imagenet,0,ILSVRC2012_val_00036084.JPEG,,,,-26.93457413,-8.85863876
1447,imagenet,0,ILSVRC2012_val_00036107.JPEG,,,,-39.55810547,-5.27604198
1448,imagenet,0,ILSVRC2012_val_00036110.JPEG,,,,28.59559822,-22.78781319
1449,imagenet,0,ILSVRC2012_val_00036114.JPEG,,,,16.84705544,-2.71230531
1450,imagenet,0,ILSVRC2012_val_00036119.JPEG,,,,-7.18598318,-0.87119210
1451,imagenet,0,ILSVRC2012_val_00036130.JPEG,,,,3.83825684,4.30750036
1452,imagenet,0,ILSVRC2012_val_00036155.JPEG,,,,23.09287071,0.73795682
1453,imagenet,0,ILSVRC2012_val_00036174.JPEG,,,,17.72705460,-14.32269955
1454,imagenet,0,ILSVRC2012_val_00036214.JPEG,,,,1.98085558,37.93164444
1455,imagenet,0,ILSVRC2012_val_00036246.JPEG,,,,1.88177180,-10.39305687
1456,imagenet,0,ILSVRC2012_val_00036272.JPEG,,,,-23.08360291,2.09174299
1457,imagenet,0,ILSVRC2012_val_00036302.JPEG,,,,-12.53835487,29.82829475
1458,imagenet,0,ILSVRC2012_val_00036339.JPEG,,,,26.43090057,-24.08351135
1459,imagenet,0,ILSVRC2012_val_00036352.JPEG,,,,-10.52936363,-7.32055616
1460,imagenet,0,ILSVRC2012_val_00036390.JPEG,,,,12.36058426,35.74654007
1461,imagenet,0,ILSVRC2012_val_00036399.JPEG,,,,-28.67953110,-17.13591385
1462,imagenet,0,ILSVRC2012_val_00036423.JPEG,,,,10.61478901,26.39764786
1463,imagenet,0,ILSVRC2012_val_00036472.JPEG,,,,-7.21696234,-18.83255005
1464,imagenet,0,ILSVRC2012_val_00036475.JPEG,,,,22.05640221,16.29487610
1465,imagenet,0,ILSVRC2012_val_00036495.JPEG,,,,-3.19852972,20.73756981
1466,imagenet,0,ILSVRC2012_val_00036519.JPEG,,,,3.84728551,-14.69382381
1467,imagenet,0,ILSVRC2012_val_00036539.JPEG,,,,-22.97314835,2.75663161
1468,imagenet,0,ILSVRC2012_val_00036549.JPEG,,,,-26.88112831,0.51524109
1469,imagenet,0,ILSVRC2012_val_00036614.JPEG,,,,42.48302841,2.16278434
1470,imagenet,0,ILSVRC2012_val_00036675.JPEG,,,,0.80837309,17.86664391
1471,imagenet,0,ILSVRC2012_val_00036676.JPEG,,,,-7.51265669,20.89375877
1472,imagenet,0,ILSVRC2012_val_00036688.JPEG,,,,20.58802986,6.55155468
1473,imagenet,0,ILSVRC2012_val_00036694.JPEG,,,,45.72670746,2.73222089
1474,imagenet,0,ILSVRC2012_val_00036700.JPEG,,,,-8.63327503,14.56788158
1475,imagenet,0,ILSVRC2012_val_00036705.JPEG,,,,-1.48215747,21.30544281
1476,imagenet,0,ILSVRC2012_val_00036717.JPEG,,,,22.13606834,22.71768379
1477,imagenet,0,ILSVRC2012_val_00036728.JPEG,,,,36.51386261,9.95516109
1478,imagenet,0,ILSVRC2012_val_00036741.JPEG,,,,-37.37874222,-14.21215153
1479,imagenet,0,ILSVRC2012_val_00036773.JPEG,,,,-17.45628738,-1.44508886
1480,imagenet,0,ILSVRC2012_val_00036829.JPEG,,,,38.98779297,4.96547699
1481,imagenet,0,ILSVRC2012_val_00036845.JPEG,,,,35.48302841,13.56341934
1482,imagenet,0,ILSVRC2012_val_00036902.JPEG,,,,-3.54305553,36.98830795
1483,imagenet,0,ILSVRC2012_val_00036903.JPEG,,,,-15.39760590,5.95676184
1484,imagenet,0,ILSVRC2012_val_00036907.JPEG,,,,19.81040955,27.92009354
1485,imagenet,0,ILSVRC2012_val_00036929.JPEG,,,,-17.53397942,-3.26738501
1486,imagenet,0,ILSVRC2012_val_00036947.JPEG,,,,42.34151840,3.94995832
1487,imagenet,0,ILSVRC2012_val_00036977.JPEG,,,,18.69048500,13.77444935
1488,imagenet,0,ILSVRC2012_val_00037036.JPEG,,,,-8.00376320,15.09008980
1489,imagenet,0,ILSVRC2012_val_00037071.JPEG,,,,-28.77387047,-10.55599499
1490,imagenet,0,ILSVRC2012_val_00037092.JPEG,,,,30.38256264,15.93717194
1491,imagenet,0,ILSVRC2012_val_00037103.JPEG,,,,-29.53804779,-13.59907341
1492,imagenet,0,ILSVRC2012_val_00037113.JPEG,,,,20.86376953,-7.35524511
1493,imagenet,0,ILSVRC2012_val_00037184.JPEG,,,,30.99056816,-18.88269615
1494,imagenet,0,ILSVRC2012_val_00037195.JPEG,,,,10.78446960,12.61821270
1495,imagenet,0,ILSVRC2012_val_00037280.JPEG,,,,27.96502495,-16.28000832
1496,imagenet,0,ILSVRC2012_val_00037294.JPEG,,,,-4.35696507,36.52416611
1497,imagenet,0,ILSVRC2012_val_00037298.JPEG,,,,5.93399334,5.73039198
1498,imagenet,0,ILSVRC2012_val_00037363.JPEG,,,,12.07308674,29.91716003
1499,imagenet,0,ILSVRC2012_val_00037402.JPEG,,,,-12.97065258,-26.79104042
1500,imagenet,0,ILSVRC2012_val_00037405.JPEG,,,,45.95038986,7.59290123
1501,imagenet,0,ILSVRC2012_val_00037407.JPEG,,,,13.44790649,-5.04146624
1502,imagenet,0,ILSVRC2012_val_00037444.JPEG,,,,28.92013550,-16.35615349
1503,imagenet,0,ILSVRC2012_val_00037474.JPEG,,,,26.53682137,-23.79873085
1504,imagenet,0,ILSVRC2012_val_00037485.JPEG,,,,33.00681686,8.76955318
1505,imagenet,0,ILSVRC2012_val_00037491.JPEG,,,,47.73724365,0.70120752
1506,imagenet,0,ILSVRC2012_val_00037587.JPEG,,,,34.74059296,-10.56970596
1507,imagenet,0,ILSVRC2012_val_00037626.JPEG,,,,-29.21390343,12.47076988
1508,imagenet,0,ILSVRC2012_val_00037631.JPEG,,,,-7.21316433,38.10922241
1509,imagenet,0,ILSVRC2012_val_00037638.JPEG,,,,21.72812462,2.32378697
1510,imagenet,0,ILSVRC2012_val_00037643.JPEG,,,,-32.05421448,0.32904610
1511,imagenet,0,ILSVRC2012_val_00037673.JPEG,,,,-12.61834240,16.82464409
1512,imagenet,0,ILSVRC2012_val_00037733.JPEG,,,,42.27164459,7.12929773
1513,imagenet,0,ILSVRC2012_val_00037784.JPEG,,,,8.55218697,10.88155460
1514,imagenet,0,ILSVRC2012_val_00037786.JPEG,,,,-23.94762611,-13.17757893
1515,imagenet,0,ILSVRC2012_val_00037797.JPEG,,,,30.42782784,9.95362759
1516,imagenet,0,ILSVRC2012_val_00037826.JPEG,,,,18.99477386,-6.41399193
1517,imagenet,0,ILSVRC2012_val_00037828.JPEG,,,,46.58214951,6.43098402
1518,imagenet,0,ILSVRC2012_val_00037847.JPEG,,,,-25.28018761,-0.45296103
1519,imagenet,0,ILSVRC2012_val_00037862.JPEG,,,,28.09848213,-15.60956001
1520,imagenet,0,ILSVRC2012_val_00037882.JPEG,,,,-29.27834702,-19.34555435
1521,imagenet,0,ILSVRC2012_val_00037885.JPEG,,,,-31.87073135,-12.28580189
1522,imagenet,0,ILSVRC2012_val_00037965.JPEG,,,,29.43808937,-21.29708290
1523,imagenet,0,ILSVRC2012_val_00038027.JPEG,,,,-32.88942719,-1.68055570
1524,imagenet,0,ILSVRC2012_val_00038055.JPEG,,,,-47.09402847,1.10737550
1525,imagenet,0,ILSVRC2012_val_00038061.JPEG,,,,-0.91972017,33.79373550
1526,imagenet,0,ILSVRC2012_val_00038065.JPEG,,,,-31.31025124,-10.97216034
1527,imagenet,0,ILSVRC2012_val_00038070.JPEG,,,,19.04328346,19.60877037
1528,imagenet,0,ILSVRC2012_val_00038118.JPEG,,,,45.70277786,4.90758038
1529,imagenet,0,ILSVRC2012_val_00038165.JPEG,,,,-40.44685745,-16.51380539
1530,imagenet,0,ILSVRC2012_val_00038184.JPEG,,,,-0.10483801,33.06861877
1531,imagenet,0,ILSVRC2012_val_00038186.JPEG,,,,42.83898544,16.71543312
1532,imagenet,0,ILSVRC2012_val_00038203.JPEG,,,,-27.16425323,-11.37945557
1533,imagenet,0,ILSVRC2012_val_00038210.JPEG,,,,-0.88093460,-13.14569092
1534,imagenet,0,ILSVRC2012_val_00038251.JPEG,,,,-39.64151001,-4.03854895
1535,imagenet,0,ILSVRC2012_val_00038252.JPEG,,,,45.89751816,15.69789410
1536,imagenet,0,ILSVRC2012_val_00038268.JPEG,,,,28.32172775,-13.85198689
1537,imagenet,0,ILSVRC2012_val_00038311.JPEG,,,,26.83755875,-23.00841331
1538,imagenet,0,ILSVRC2012_val_00038350.JPEG,,,,-30.35198593,-18.75187492
1539,imagenet,0,ILSVRC2012_val_00038395.JPEG,,,,-22.75448990,-0.60387164
1540,imagenet,0,ILSVRC2012_val_00038410.JPEG,,,,44.20851517,6.43324375
1541,imagenet,0,ILSVRC2012_val_00038430.JPEG,,,,42.76332474,5.70534706
1542,imagenet,0,ILSVRC2012_val_00038452.JPEG,,,,18.06506729,12.19873524
1543,imagenet,0,ILSVRC2012_val_00038518.JPEG,,,,-33.01770401,2.74849391
1544,imagenet,0,ILSVRC2012_val_00038521.JPEG,,,,47.79293442,8.58279991
1545,imagenet,0,ILSVRC2012_val_00038561.JPEG,,,,-6.93695688,-17.21181297
1546,imagenet,0,ILSVRC2012_val_00038570.JPEG,,,,-47.00146484,-4.15531635
1547,imagenet,0,ILSVRC2012_val_00038573.JPEG,,,,19.62093353,-9.03539753
1548,imagenet,0,ILSVRC2012_val_00038581.JPEG,,,,-33.80697250,10.50688553
1549,imagenet,0,ILSVRC2012_val_00038593.JPEG,,,,-36.23136520,-8.64474964
1550,imagenet,0,ILSVRC2012_val_00038608.JPEG,,,,25.01431084,-20.80492973
1551,imagenet,0,ILSVRC2012_val_00038644.JPEG,,,,-19.59232712,3.49730849
1552,imagenet,0,ILSVRC2012_val_00038651.JPEG,,,,-40.04043198,13.47320366
1553,imagenet,0,ILSVRC2012_val_00038681.JPEG,,,,24.28305054,-5.18414068
1554,imagenet,0,ILSVRC2012_val_00038692.JPEG,,,,2.67290759,-24.58902550
1555,imagenet,0,ILSVRC2012_val_00038771.JPEG,,,,18.15129471,31.58535957
1556,imagenet,0,ILSVRC2012_val_00038807.JPEG,,,,24.95593452,23.09955215
1557,imagenet,0,ILSVRC2012_val_00038850.JPEG,,,,-8.61489201,-24.69801331
1558,imagenet,0,ILSVRC2012_val_00038940.JPEG,,,,-27.59564972,14.80387783
1559,imagenet,0,ILSVRC2012_val_00039002.JPEG,,,,30.44606590,21.68292046
1560,imagenet,0,ILSVRC2012_val_00039006.JPEG,,,,-12.46885967,-21.29005241
1561,imagenet,0,ILSVRC2012_val_00039029.JPEG,,,,3.83641696,-6.60307074
1562,imagenet,0,ILSVRC2012_val_00039039.JPEG,,,,-6.90406704,16.09754944
1563,imagenet,0,ILSVRC2012_val_00039068.JPEG,,,,-25.39143944,-22.31194496
1564,imagenet,0,ILSVRC2012_val_00039070.JPEG,,,,47.72955322,7.00268555
1565,imagenet,0,ILSVRC2012_val_00039082.JPEG,,,,-6.92290163,34.20521545
1566,imagenet,0,ILSVRC2012_val_00039083.JPEG,,,,43.23744583,-2.59986639
1567,imagenet,0,ILSVRC2012_val_00039085.JPEG,,,,9.46566010,15.60910702
1568,imagenet,0,ILSVRC2012_val_00039139.JPEG,,,,36.11376953,-12.73722267
1569,imagenet,0,ILSVRC2012_val_00039164.JPEG,,,,-30.31861115,-6.96526909
1570,imagenet,0,ILSVRC2012_val_00039165.JPEG,,,,3.43526649,-14.71776485
1571,imagenet,0,ILSVRC2012_val_00039211.JPEG,,,,44.36203003,4.95238924
1572,imagenet,0,ILSVRC2012_val_00039242.JPEG,,,,9.70465755,16.41946983
1573,imagenet,0,ILSVRC2012_val_00039275.JPEG,,,,4.09637690,30.86822701
1574,imagenet,0,ILSVRC2012_val_00039287.JPEG,,,,46.86329269,8.55381393
1575,imagenet,0,ILSVRC2012_val_00039311.JPEG,,,,-40.34688950,-4.24256468
1576,imagenet,0,ILSVRC2012_val_00039321.JPEG,,,,49.15575027,7.50576067
1577,imagenet,0,ILSVRC2012_val_00039335.JPEG,,,,28.98055267,22.51413155
1578,imagenet,0,ILSVRC2012_val_00039380.JPEG,,,,43.69524002,-0.25677931
1579,imagenet,0,ILSVRC2012_val_00039415.JPEG,,,,-24.29871559,22.69432640
1580,imagenet,0,ILSVRC2012_val_00039425.JPEG,,,,49.92637634,2.70544243
1581,imagenet,0,ILSVRC2012_val_00039433.JPEG,,,,41.33365250,-3.88315129
1582,imagenet,0,ILSVRC2012_val_00039455.JPEG,,,,-40.53919220,-7.19531727
1583,imagenet,0,ILSVRC2012_val_00039510.JPEG,,,,12.54857063,28.91075706
1584,imagenet,0,ILSVRC2012_val_00039537.JPEG,,,,-11.41530704,-26.56493759
1585,imagenet,0,ILSVRC2012_val_00039541.JPEG,,,,31.78945351,-3.56656170
1586,imagenet,0,ILSVRC2012_val_00039557.JPEG,,,,-33.42110443,6.12445259
1587,imagenet,0,ILSVRC2012_val_00039648.JPEG,,,,46.48547745,5.65261459
1588,imagenet,0,ILSVRC2012_val_00039655.JPEG,,,,35.07495117,-2.38219762
1589,imagenet,0,ILSVRC2012_val_00039674.JPEG,,,,26.68862343,-5.90290928
1590,imagenet,0,ILSVRC2012_val_00039678.JPEG,,,,-2.19632411,9.02514553
1591,imagenet,0,ILSVRC2012_val_00039690.JPEG,,,,-38.33316803,-8.47283554
1592,imagenet,0,ILSVRC2012_val_00039694.JPEG,,,,-5.62432861,-26.84621620
1593,imagenet,0,ILSVRC2012_val_00039697.JPEG,,,,25.74871254,8.46642208
1594,imagenet,0,ILSVRC2012_val_00039700.JPEG,,,,34.86249161,12.06501579
1595,imagenet,0,ILSVRC2012_val_00039712.JPEG,,,,-36.31361771,11.25508690
1596,imagenet,0,ILSVRC2012_val_00039754.JPEG,,,,-24.23425674,22.62799263
1597,imagenet,0,ILSVRC2012_val_00039776.JPEG,,,,-0.93745595,-9.19943714
1598,imagenet,0,ILSVRC2012_val_00039779.JPEG,,,,-4.89298916,37.10198975
1599,imagenet,0,ILSVRC2012_val_00039835.JPEG,,,,3.18378901,34.36032867
1600,imagenet,0,ILSVRC2012_val_00039837.JPEG,,,,8.50126553,35.52844620
1601,imagenet,0,ILSVRC2012_val_00039886.JPEG,,,,10.35875130,32.97732544
1602,imagenet,0,ILSVRC2012_val_00039895.JPEG,,,,16.99494743,25.48540306
1603,imagenet,0,ILSVRC2012_val_00039905.JPEG,,,,-37.34415054,11.17785645
1604,imagenet,0,ILSVRC2012_val_00039927.JPEG,,,,-2.33838296,-16.60722733
1605,imagenet,0,ILSVRC2012_val_00039935.JPEG,,,,6.44122791,5.03219461
1606,imagenet,0,ILSVRC2012_val_00039983.JPEG,,,,4.58694410,34.14422989
1607,imagenet,0,ILSVRC2012_val_00039986.JPEG,,,,11.81070232,26.23283386
1608,imagenet,0,ILSVRC2012_val_00039993.JPEG,,,,9.80360508,5.66636324
1609,imagenet,0,ILSVRC2012_val_00040000.JPEG,,,,-3.71203661,-12.80169582
1610,imagenet,0,ILSVRC2012_val_00040033.JPEG,,,,-8.91891098,-28.13183594
1611,imagenet,0,ILSVRC2012_val_00040053.JPEG,,,,-37.54312897,-13.69192314
1612,imagenet,0,ILSVRC2012_val_00040075.JPEG,,,,-10.42354679,-6.26262999
1613,imagenet,0,ILSVRC2012_val_00040096.JPEG,,,,-12.28595734,0.99932772
1614,imagenet,0,ILSVRC2012_val_00040130.JPEG,,,,-22.39897728,12.99686909
1615,imagenet,0,ILSVRC2012_val_00040158.JPEG,,,,-34.63582993,-6.91301394
1616,imagenet,0,ILSVRC2012_val_00040172.JPEG,,,,-8.34701443,26.47777748
1617,imagenet,0,ILSVRC2012_val_00040227.JPEG,,,,-12.80867195,19.97210312
1618,imagenet,0,ILSVRC2012_val_00040280.JPEG,,,,-1.35866463,31.02780533
1619,imagenet,0,ILSVRC2012_val_00040306.JPEG,,,,-22.91808128,16.85030174
1620,imagenet,0,ILSVRC2012_val_00040328.JPEG,,,,19.02894783,33.52743149
1621,imagenet,0,ILSVRC2012_val_00040330.JPEG,,,,48.23817062,8.42564392
1622,imagenet,0,ILSVRC2012_val_00040369.JPEG,,,,-32.85483551,24.22701454
1623,imagenet,0,ILSVRC2012_val_00040392.JPEG,,,,10.49419308,9.65730667
1624,imagenet,0,ILSVRC2012_val_00040417.JPEG,,,,29.54265022,17.83207893
1625,imagenet,0,ILSVRC2012_val_00040429.JPEG,,,,-18.50938797,-11.42898750
1626,imagenet,0,ILSVRC2012_val_00040434.JPEG,,,,5.32997227,-10.21500492
1627,imagenet,0,ILSVRC2012_val_00040478.JPEG,,,,-41.22964478,-3.44227767
1628,imagenet,0,ILSVRC2012_val_00040479.JPEG,,,,-10.28233147,-16.52441406
1629,imagenet,0,ILSVRC2012_val_00040483.JPEG,,,,36.21007919,-17.52404976
1630,imagenet,0,ILSVRC2012_val_00040500.JPEG,,,,-11.03012180,-20.28044891
1631,imagenet,0,ILSVRC2012_val_00040527.JPEG,,,,-27.53920746,10.25576687
1632,imagenet,0,ILSVRC2012_val_00040546.JPEG,,,,-13.02200603,9.74632740
1633,imagenet,0,ILSVRC2012_val_00040564.JPEG,,,,-29.31923866,19.29642868
1634,imagenet,0,ILSVRC2012_val_00040576.JPEG,,,,-9.49509716,32.33719635
1635,imagenet,0,ILSVRC2012_val_00040636.JPEG,,,,-29.04766846,0.96891844
1636,imagenet,0,ILSVRC2012_val_00040703.JPEG,,,,-40.60340500,5.25379992
1637,imagenet,0,ILSVRC2012_val_00040775.JPEG,,,,-4.09884357,-8.83215809
1638,imagenet,0,ILSVRC2012_val_00040787.JPEG,,,,-38.06417084,10.31102943
1639,imagenet,0,ILSVRC2012_val_00040801.JPEG,,,,-28.26441574,15.71587658
1640,imagenet,0,ILSVRC2012_val_00040809.JPEG,,,,18.63581848,-5.95350361
1641,imagenet,0,ILSVRC2012_val_00040831.JPEG,,,,-14.77479935,-12.04119968
1642,imagenet,0,ILSVRC2012_val_00040854.JPEG,,,,-14.93688965,32.40391922
1643,imagenet,0,ILSVRC2012_val_00040860.JPEG,,,,1.77713740,29.37322617
1644,imagenet,0,ILSVRC2012_val_00040865.JPEG,,,,34.24048615,-19.53089905
1645,imagenet,0,ILSVRC2012_val_00040896.JPEG,,,,17.31322289,5.83498001
1646,imagenet,0,ILSVRC2012_val_00040900.JPEG,,,,-0.00994724,30.26381683
1647,imagenet,0,ILSVRC2012_val_00040924.JPEG,,,,46.17804718,2.85552883
1648,imagenet,0,ILSVRC2012_val_00040974.JPEG,,,,26.19823074,-18.94912910
1649,imagenet,0,ILSVRC2012_val_00041169.JPEG,,,,-19.29851913,-6.98406792
1650,imagenet,0,ILSVRC2012_val_00041214.JPEG,,,,-6.75853443,-15.87071800
1651,imagenet,0,ILSVRC2012_val_00041233.JPEG,,,,47.44269943,-1.77928782
1652,imagenet,0,ILSVRC2012_val_00041241.JPEG,,,,44.94628906,12.55304146
1653,imagenet,0,ILSVRC2012_val_00041247.JPEG,,,,-38.12299347,18.31274414
1654,imagenet,0,ILSVRC2012_val_00041261.JPEG,,,,37.44567490,18.06970596
1655,imagenet,0,ILSVRC2012_val_00041323.JPEG,,,,30.33307266,0.69028908
1656,imagenet,0,ILSVRC2012_val_00041326.JPEG,,,,11.86073208,0.14630511
1657,imagenet,0,ILSVRC2012_val_00041340.JPEG,,,,-35.12424469,13.95762348
1658,imagenet,0,ILSVRC2012_val_00041403.JPEG,,,,32.49824142,-19.74390030
1659,imagenet,0,ILSVRC2012_val_00041406.JPEG,,,,33.37871552,2.36663151
1660,imagenet,0,ILSVRC2012_val_00041411.JPEG,,,,-21.37077522,-9.37016869
1661,imagenet,0,ILSVRC2012_val_00041424.JPEG,,,,23.85148621,-22.14943504
1662,imagenet,0,ILSVRC2012_val_00041455.JPEG,,,,-40.43360138,15.63267899
1663,imagenet,0,ILSVRC2012_val_00041461.JPEG,,,,-13.76354694,-25.86273193
1664,imagenet,0,ILSVRC2012_val_00041464.JPEG,,,,37.25333023,-3.86905527
1665,imagenet,0,ILSVRC2012_val_00041489.JPEG,,,,-27.89788246,23.10862160
1666,imagenet,0,ILSVRC2012_val_00041495.JPEG,,,,-4.45110655,14.45491123
1667,imagenet,0,ILSVRC2012_val_00041513.JPEG,,,,18.11685944,12.76235676
1668,imagenet,0,ILSVRC2012_val_00041591.JPEG,,,,-8.74377728,27.31421852
1669,imagenet,0,ILSVRC2012_val_00041608.JPEG,,,,-9.29493618,-26.89646721
1670,imagenet,0,ILSVRC2012_val_00041609.JPEG,,,,-8.50731564,-1.34604466
1671,imagenet,0,ILSVRC2012_val_00041627.JPEG,,,,-37.87983322,-7.52007771
1672,imagenet,0,ILSVRC2012_val_00041660.JPEG,,,,10.09111118,37.49982071
1673,imagenet,0,ILSVRC2012_val_00041698.JPEG,,,,9.82744980,-11.54799938
1674,imagenet,0,ILSVRC2012_val_00041728.JPEG,,,,38.62825775,1.05806124
1675,imagenet,0,ILSVRC2012_val_00041737.JPEG,,,,29.13400269,-4.05741024
1676,imagenet,0,ILSVRC2012_val_00041777.JPEG,,,,8.03669357,13.64392090
1677,imagenet,0,ILSVRC2012_val_00041779.JPEG,,,,-10.26516342,36.53352737
1678,imagenet,0,ILSVRC2012_val_00041788.JPEG,,,,16.05445290,29.55558968
1679,imagenet,0,ILSVRC2012_val_00041819.JPEG,,,,-29.07566643,-0.15396455
1680,imagenet,0,ILSVRC2012_val_00041830.JPEG,,,,33.75645828,13.22931576
1681,imagenet,0,ILSVRC2012_val_00041832.JPEG,,,,7.81220770,12.37674141
1682,imagenet,0,ILSVRC2012_val_00041848.JPEG,,,,-15.67347145,-16.87717628
1683,imagenet,0,ILSVRC2012_val_00041865.JPEG,,,,36.02097321,4.44461441
1684,imagenet,0,ILSVRC2012_val_00041926.JPEG,,,,-6.20043755,-24.99835587
1685,imagenet,0,ILSVRC2012_val_00041930.JPEG,,,,-41.57752991,16.40512466
1686,imagenet,0,ILSVRC2012_val_00041934.JPEG,,,,20.70835495,-1.34780610
1687,imagenet,0,ILSVRC2012_val_00041942.JPEG,,,,-32.47667313,26.93520355
1688,imagenet,0,ILSVRC2012_val_00041954.JPEG,,,,33.33142090,-12.03442764
1689,imagenet,0,ILSVRC2012_val_00041999.JPEG,,,,-6.12291145,18.57484818
1690,imagenet,0,ILSVRC2012_val_00042024.JPEG,,,,-31.15377808,-9.47679520
1691,imagenet,0,ILSVRC2012_val_00042028.JPEG,,,,-31.01054955,-20.93524170
1692,imagenet,0,ILSVRC2012_val_00042047.JPEG,,,,36.76714325,16.47365952
1693,imagenet,0,ILSVRC2012_val_00042064.JPEG,,,,-14.10365868,6.46393538
1694,imagenet,0,ILSVRC2012_val_00042138.JPEG,,,,-22.30363655,-15.73138523
1695,imagenet,0,ILSVRC2012_val_00042273.JPEG,,,,42.47714615,-1.22803438
1696,imagenet,0,ILSVRC2012_val_00042275.JPEG,,,,0.20266344,-12.83625126
1697,imagenet,0,ILSVRC2012_val_00042286.JPEG,,,,-14.55764675,29.81852913
1698,imagenet,0,ILSVRC2012_val_00042303.JPEG,,,,18.00262070,-20.17929840
1699,imagenet,0,ILSVRC2012_val_00042327.JPEG,,,,-34.98343658,-9.91742516
1700,imagenet,0,ILSVRC2012_val_00042338.JPEG,,,,40.62058258,-3.87677956
1701,imagenet,0,ILSVRC2012_val_00042345.JPEG,,,,-24.33177948,-5.54104376
1702,imagenet,0,ILSVRC2012_val_00042374.JPEG,,,,-15.04589176,-7.36727285
1703,imagenet,0,ILSVRC2012_val_00042389.JPEG,,,,24.31738663,-2.73277330
1704,imagenet,0,ILSVRC2012_val_00042401.JPEG,,,,-3.42491078,15.94504833
1705,imagenet,0,ILSVRC2012_val_00042406.JPEG,,,,-11.30496979,15.26255798
1706,imagenet,0,ILSVRC2012_val_00042445.JPEG,,,,-6.44631720,-19.30096436
1707,imagenet,0,ILSVRC2012_val_00042489.JPEG,,,,18.77250862,19.77360344
1708,imagenet,0,ILSVRC2012_val_00042530.JPEG,,,,2.05835223,34.44226837
1709,imagenet,0,ILSVRC2012_val_00042536.JPEG,,,,-39.16729355,-6.31992531
1710,imagenet,0,ILSVRC2012_val_00042675.JPEG,,,,26.41910934,-20.40186691
1711,imagenet,0,ILSVRC2012_val_00042714.JPEG,,,,-12.53986454,-20.74622917
1712,imagenet,0,ILSVRC2012_val_00042745.JPEG,,,,17.51606560,8.44522285
1713,imagenet,0,ILSVRC2012_val_00042773.JPEG,,,,18.81871605,31.11919403
1714,imagenet,0,ILSVRC2012_val_00042776.JPEG,,,,33.35811615,9.37018299
1715,imagenet,0,ILSVRC2012_val_00042781.JPEG,,,,-4.05053186,29.52542114
1716,imagenet,0,ILSVRC2012_val_00042787.JPEG,,,,-42.01394272,-3.13986635
1717,imagenet,0,ILSVRC2012_val_00042838.JPEG,,,,41.53143692,16.98543167
1718,imagenet,0,ILSVRC2012_val_00042860.JPEG,,,,-19.04394913,-18.86253357
1719,imagenet,0,ILSVRC2012_val_00042908.JPEG,,,,38.54553223,3.70480180
1720,imagenet,0,ILSVRC2012_val_00042926.JPEG,,,,20.50501060,-5.69794559
1721,imagenet,0,ILSVRC2012_val_00042969.JPEG,,,,53.38420105,8.66662407
1722,imagenet,0,ILSVRC2012_val_00042995.JPEG,,,,-1.58300805,-7.74358749
1723,imagenet,0,ILSVRC2012_val_00043025.JPEG,,,,6.99083710,23.77857399
1724,imagenet,0,ILSVRC2012_val_00043056.JPEG,,,,-31.61821938,24.82549095
1725,imagenet,0,ILSVRC2012_val_00043080.JPEG,,,,34.25968170,20.92130852
1726,imagenet,0,ILSVRC2012_val_00043081.JPEG,,,,36.70341873,3.19599390
1727,imagenet,0,ILSVRC2012_val_00043097.JPEG,,,,-9.50342846,-28.10909271
1728,imagenet,0,ILSVRC2012_val_00043132.JPEG,,,,-19.48026276,17.32027435
1729,imagenet,0,ILSVRC2012_val_00043179.JPEG,,,,44.80752182,6.08839321
1730,imagenet,0,ILSVRC2012_val_00043213.JPEG,,,,37.57085037,-2.36356020
1731,imagenet,0,ILSVRC2012_val_00043248.JPEG,,,,-22.92997360,21.23451996
1732,imagenet,0,ILSVRC2012_val_00043257.JPEG,,,,14.69950390,9.79280567
1733,imagenet,0,ILSVRC2012_val_00043278.JPEG,,,,-38.08588791,12.74127579
1734,imagenet,0,ILSVRC2012_val_00043280.JPEG,,,,-4.05745220,1.87557340
1735,imagenet,0,ILSVRC2012_val_00043349.JPEG,,,,-29.81471062,14.28734970
1736,imagenet,0,ILSVRC2012_val_00043368.JPEG,,,,20.28482628,24.29875755
1737,imagenet,0,ILSVRC2012_val_00043409.JPEG,,,,-31.02662659,5.89072752
1738,imagenet,0,ILSVRC2012_val_00043424.JPEG,,,,-3.96131444,19.99461174
1739,imagenet,0,ILSVRC2012_val_00043581.JPEG,,,,44.48674393,10.92466259
1740,imagenet,0,ILSVRC2012_val_00043630.JPEG,,,,4.84452581,-7.13309097
1741,imagenet,0,ILSVRC2012_val_00043637.JPEG,,,,6.51318312,25.88842201
1742,imagenet,0,ILSVRC2012_val_00043639.JPEG,,,,-9.20414925,18.22752190
1743,imagenet,0,ILSVRC2012_val_00043658.JPEG,,,,8.62184429,-12.88138962
1744,imagenet,0,ILSVRC2012_val_00043689.JPEG,,,,35.50165176,-16.85578728
1745,imagenet,0,ILSVRC2012_val_00043695.JPEG,,,,-25.49428558,-11.74360466
1746,imagenet,0,ILSVRC2012_val_00043705.JPEG,,,,-6.71755171,12.48416328
1747,imagenet,0,ILSVRC2012_val_00043737.JPEG,,,,-24.46298218,18.70924187
1748,imagenet,0,ILSVRC2012_val_00043753.JPEG,,,,30.71043205,13.20002937
1749,imagenet,0,ILSVRC2012_val_00043758.JPEG,,,,-16.73165512,-12.57371521
1750,imagenet,0,ILSVRC2012_val_00043794.JPEG,,,,11.41664219,20.44250679
1751,imagenet,0,ILSVRC2012_val_00043925.JPEG,,,,-23.10444832,23.83251762
1752,imagenet,0,ILSVRC2012_val_00043931.JPEG,,,,-4.77952528,39.20930481
1753,imagenet,0,ILSVRC2012_val_00043932.JPEG,,,,-27.14995193,19.71226311
1754,imagenet,0,ILSVRC2012_val_00043957.JPEG,,,,51.12751389,13.97599697
1755,imagenet,0,ILSVRC2012_val_00043968.JPEG,,,,-35.92549896,2.73642015
1756,imagenet,0,ILSVRC2012_val_00044001.JPEG,,,,-31.51875687,21.39510345
1757,imagenet,0,ILSVRC2012_val_00044104.JPEG,,,,-16.05875778,-18.91655922
1758,imagenet,0,ILSVRC2012_val_00044124.JPEG,,,,-31.83881760,26.72959137
1759,imagenet,0,ILSVRC2012_val_00044179.JPEG,,,,19.33259392,-8.61426640
1760,imagenet,0,ILSVRC2012_val_00044243.JPEG,,,,8.05155373,7.92587566
1761,imagenet,0,ILSVRC2012_val_00044246.JPEG,,,,37.32650375,-13.11775112
1762,imagenet,0,ILSVRC2012_val_00044255.JPEG,,,,19.01850510,32.97238541
1763,imagenet,0,ILSVRC2012_val_00044264.JPEG,,,,-33.36687088,-24.65199471
1764,imagenet,0,ILSVRC2012_val_00044269.JPEG,,,,-18.13842583,16.39595413
1765,imagenet,0,ILSVRC2012_val_00044273.JPEG,,,,-9.03960037,33.20428085
1766,imagenet,0,ILSVRC2012_val_00044299.JPEG,,,,0.45823237,36.06405258
1767,imagenet,0,ILSVRC2012_val_00044315.JPEG,,,,-26.58785057,8.27004433
1768,imagenet,0,ILSVRC2012_val_00044322.JPEG,,,,47.25773621,7.94214916
1769,imagenet,0,ILSVRC2012_val_00044342.JPEG,,,,-15.47289467,-27.38778687
1770,imagenet,0,ILSVRC2012_val_00044417.JPEG,,,,-41.31473923,4.07960320
1771,imagenet,0,ILSVRC2012_val_00044428.JPEG,,,,-34.75634384,19.89784622
1772,imagenet,0,ILSVRC2012_val_00044439.JPEG,,,,26.72481537,23.08697701
1773,imagenet,0,ILSVRC2012_val_00044458.JPEG,,,,32.83561707,-16.47282791
1774,imagenet,0,ILSVRC2012_val_00044491.JPEG,,,,9.41396427,-5.64009953
1775,imagenet,0,ILSVRC2012_val_00044493.JPEG,,,,-34.33222580,-3.85453200
1776,imagenet,0,ILSVRC2012_val_00044503.JPEG,,,,20.51693916,6.34342575
1777,imagenet,0,ILSVRC2012_val_00044540.JPEG,,,,-17.92070198,-25.42962456
1778,imagenet,0,ILSVRC2012_val_00044583.JPEG,,,,-3.78028369,-15.74832630
1779,imagenet,0,ILSVRC2012_val_00044620.JPEG,,,,8.35463238,33.43907166
1780,imagenet,0,ILSVRC2012_val_00044683.JPEG,,,,-38.89735031,-1.66680527
1781,imagenet,0,ILSVRC2012_val_00044700.JPEG,,,,-4.24588442,-23.08532333
1782,imagenet,0,ILSVRC2012_val_00044706.JPEG,,,,-18.38564301,-25.57190704
1783,imagenet,0,ILSVRC2012_val_00044784.JPEG,,,,48.81476974,5.12335443
1784,imagenet,0,ILSVRC2012_val_00044801.JPEG,,,,33.27227783,-15.28328800
1785,imagenet,0,ILSVRC2012_val_00044818.JPEG,,,,-2.29958081,11.74429703
1786,imagenet,0,ILSVRC2012_val_00044947.JPEG,,,,19.28606606,-20.10092163
1787,imagenet,0,ILSVRC2012_val_00044971.JPEG,,,,18.88249016,-4.08545828
1788,imagenet,0,ILSVRC2012_val_00044985.JPEG,,,,-27.69141388,-5.30349874
1789,imagenet,0,ILSVRC2012_val_00045024.JPEG,,,,13.21209431,-21.02662277
1790,imagenet,0,ILSVRC2012_val_00045056.JPEG,,,,-32.05750656,-0.97200793
1791,imagenet,0,ILSVRC2012_val_00045117.JPEG,,,,-39.67034531,-12.05298519
1792,imagenet,0,ILSVRC2012_val_00045222.JPEG,,,,-22.00639343,-15.10885429
1793,imagenet,0,ILSVRC2012_val_00045269.JPEG,,,,4.08782673,21.05424500
1794,imagenet,0,ILSVRC2012_val_00045276.JPEG,,,,29.03076935,-13.70141029
1795,imagenet,0,ILSVRC2012_val_00045281.JPEG,,,,29.49832535,-6.97443104
1796,imagenet,0,ILSVRC2012_val_00045296.JPEG,,,,29.83795357,-16.55333138
1797,imagenet,0,ILSVRC2012_val_00045301.JPEG,,,,43.50963211,11.49373341
1798,imagenet,0,ILSVRC2012_val_00045309.JPEG,,,,43.98410416,-4.30248404
1799,imagenet,0,ILSVRC2012_val_00045329.JPEG,,,,-30.06231499,8.05004597
1800,imagenet,0,ILSVRC2012_val_00045357.JPEG,,,,-40.65205765,2.37017894
1801,imagenet,0,ILSVRC2012_val_00045359.JPEG,,,,12.75760841,-15.81661129
1802,imagenet,0,ILSVRC2012_val_00045390.JPEG,,,,13.82408333,29.31096649
1803,imagenet,0,ILSVRC2012_val_00045391.JPEG,,,,35.38057709,-2.73784447
1804,imagenet,0,ILSVRC2012_val_00045404.JPEG,,,,-0.05068393,-25.21147728
1805,imagenet,0,ILSVRC2012_val_00045431.JPEG,,,,-39.06301498,-10.63629723
1806,imagenet,0,ILSVRC2012_val_00045447.JPEG,,,,-6.00785971,36.76734924
1807,imagenet,0,ILSVRC2012_val_00045497.JPEG,,,,39.93864822,2.35540533
1808,imagenet,0,ILSVRC2012_val_00045519.JPEG,,,,36.04166794,-16.35229683
1809,imagenet,0,ILSVRC2012_val_00045552.JPEG,,,,-4.21523142,22.97084045
1810,imagenet,0,ILSVRC2012_val_00045575.JPEG,,,,41.33492661,2.77303648
1811,imagenet,0,ILSVRC2012_val_00045598.JPEG,,,,-15.62431335,14.83843517
1812,imagenet,0,ILSVRC2012_val_00045609.JPEG,,,,-23.85683441,0.51353103
1813,imagenet,0,ILSVRC2012_val_00045698.JPEG,,,,-15.12675858,-11.87392330
1814,imagenet,0,ILSVRC2012_val_00045802.JPEG,,,,-7.16132498,36.22613144
1815,imagenet,0,ILSVRC2012_val_00045805.JPEG,,,,10.96225643,-5.57984304
1816,imagenet,0,ILSVRC2012_val_00045815.JPEG,,,,-32.04926682,11.99731636
1817,imagenet,0,ILSVRC2012_val_00045835.JPEG,,,,-43.84711075,-9.71823215
1818,imagenet,0,ILSVRC2012_val_00045842.JPEG,,,,-7.99696255,-5.68704700
1819,imagenet,0,ILSVRC2012_val_00045848.JPEG,,,,24.07835960,-24.13139915
1820,imagenet,0,ILSVRC2012_val_00045888.JPEG,,,,49.05402374,8.88458633
1821,imagenet,0,ILSVRC2012_val_00045917.JPEG,,,,-10.40477371,4.83607626
1822,imagenet,0,ILSVRC2012_val_00045941.JPEG,,,,33.07179260,-0.25189772
1823,imagenet,0,ILSVRC2012_val_00045954.JPEG,,,,41.41125107,-8.56868553
1824,imagenet,0,ILSVRC2012_val_00045956.JPEG,,,,-15.72843838,30.96366119
1825,imagenet,0,ILSVRC2012_val_00045996.JPEG,,,,-22.62875938,7.24328947
1826,imagenet,0,ILSVRC2012_val_00046091.JPEG,,,,-12.32076168,27.77051544
1827,imagenet,0,ILSVRC2012_val_00046104.JPEG,,,,-23.15334320,9.73080158
1828,imagenet,0,ILSVRC2012_val_00046130.JPEG,,,,19.88716316,-10.58319950
1829,imagenet,0,ILSVRC2012_val_00046135.JPEG,,,,-1.93566263,30.28902245
1830,imagenet,0,ILSVRC2012_val_00046149.JPEG,,,,0.59455252,-15.00607109
1831,imagenet,0,ILSVRC2012_val_00046190.JPEG,,,,19.44805336,30.99588966
1832,imagenet,0,ILSVRC2012_val_00046196.JPEG,,,,11.58230400,-1.62587142
1833,imagenet,0,ILSVRC2012_val_00046232.JPEG,,,,8.54003334,10.75641632
1834,imagenet,0,ILSVRC2012_val_00046256.JPEG,,,,-28.49695206,22.73508072
1835,imagenet,0,ILSVRC2012_val_00046275.JPEG,,,,27.49026299,-16.95583725
1836,imagenet,0,ILSVRC2012_val_00046292.JPEG,,,,-32.15539169,-23.78263474
1837,imagenet,0,ILSVRC2012_val_00046297.JPEG,,,,-3.73835897,33.03073120
1838,imagenet,0,ILSVRC2012_val_00046303.JPEG,,,,-3.36977386,36.57324600
1839,imagenet,0,ILSVRC2012_val_00046311.JPEG,,,,-23.67358780,23.51725769
1840,imagenet,0,ILSVRC2012_val_00046360.JPEG,,,,35.49719238,-18.60817719
1841,imagenet,0,ILSVRC2012_val_00046366.JPEG,,,,-24.71001053,-16.39245224
1842,imagenet,0,ILSVRC2012_val_00046381.JPEG,,,,47.46643448,4.97934008
1843,imagenet,0,ILSVRC2012_val_00046394.JPEG,,,,9.37527084,1.09577775
1844,imagenet,0,ILSVRC2012_val_00046476.JPEG,,,,45.21836472,-5.92426729
1845,imagenet,0,ILSVRC2012_val_00046477.JPEG,,,,17.92208481,7.68092108
1846,imagenet,0,ILSVRC2012_val_00046516.JPEG,,,,35.13372040,14.17995644
1847,imagenet,0,ILSVRC2012_val_00046552.JPEG,,,,16.95584869,-19.49571991
1848,imagenet,0,ILSVRC2012_val_00046586.JPEG,,,,30.92952156,22.72799873
1849,imagenet,0,ILSVRC2012_val_00046605.JPEG,,,,34.89580536,-8.70775223
1850,imagenet,0,ILSVRC2012_val_00046669.JPEG,,,,4.19565821,-11.77690697
1851,imagenet,0,ILSVRC2012_val_00046696.JPEG,,,,-15.93392849,22.96153069
1852,imagenet,0,ILSVRC2012_val_00046705.JPEG,,,,-17.55377769,10.47561359
1853,imagenet,0,ILSVRC2012_val_00046719.JPEG,,,,-32.00718689,8.48758602
1854,imagenet,0,ILSVRC2012_val_00046723.JPEG,,,,49.19144058,10.81203365
1855,imagenet,0,ILSVRC2012_val_00046755.JPEG,,,,-25.57612419,-11.69806767
1856,imagenet,0,ILSVRC2012_val_00046796.JPEG,,,,-27.51080894,-0.20946243
1857,imagenet,0,ILSVRC2012_val_00046820.JPEG,,,,-12.18832684,7.92254686
1858,imagenet,0,ILSVRC2012_val_00046850.JPEG,,,,-14.42716026,-21.58045578
1859,imagenet,0,ILSVRC2012_val_00046871.JPEG,,,,31.65365410,24.25838280
1860,imagenet,0,ILSVRC2012_val_00046878.JPEG,,,,-33.25440598,-2.63765645
1861,imagenet,0,ILSVRC2012_val_00046894.JPEG,,,,-2.56912923,37.75942230
1862,imagenet,0,ILSVRC2012_val_00046906.JPEG,,,,45.45764542,11.82623386
1863,imagenet,0,ILSVRC2012_val_00046916.JPEG,,,,-3.49263549,15.47500896
1864,imagenet,0,ILSVRC2012_val_00046929.JPEG,,,,17.84188271,-13.81411648
1865,imagenet,0,ILSVRC2012_val_00046940.JPEG,,,,-22.24946785,-22.09418488
1866,imagenet,0,ILSVRC2012_val_00046971.JPEG,,,,44.61948776,-3.85820007
1867,imagenet,0,ILSVRC2012_val_00046974.JPEG,,,,13.16392231,16.07907104
1868,imagenet,0,ILSVRC2012_val_00046976.JPEG,,,,38.30897522,17.95902061
1869,imagenet,0,ILSVRC2012_val_00046979.JPEG,,,,-24.85211945,8.15614128
1870,imagenet,0,ILSVRC2012_val_00046983.JPEG,,,,0.48391938,-3.39169335
1871,imagenet,0,ILSVRC2012_val_00047067.JPEG,,,,-37.67708969,15.21275139
1872,imagenet,0,ILSVRC2012_val_00047129.JPEG,,,,-8.45459652,35.49591064
1873,imagenet,0,ILSVRC2012_val_00047175.JPEG,,,,-23.94935608,20.27692032
1874,imagenet,0,ILSVRC2012_val_00047224.JPEG,,,,-31.44691277,18.53012085
1875,imagenet,0,ILSVRC2012_val_00047281.JPEG,,,,-7.34396887,19.14726830
1876,imagenet,0,ILSVRC2012_val_00047305.JPEG,,,,13.10657024,33.73778915
1877,imagenet,0,ILSVRC2012_val_00047308.JPEG,,,,19.36893654,28.34678459
1878,imagenet,0,ILSVRC2012_val_00047323.JPEG,,,,-34.39112854,-23.24640846
1879,imagenet,0,ILSVRC2012_val_00047341.JPEG,,,,-6.50211477,21.47053719
1880,imagenet,0,ILSVRC2012_val_00047381.JPEG,,,,40.94248581,3.68998361
1881,imagenet,0,ILSVRC2012_val_00047417.JPEG,,,,35.13306046,12.31198883
1882,imagenet,0,ILSVRC2012_val_00047452.JPEG,,,,-21.13946724,-24.64052963
1883,imagenet,0,ILSVRC2012_val_00047469.JPEG,,,,-41.65095139,-9.37731075
1884,imagenet,0,ILSVRC2012_val_00047476.JPEG,,,,5.03883982,22.12535286
1885,imagenet,0,ILSVRC2012_val_00047484.JPEG,,,,-35.22003174,-12.39451885
1886,imagenet,0,ILSVRC2012_val_00047505.JPEG,,,,6.55272102,-6.07399035
1887,imagenet,0,ILSVRC2012_val_00047552.JPEG,,,,21.45444489,31.72950363
1888,imagenet,0,ILSVRC2012_val_00047569.JPEG,,,,40.30866241,-14.26951027
1889,imagenet,0,ILSVRC2012_val_00047606.JPEG,,,,14.45211792,-3.07964706
1890,imagenet,0,ILSVRC2012_val_00047666.JPEG,,,,36.18949509,21.92924690
1891,imagenet,0,ILSVRC2012_val_00047701.JPEG,,,,-6.15769053,36.08115768
1892,imagenet,0,ILSVRC2012_val_00047722.JPEG,,,,-5.19145823,18.51524162
1893,imagenet,0,ILSVRC2012_val_00047723.JPEG,,,,-7.33815145,-28.75253868
1894,imagenet,0,ILSVRC2012_val_00047727.JPEG,,,,34.23183823,19.77901268
1895,imagenet,0,ILSVRC2012_val_00047728.JPEG,,,,33.50575638,21.61452866
1896,imagenet,0,ILSVRC2012_val_00047739.JPEG,,,,-8.56509018,34.44408035
1897,imagenet,0,ILSVRC2012_val_00047763.JPEG,,,,-39.10707855,18.11447144
1898,imagenet,0,ILSVRC2012_val_00047767.JPEG,,,,-15.69061661,15.21290016
1899,imagenet,0,ILSVRC2012_val_00047823.JPEG,,,,16.79669189,17.05371666
1900,imagenet,0,ILSVRC2012_val_00047848.JPEG,,,,45.51350021,14.08327484
1901,imagenet,0,ILSVRC2012_val_00047873.JPEG,,,,-25.75555992,27.77504158
1902,imagenet,0,ILSVRC2012_val_00047881.JPEG,,,,-30.80152512,11.43082333
1903,imagenet,0,ILSVRC2012_val_00047921.JPEG,,,,38.18796158,-3.78842616
1904,imagenet,0,ILSVRC2012_val_00047952.JPEG,,,,-36.80856323,-9.71166515
1905,imagenet,0,ILSVRC2012_val_00047959.JPEG,,,,15.41530704,-3.37593460
1906,imagenet,0,ILSVRC2012_val_00047963.JPEG,,,,-0.93576938,18.64952087
1907,imagenet,0,ILSVRC2012_val_00047967.JPEG,,,,9.76447773,25.34851456
1908,imagenet,0,ILSVRC2012_val_00047996.JPEG,,,,-1.32303429,19.32056999
1909,imagenet,0,ILSVRC2012_val_00048013.JPEG,,,,-22.21476555,7.04014778
1910,imagenet,0,ILSVRC2012_val_00048039.JPEG,,,,-21.30157852,-6.05136204
1911,imagenet,0,ILSVRC2012_val_00048071.JPEG,,,,25.85853958,2.86972427
1912,imagenet,0,ILSVRC2012_val_00048110.JPEG,,,,-8.31263447,-19.02383995
1913,imagenet,0,ILSVRC2012_val_00048134.JPEG,,,,2.88237786,14.34505939
1914,imagenet,0,ILSVRC2012_val_00048136.JPEG,,,,41.30261612,2.74574876
1915,imagenet,0,ILSVRC2012_val_00048190.JPEG,,,,-1.97405505,35.48677826
1916,imagenet,0,ILSVRC2012_val_00048205.JPEG,,,,-27.58901978,-17.10270119
1917,imagenet,0,ILSVRC2012_val_00048206.JPEG,,,,25.05823517,22.93293381
1918,imagenet,0,ILSVRC2012_val_00048217.JPEG,,,,-6.83123016,-14.46393299
1919,imagenet,0,ILSVRC2012_val_00048222.JPEG,,,,-17.59621048,20.31082535
1920,imagenet,0,ILSVRC2012_val_00048231.JPEG,,,,-37.98536682,-5.58980322
1921,imagenet,0,ILSVRC2012_val_00048275.JPEG,,,,-32.26536942,-14.22569752
1922,imagenet,0,ILSVRC2012_val_00048316.JPEG,,,,22.39446259,9.41027260
1923,imagenet,0,ILSVRC2012_val_00048335.JPEG,,,,24.83862305,8.71123695
1924,imagenet,0,ILSVRC2012_val_00048341.JPEG,,,,-27.64794540,19.71141815
1925,imagenet,0,ILSVRC2012_val_00048355.JPEG,,,,-9.30097389,11.51823997
1926,imagenet,0,ILSVRC2012_val_00048370.JPEG,,,,-14.25795937,25.44127083
1927,imagenet,0,ILSVRC2012_val_00048425.JPEG,,,,2.18289781,0.24340086
1928,imagenet,0,ILSVRC2012_val_00048426.JPEG,,,,-38.23620224,20.27243996
1929,imagenet,0,ILSVRC2012_val_00048427.JPEG,,,,9.71302700,11.93659782
1930,imagenet,0,ILSVRC2012_val_00048544.JPEG,,,,31.80801773,-10.06439590
1931,imagenet,0,ILSVRC2012_val_00048554.JPEG,,,,-25.09219933,-19.64163399
1932,imagenet,0,ILSVRC2012_val_00048556.JPEG,,,,44.89866257,-1.36659443
1933,imagenet,0,ILSVRC2012_val_00048559.JPEG,,,,-22.88553238,8.79079533
1934,imagenet,0,ILSVRC2012_val_00048560.JPEG,,,,-32.89208603,13.34502506
1935,imagenet,0,ILSVRC2012_val_00048613.JPEG,,,,5.91030693,10.65822124
1936,imagenet,0,ILSVRC2012_val_00048615.JPEG,,,,-22.92710114,-1.95895720
1937,imagenet,0,ILSVRC2012_val_00048616.JPEG,,,,38.93651962,6.55815458
1938,imagenet,0,ILSVRC2012_val_00048626.JPEG,,,,3.53565574,26.72992516
1939,imagenet,0,ILSVRC2012_val_00048632.JPEG,,,,-31.90213394,24.38565445
1940,imagenet,0,ILSVRC2012_val_00048633.JPEG,,,,0.51307583,38.33255005
1941,imagenet,0,ILSVRC2012_val_00048644.JPEG,,,,44.33218765,1.02322900
1942,imagenet,0,ILSVRC2012_val_00048663.JPEG,,,,-17.71885681,9.54137516
1943,imagenet,0,ILSVRC2012_val_00048708.JPEG,,,,8.58886433,18.91407585
1944,imagenet,0,ILSVRC2012_val_00048744.JPEG,,,,30.79277802,5.07339621
1945,imagenet,0,ILSVRC2012_val_00048802.JPEG,,,,39.23998642,-2.89912343
1946,imagenet,0,ILSVRC2012_val_00048805.JPEG,,,,8.77374649,34.88881302
1947,imagenet,0,ILSVRC2012_val_00048815.JPEG,,,,-2.71698546,35.96825027
1948,imagenet,0,ILSVRC2012_val_00048825.JPEG,,,,24.29673004,-4.77610350
1949,imagenet,0,ILSVRC2012_val_00048831.JPEG,,,,-24.44551086,-21.19008446
1950,imagenet,0,ILSVRC2012_val_00048851.JPEG,,,,17.55994225,29.88155556
1951,imagenet,0,ILSVRC2012_val_00048869.JPEG,,,,-36.30377197,-6.68498755
1952,imagenet,0,ILSVRC2012_val_00048907.JPEG,,,,1.04598248,22.99929237
1953,imagenet,0,ILSVRC2012_val_00048912.JPEG,,,,-1.91173315,2.55466127
1954,imagenet,0,ILSVRC2012_val_00048926.JPEG,,,,-17.00337601,25.07501221
1955,imagenet,0,ILSVRC2012_val_00048942.JPEG,,,,21.24544907,31.82390022
1956,imagenet,0,ILSVRC2012_val_00048955.JPEG,,,,37.23884201,18.33481216
1957,imagenet,0,ILSVRC2012_val_00048960.JPEG,,,,34.59822464,-14.05058956
1958,imagenet,0,ILSVRC2012_val_00048970.JPEG,,,,46.95705795,10.98130798
1959,imagenet,0,ILSVRC2012_val_00049060.JPEG,,,,-26.67192078,-14.36046600
1960,imagenet,0,ILSVRC2012_val_00049083.JPEG,,,,22.91309166,-6.92943382
1961,imagenet,0,ILSVRC2012_val_00049118.JPEG,,,,-35.48369980,19.64560318
1962,imagenet,0,ILSVRC2012_val_00049149.JPEG,,,,25.98845673,-2.35497332
1963,imagenet,0,ILSVRC2012_val_00049287.JPEG,,,,25.53525734,11.61837864
1964,imagenet,0,ILSVRC2012_val_00049311.JPEG,,,,4.62242079,29.67975616
1965,imagenet,0,ILSVRC2012_val_00049333.JPEG,,,,-36.35817719,-1.24144351
1966,imagenet,0,ILSVRC2012_val_00049354.JPEG,,,,-22.25901604,13.24129391
1967,imagenet,0,ILSVRC2012_val_00049385.JPEG,,,,8.78740788,-12.37531185
1968,imagenet,0,ILSVRC2012_val_00049402.JPEG,,,,-30.48623276,-22.70496559
1969,imagenet,0,ILSVRC2012_val_00049442.JPEG,,,,6.88132429,-18.89942932
1970,imagenet,0,ILSVRC2012_val_00049472.JPEG,,,,8.49040604,33.20985031
1971,imagenet,0,ILSVRC2012_val_00049484.JPEG,,,,-9.47006893,-13.81931305
1972,imagenet,0,ILSVRC2012_val_00049490.JPEG,,,,0.51545048,35.61942673
1973,imagenet,0,ILSVRC2012_val_00049494.JPEG,,,,-31.61970520,-21.55747414
1974,imagenet,0,ILSVRC2012_val_00049539.JPEG,,,,33.36363220,11.24701977
1975,imagenet,0,ILSVRC2012_val_00049543.JPEG,,,,-5.20278358,-20.34786606
1976,imagenet,0,ILSVRC2012_val_00049545.JPEG,,,,-2.39064074,-18.94525337
1977,imagenet,0,ILSVRC2012_val_00049560.JPEG,,,,-21.75183868,-5.93905973
1978,imagenet,0,ILSVRC2012_val_00049563.JPEG,,,,-13.07332993,29.34656143
1979,imagenet,0,ILSVRC2012_val_00049564.JPEG,,,,-11.77142715,31.43317795
1980,imagenet,0,ILSVRC2012_val_00049616.JPEG,,,,-30.09816933,3.75478601
1981,imagenet,0,ILSVRC2012_val_00049635.JPEG,,,,9.89107800,12.02490330
1982,imagenet,0,ILSVRC2012_val_00049644.JPEG,,,,-6.39988136,24.19515991
1983,imagenet,0,ILSVRC2012_val_00049666.JPEG,,,,4.99709034,-9.45126247
1984,imagenet,0,ILSVRC2012_val_00049671.JPEG,,,,-33.91213989,-18.44235039
1985,imagenet,0,ILSVRC2012_val_00049706.JPEG,,,,32.54654312,16.98725891
1986,imagenet,0,ILSVRC2012_val_00049710.JPEG,,,,15.98279572,33.77574158
1987,imagenet,0,ILSVRC2012_val_00049726.JPEG,,,,-36.61000061,-10.23429585
1988,imagenet,0,ILSVRC2012_val_00049737.JPEG,,,,-34.50088501,15.46166229
1989,imagenet,0,ILSVRC2012_val_00049742.JPEG,,,,33.65261841,5.55578470
1990,imagenet,0,ILSVRC2012_val_00049746.JPEG,,,,-2.91134715,16.29163933
1991,imagenet,0,ILSVRC2012_val_00049757.JPEG,,,,-30.46173668,-15.26016426
1992,imagenet,0,ILSVRC2012_val_00049828.JPEG,,,,38.14738083,0.84687823
1993,imagenet,0,ILSVRC2012_val_00049844.JPEG,,,,29.55748177,-22.31580544
1994,imagenet,0,ILSVRC2012_val_00049855.JPEG,,,,-7.08622789,10.58050442
1995,imagenet,0,ILSVRC2012_val_00049891.JPEG,,,,-40.79337311,-11.07318878
1996,imagenet,0,ILSVRC2012_val_00049909.JPEG,,,,-41.15310287,-5.73838377
1997,imagenet,0,ILSVRC2012_val_00049961.JPEG,,,,-13.00704288,20.83654213
1998,imagenet,0,ILSVRC2012_val_00049968.JPEG,,,,45.70296478,12.43340588
1999,imagenet,0,ILSVRC2012_val_00049975.JPEG,,,,9.31600285,34.75665283
4093,timesx,1,CropsAndStaples__rice_usd_cwt_96_12_12_10events__20250611T000000,CropsAndStaples__rice_usd_cwt_96_12_12_10events,middle,0,6.71090364,-64.00251770
4094,timesx,1,CropsAndStaples__rice_usd_cwt_96_12_12_10events__20250630T000000,CropsAndStaples__rice_usd_cwt_96_12_12_10events,middle,0,9.79024696,-62.96280670
4095,timesx,1,CropsAndStaples__rice_usd_cwt_96_12_12_10events__20250717T000000,CropsAndStaples__rice_usd_cwt_96_12_12_10events,middle,0,7.09449720,-64.46532440
4096,timesx,1,CropsAndStaples__rice_usd_cwt_96_12_12_10events__20250804T000000,CropsAndStaples__rice_usd_cwt_96_12_12_10events,middle,0,7.87617540,-62.45377731
4097,timesx,1,CropsAndStaples__rice_usd_cwt_96_12_12_10events__20250820T000000,CropsAndStaples__rice_usd_cwt_96_12_12_10events,middle,0,7.10879707,-64.21692657
4098,timesx,1,CropsAndStaples__rice_usd_cwt_96_12_12_10events__20250908T000000,CropsAndStaples__rice_usd_cwt_96_12_12_10events,middle,0,6.48251343,-61.94996262
4099,timesx,1,CropsAndStaples__rice_usd_cwt_96_12_12_10events__20250924T000000,CropsAndStaples__rice_usd_cwt_96_12_12_10events,middle,0,7.65113544,-61.97264862
4100,timesx,1,CropsAndStaples__rice_usd_cwt_96_12_12_10events__20251010T000000,CropsAndStaples__rice_usd_cwt_96_12_12_10events,middle,0,5.37686729,-61.35525894
4101,timesx,1,CropsAndStaples__rice_usd_cwt_96_12_12_10events__20251028T000000,CropsAndStaples__rice_usd_cwt_96_12_12_10events,middle,0,6.27098799,-60.37170792
4102,timesx,1,CropsAndStaples__rice_usd_cwt_96_12_12_10events__20251113T000000,CropsAndStaples__rice_usd_cwt_96_12_12_10events,middle,0,5.80561924,-60.91246796
4103,timesx,1,CropsAndStaples__rice_usd_cwt_96_12_12_10events__20251201T000000,CropsAndStaples__rice_usd_cwt_96_12_12_10events,middle,0,6.34156895,-60.67747879
4104,timesx,1,CropsAndStaples__rice_usd_cwt_96_12_12_10events__20251217T000000,CropsAndStaples__rice_usd_cwt_96_12_12_10events,middle,0,5.57825422,-61.05785751
4105,timesx,1,CropsAndStaples__rice_usd_cwt_96_12_12_10events__20260105T000000,CropsAndStaples__rice_usd_cwt_96_12_12_10events,middle,0,6.34240007,-60.55915833
4106,timesx,1,CropsAndStaples__rice_usd_cwt_96_12_12_10events__20260122T000000,CropsAndStaples__rice_usd_cwt_96_12_12_10events,middle,0,7.24018145,-62.19924545
4107,timesx,1,CropsAndStaples__rice_usd_cwt_96_12_12_10events__20260209T000000,CropsAndStaples__rice_usd_cwt_96_12_12_10events,middle,0,7.15322924,-61.68394089
4108,timesx,1,CropsAndStaples__rice_usd_cwt_96_12_12_10events__20260226T000000,CropsAndStaples__rice_usd_cwt_96_12_12_10events,middle,0,6.88351154,-63.10280228
4109,timesx,1,CropsAndStaples__rice_usd_cwt_96_12_12_10events__20260316T000000,CropsAndStaples__rice_usd_cwt_96_12_12_10events,middle,0,12.01900959,-67.12309265
4983,timesx,1,arts__food_wine_festivals_96_12_4_10events__20250119T000000,arts__food_wine_festivals_96_12_4_10events,middle,1,12.32719803,-62.99924088
4984,timesx,1,arts__food_wine_festivals_96_12_4_10events__20250216T000000,arts__food_wine_festivals_96_12_4_10events,middle,1,11.15960884,-64.92891693
4985,timesx,1,arts__food_wine_festivals_96_12_4_10events__20250316T000000,arts__food_wine_festivals_96_12_4_10events,middle,1,11.10966206,-66.15474701
4986,timesx,1,arts__food_wine_festivals_96_12_4_10events__20250413T000000,arts__food_wine_festivals_96_12_4_10events,middle,1,8.96793365,-67.92888641
5023,timesx,1,climate__endangered_species_96_12_4_10events__20250803T000000,climate__endangered_species_96_12_4_10events,middle,2,7.37821674,-64.82756805
5024,timesx,1,climate__endangered_species_96_12_4_10events__20250831T000000,climate__endangered_species_96_12_4_10events,middle,2,11.81379223,-63.19219971
5025,timesx,1,climate__endangered_species_96_12_4_10events__20250928T000000,climate__endangered_species_96_12_4_10events,middle,2,14.49918270,-64.09542847
5026,timesx,1,climate__endangered_species_96_12_4_10events__20251026T000000,climate__endangered_species_96_12_4_10events,middle,2,13.16278076,-68.31626892
5027,timesx,1,climate__endangered_species_96_12_4_10events__20251123T000000,climate__endangered_species_96_12_4_10events,middle,2,5.92714262,-70.40526581
5028,timesx,1,climate__endangered_species_96_12_4_10events__20251221T000000,climate__endangered_species_96_12_4_10events,middle,2,4.67202282,-69.22540283
5059,timesx,1,climate__sustainable_fashion_96_12_4_10events__20250803T000000,climate__sustainable_fashion_96_12_4_10events,worst,3,12.39283371,-64.73989868
5060,timesx,1,climate__sustainable_fashion_96_12_4_10events__20250831T000000,climate__sustainable_fashion_96_12_4_10events,worst,3,12.94904137,-65.66597748
5061,timesx,1,climate__sustainable_fashion_96_12_4_10events__20250928T000000,climate__sustainable_fashion_96_12_4_10events,worst,3,13.23777103,-67.04816437
5062,timesx,1,climate__sustainable_fashion_96_12_4_10events__20251026T000000,climate__sustainable_fashion_96_12_4_10events,worst,3,7.92043591,-70.78496552
5063,timesx,1,climate__sustainable_fashion_96_12_4_10events__20251123T000000,climate__sustainable_fashion_96_12_4_10events,worst,3,6.47341013,-69.81166077
5064,timesx,1,climate__sustainable_fashion_96_12_4_10events__20251221T000000,climate__sustainable_fashion_96_12_4_10events,worst,3,8.26869106,-69.58774567
5071,timesx,1,economy__cost_of_living_96_12_4_10events__20250803T000000,economy__cost_of_living_96_12_4_10events,worst,4,13.89988041,-66.39047241
5072,timesx,1,economy__cost_of_living_96_12_4_10events__20250831T000000,economy__cost_of_living_96_12_4_10events,worst,4,10.76338577,-66.63555145
5073,timesx,1,economy__cost_of_living_96_12_4_10events__20250928T000000,economy__cost_of_living_96_12_4_10events,worst,4,8.55113983,-67.46313477
5074,timesx,1,economy__cost_of_living_96_12_4_10events__20251026T000000,economy__cost_of_living_96_12_4_10events,worst,4,7.24057674,-68.83205414
5075,timesx,1,economy__cost_of_living_96_12_4_10events__20251123T000000,economy__cost_of_living_96_12_4_10events,worst,4,7.86751604,-67.22261810
5076,timesx,1,economy__cost_of_living_96_12_4_10events__20251221T000000,economy__cost_of_living_96_12_4_10events,worst,4,11.03943253,-67.10695648
5161,timesx,1,electronic_technology__drones_96_12_4_10events__20250803T000000,electronic_technology__drones_96_12_4_10events,best,5,0.97221482,-62.54734802
5162,timesx,1,electronic_technology__drones_96_12_4_10events__20250831T000000,electronic_technology__drones_96_12_4_10events,best,5,1.85297680,-62.67431259
5163,timesx,1,electronic_technology__drones_96_12_4_10events__20250928T000000,electronic_technology__drones_96_12_4_10events,best,5,2.22117043,-62.82162094
5164,timesx,1,electronic_technology__drones_96_12_4_10events__20251026T000000,electronic_technology__drones_96_12_4_10events,best,5,2.48112392,-61.71753693
5165,timesx,1,electronic_technology__drones_96_12_4_10events__20251123T000000,electronic_technology__drones_96_12_4_10events,best,5,10.76742554,-58.99287033
5166,timesx,1,electronic_technology__drones_96_12_4_10events__20251221T000000,electronic_technology__drones_96_12_4_10events,best,5,1.39605689,-61.56015015
5203,timesx,1,finance__financial_regulation_96_12_4_10events__20250803T000000,finance__financial_regulation_96_12_4_10events,worst,6,12.81104469,-66.31116486
5204,timesx,1,finance__financial_regulation_96_12_4_10events__20250831T000000,finance__financial_regulation_96_12_4_10events,worst,6,12.74880981,-66.20129395
5205,timesx,1,finance__financial_regulation_96_12_4_10events__20250928T000000,finance__financial_regulation_96_12_4_10events,worst,6,12.52457333,-68.33288574
5206,timesx,1,finance__financial_regulation_96_12_4_10events__20251026T000000,finance__financial_regulation_96_12_4_10events,worst,6,7.05798435,-70.42937469
5207,timesx,1,finance__financial_regulation_96_12_4_10events__20251123T000000,finance__financial_regulation_96_12_4_10events,worst,6,8.40319920,-70.00968170
5208,timesx,1,finance__financial_regulation_96_12_4_10events__20251221T000000,finance__financial_regulation_96_12_4_10events,worst,6,8.97445869,-69.67772675
5263,timesx,1,pets__animal_welfare_96_12_4_10events__20250803T000000,pets__animal_welfare_96_12_4_10events,worst,7,13.71177959,-63.83225632
5264,timesx,1,pets__animal_welfare_96_12_4_10events__20250831T000000,pets__animal_welfare_96_12_4_10events,worst,7,13.39101410,-65.50290680
5265,timesx,1,pets__animal_welfare_96_12_4_10events__20250928T000000,pets__animal_welfare_96_12_4_10events,worst,7,12.88684082,-66.94109344
5266,timesx,1,pets__animal_welfare_96_12_4_10events__20251026T000000,pets__animal_welfare_96_12_4_10events,worst,7,6.86600018,-70.82981110
5267,timesx,1,pets__animal_welfare_96_12_4_10events__20251123T000000,pets__animal_welfare_96_12_4_10events,worst,7,6.65544271,-69.79598999
5268,timesx,1,pets__animal_welfare_96_12_4_10events__20251221T000000,pets__animal_welfare_96_12_4_10events,worst,7,7.48935080,-66.50685120
5275,timesx,1,pets__biodiversity_96_12_4_10events__20250803T000000,pets__biodiversity_96_12_4_10events,middle,8,8.87387943,-63.85349655
5276,timesx,1,pets__biodiversity_96_12_4_10events__20250831T000000,pets__biodiversity_96_12_4_10events,middle,8,13.09802151,-63.07908630
5277,timesx,1,pets__biodiversity_96_12_4_10events__20250928T000000,pets__biodiversity_96_12_4_10events,middle,8,14.76644039,-64.56742096
5278,timesx,1,pets__biodiversity_96_12_4_10events__20251026T000000,pets__biodiversity_96_12_4_10events,middle,8,12.92819214,-68.85258484
5279,timesx,1,pets__biodiversity_96_12_4_10events__20251123T000000,pets__biodiversity_96_12_4_10events,middle,8,5.47779942,-70.19078064
5280,timesx,1,pets__biodiversity_96_12_4_10events__20251221T000000,pets__biodiversity_96_12_4_10events,middle,8,4.45739317,-69.18679810
5317,timesx,1,public_health__climate_change_96_12_4_10events__20250803T000000,public_health__climate_change_96_12_4_10events,best,9,2.29167891,-62.23628616
5318,timesx,1,public_health__climate_change_96_12_4_10events__20250831T000000,public_health__climate_change_96_12_4_10events,best,9,6.17378569,-59.36165619
5319,timesx,1,public_health__climate_change_96_12_4_10events__20250928T000000,public_health__climate_change_96_12_4_10events,best,9,1.92319679,-60.51327133
5320,timesx,1,public_health__climate_change_96_12_4_10events__20251026T000000,public_health__climate_change_96_12_4_10events,best,9,1.28040183,-61.79011917
5321,timesx,1,public_health__climate_change_96_12_4_10events__20251123T000000,public_health__climate_change_96_12_4_10events,best,9,0.53387654,-62.53039551
5322,timesx,1,public_health__climate_change_96_12_4_10events__20251221T000000,public_health__climate_change_96_12_4_10events,best,9,1.37785220,-62.82916641
5341,timesx,1,public_health__hiv_aids_96_12_4_10events__20250803T000000,public_health__hiv_aids_96_12_4_10events,middle,10,6.35575104,-67.51672363
5342,timesx,1,public_health__hiv_aids_96_12_4_10events__20250831T000000,public_health__hiv_aids_96_12_4_10events,middle,10,8.35265160,-63.85844803
5343,timesx,1,public_health__hiv_aids_96_12_4_10events__20250928T000000,public_health__hiv_aids_96_12_4_10events,middle,10,12.91207886,-63.76433945
5344,timesx,1,public_health__hiv_aids_96_12_4_10events__20251026T000000,public_health__hiv_aids_96_12_4_10events,middle,10,13.12183094,-68.03482056
5345,timesx,1,public_health__hiv_aids_96_12_4_10events__20251123T000000,public_health__hiv_aids_96_12_4_10events,middle,10,7.40943336,-70.59609222
5346,timesx,1,public_health__hiv_aids_96_12_4_10events__20251221T000000,public_health__hiv_aids_96_12_4_10events,middle,10,6.85156870,-67.42668915
5359,timesx,1,public_health__obesity_96_12_4_10events__20250803T000000,public_health__obesity_96_12_4_10events,worst,11,11.54938984,-65.58853149
5360,timesx,1,public_health__obesity_96_12_4_10events__20250831T000000,public_health__obesity_96_12_4_10events,worst,11,10.68875217,-64.70685577
5361,timesx,1,public_health__obesity_96_12_4_10events__20250928T000000,public_health__obesity_96_12_4_10events,worst,11,11.80800056,-64.35211182
5362,timesx,1,public_health__obesity_96_12_4_10events__20251026T000000,public_health__obesity_96_12_4_10events,worst,11,13.36850548,-68.92068481
5363,timesx,1,public_health__obesity_96_12_4_10events__20251123T000000,public_health__obesity_96_12_4_10events,worst,11,7.20736647,-69.80828094
5364,timesx,1,public_health__obesity_96_12_4_10events__20251221T000000,public_health__obesity_96_12_4_10events,worst,11,6.73571348,-67.16038513
5401,timesx,1,public_policy__national_debt_96_12_4_10events__20250803T000000,public_policy__national_debt_96_12_4_10events,middle,12,13.90235901,-64.33147430
5402,timesx,1,public_policy__national_debt_96_12_4_10events__20250831T000000,public_policy__national_debt_96_12_4_10events,middle,12,11.68541336,-66.34725952
5403,timesx,1,public_policy__national_debt_96_12_4_10events__20250928T000000,public_policy__national_debt_96_12_4_10events,middle,12,10.26822567,-67.90402222
5404,timesx,1,public_policy__national_debt_96_12_4_10events__20251026T000000,public_policy__national_debt_96_12_4_10events,middle,12,6.98295832,-69.51665497
5405,timesx,1,public_policy__national_debt_96_12_4_10events__20251123T000000,public_policy__national_debt_96_12_4_10events,middle,12,6.24029160,-68.55930328
5406,timesx,1,public_policy__national_debt_96_12_4_10events__20251221T000000,public_policy__national_debt_96_12_4_10events,middle,12,9.88234615,-64.97112274
5449,timesx,1,science__earthquake_96_12_4_10events__20250803T000000,science__earthquake_96_12_4_10events,best,13,9.71875477,-65.69358826
5450,timesx,1,science__earthquake_96_12_4_10events__20250831T000000,science__earthquake_96_12_4_10events,best,13,9.39314651,-66.52872467
5451,timesx,1,science__earthquake_96_12_4_10events__20250928T000000,science__earthquake_96_12_4_10events,best,13,5.82337046,-65.90011597
5452,timesx,1,science__earthquake_96_12_4_10events__20251026T000000,science__earthquake_96_12_4_10events,best,13,5.68853951,-65.99631500
5453,timesx,1,science__earthquake_96_12_4_10events__20251123T000000,science__earthquake_96_12_4_10events,best,13,4.44151592,-65.41794586
5454,timesx,1,science__earthquake_96_12_4_10events__20251221T000000,science__earthquake_96_12_4_10events,best,13,5.68767405,-65.39529419
5473,timesx,1,science__nobel_prize_96_12_4_10events__20250803T000000,science__nobel_prize_96_12_4_10events,worst,14,12.20293713,-63.72294235
5474,timesx,1,science__nobel_prize_96_12_4_10events__20250831T000000,science__nobel_prize_96_12_4_10events,worst,14,10.23718452,-63.01387787
5475,timesx,1,science__nobel_prize_96_12_4_10events__20250928T000000,science__nobel_prize_96_12_4_10events,worst,14,10.12085342,-67.46439362
5476,timesx,1,science__nobel_prize_96_12_4_10events__20251026T000000,science__nobel_prize_96_12_4_10events,worst,14,0.80889088,-61.48317719
5477,timesx,1,science__nobel_prize_96_12_4_10events__20251123T000000,science__nobel_prize_96_12_4_10events,worst,14,1.05699766,-62.65110397
5478,timesx,1,science__nobel_prize_96_12_4_10events__20251221T000000,science__nobel_prize_96_12_4_10events,worst,14,1.67897081,-62.41674805
5497,timesx,1,shopping__air_conditioner_96_12_4_10events__20250803T000000,shopping__air_conditioner_96_12_4_10events,best,15,3.33259749,-63.32047653
5498,timesx,1,shopping__air_conditioner_96_12_4_10events__20250831T000000,shopping__air_conditioner_96_12_4_10events,best,15,2.41865182,-64.25585938
5499,timesx,1,shopping__air_conditioner_96_12_4_10events__20250928T000000,shopping__air_conditioner_96_12_4_10events,best,15,2.55222106,-64.19916534
5500,timesx,1,shopping__air_conditioner_96_12_4_10events__20251026T000000,shopping__air_conditioner_96_12_4_10events,best,15,5.01880550,-63.64313507
5501,timesx,1,shopping__air_conditioner_96_12_4_10events__20251123T000000,shopping__air_conditioner_96_12_4_10events,best,15,11.06761932,-61.05182266
5502,timesx,1,shopping__air_conditioner_96_12_4_10events__20251221T000000,shopping__air_conditioner_96_12_4_10events,best,15,10.66196251,-60.91035461
5503,timesx,1,shopping__back_to_school_96_12_4_10events__20250803T000000,shopping__back_to_school_96_12_4_10events,best,16,10.83459568,-59.04529190
5504,timesx,1,shopping__back_to_school_96_12_4_10events__20250831T000000,shopping__back_to_school_96_12_4_10events,best,16,-0.12361229,-63.00891113
5505,timesx,1,shopping__back_to_school_96_12_4_10events__20250928T000000,shopping__back_to_school_96_12_4_10events,best,16,0.29679677,-64.09368134
5506,timesx,1,shopping__back_to_school_96_12_4_10events__20251026T000000,shopping__back_to_school_96_12_4_10events,best,16,1.02983379,-64.78131104
5507,timesx,1,shopping__back_to_school_96_12_4_10events__20251123T000000,shopping__back_to_school_96_12_4_10events,best,16,1.51334584,-64.77388763
5508,timesx,1,shopping__back_to_school_96_12_4_10events__20251221T000000,shopping__back_to_school_96_12_4_10events,best,16,11.51610088,-60.36183929
5659,timesx,1,traffic__tour_de_france_96_12_4_10events__20250803T000000,traffic__tour_de_france_96_12_4_10events,best,17,0.27873453,-61.14528656
5660,timesx,1,traffic__tour_de_france_96_12_4_10events__20250831T000000,traffic__tour_de_france_96_12_4_10events,best,17,0.26910219,-63.65487289
5661,timesx,1,traffic__tour_de_france_96_12_4_10events__20250928T000000,traffic__tour_de_france_96_12_4_10events,best,17,0.74602747,-64.40959930
5662,timesx,1,traffic__tour_de_france_96_12_4_10events__20251026T000000,traffic__tour_de_france_96_12_4_10events,best,17,1.28362966,-64.30493164
5663,timesx,1,traffic__tour_de_france_96_12_4_10events__20251123T000000,traffic__tour_de_france_96_12_4_10events,best,17,11.35797405,-59.94087219
5664,timesx,1,traffic__tour_de_france_96_12_4_10events__20251221T000000,traffic__tour_de_france_96_12_4_10events,best,17,11.24950409,-60.03375244
