row_id,source,masked,id,var_key,sel_group,color_idx,x,y
0,imagenet,1,ILSVRC2012_val_00000043.JPEG,,,,-12.53533173,17.41525269
1,imagenet,1,ILSVRC2012_val_00000072.JPEG,,,,-6.38592148,-26.18630791
2,imagenet,1,ILSVRC2012_val_00000085.JPEG,,,,50.01773834,4.14380932
3,imagenet,1,ILSVRC2012_val_00000107.JPEG,,,,43.34392166,4.18482542
4,imagenet,1,ILSVRC2012_val_00000164.JPEG,,,,-7.65994406,37.78627014
5,imagenet,1,ILSVRC2012_val_00000210.JPEG,,,,-5.37955523,-25.53261757
6,imagenet,1,ILSVRC2012_val_00000279.JPEG,,,,-11.61057186,1.72505009
7,imagenet,1,ILSVRC2012_val_00000294.JPEG,,,,-12.29236698,-28.08303070
8,imagenet,1,ILSVRC2012_val_00000303.JPEG,,,,-24.22350502,21.28340912
9,imagenet,1,ILSVRC2012_val_00000319.JPEG,,,,19.27234650,-1.22811246
10,imagenet,1,ILSVRC2012_val_00000343.JPEG,,,,-30.76632118,0.81335950
11,imagenet,1,ILSVRC2012_val_00000361.JPEG,,,,28.80479431,21.55660820
12,imagenet,1,ILSVRC2012_val_00000397.JPEG,,,,-17.29514503,17.11785889
13,imagenet,1,ILSVRC2012_val_00000453.JPEG,,,,-4.64701748,-7.63598347
14,imagenet,1,ILSVRC2012_val_00000460.JPEG,,,,-19.77854347,-4.69010735
15,imagenet,1,ILSVRC2012_val_00000464.JPEG,,,,36.27502441,-2.74027848
16,imagenet,1,ILSVRC2012_val_00000472.JPEG,,,,-32.94828033,13.78561211
17,imagenet,1,ILSVRC2012_val_00000498.JPEG,,,,44.24813461,2.35113859
18,imagenet,1,ILSVRC2012_val_00000500.JPEG,,,,-29.29378700,-7.94530821
19,imagenet,1,ILSVRC2012_val_00000507.JPEG,,,,-19.26262283,-11.58657742
20,imagenet,1,ILSVRC2012_val_00000547.JPEG,,,,40.68124771,13.54600811
21,imagenet,1,ILSVRC2012_val_00000559.JPEG,,,,-40.48957443,-1.98941231
22,imagenet,1,ILSVRC2012_val_00000620.JPEG,,,,-3.30018044,-11.69490433
23,imagenet,1,ILSVRC2012_val_00000650.JPEG,,,,-30.16811371,9.28003979
24,imagenet,1,ILSVRC2012_val_00000651.JPEG,,,,47.92055511,3.64800024
25,imagenet,1,ILSVRC2012_val_00000652.JPEG,,,,-33.66263199,-1.15665555
26,imagenet,1,ILSVRC2012_val_00000660.JPEG,,,,-29.52554131,-20.09243965
27,imagenet,1,ILSVRC2012_val_00000724.JPEG,,,,20.75479126,-19.46471405
28,imagenet,1,ILSVRC2012_val_00000728.JPEG,,,,-20.91422653,17.15264320
29,imagenet,1,ILSVRC2012_val_00000746.JPEG,,,,0.33577150,21.72839165
30,imagenet,1,ILSVRC2012_val_00000790.JPEG,,,,-25.11470604,6.15199900
31,imagenet,1,ILSVRC2012_val_00000810.JPEG,,,,-2.12370276,7.70622587
32,imagenet,1,ILSVRC2012_val_00000824.JPEG,,,,41.63112640,-0.97129858
33,imagenet,1,ILSVRC2012_val_00000842.JPEG,,,,-38.53902817,-1.35217917
34,imagenet,1,ILSVRC2012_val_00000875.JPEG,,,,-12.99883461,12.78285980
35,imagenet,1,ILSVRC2012_val_00000898.JPEG,,,,22.52204323,19.22441673
36,imagenet,1,ILSVRC2012_val_00000940.JPEG,,,,-11.94706249,5.04010820
37,imagenet,1,ILSVRC2012_val_00000963.JPEG,,,,-23.52605438,16.96327209
38,imagenet,1,ILSVRC2012_val_00000997.JPEG,,,,-7.78487873,9.93227673
39,imagenet,1,ILSVRC2012_val_00001006.JPEG,,,,-37.78182220,10.43253040
40,imagenet,1,ILSVRC2012_val_00001033.JPEG,,,,-18.95216179,23.47340393
41,imagenet,1,ILSVRC2012_val_00001051.JPEG,,,,-31.68502045,13.52128315
42,imagenet,1,ILSVRC2012_val_00001060.JPEG,,,,-8.40223122,21.45207214
43,imagenet,1,ILSVRC2012_val_00001085.JPEG,,,,11.46738529,-19.62785912
44,imagenet,1,ILSVRC2012_val_00001095.JPEG,,,,-24.91044807,-24.52344894
45,imagenet,1,ILSVRC2012_val_00001106.JPEG,,,,29.38990402,-16.64653015
46,imagenet,1,ILSVRC2012_val_00001124.JPEG,,,,25.95113945,8.22711849
47,imagenet,1,ILSVRC2012_val_00001140.JPEG,,,,23.28495789,4.64104033
48,imagenet,1,ILSVRC2012_val_00001161.JPEG,,,,-40.55629349,-9.78567410
49,imagenet,1,ILSVRC2012_val_00001164.JPEG,,,,36.20203400,2.96034288
50,imagenet,1,ILSVRC2012_val_00001189.JPEG,,,,-26.27082634,10.01439667
51,imagenet,1,ILSVRC2012_val_00001232.JPEG,,,,35.00701523,9.68924236
52,imagenet,1,ILSVRC2012_val_00001252.JPEG,,,,45.94192505,-5.94339609
53,imagenet,1,ILSVRC2012_val_00001281.JPEG,,,,-11.00565147,-28.00543785
54,imagenet,1,ILSVRC2012_val_00001303.JPEG,,,,-45.99819946,-4.85021019
55,imagenet,1,ILSVRC2012_val_00001349.JPEG,,,,34.15990067,2.26240587
56,imagenet,1,ILSVRC2012_val_00001352.JPEG,,,,-26.39854622,15.87415981
57,imagenet,1,ILSVRC2012_val_00001355.JPEG,,,,-7.09318686,15.01348686
58,imagenet,1,ILSVRC2012_val_00001356.JPEG,,,,3.34496045,5.43902445
59,imagenet,1,ILSVRC2012_val_00001368.JPEG,,,,-31.95351601,-8.27459526
60,imagenet,1,ILSVRC2012_val_00001378.JPEG,,,,-5.60086250,35.02013779
61,imagenet,1,ILSVRC2012_val_00001396.JPEG,,,,50.48758316,-0.57669944
62,imagenet,1,ILSVRC2012_val_00001397.JPEG,,,,6.38340425,-8.34826088
63,imagenet,1,ILSVRC2012_val_00001415.JPEG,,,,-20.89718628,-16.06679344
64,imagenet,1,ILSVRC2012_val_00001418.JPEG,,,,-5.66539717,-27.26737022
65,imagenet,1,ILSVRC2012_val_00001428.JPEG,,,,16.39893150,-22.17396164
66,imagenet,1,ILSVRC2012_val_00001439.JPEG,,,,34.41716385,22.81708717
67,imagenet,1,ILSVRC2012_val_00001477.JPEG,,,,11.40102386,3.88421535
68,imagenet,1,ILSVRC2012_val_00001484.JPEG,,,,-10.47501278,9.77156734
69,imagenet,1,ILSVRC2012_val_00001495.JPEG,,,,-37.54965591,-21.47455025
70,imagenet,1,ILSVRC2012_val_00001544.JPEG,,,,18.17435074,-23.11258698
71,imagenet,1,ILSVRC2012_val_00001556.JPEG,,,,16.41257668,-21.43099213
72,imagenet,1,ILSVRC2012_val_00001639.JPEG,,,,49.28725052,2.87577367
73,imagenet,1,ILSVRC2012_val_00001689.JPEG,,,,53.33908463,5.00870228
74,imagenet,1,ILSVRC2012_val_00001695.JPEG,,,,10.37129498,-8.47644424
75,imagenet,1,ILSVRC2012_val_00001719.JPEG,,,,-36.21036911,22.21118546
76,imagenet,1,ILSVRC2012_val_00001758.JPEG,,,,0.97918057,19.60409737
77,imagenet,1,ILSVRC2012_val_00001776.JPEG,,,,-19.80131912,14.02389336
78,imagenet,1,ILSVRC2012_val_00001797.JPEG,,,,-10.74415302,-23.85314178
79,imagenet,1,ILSVRC2012_val_00001800.JPEG,,,,29.97194862,-8.39832878
80,imagenet,1,ILSVRC2012_val_00001876.JPEG,,,,9.21614933,34.10816193
81,imagenet,1,ILSVRC2012_val_00001892.JPEG,,,,43.11310959,-9.32956314
82,imagenet,1,ILSVRC2012_val_00001917.JPEG,,,,41.01581192,17.17401505
83,imagenet,1,ILSVRC2012_val_00001930.JPEG,,,,7.38643456,36.44531250
84,imagenet,1,ILSVRC2012_val_00001950.JPEG,,,,-43.32898712,-3.82248163
85,imagenet,1,ILSVRC2012_val_00001953.JPEG,,,,0.13031793,-18.03618813
86,imagenet,1,ILSVRC2012_val_00001984.JPEG,,,,-30.97320938,2.17407370
87,imagenet,1,ILSVRC2012_val_00002025.JPEG,,,,-13.63582516,27.82895851
88,imagenet,1,ILSVRC2012_val_00002039.JPEG,,,,3.28546810,-16.83949471
89,imagenet,1,ILSVRC2012_val_00002073.JPEG,,,,40.74810410,14.44370747
90,imagenet,1,ILSVRC2012_val_00002136.JPEG,,,,-16.98905182,10.67188072
91,imagenet,1,ILSVRC2012_val_00002186.JPEG,,,,29.33913803,-16.95455360
92,imagenet,1,ILSVRC2012_val_00002200.JPEG,,,,-26.82167053,-16.44886017
93,imagenet,1,ILSVRC2012_val_00002233.JPEG,,,,32.93677521,2.19803333
94,imagenet,1,ILSVRC2012_val_00002254.JPEG,,,,-9.65808296,-26.90659714
95,imagenet,1,ILSVRC2012_val_00002260.JPEG,,,,-0.83748668,30.63592720
96,imagenet,1,ILSVRC2012_val_00002263.JPEG,,,,14.37498093,33.62340546
97,imagenet,1,ILSVRC2012_val_00002272.JPEG,,,,-16.13345528,-8.21139050
98,imagenet,1,ILSVRC2012_val_00002279.JPEG,,,,32.92781067,5.48617935
99,imagenet,1,ILSVRC2012_val_00002287.JPEG,,,,16.07728195,-15.91773319
100,imagenet,1,ILSVRC2012_val_00002293.JPEG,,,,-41.71491623,4.01173878
101,imagenet,1,ILSVRC2012_val_00002321.JPEG,,,,16.25241280,22.34115982
102,imagenet,1,ILSVRC2012_val_00002323.JPEG,,,,-20.56355476,28.94301414
103,imagenet,1,ILSVRC2012_val_00002378.JPEG,,,,34.99453735,5.26528883
104,imagenet,1,ILSVRC2012_val_00002397.JPEG,,,,19.87634659,28.98986244
105,imagenet,1,ILSVRC2012_val_00002431.JPEG,,,,-33.16344070,-18.51417923
106,imagenet,1,ILSVRC2012_val_00002455.JPEG,,,,-9.62098026,-26.71283913
107,imagenet,1,ILSVRC2012_val_00002486.JPEG,,,,-17.01459312,15.61319542
108,imagenet,1,ILSVRC2012_val_00002509.JPEG,,,,22.85050201,22.93733406
109,imagenet,1,ILSVRC2012_val_00002559.JPEG,,,,41.54612732,13.22195816
110,imagenet,1,ILSVRC2012_val_00002584.JPEG,,,,-23.70127106,-6.47521067
111,imagenet,1,ILSVRC2012_val_00002624.JPEG,,,,-10.00418758,10.83346844
112,imagenet,1,ILSVRC2012_val_00002645.JPEG,,,,-44.74940872,7.42738199
113,imagenet,1,ILSVRC2012_val_00002646.JPEG,,,,41.33117294,-8.75845528
114,imagenet,1,ILSVRC2012_val_00002660.JPEG,,,,31.86303329,-13.78318119
115,imagenet,1,ILSVRC2012_val_00002690.JPEG,,,,-35.89649200,21.37563705
116,imagenet,1,ILSVRC2012_val_00002749.JPEG,,,,-11.96604443,-7.20711803
117,imagenet,1,ILSVRC2012_val_00002759.JPEG,,,,10.63825989,36.34085846
118,imagenet,1,ILSVRC2012_val_00002762.JPEG,,,,-17.27913857,-22.77424622
119,imagenet,1,ILSVRC2012_val_00002805.JPEG,,,,-2.47698116,-20.27235603
120,imagenet,1,ILSVRC2012_val_00002811.JPEG,,,,-7.75742245,-16.49477959
121,imagenet,1,ILSVRC2012_val_00002830.JPEG,,,,35.49984360,-1.58238184
122,imagenet,1,ILSVRC2012_val_00002912.JPEG,,,,-30.24675941,-7.10328627
123,imagenet,1,ILSVRC2012_val_00002954.JPEG,,,,23.33165741,24.23565102
124,imagenet,1,ILSVRC2012_val_00002957.JPEG,,,,-40.31945038,-6.11846352
125,imagenet,1,ILSVRC2012_val_00002981.JPEG,,,,21.42491913,3.29093432
126,imagenet,1,ILSVRC2012_val_00002986.JPEG,,,,-13.50141621,-30.43949890
127,imagenet,1,ILSVRC2012_val_00002996.JPEG,,,,26.70561981,27.04827690
128,imagenet,1,ILSVRC2012_val_00003008.JPEG,,,,-4.39119720,9.53847408
129,imagenet,1,ILSVRC2012_val_00003016.JPEG,,,,19.24916840,30.08368111
130,imagenet,1,ILSVRC2012_val_00003132.JPEG,,,,-11.64316463,23.78748322
131,imagenet,1,ILSVRC2012_val_00003135.JPEG,,,,-37.17780304,-13.81096840
132,imagenet,1,ILSVRC2012_val_00003177.JPEG,,,,-10.85792542,12.22048950
133,imagenet,1,ILSVRC2012_val_00003195.JPEG,,,,-29.60856819,-15.31819153
134,imagenet,1,ILSVRC2012_val_00003220.JPEG,,,,6.61954975,-12.65031242
135,imagenet,1,ILSVRC2012_val_00003231.JPEG,,,,-37.13357162,-15.93868446
136,imagenet,1,ILSVRC2012_val_00003294.JPEG,,,,27.55228424,12.22958183
137,imagenet,1,ILSVRC2012_val_00003304.JPEG,,,,-2.33771896,35.26471710
138,imagenet,1,ILSVRC2012_val_00003309.JPEG,,,,-31.03779602,10.64380646
139,imagenet,1,ILSVRC2012_val_00003411.JPEG,,,,39.34377289,1.95929420
140,imagenet,1,ILSVRC2012_val_00003413.JPEG,,,,38.77198410,8.36535931
141,imagenet,1,ILSVRC2012_val_00003431.JPEG,,,,8.40401173,-8.54233360
142,imagenet,1,ILSVRC2012_val_00003447.JPEG,,,,-20.66314125,30.42692566
143,imagenet,1,ILSVRC2012_val_00003467.JPEG,,,,-38.25481415,-7.25105762
144,imagenet,1,ILSVRC2012_val_00003491.JPEG,,,,32.17553711,-16.39067268
145,imagenet,1,ILSVRC2012_val_00003568.JPEG,,,,-17.75507927,23.72964668
146,imagenet,1,ILSVRC2012_val_00003600.JPEG,,,,-1.90306747,13.02019024
147,imagenet,1,ILSVRC2012_val_00003603.JPEG,,,,29.38318634,2.54044533
148,imagenet,1,ILSVRC2012_val_00003619.JPEG,,,,9.88624763,35.85255051
149,imagenet,1,ILSVRC2012_val_00003653.JPEG,,,,15.28640366,25.00988960
150,imagenet,1,ILSVRC2012_val_00003657.JPEG,,,,-36.53070450,5.95704508
151,imagenet,1,ILSVRC2012_val_00003693.JPEG,,,,-16.88881302,-15.91411877
152,imagenet,1,ILSVRC2012_val_00003735.JPEG,,,,34.12561798,-1.31181085
153,imagenet,1,ILSVRC2012_val_00003736.JPEG,,,,-17.86236572,25.38337898
154,imagenet,1,ILSVRC2012_val_00003771.JPEG,,,,-5.96015644,-28.68167305
155,imagenet,1,ILSVRC2012_val_00003772.JPEG,,,,-20.70740509,-5.46981859
156,imagenet,1,ILSVRC2012_val_00003819.JPEG,,,,31.13939095,-0.34829786
157,imagenet,1,ILSVRC2012_val_00003825.JPEG,,,,33.36772156,13.58915138
158,imagenet,1,ILSVRC2012_val_00003832.JPEG,,,,-4.56424761,-7.94101381
159,imagenet,1,ILSVRC2012_val_00003895.JPEG,,,,-38.37068176,17.20692253
160,imagenet,1,ILSVRC2012_val_00003900.JPEG,,,,-21.96484947,-15.53836727
161,imagenet,1,ILSVRC2012_val_00003925.JPEG,,,,10.41047764,-10.88657856
162,imagenet,1,ILSVRC2012_val_00003928.JPEG,,,,23.93755531,22.05401993
163,imagenet,1,ILSVRC2012_val_00003933.JPEG,,,,21.21262169,-0.32466632
164,imagenet,1,ILSVRC2012_val_00003943.JPEG,,,,-15.20646095,-2.49980068
165,imagenet,1,ILSVRC2012_val_00003964.JPEG,,,,34.34017181,-7.05292368
166,imagenet,1,ILSVRC2012_val_00003990.JPEG,,,,26.84900475,-3.45277524
167,imagenet,1,ILSVRC2012_val_00004005.JPEG,,,,26.28651810,-11.03018475
168,imagenet,1,ILSVRC2012_val_00004030.JPEG,,,,-36.56667709,-13.43430424
169,imagenet,1,ILSVRC2012_val_00004072.JPEG,,,,12.14979839,22.59562874
170,imagenet,1,ILSVRC2012_val_00004093.JPEG,,,,-13.18302631,-29.15944862
171,imagenet,1,ILSVRC2012_val_00004100.JPEG,,,,-7.20983696,8.53267956
172,imagenet,1,ILSVRC2012_val_00004151.JPEG,,,,9.72648811,20.08034515
173,imagenet,1,ILSVRC2012_val_00004246.JPEG,,,,-15.97133350,10.79392529
174,imagenet,1,ILSVRC2012_val_00004259.JPEG,,,,-12.27529716,-11.13171959
175,imagenet,1,ILSVRC2012_val_00004268.JPEG,,,,-37.27748489,13.24073696
176,imagenet,1,ILSVRC2012_val_00004277.JPEG,,,,-39.89543915,9.52411366
177,imagenet,1,ILSVRC2012_val_00004294.JPEG,,,,-14.06138802,10.77868938
178,imagenet,1,ILSVRC2012_val_00004311.JPEG,,,,-2.46521044,-20.76847076
179,imagenet,1,ILSVRC2012_val_00004373.JPEG,,,,33.50877380,-4.89595175
180,imagenet,1,ILSVRC2012_val_00004381.JPEG,,,,44.27536011,-0.07440263
181,imagenet,1,ILSVRC2012_val_00004404.JPEG,,,,-20.14371681,-9.73189259
182,imagenet,1,ILSVRC2012_val_00004435.JPEG,,,,-24.13540840,11.71265221
183,imagenet,1,ILSVRC2012_val_00004502.JPEG,,,,-33.12718582,7.63688993
184,imagenet,1,ILSVRC2012_val_00004621.JPEG,,,,29.44004059,-11.88231945
185,imagenet,1,ILSVRC2012_val_00004629.JPEG,,,,-13.96883965,14.95265293
186,imagenet,1,ILSVRC2012_val_00004651.JPEG,,,,2.91388655,35.60652161
187,imagenet,1,ILSVRC2012_val_00004665.JPEG,,,,20.28370667,11.13614368
188,imagenet,1,ILSVRC2012_val_00004688.JPEG,,,,37.26943588,-8.21001816
189,imagenet,1,ILSVRC2012_val_00004712.JPEG,,,,-13.19058609,-16.01874733
190,imagenet,1,ILSVRC2012_val_00004720.JPEG,,,,-10.79815483,1.58871114
191,imagenet,1,ILSVRC2012_val_00004734.JPEG,,,,-13.05902672,-5.16001415
192,imagenet,1,ILSVRC2012_val_00004771.JPEG,,,,29.18383217,7.24535513
193,imagenet,1,ILSVRC2012_val_00004796.JPEG,,,,-1.83705926,33.08068085
194,imagenet,1,ILSVRC2012_val_00004800.JPEG,,,,21.36127663,2.83546543
195,imagenet,1,ILSVRC2012_val_00004887.JPEG,,,,-28.76446533,26.31890869
196,imagenet,1,ILSVRC2012_val_00005014.JPEG,,,,-36.72298813,15.64122009
197,imagenet,1,ILSVRC2012_val_00005069.JPEG,,,,-11.31141281,-26.89414406
198,imagenet,1,ILSVRC2012_val_00005094.JPEG,,,,-13.74922943,-14.90026188
199,imagenet,1,ILSVRC2012_val_00005109.JPEG,,,,25.67152405,25.45692253
200,imagenet,1,ILSVRC2012_val_00005122.JPEG,,,,29.81665421,-5.89440727
201,imagenet,1,ILSVRC2012_val_00005134.JPEG,,,,19.94264412,-18.73566055
202,imagenet,1,ILSVRC2012_val_00005172.JPEG,,,,-35.21065521,4.86634016
203,imagenet,1,ILSVRC2012_val_00005193.JPEG,,,,-38.97689819,5.31906366
204,imagenet,1,ILSVRC2012_val_00005241.JPEG,,,,-25.86209869,-6.34814119
205,imagenet,1,ILSVRC2012_val_00005262.JPEG,,,,-25.09799385,7.16978502
206,imagenet,1,ILSVRC2012_val_00005309.JPEG,,,,-33.67892456,20.49890327
207,imagenet,1,ILSVRC2012_val_00005385.JPEG,,,,23.41703987,-8.46229458
208,imagenet,1,ILSVRC2012_val_00005433.JPEG,,,,-25.00097084,-0.98942453
209,imagenet,1,ILSVRC2012_val_00005503.JPEG,,,,-21.06662178,28.22845650
210,imagenet,1,ILSVRC2012_val_00005517.JPEG,,,,21.59081268,-8.52247238
211,imagenet,1,ILSVRC2012_val_00005561.JPEG,,,,-30.21327209,-3.07547092
212,imagenet,1,ILSVRC2012_val_00005608.JPEG,,,,15.43336582,-22.95266151
213,imagenet,1,ILSVRC2012_val_00005623.JPEG,,,,18.54614830,21.68159294
214,imagenet,1,ILSVRC2012_val_00005629.JPEG,,,,-7.44652271,37.31472778
215,imagenet,1,ILSVRC2012_val_00005667.JPEG,,,,6.50186300,-15.15894699
216,imagenet,1,ILSVRC2012_val_00005669.JPEG,,,,-12.64508915,-5.98297215
217,imagenet,1,ILSVRC2012_val_00005670.JPEG,,,,-33.53189468,-20.82261848
218,imagenet,1,ILSVRC2012_val_00005712.JPEG,,,,35.26322174,-10.92538166
219,imagenet,1,ILSVRC2012_val_00005716.JPEG,,,,41.68024445,14.97429848
220,imagenet,1,ILSVRC2012_val_00005758.JPEG,,,,-32.98761368,-3.79514933
221,imagenet,1,ILSVRC2012_val_00005851.JPEG,,,,-43.03174210,3.24747300
222,imagenet,1,ILSVRC2012_val_00005915.JPEG,,,,-20.87803078,-12.16153336
223,imagenet,1,ILSVRC2012_val_00005944.JPEG,,,,-24.45689201,7.95227718
224,imagenet,1,ILSVRC2012_val_00005960.JPEG,,,,27.18163490,-21.71794319
225,imagenet,1,ILSVRC2012_val_00005986.JPEG,,,,49.67328644,0.85976070
226,imagenet,1,ILSVRC2012_val_00005992.JPEG,,,,-10.49713802,-9.03919315
227,imagenet,1,ILSVRC2012_val_00006005.JPEG,,,,31.12030792,2.92047668
228,imagenet,1,ILSVRC2012_val_00006078.JPEG,,,,16.10523796,7.04966354
229,imagenet,1,ILSVRC2012_val_00006135.JPEG,,,,-14.36125374,30.02409554
230,imagenet,1,ILSVRC2012_val_00006137.JPEG,,,,26.66690254,15.78798676
231,imagenet,1,ILSVRC2012_val_00006144.JPEG,,,,30.04757690,-8.54364014
232,imagenet,1,ILSVRC2012_val_00006183.JPEG,,,,-16.63525963,7.28082371
233,imagenet,1,ILSVRC2012_val_00006216.JPEG,,,,19.90896416,11.05832863
234,imagenet,1,ILSVRC2012_val_00006242.JPEG,,,,8.25351334,5.76377630
235,imagenet,1,ILSVRC2012_val_00006280.JPEG,,,,-16.42787361,-22.61566162
236,imagenet,1,ILSVRC2012_val_00006324.JPEG,,,,34.88687897,-19.77554703
237,imagenet,1,ILSVRC2012_val_00006344.JPEG,,,,-1.45651424,-2.09588981
238,imagenet,1,ILSVRC2012_val_00006362.JPEG,,,,-31.13731766,10.16885090
239,imagenet,1,ILSVRC2012_val_00006385.JPEG,,,,22.53526115,20.43201065
240,imagenet,1,ILSVRC2012_val_00006390.JPEG,,,,46.50603867,4.78998280
241,imagenet,1,ILSVRC2012_val_00006398.JPEG,,,,-8.29686069,-7.30113029
242,imagenet,1,ILSVRC2012_val_00006406.JPEG,,,,-13.03742504,29.88763809
243,imagenet,1,ILSVRC2012_val_00006434.JPEG,,,,-38.02688980,19.47650146
244,imagenet,1,ILSVRC2012_val_00006450.JPEG,,,,0.04683787,-20.69635773
245,imagenet,1,ILSVRC2012_val_00006454.JPEG,,,,21.12037849,14.79848194
246,imagenet,1,ILSVRC2012_val_00006455.JPEG,,,,22.40585327,-23.36545372
247,imagenet,1,ILSVRC2012_val_00006475.JPEG,,,,-25.23828506,-15.05070305
248,imagenet,1,ILSVRC2012_val_00006476.JPEG,,,,33.23686600,-5.59518433
249,imagenet,1,ILSVRC2012_val_00006493.JPEG,,,,41.80200577,7.86662340
250,imagenet,1,ILSVRC2012_val_00006514.JPEG,,,,-13.36272717,10.35692120
251,imagenet,1,ILSVRC2012_val_00006575.JPEG,,,,-25.90697289,22.01464653
252,imagenet,1,ILSVRC2012_val_00006584.JPEG,,,,31.88922119,-11.60509586
253,imagenet,1,ILSVRC2012_val_00006599.JPEG,,,,-41.00328445,-8.38611317
254,imagenet,1,ILSVRC2012_val_00006618.JPEG,,,,42.34110641,-2.66067100
255,imagenet,1,ILSVRC2012_val_00006623.JPEG,,,,1.99142003,-3.32199192
256,imagenet,1,ILSVRC2012_val_00006631.JPEG,,,,16.73151398,-23.91608238
257,imagenet,1,ILSVRC2012_val_00006637.JPEG,,,,4.39909840,-22.12336922
258,imagenet,1,ILSVRC2012_val_00006641.JPEG,,,,-44.30239868,2.78116441
259,imagenet,1,ILSVRC2012_val_00006651.JPEG,,,,-36.32437134,-3.99439692
260,imagenet,1,ILSVRC2012_val_00006668.JPEG,,,,-25.07016754,10.90860653
261,imagenet,1,ILSVRC2012_val_00006758.JPEG,,,,28.92846680,4.51071787
262,imagenet,1,ILSVRC2012_val_00006860.JPEG,,,,-7.14586830,17.71828270
263,imagenet,1,ILSVRC2012_val_00006899.JPEG,,,,-38.80139923,3.15410328
264,imagenet,1,ILSVRC2012_val_00006956.JPEG,,,,-37.50722122,1.29348874
265,imagenet,1,ILSVRC2012_val_00006965.JPEG,,,,23.32166290,17.40237617
266,imagenet,1,ILSVRC2012_val_00006977.JPEG,,,,37.88622665,-7.81914568
267,imagenet,1,ILSVRC2012_val_00006981.JPEG,,,,40.32498169,13.29440880
268,imagenet,1,ILSVRC2012_val_00007007.JPEG,,,,-13.76561165,5.31168652
269,imagenet,1,ILSVRC2012_val_00007013.JPEG,,,,0.67752564,33.05525208
270,imagenet,1,ILSVRC2012_val_00007019.JPEG,,,,-0.77631694,1.49215484
271,imagenet,1,ILSVRC2012_val_00007027.JPEG,,,,-13.93052578,-8.23643112
272,imagenet,1,ILSVRC2012_val_00007070.JPEG,,,,43.01805496,-4.98587942
273,imagenet,1,ILSVRC2012_val_00007075.JPEG,,,,5.14994955,10.86582088
274,imagenet,1,ILSVRC2012_val_00007087.JPEG,,,,11.45999241,33.12225342
275,imagenet,1,ILSVRC2012_val_00007092.JPEG,,,,-33.27022171,0.69116056
276,imagenet,1,ILSVRC2012_val_00007127.JPEG,,,,-36.65593338,-22.07518959
277,imagenet,1,ILSVRC2012_val_00007168.JPEG,,,,-30.69120789,-14.79925251
278,imagenet,1,ILSVRC2012_val_00007195.JPEG,,,,54.77267075,0.26618883
279,imagenet,1,ILSVRC2012_val_00007209.JPEG,,,,-0.57158560,12.13728714
280,imagenet,1,ILSVRC2012_val_00007264.JPEG,,,,-34.34195328,-9.24452686
281,imagenet,1,ILSVRC2012_val_00007265.JPEG,,,,22.17206383,22.40204430
282,imagenet,1,ILSVRC2012_val_00007293.JPEG,,,,10.39597321,-23.49150085
283,imagenet,1,ILSVRC2012_val_00007298.JPEG,,,,-1.66123712,36.14774323
284,imagenet,1,ILSVRC2012_val_00007326.JPEG,,,,49.41434860,-3.58905339
285,imagenet,1,ILSVRC2012_val_00007348.JPEG,,,,12.66444778,36.04601288
286,imagenet,1,ILSVRC2012_val_00007372.JPEG,,,,11.00169754,-22.24486923
287,imagenet,1,ILSVRC2012_val_00007461.JPEG,,,,24.42888260,-6.09700537
288,imagenet,1,ILSVRC2012_val_00007472.JPEG,,,,-46.93606949,-2.45421195
289,imagenet,1,ILSVRC2012_val_00007478.JPEG,,,,-35.51849365,4.78850460
290,imagenet,1,ILSVRC2012_val_00007495.JPEG,,,,-21.80884933,-18.98392105
291,imagenet,1,ILSVRC2012_val_00007540.JPEG,,,,23.79303360,-5.68015766
292,imagenet,1,ILSVRC2012_val_00007601.JPEG,,,,5.89414263,9.68167305
293,imagenet,1,ILSVRC2012_val_00007622.JPEG,,,,-32.38060760,-22.26165009
294,imagenet,1,ILSVRC2012_val_00007650.JPEG,,,,40.87978745,-10.00514889
295,imagenet,1,ILSVRC2012_val_00007696.JPEG,,,,7.93310070,3.68884802
296,imagenet,1,ILSVRC2012_val_00007711.JPEG,,,,44.95954895,1.94097483
297,imagenet,1,ILSVRC2012_val_00007718.JPEG,,,,-10.86155319,-15.55486679
298,imagenet,1,ILSVRC2012_val_00007719.JPEG,,,,-32.10992050,13.70134163
299,imagenet,1,ILSVRC2012_val_00007726.JPEG,,,,-6.99175358,30.79548454
300,imagenet,1,ILSVRC2012_val_00007773.JPEG,,,,-15.38539886,2.96890187
301,imagenet,1,ILSVRC2012_val_00007775.JPEG,,,,-9.03122711,-19.55092812
302,imagenet,1,ILSVRC2012_val_00007792.JPEG,,,,31.17058182,13.84423923
303,imagenet,1,ILSVRC2012_val_00007842.JPEG,,,,3.37164950,6.19492054
304,imagenet,1,ILSVRC2012_val_00007856.JPEG,,,,-47.93917465,-5.08607960
305,imagenet,1,ILSVRC2012_val_00007862.JPEG,,,,-34.57963562,-2.58957529
306,imagenet,1,ILSVRC2012_val_00007872.JPEG,,,,30.45490074,16.84472275
307,imagenet,1,ILSVRC2012_val_00007882.JPEG,,,,47.98683167,4.00977659
308,imagenet,1,ILSVRC2012_val_00007887.JPEG,,,,-2.65008926,34.31368256
309,imagenet,1,ILSVRC2012_val_00007922.JPEG,,,,3.20076752,-60.72010040
310,imagenet,1,ILSVRC2012_val_00007931.JPEG,,,,-16.04637909,3.18427873
311,imagenet,1,ILSVRC2012_val_00008036.JPEG,,,,-42.70485306,-4.25349951
312,imagenet,1,ILSVRC2012_val_00008100.JPEG,,,,0.99394774,10.39158726
313,imagenet,1,ILSVRC2012_val_00008120.JPEG,,,,33.03187180,-2.27815056
314,imagenet,1,ILSVRC2012_val_00008188.JPEG,,,,24.94907188,-9.01015568
315,imagenet,1,ILSVRC2012_val_00008193.JPEG,,,,52.32472610,7.11911058
316,imagenet,1,ILSVRC2012_val_00008233.JPEG,,,,11.86135197,-11.09981060
317,imagenet,1,ILSVRC2012_val_00008234.JPEG,,,,-18.58977127,-2.61546850
318,imagenet,1,ILSVRC2012_val_00008237.JPEG,,,,-17.89780617,-14.74630070
319,imagenet,1,ILSVRC2012_val_00008293.JPEG,,,,-20.28050232,-0.15337351
320,imagenet,1,ILSVRC2012_val_00008304.JPEG,,,,-4.00581789,38.42913055
321,imagenet,1,ILSVRC2012_val_00008363.JPEG,,,,32.37032700,7.37736893
322,imagenet,1,ILSVRC2012_val_00008369.JPEG,,,,-29.79360390,17.53037643
323,imagenet,1,ILSVRC2012_val_00008429.JPEG,,,,45.40704346,-10.44417191
324,imagenet,1,ILSVRC2012_val_00008446.JPEG,,,,-10.37113380,28.96936989
325,imagenet,1,ILSVRC2012_val_00008470.JPEG,,,,-25.36593628,-16.69864082
326,imagenet,1,ILSVRC2012_val_00008538.JPEG,,,,12.86622238,0.94048065
327,imagenet,1,ILSVRC2012_val_00008544.JPEG,,,,-33.54570389,-14.27248383
328,imagenet,1,ILSVRC2012_val_00008562.JPEG,,,,14.97700500,-1.90375078
329,imagenet,1,ILSVRC2012_val_00008568.JPEG,,,,1.58726740,33.82793808
330,imagenet,1,ILSVRC2012_val_00008577.JPEG,,,,42.72028351,-4.30980968
331,imagenet,1,ILSVRC2012_val_00008578.JPEG,,,,-7.78205824,-27.86695480
332,imagenet,1,ILSVRC2012_val_00008603.JPEG,,,,-3.37944627,-23.25392723
333,imagenet,1,ILSVRC2012_val_00008604.JPEG,,,,-36.89722824,21.78070450
334,imagenet,1,ILSVRC2012_val_00008657.JPEG,,,,-25.14933395,1.61607277
335,imagenet,1,ILSVRC2012_val_00008698.JPEG,,,,-10.13214588,-9.21547413
336,imagenet,1,ILSVRC2012_val_00008718.JPEG,,,,-6.37632895,23.64143944
337,imagenet,1,ILSVRC2012_val_00008768.JPEG,,,,9.27661896,29.98099518
338,imagenet,1,ILSVRC2012_val_00008777.JPEG,,,,1.57614696,-3.60121942
339,imagenet,1,ILSVRC2012_val_00008787.JPEG,,,,-34.69089508,22.39514542
340,imagenet,1,ILSVRC2012_val_00008795.JPEG,,,,19.45203781,-11.05816460
341,imagenet,1,ILSVRC2012_val_00008810.JPEG,,,,-34.69252014,14.32673359
342,imagenet,1,ILSVRC2012_val_00008819.JPEG,,,,-11.43413544,5.84688616
343,imagenet,1,ILSVRC2012_val_00008922.JPEG,,,,-31.73826599,19.47076035
344,imagenet,1,ILSVRC2012_val_00008935.JPEG,,,,-30.25441360,16.60475540
345,imagenet,1,ILSVRC2012_val_00008968.JPEG,,,,7.54936218,4.23854494
346,imagenet,1,ILSVRC2012_val_00009041.JPEG,,,,-19.92491913,9.69107151
347,imagenet,1,ILSVRC2012_val_00009061.JPEG,,,,35.03404999,1.90561199
348,imagenet,1,ILSVRC2012_val_00009089.JPEG,,,,28.65806770,-19.17059708
349,imagenet,1,ILSVRC2012_val_00009091.JPEG,,,,-18.86465073,25.42445946
350,imagenet,1,ILSVRC2012_val_00009108.JPEG,,,,-9.26610470,4.32640457
351,imagenet,1,ILSVRC2012_val_00009111.JPEG,,,,12.72373390,12.75604248
352,imagenet,1,ILSVRC2012_val_00009121.JPEG,,,,-22.99370003,-3.50085235
353,imagenet,1,ILSVRC2012_val_00009141.JPEG,,,,28.93993950,-21.78614044
354,imagenet,1,ILSVRC2012_val_00009175.JPEG,,,,-22.60069275,26.93223763
355,imagenet,1,ILSVRC2012_val_00009190.JPEG,,,,30.58289719,2.17056751
356,imagenet,1,ILSVRC2012_val_00009209.JPEG,,,,-5.98806858,1.06606960
357,imagenet,1,ILSVRC2012_val_00009217.JPEG,,,,28.89234352,4.44125605
358,imagenet,1,ILSVRC2012_val_00009270.JPEG,,,,-0.33891350,20.12951660
359,imagenet,1,ILSVRC2012_val_00009286.JPEG,,,,4.63936043,-22.10668945
360,imagenet,1,ILSVRC2012_val_00009294.JPEG,,,,-16.08422470,-8.07096958
361,imagenet,1,ILSVRC2012_val_00009297.JPEG,,,,-34.14971542,-7.78331423
362,imagenet,1,ILSVRC2012_val_00009312.JPEG,,,,6.72747850,21.56935120
363,imagenet,1,ILSVRC2012_val_00009367.JPEG,,,,23.67751122,-22.26482964
364,imagenet,1,ILSVRC2012_val_00009369.JPEG,,,,-35.44867325,12.79126263
365,imagenet,1,ILSVRC2012_val_00009487.JPEG,,,,-13.19596004,-17.34038162
366,imagenet,1,ILSVRC2012_val_00009550.JPEG,,,,39.84068680,3.54718661
367,imagenet,1,ILSVRC2012_val_00009610.JPEG,,,,10.76069546,-9.35448837
368,imagenet,1,ILSVRC2012_val_00009637.JPEG,,,,28.46992302,-17.16257286
369,imagenet,1,ILSVRC2012_val_00009638.JPEG,,,,-12.65292454,18.08206367
370,imagenet,1,ILSVRC2012_val_00009657.JPEG,,,,26.52413368,-19.88517570
371,imagenet,1,ILSVRC2012_val_00009671.JPEG,,,,-40.47274017,-4.09467649
372,imagenet,1,ILSVRC2012_val_00009708.JPEG,,,,-30.58811569,0.99750614
373,imagenet,1,ILSVRC2012_val_00009745.JPEG,,,,-3.88569593,-23.70962906
374,imagenet,1,ILSVRC2012_val_00009758.JPEG,,,,-7.94032955,33.85428619
375,imagenet,1,ILSVRC2012_val_00009789.JPEG,,,,39.96999359,-1.85110831
376,imagenet,1,ILSVRC2012_val_00009816.JPEG,,,,-14.68070889,-7.16446829
377,imagenet,1,ILSVRC2012_val_00009850.JPEG,,,,-45.30724335,-4.25738001
378,imagenet,1,ILSVRC2012_val_00009895.JPEG,,,,47.06450272,7.23409605
379,imagenet,1,ILSVRC2012_val_00009897.JPEG,,,,12.51010990,36.22574234
380,imagenet,1,ILSVRC2012_val_00009928.JPEG,,,,-9.69857788,10.90279102
381,imagenet,1,ILSVRC2012_val_00009932.JPEG,,,,-19.08193016,6.93106174
382,imagenet,1,ILSVRC2012_val_00009947.JPEG,,,,-13.58399677,4.95326185
383,imagenet,1,ILSVRC2012_val_00009974.JPEG,,,,49.32795715,7.25732279
384,imagenet,1,ILSVRC2012_val_00010026.JPEG,,,,10.91814804,22.45226669
385,imagenet,1,ILSVRC2012_val_00010040.JPEG,,,,-37.27506256,-8.24395084
386,imagenet,1,ILSVRC2012_val_00010101.JPEG,,,,36.80031586,14.34118462
387,imagenet,1,ILSVRC2012_val_00010123.JPEG,,,,7.66571999,11.22541142
388,imagenet,1,ILSVRC2012_val_00010196.JPEG,,,,-11.70459461,14.96438885
389,imagenet,1,ILSVRC2012_val_00010248.JPEG,,,,13.46370506,2.80545950
390,imagenet,1,ILSVRC2012_val_00010314.JPEG,,,,34.02554703,24.46837234
391,imagenet,1,ILSVRC2012_val_00010338.JPEG,,,,45.61965179,15.07636166
392,imagenet,1,ILSVRC2012_val_00010350.JPEG,,,,4.16624498,-16.68473625
393,imagenet,1,ILSVRC2012_val_00010351.JPEG,,,,30.28467751,-13.18377876
394,imagenet,1,ILSVRC2012_val_00010371.JPEG,,,,-47.05805588,-3.44664764
395,imagenet,1,ILSVRC2012_val_00010374.JPEG,,,,46.27703476,7.17031813
396,imagenet,1,ILSVRC2012_val_00010419.JPEG,,,,34.56869507,3.18134403
397,imagenet,1,ILSVRC2012_val_00010429.JPEG,,,,19.61660576,11.06636333
398,imagenet,1,ILSVRC2012_val_00010471.JPEG,,,,32.29265594,19.08311272
399,imagenet,1,ILSVRC2012_val_00010528.JPEG,,,,32.29252625,15.18978500
400,imagenet,1,ILSVRC2012_val_00010547.JPEG,,,,30.12932205,-4.36279297
401,imagenet,1,ILSVRC2012_val_00010549.JPEG,,,,37.62823105,-7.28810596
402,imagenet,1,ILSVRC2012_val_00010564.JPEG,,,,-1.12444270,35.08938217
403,imagenet,1,ILSVRC2012_val_00010593.JPEG,,,,-19.30707359,17.39945984
404,imagenet,1,ILSVRC2012_val_00010659.JPEG,,,,-28.15720558,18.79004288
405,imagenet,1,ILSVRC2012_val_00010726.JPEG,,,,-33.62253189,4.91999149
406,imagenet,1,ILSVRC2012_val_00010739.JPEG,,,,14.46372890,-22.17984772
407,imagenet,1,ILSVRC2012_val_00010749.JPEG,,,,29.43228531,0.78457922
408,imagenet,1,ILSVRC2012_val_00010766.JPEG,,,,-11.11299801,31.95605278
409,imagenet,1,ILSVRC2012_val_00010810.JPEG,,,,21.08146477,-10.93434048
410,imagenet,1,ILSVRC2012_val_00010812.JPEG,,,,-42.55775833,-4.49228048
411,imagenet,1,ILSVRC2012_val_00010833.JPEG,,,,13.01866055,1.71383405
412,imagenet,1,ILSVRC2012_val_00010844.JPEG,,,,-29.40036964,-6.32841206
413,imagenet,1,ILSVRC2012_val_00010845.JPEG,,,,23.72805786,-18.09512901
414,imagenet,1,ILSVRC2012_val_00010847.JPEG,,,,-44.32576370,-10.75035000
415,imagenet,1,ILSVRC2012_val_00010851.JPEG,,,,17.64836311,-11.72257519
416,imagenet,1,ILSVRC2012_val_00010861.JPEG,,,,10.76554585,23.05599403
417,imagenet,1,ILSVRC2012_val_00010874.JPEG,,,,-29.54421043,19.53488350
418,imagenet,1,ILSVRC2012_val_00010895.JPEG,,,,11.32766819,35.39564896
419,imagenet,1,ILSVRC2012_val_00010920.JPEG,,,,33.08298874,15.54588890
420,imagenet,1,ILSVRC2012_val_00011004.JPEG,,,,27.57573891,-0.78359693
421,imagenet,1,ILSVRC2012_val_00011009.JPEG,,,,-9.20930767,14.12689972
422,imagenet,1,ILSVRC2012_val_00011025.JPEG,,,,-20.36820030,5.77728128
423,imagenet,1,ILSVRC2012_val_00011043.JPEG,,,,30.27034760,8.58870888
424,imagenet,1,ILSVRC2012_val_00011057.JPEG,,,,30.30859184,17.32192230
425,imagenet,1,ILSVRC2012_val_00011080.JPEG,,,,-3.86792612,38.07573700
426,imagenet,1,ILSVRC2012_val_00011122.JPEG,,,,29.43213272,24.45623970
427,imagenet,1,ILSVRC2012_val_00011150.JPEG,,,,-16.28849602,11.81625843
428,imagenet,1,ILSVRC2012_val_00011179.JPEG,,,,-16.07855415,29.65009308
429,imagenet,1,ILSVRC2012_val_00011192.JPEG,,,,-19.46987915,-22.86072731
430,imagenet,1,ILSVRC2012_val_00011204.JPEG,,,,-36.03160095,-5.38043785
431,imagenet,1,ILSVRC2012_val_00011243.JPEG,,,,14.80527401,-7.35743046
432,imagenet,1,ILSVRC2012_val_00011281.JPEG,,,,-23.60349274,25.66092110
433,imagenet,1,ILSVRC2012_val_00011310.JPEG,,,,35.96194839,-11.87471294
434,imagenet,1,ILSVRC2012_val_00011315.JPEG,,,,29.74907494,16.72131348
435,imagenet,1,ILSVRC2012_val_00011322.JPEG,,,,18.80116081,-20.07890892
436,imagenet,1,ILSVRC2012_val_00011399.JPEG,,,,6.05446815,12.81093121
437,imagenet,1,ILSVRC2012_val_00011401.JPEG,,,,-23.52909851,13.62041759
438,imagenet,1,ILSVRC2012_val_00011462.JPEG,,,,-30.35631943,-2.94396544
439,imagenet,1,ILSVRC2012_val_00011483.JPEG,,,,24.06341553,22.52335167
440,imagenet,1,ILSVRC2012_val_00011499.JPEG,,,,16.24265289,-22.69275093
441,imagenet,1,ILSVRC2012_val_00011526.JPEG,,,,-10.13633251,25.22415161
442,imagenet,1,ILSVRC2012_val_00011557.JPEG,,,,-34.13034821,15.23238087
443,imagenet,1,ILSVRC2012_val_00011565.JPEG,,,,-26.25475693,-22.33414459
444,imagenet,1,ILSVRC2012_val_00011566.JPEG,,,,44.06283569,-4.08279800
445,imagenet,1,ILSVRC2012_val_00011626.JPEG,,,,34.10171127,17.16616821
446,imagenet,1,ILSVRC2012_val_00011647.JPEG,,,,-38.39021301,-7.29094315
447,imagenet,1,ILSVRC2012_val_00011686.JPEG,,,,30.34988213,19.49638176
448,imagenet,1,ILSVRC2012_val_00011730.JPEG,,,,18.95517159,19.02820969
449,imagenet,1,ILSVRC2012_val_00011752.JPEG,,,,5.70657539,7.77112627
450,imagenet,1,ILSVRC2012_val_00011769.JPEG,,,,17.62474251,-8.87024975
451,imagenet,1,ILSVRC2012_val_00011779.JPEG,,,,29.28831100,-2.27593589
452,imagenet,1,ILSVRC2012_val_00011797.JPEG,,,,-44.07831573,-10.02761650
453,imagenet,1,ILSVRC2012_val_00011862.JPEG,,,,-28.08652687,5.57730961
454,imagenet,1,ILSVRC2012_val_00011870.JPEG,,,,25.57031441,-12.54748440
455,imagenet,1,ILSVRC2012_val_00011884.JPEG,,,,-9.34526634,19.27987480
456,imagenet,1,ILSVRC2012_val_00011894.JPEG,,,,-1.08507526,-15.88300133
457,imagenet,1,ILSVRC2012_val_00011904.JPEG,,,,-7.81208229,16.70363998
458,imagenet,1,ILSVRC2012_val_00011905.JPEG,,,,28.71388245,13.43261528
459,imagenet,1,ILSVRC2012_val_00011947.JPEG,,,,6.07884216,-9.99480343
460,imagenet,1,ILSVRC2012_val_00011956.JPEG,,,,-38.94903946,-6.34117842
461,imagenet,1,ILSVRC2012_val_00012013.JPEG,,,,-26.15808868,16.45456696
462,imagenet,1,ILSVRC2012_val_00012018.JPEG,,,,33.57872772,14.26268482
463,imagenet,1,ILSVRC2012_val_00012077.JPEG,,,,22.68228531,-27.00772476
464,imagenet,1,ILSVRC2012_val_00012108.JPEG,,,,-41.36751556,16.23076439
465,imagenet,1,ILSVRC2012_val_00012148.JPEG,,,,51.37749863,0.50087148
466,imagenet,1,ILSVRC2012_val_00012150.JPEG,,,,26.45908546,-19.43462563
467,imagenet,1,ILSVRC2012_val_00012238.JPEG,,,,-37.23005676,-6.65125227
468,imagenet,1,ILSVRC2012_val_00012241.JPEG,,,,15.97728252,17.56024361
469,imagenet,1,ILSVRC2012_val_00012245.JPEG,,,,29.61046219,27.12784576
470,imagenet,1,ILSVRC2012_val_00012266.JPEG,,,,7.15240431,-15.24491692
471,imagenet,1,ILSVRC2012_val_00012270.JPEG,,,,-44.64429474,7.56527233
472,imagenet,1,ILSVRC2012_val_00012315.JPEG,,,,-18.39070892,13.65533543
473,imagenet,1,ILSVRC2012_val_00012349.JPEG,,,,4.40671587,-25.21024704
474,imagenet,1,ILSVRC2012_val_00012355.JPEG,,,,-35.66585159,-11.19419861
475,imagenet,1,ILSVRC2012_val_00012366.JPEG,,,,-41.93909836,-8.40072632
476,imagenet,1,ILSVRC2012_val_00012374.JPEG,,,,-14.66955662,-15.48506260
477,imagenet,1,ILSVRC2012_val_00012375.JPEG,,,,-10.91048241,-25.08762169
478,imagenet,1,ILSVRC2012_val_00012469.JPEG,,,,-36.28905869,8.63922787
479,imagenet,1,ILSVRC2012_val_00012492.JPEG,,,,15.40737820,32.45036697
480,imagenet,1,ILSVRC2012_val_00012513.JPEG,,,,-5.55012131,-19.69570541
481,imagenet,1,ILSVRC2012_val_00012601.JPEG,,,,-27.20767403,-10.59702587
482,imagenet,1,ILSVRC2012_val_00012604.JPEG,,,,38.22915649,-15.55549717
483,imagenet,1,ILSVRC2012_val_00012607.JPEG,,,,-24.98686600,30.59897804
484,imagenet,1,ILSVRC2012_val_00012659.JPEG,,,,-19.86810684,-12.56387234
485,imagenet,1,ILSVRC2012_val_00012661.JPEG,,,,-11.53269291,-15.70705032
486,imagenet,1,ILSVRC2012_val_00012663.JPEG,,,,40.94853210,10.01733494
487,imagenet,1,ILSVRC2012_val_00012703.JPEG,,,,1.27088284,-2.25998735
488,imagenet,1,ILSVRC2012_val_00012721.JPEG,,,,-9.19995403,9.87084007
489,imagenet,1,ILSVRC2012_val_00012742.JPEG,,,,-13.45158482,-1.96713722
490,imagenet,1,ILSVRC2012_val_00012754.JPEG,,,,-24.03264999,19.85141945
491,imagenet,1,ILSVRC2012_val_00012794.JPEG,,,,39.92684174,-10.95923424
492,imagenet,1,ILSVRC2012_val_00012800.JPEG,,,,-26.21969223,10.77103424
493,imagenet,1,ILSVRC2012_val_00012825.JPEG,,,,-20.23434258,19.53940582
494,imagenet,1,ILSVRC2012_val_00012867.JPEG,,,,47.94465637,4.89197779
495,imagenet,1,ILSVRC2012_val_00012869.JPEG,,,,-34.91164017,18.71150780
496,imagenet,1,ILSVRC2012_val_00012954.JPEG,,,,2.35877442,20.71616936
497,imagenet,1,ILSVRC2012_val_00012981.JPEG,,,,-19.21727562,-23.57809639
498,imagenet,1,ILSVRC2012_val_00012996.JPEG,,,,47.09863663,1.80360758
499,imagenet,1,ILSVRC2012_val_00013000.JPEG,,,,-34.60789108,2.13329530
500,imagenet,1,ILSVRC2012_val_00013025.JPEG,,,,8.55729961,-24.43980408
501,imagenet,1,ILSVRC2012_val_00013071.JPEG,,,,6.17390871,21.32124519
502,imagenet,1,ILSVRC2012_val_00013149.JPEG,,,,-18.04330254,-10.24167538
503,imagenet,1,ILSVRC2012_val_00013157.JPEG,,,,3.02363586,-27.75321198
504,imagenet,1,ILSVRC2012_val_00013164.JPEG,,,,25.12261581,22.30478668
505,imagenet,1,ILSVRC2012_val_00013204.JPEG,,,,12.83937836,17.87864876
506,imagenet,1,ILSVRC2012_val_00013242.JPEG,,,,41.06685638,-3.04279709
507,imagenet,1,ILSVRC2012_val_00013249.JPEG,,,,52.62712860,5.70223427
508,imagenet,1,ILSVRC2012_val_00013293.JPEG,,,,-19.91741180,-25.03331184
509,imagenet,1,ILSVRC2012_val_00013301.JPEG,,,,53.18998718,-0.43488982
510,imagenet,1,ILSVRC2012_val_00013305.JPEG,,,,-1.97063684,34.99176025
511,imagenet,1,ILSVRC2012_val_00013322.JPEG,,,,-19.29131126,14.63423347
512,imagenet,1,ILSVRC2012_val_00013369.JPEG,,,,-14.42692375,12.42553043
513,imagenet,1,ILSVRC2012_val_00013379.JPEG,,,,-5.72507191,22.21034813
514,imagenet,1,ILSVRC2012_val_00013385.JPEG,,,,4.19442749,-15.41317463
515,imagenet,1,ILSVRC2012_val_00013421.JPEG,,,,-36.21205521,-16.02876472
516,imagenet,1,ILSVRC2012_val_00013444.JPEG,,,,-40.53386688,9.24194336
517,imagenet,1,ILSVRC2012_val_00013450.JPEG,,,,5.87458134,19.46895027
518,imagenet,1,ILSVRC2012_val_00013474.JPEG,,,,-14.79868221,16.57549858
519,imagenet,1,ILSVRC2012_val_00013494.JPEG,,,,-9.54615116,25.76631355
520,imagenet,1,ILSVRC2012_val_00013509.JPEG,,,,-31.74828911,-19.26631737
521,imagenet,1,ILSVRC2012_val_00013512.JPEG,,,,46.65300751,2.35015750
522,imagenet,1,ILSVRC2012_val_00013554.JPEG,,,,49.25366592,8.52888775
523,imagenet,1,ILSVRC2012_val_00013579.JPEG,,,,1.96139288,21.48909378
524,imagenet,1,ILSVRC2012_val_00013581.JPEG,,,,41.94806290,0.43606099
525,imagenet,1,ILSVRC2012_val_00013588.JPEG,,,,9.26508141,20.19407082
526,imagenet,1,ILSVRC2012_val_00013624.JPEG,,,,48.18014908,7.14077520
527,imagenet,1,ILSVRC2012_val_00013670.JPEG,,,,-38.03640366,-17.61833000
528,imagenet,1,ILSVRC2012_val_00013676.JPEG,,,,-41.03498840,1.64630818
529,imagenet,1,ILSVRC2012_val_00013682.JPEG,,,,7.02680874,-9.93846893
530,imagenet,1,ILSVRC2012_val_00013698.JPEG,,,,-15.89196491,9.29770851
531,imagenet,1,ILSVRC2012_val_00013709.JPEG,,,,40.55089188,4.05529308
532,imagenet,1,ILSVRC2012_val_00013717.JPEG,,,,42.01672363,13.53658772
533,imagenet,1,ILSVRC2012_val_00013767.JPEG,,,,6.64115715,-16.00879478
534,imagenet,1,ILSVRC2012_val_00013808.JPEG,,,,29.87613487,-9.47694874
535,imagenet,1,ILSVRC2012_val_00013810.JPEG,,,,4.01581192,-9.28265095
536,imagenet,1,ILSVRC2012_val_00013826.JPEG,,,,16.49108315,-10.16058445
537,imagenet,1,ILSVRC2012_val_00013833.JPEG,,,,47.05634689,16.40465736
538,imagenet,1,ILSVRC2012_val_00013844.JPEG,,,,-35.44467926,-9.65942097
539,imagenet,1,ILSVRC2012_val_00013873.JPEG,,,,21.27934265,16.56260109
540,imagenet,1,ILSVRC2012_val_00013877.JPEG,,,,-37.34847260,-0.89324343
541,imagenet,1,ILSVRC2012_val_00013883.JPEG,,,,4.40972710,10.87310791
542,imagenet,1,ILSVRC2012_val_00013896.JPEG,,,,22.82732964,-11.32577705
543,imagenet,1,ILSVRC2012_val_00013898.JPEG,,,,26.92582512,-1.05638921
544,imagenet,1,ILSVRC2012_val_00013907.JPEG,,,,49.69337082,3.45612884
545,imagenet,1,ILSVRC2012_val_00013922.JPEG,,,,14.19853592,-6.70329285
546,imagenet,1,ILSVRC2012_val_00013935.JPEG,,,,-14.41413593,32.84883499
547,imagenet,1,ILSVRC2012_val_00013936.JPEG,,,,-16.36791229,3.60598636
548,imagenet,1,ILSVRC2012_val_00013949.JPEG,,,,-24.80607986,-16.09389877
549,imagenet,1,ILSVRC2012_val_00013963.JPEG,,,,47.52350235,0.31908581
550,imagenet,1,ILSVRC2012_val_00013974.JPEG,,,,-35.78314972,13.60597801
551,imagenet,1,ILSVRC2012_val_00013993.JPEG,,,,-10.61141968,12.86752224
552,imagenet,1,ILSVRC2012_val_00014003.JPEG,,,,-46.73213577,-3.94682384
553,imagenet,1,ILSVRC2012_val_00014008.JPEG,,,,34.70742035,14.97621346
554,imagenet,1,ILSVRC2012_val_00014026.JPEG,,,,29.94464493,-2.25433445
555,imagenet,1,ILSVRC2012_val_00014052.JPEG,,,,31.65480614,17.21246719
556,imagenet,1,ILSVRC2012_val_00014061.JPEG,,,,42.96411896,9.04002857
557,imagenet,1,ILSVRC2012_val_00014163.JPEG,,,,32.11377335,25.39454842
558,imagenet,1,ILSVRC2012_val_00014182.JPEG,,,,22.10504532,-21.24782753
559,imagenet,1,ILSVRC2012_val_00014190.JPEG,,,,-39.02408600,20.74735832
560,imagenet,1,ILSVRC2012_val_00014202.JPEG,,,,21.50795555,-5.05677032
561,imagenet,1,ILSVRC2012_val_00014265.JPEG,,,,-5.18108702,-29.79537010
562,imagenet,1,ILSVRC2012_val_00014307.JPEG,,,,-31.99453545,21.91193771
563,imagenet,1,ILSVRC2012_val_00014314.JPEG,,,,47.12312317,11.17293453
564,imagenet,1,ILSVRC2012_val_00014327.JPEG,,,,29.61157227,20.09729576
565,imagenet,1,ILSVRC2012_val_00014382.JPEG,,,,18.20456505,23.05880547
566,imagenet,1,ILSVRC2012_val_00014414.JPEG,,,,24.28033257,-14.32293892
567,imagenet,1,ILSVRC2012_val_00014425.JPEG,,,,32.91673279,-6.94828749
568,imagenet,1,ILSVRC2012_val_00014427.JPEG,,,,-18.74995613,24.34844780
569,imagenet,1,ILSVRC2012_val_00014438.JPEG,,,,-22.22467232,-21.09489441
570,imagenet,1,ILSVRC2012_val_00014514.JPEG,,,,39.65967560,15.48494148
571,imagenet,1,ILSVRC2012_val_00014532.JPEG,,,,21.58966446,-4.27684450
572,imagenet,1,ILSVRC2012_val_00014547.JPEG,,,,50.46412659,2.32982397
573,imagenet,1,ILSVRC2012_val_00014625.JPEG,,,,10.53006649,12.74979782
574,imagenet,1,ILSVRC2012_val_00014655.JPEG,,,,-19.91769791,-3.92154884
575,imagenet,1,ILSVRC2012_val_00014661.JPEG,,,,-29.38710403,15.49757004
576,imagenet,1,ILSVRC2012_val_00014699.JPEG,,,,5.40526009,-4.98120213
577,imagenet,1,ILSVRC2012_val_00014780.JPEG,,,,-41.42574692,10.04637909
578,imagenet,1,ILSVRC2012_val_00014835.JPEG,,,,13.02841759,-5.47700882
579,imagenet,1,ILSVRC2012_val_00014841.JPEG,,,,-19.48557091,-13.00065804
580,imagenet,1,ILSVRC2012_val_00015005.JPEG,,,,-42.61682510,-5.96742249
581,imagenet,1,ILSVRC2012_val_00015025.JPEG,,,,-29.73630333,11.19618130
582,imagenet,1,ILSVRC2012_val_00015034.JPEG,,,,-6.68290615,15.51972103
583,imagenet,1,ILSVRC2012_val_00015059.JPEG,,,,-14.31360149,28.50313759
584,imagenet,1,ILSVRC2012_val_00015064.JPEG,,,,-7.48628616,8.98764896
585,imagenet,1,ILSVRC2012_val_00015084.JPEG,,,,-5.06646347,20.51789474
586,imagenet,1,ILSVRC2012_val_00015111.JPEG,,,,26.77204895,7.95020723
587,imagenet,1,ILSVRC2012_val_00015158.JPEG,,,,-12.65379143,-11.76245213
588,imagenet,1,ILSVRC2012_val_00015169.JPEG,,,,-38.26758575,22.33342743
589,imagenet,1,ILSVRC2012_val_00015193.JPEG,,,,-31.68393326,14.75726223
590,imagenet,1,ILSVRC2012_val_00015263.JPEG,,,,-0.50476551,-11.58732700
591,imagenet,1,ILSVRC2012_val_00015316.JPEG,,,,-43.25238800,-4.37064171
592,imagenet,1,ILSVRC2012_val_00015351.JPEG,,,,-18.65558434,30.95101929
593,imagenet,1,ILSVRC2012_val_00015365.JPEG,,,,-41.59968948,-4.99606991
594,imagenet,1,ILSVRC2012_val_00015366.JPEG,,,,-10.21527386,-15.44457531
595,imagenet,1,ILSVRC2012_val_00015387.JPEG,,,,-35.51784515,22.06631470
596,imagenet,1,ILSVRC2012_val_00015425.JPEG,,,,37.50602722,0.90435529
597,imagenet,1,ILSVRC2012_val_00015426.JPEG,,,,-24.42564964,17.23931313
598,imagenet,1,ILSVRC2012_val_00015438.JPEG,,,,-35.31286240,13.01306057
599,imagenet,1,ILSVRC2012_val_00015449.JPEG,,,,2.98418427,-27.83324814
600,imagenet,1,ILSVRC2012_val_00015453.JPEG,,,,15.89969635,-17.57095146
601,imagenet,1,ILSVRC2012_val_00015516.JPEG,,,,26.91187286,-19.48629189
602,imagenet,1,ILSVRC2012_val_00015522.JPEG,,,,11.66983509,33.77338409
603,imagenet,1,ILSVRC2012_val_00015543.JPEG,,,,48.01699829,-0.97738701
604,imagenet,1,ILSVRC2012_val_00015554.JPEG,,,,8.76384830,27.05266953
605,imagenet,1,ILSVRC2012_val_00015569.JPEG,,,,43.88672256,16.28771782
606,imagenet,1,ILSVRC2012_val_00015595.JPEG,,,,32.17866898,-13.75875568
607,imagenet,1,ILSVRC2012_val_00015597.JPEG,,,,28.31835556,20.06631088
608,imagenet,1,ILSVRC2012_val_00015618.JPEG,,,,16.17456627,-10.98052883
609,imagenet,1,ILSVRC2012_val_00015641.JPEG,,,,-25.27232170,-4.34245539
610,imagenet,1,ILSVRC2012_val_00015644.JPEG,,,,26.48176384,3.41632771
611,imagenet,1,ILSVRC2012_val_00015647.JPEG,,,,-1.75850999,15.57410622
612,imagenet,1,ILSVRC2012_val_00015734.JPEG,,,,-32.88445663,-13.05753136
613,imagenet,1,ILSVRC2012_val_00015742.JPEG,,,,26.96090508,22.54456329
614,imagenet,1,ILSVRC2012_val_00015753.JPEG,,,,2.67894340,-7.30004597
615,imagenet,1,ILSVRC2012_val_00015780.JPEG,,,,-25.60964012,18.38717079
616,imagenet,1,ILSVRC2012_val_00015825.JPEG,,,,-12.27648926,-12.75295353
617,imagenet,1,ILSVRC2012_val_00015836.JPEG,,,,-2.87878394,35.77407074
618,imagenet,1,ILSVRC2012_val_00015862.JPEG,,,,-17.99334717,-10.02956867
619,imagenet,1,ILSVRC2012_val_00015877.JPEG,,,,33.32968903,-8.97368717
620,imagenet,1,ILSVRC2012_val_00015892.JPEG,,,,42.18116379,-8.85824394
621,imagenet,1,ILSVRC2012_val_00015898.JPEG,,,,46.73786163,11.76457500
622,imagenet,1,ILSVRC2012_val_00015910.JPEG,,,,11.80917454,31.34808350
623,imagenet,1,ILSVRC2012_val_00015940.JPEG,,,,-45.11484909,3.61114359
624,imagenet,1,ILSVRC2012_val_00015965.JPEG,,,,31.63073349,14.23679161
625,imagenet,1,ILSVRC2012_val_00016061.JPEG,,,,-27.54044342,1.96301138
626,imagenet,1,ILSVRC2012_val_00016095.JPEG,,,,21.24024582,24.33419800
627,imagenet,1,ILSVRC2012_val_00016113.JPEG,,,,-10.81632423,32.66463852
628,imagenet,1,ILSVRC2012_val_00016147.JPEG,,,,18.87300491,-16.44668198
629,imagenet,1,ILSVRC2012_val_00016171.JPEG,,,,-14.38707733,23.96805191
630,imagenet,1,ILSVRC2012_val_00016204.JPEG,,,,16.81738472,18.12861061
631,imagenet,1,ILSVRC2012_val_00016214.JPEG,,,,23.02412033,6.05271578
632,imagenet,1,ILSVRC2012_val_00016219.JPEG,,,,-7.86367941,-3.69342136
633,imagenet,1,ILSVRC2012_val_00016250.JPEG,,,,15.46829605,25.89175606
634,imagenet,1,ILSVRC2012_val_00016251.JPEG,,,,27.81501007,12.25854969
635,imagenet,1,ILSVRC2012_val_00016275.JPEG,,,,24.10970497,-22.49668694
636,imagenet,1,ILSVRC2012_val_00016322.JPEG,,,,-22.83366776,-16.18873024
637,imagenet,1,ILSVRC2012_val_00016359.JPEG,,,,-39.95825577,3.83095098
638,imagenet,1,ILSVRC2012_val_00016387.JPEG,,,,46.76855850,8.25154305
639,imagenet,1,ILSVRC2012_val_00016420.JPEG,,,,28.11338615,24.50991058
640,imagenet,1,ILSVRC2012_val_00016425.JPEG,,,,7.24324942,14.60128498
641,imagenet,1,ILSVRC2012_val_00016470.JPEG,,,,-17.21623611,-22.67754936
642,imagenet,1,ILSVRC2012_val_00016474.JPEG,,,,-5.14351416,39.46936035
643,imagenet,1,ILSVRC2012_val_00016495.JPEG,,,,-43.76913452,-1.04392385
644,imagenet,1,ILSVRC2012_val_00016509.JPEG,,,,-27.56564903,-20.88911629
645,imagenet,1,ILSVRC2012_val_00016528.JPEG,,,,43.00046921,-8.29281139
646,imagenet,1,ILSVRC2012_val_00016542.JPEG,,,,-16.83613586,-11.56794548
647,imagenet,1,ILSVRC2012_val_00016591.JPEG,,,,-32.84233856,3.74527907
648,imagenet,1,ILSVRC2012_val_00016605.JPEG,,,,25.20449829,-14.21778679
649,imagenet,1,ILSVRC2012_val_00016616.JPEG,,,,49.54750443,10.77530670
650,imagenet,1,ILSVRC2012_val_00016680.JPEG,,,,-15.62026691,30.48314095
651,imagenet,1,ILSVRC2012_val_00016707.JPEG,,,,8.89766312,-16.01927757
652,imagenet,1,ILSVRC2012_val_00016708.JPEG,,,,0.99339426,35.76417923
653,imagenet,1,ILSVRC2012_val_00016740.JPEG,,,,-24.54373169,-17.67617416
654,imagenet,1,ILSVRC2012_val_00016791.JPEG,,,,-7.18958044,12.08033943
655,imagenet,1,ILSVRC2012_val_00016796.JPEG,,,,5.18554783,27.10480118
656,imagenet,1,ILSVRC2012_val_00016798.JPEG,,,,-26.70138168,2.55551457
657,imagenet,1,ILSVRC2012_val_00016813.JPEG,,,,-31.62641907,-17.33121300
658,imagenet,1,ILSVRC2012_val_00016832.JPEG,,,,-10.54249191,-24.72959900
659,imagenet,1,ILSVRC2012_val_00016843.JPEG,,,,3.52437425,15.84378242
660,imagenet,1,ILSVRC2012_val_00016918.JPEG,,,,-33.45798874,-2.14260268
661,imagenet,1,ILSVRC2012_val_00016926.JPEG,,,,-19.03441429,14.77916336
662,imagenet,1,ILSVRC2012_val_00016960.JPEG,,,,-14.73740768,29.97420883
663,imagenet,1,ILSVRC2012_val_00016997.JPEG,,,,17.33988571,-22.87229156
664,imagenet,1,ILSVRC2012_val_00016999.JPEG,,,,-8.65590477,33.44366837
665,imagenet,1,ILSVRC2012_val_00017018.JPEG,,,,37.15005112,0.62790519
666,imagenet,1,ILSVRC2012_val_00017060.JPEG,,,,-6.61825418,-4.42139196
667,imagenet,1,ILSVRC2012_val_00017104.JPEG,,,,-20.95992851,9.54259682
668,imagenet,1,ILSVRC2012_val_00017154.JPEG,,,,-47.25080109,-0.57685727
669,imagenet,1,ILSVRC2012_val_00017168.JPEG,,,,47.75377274,4.42287159
670,imagenet,1,ILSVRC2012_val_00017216.JPEG,,,,-36.28336716,19.98948288
671,imagenet,1,ILSVRC2012_val_00017264.JPEG,,,,-2.54058027,8.13115406
672,imagenet,1,ILSVRC2012_val_00017273.JPEG,,,,-16.85686874,-24.81640244
673,imagenet,1,ILSVRC2012_val_00017286.JPEG,,,,-22.67342758,22.90540314
674,imagenet,1,ILSVRC2012_val_00017320.JPEG,,,,33.85253525,11.69923115
675,imagenet,1,ILSVRC2012_val_00017332.JPEG,,,,28.24232864,-18.26215172
676,imagenet,1,ILSVRC2012_val_00017340.JPEG,,,,-34.17662430,23.23513603
677,imagenet,1,ILSVRC2012_val_00017392.JPEG,,,,-21.29068375,29.86767769
678,imagenet,1,ILSVRC2012_val_00017414.JPEG,,,,48.08412552,-0.64401680
679,imagenet,1,ILSVRC2012_val_00017426.JPEG,,,,35.30169678,-2.87052655
680,imagenet,1,ILSVRC2012_val_00017438.JPEG,,,,-14.86980438,19.77020645
681,imagenet,1,ILSVRC2012_val_00017461.JPEG,,,,-12.23009872,-15.81986237
682,imagenet,1,ILSVRC2012_val_00017477.JPEG,,,,37.12044144,14.55626869
683,imagenet,1,ILSVRC2012_val_00017497.JPEG,,,,18.63571739,-2.75659871
684,imagenet,1,ILSVRC2012_val_00017503.JPEG,,,,-6.07585335,36.83701324
685,imagenet,1,ILSVRC2012_val_00017508.JPEG,,,,22.02030182,-0.58000982
686,imagenet,1,ILSVRC2012_val_00017520.JPEG,,,,-29.88705826,29.88404465
687,imagenet,1,ILSVRC2012_val_00017543.JPEG,,,,-17.47268677,0.12175823
688,imagenet,1,ILSVRC2012_val_00017585.JPEG,,,,-37.16086578,14.76047325
689,imagenet,1,ILSVRC2012_val_00017590.JPEG,,,,-35.69736099,-8.55631828
690,imagenet,1,ILSVRC2012_val_00017607.JPEG,,,,12.28775692,31.79282188
691,imagenet,1,ILSVRC2012_val_00017613.JPEG,,,,-35.41063309,18.36094475
692,imagenet,1,ILSVRC2012_val_00017614.JPEG,,,,-36.41968918,-5.10391569
693,imagenet,1,ILSVRC2012_val_00017638.JPEG,,,,-28.66962051,11.21238899
694,imagenet,1,ILSVRC2012_val_00017639.JPEG,,,,16.90999031,-16.91059303
695,imagenet,1,ILSVRC2012_val_00017707.JPEG,,,,10.01082134,35.93128967
696,imagenet,1,ILSVRC2012_val_00017713.JPEG,,,,7.15175056,34.14643097
697,imagenet,1,ILSVRC2012_val_00017715.JPEG,,,,-8.09505463,12.56213665
698,imagenet,1,ILSVRC2012_val_00017728.JPEG,,,,37.54226685,-8.80542183
699,imagenet,1,ILSVRC2012_val_00017775.JPEG,,,,-13.71414185,-17.06852341
700,imagenet,1,ILSVRC2012_val_00017814.JPEG,,,,20.30046844,-0.00692136
701,imagenet,1,ILSVRC2012_val_00017880.JPEG,,,,23.54940987,-20.11912346
702,imagenet,1,ILSVRC2012_val_00017890.JPEG,,,,-36.80538940,23.22045517
703,imagenet,1,ILSVRC2012_val_00017898.JPEG,,,,-40.59451294,17.07799721
704,imagenet,1,ILSVRC2012_val_00017909.JPEG,,,,-27.84276772,-6.38431358
705,imagenet,1,ILSVRC2012_val_00017920.JPEG,,,,-38.32784653,17.21715164
706,imagenet,1,ILSVRC2012_val_00017937.JPEG,,,,-33.20133972,-15.13057709
707,imagenet,1,ILSVRC2012_val_00017948.JPEG,,,,-23.91765022,4.08235216
708,imagenet,1,ILSVRC2012_val_00017963.JPEG,,,,-14.07028770,14.18887615
709,imagenet,1,ILSVRC2012_val_00017970.JPEG,,,,-14.69436455,8.87974548
710,imagenet,1,ILSVRC2012_val_00017981.JPEG,,,,-42.12120819,-1.39934146
711,imagenet,1,ILSVRC2012_val_00017984.JPEG,,,,-24.50067711,20.48880768
712,imagenet,1,ILSVRC2012_val_00018027.JPEG,,,,-7.42854834,-19.37295151
713,imagenet,1,ILSVRC2012_val_00018077.JPEG,,,,-15.50778580,-9.99487877
714,imagenet,1,ILSVRC2012_val_00018110.JPEG,,,,44.89323044,-2.55308938
715,imagenet,1,ILSVRC2012_val_00018132.JPEG,,,,14.86614513,-1.99046576
716,imagenet,1,ILSVRC2012_val_00018133.JPEG,,,,-15.37959194,-22.70516396
717,imagenet,1,ILSVRC2012_val_00018142.JPEG,,,,20.39194489,5.95673800
718,imagenet,1,ILSVRC2012_val_00018177.JPEG,,,,29.48575974,-11.52678013
719,imagenet,1,ILSVRC2012_val_00018228.JPEG,,,,-19.48982430,24.21901894
720,imagenet,1,ILSVRC2012_val_00018255.JPEG,,,,-18.14905930,17.80302429
721,imagenet,1,ILSVRC2012_val_00018382.JPEG,,,,-6.64590645,11.43751621
722,imagenet,1,ILSVRC2012_val_00018391.JPEG,,,,-41.35215378,-6.87864208
723,imagenet,1,ILSVRC2012_val_00018416.JPEG,,,,13.51123142,2.55185413
724,imagenet,1,ILSVRC2012_val_00018481.JPEG,,,,-32.77037430,12.15273857
725,imagenet,1,ILSVRC2012_val_00018509.JPEG,,,,17.07172966,-22.56960678
726,imagenet,1,ILSVRC2012_val_00018543.JPEG,,,,8.23119164,24.50915527
727,imagenet,1,ILSVRC2012_val_00018619.JPEG,,,,14.30137348,-18.42385292
728,imagenet,1,ILSVRC2012_val_00018621.JPEG,,,,-2.61755109,36.54191971
729,imagenet,1,ILSVRC2012_val_00018635.JPEG,,,,-37.57152176,21.22620392
730,imagenet,1,ILSVRC2012_val_00018649.JPEG,,,,-37.53205872,11.85532856
731,imagenet,1,ILSVRC2012_val_00018658.JPEG,,,,40.48420334,-5.97010374
732,imagenet,1,ILSVRC2012_val_00018692.JPEG,,,,-28.68913651,4.57707596
733,imagenet,1,ILSVRC2012_val_00018715.JPEG,,,,-28.10240746,-0.88794947
734,imagenet,1,ILSVRC2012_val_00018729.JPEG,,,,-26.76092720,9.84195137
735,imagenet,1,ILSVRC2012_val_00018732.JPEG,,,,7.44025421,-15.41904831
736,imagenet,1,ILSVRC2012_val_00018752.JPEG,,,,-27.54040909,-6.41345692
737,imagenet,1,ILSVRC2012_val_00018804.JPEG,,,,-18.33764267,-24.78180885
738,imagenet,1,ILSVRC2012_val_00018809.JPEG,,,,-20.15459251,27.49491882
739,imagenet,1,ILSVRC2012_val_00018839.JPEG,,,,41.16850281,8.28115273
740,imagenet,1,ILSVRC2012_val_00018886.JPEG,,,,-43.81526947,-2.78463173
741,imagenet,1,ILSVRC2012_val_00018914.JPEG,,,,9.89453697,34.98382568
742,imagenet,1,ILSVRC2012_val_00018930.JPEG,,,,-31.66787529,21.84805489
743,imagenet,1,ILSVRC2012_val_00018938.JPEG,,,,53.92259216,4.04976559
744,imagenet,1,ILSVRC2012_val_00018955.JPEG,,,,-22.03575134,6.04846525
745,imagenet,1,ILSVRC2012_val_00018981.JPEG,,,,8.51958847,6.91077089
746,imagenet,1,ILSVRC2012_val_00018995.JPEG,,,,33.51071930,-11.13342857
747,imagenet,1,ILSVRC2012_val_00019003.JPEG,,,,38.12524033,10.75216866
748,imagenet,1,ILSVRC2012_val_00019015.JPEG,,,,-8.41405487,34.56541061
749,imagenet,1,ILSVRC2012_val_00019029.JPEG,,,,36.32447052,8.21685314
750,imagenet,1,ILSVRC2012_val_00019048.JPEG,,,,-15.33247662,10.48350906
751,imagenet,1,ILSVRC2012_val_00019062.JPEG,,,,-34.22475815,8.60853100
752,imagenet,1,ILSVRC2012_val_00019089.JPEG,,,,-37.31475449,2.14162374
753,imagenet,1,ILSVRC2012_val_00019113.JPEG,,,,9.77299213,24.22605896
754,imagenet,1,ILSVRC2012_val_00019124.JPEG,,,,11.73226643,29.22144508
755,imagenet,1,ILSVRC2012_val_00019125.JPEG,,,,13.41079903,-1.98626077
756,imagenet,1,ILSVRC2012_val_00019146.JPEG,,,,36.12992859,-18.46007729
757,imagenet,1,ILSVRC2012_val_00019228.JPEG,,,,-38.10435486,-16.44855881
758,imagenet,1,ILSVRC2012_val_00019319.JPEG,,,,-26.54804039,30.10140991
759,imagenet,1,ILSVRC2012_val_00019331.JPEG,,,,-10.99155045,24.55317307
760,imagenet,1,ILSVRC2012_val_00019386.JPEG,,,,-5.81919241,-27.05421257
761,imagenet,1,ILSVRC2012_val_00019426.JPEG,,,,-12.32839966,-18.62893677
762,imagenet,1,ILSVRC2012_val_00019516.JPEG,,,,-25.47660446,-7.65935135
763,imagenet,1,ILSVRC2012_val_00019548.JPEG,,,,12.93187237,0.67268080
764,imagenet,1,ILSVRC2012_val_00019592.JPEG,,,,29.61467743,21.24151039
765,imagenet,1,ILSVRC2012_val_00019616.JPEG,,,,-40.54961014,-16.41122818
766,imagenet,1,ILSVRC2012_val_00019620.JPEG,,,,-38.55550385,-2.66397929
767,imagenet,1,ILSVRC2012_val_00019622.JPEG,,,,-24.85672951,-15.29934978
768,imagenet,1,ILSVRC2012_val_00019652.JPEG,,,,27.29022026,3.80913186
769,imagenet,1,ILSVRC2012_val_00019774.JPEG,,,,-14.20201778,24.94829178
770,imagenet,1,ILSVRC2012_val_00019778.JPEG,,,,20.67845917,-8.67492485
771,imagenet,1,ILSVRC2012_val_00019795.JPEG,,,,-28.55869102,2.84613562
772,imagenet,1,ILSVRC2012_val_00019803.JPEG,,,,-20.86847305,10.03660011
773,imagenet,1,ILSVRC2012_val_00019872.JPEG,,,,-14.69771671,-14.12765217
774,imagenet,1,ILSVRC2012_val_00019903.JPEG,,,,-6.49766159,34.21577835
775,imagenet,1,ILSVRC2012_val_00019907.JPEG,,,,-38.38506699,1.98722887
776,imagenet,1,ILSVRC2012_val_00019914.JPEG,,,,36.87019730,2.71270084
777,imagenet,1,ILSVRC2012_val_00019932.JPEG,,,,-9.25218582,12.35342789
778,imagenet,1,ILSVRC2012_val_00019941.JPEG,,,,50.68437576,7.37972355
779,imagenet,1,ILSVRC2012_val_00019949.JPEG,,,,11.60088539,34.52713776
780,imagenet,1,ILSVRC2012_val_00019958.JPEG,,,,32.52391815,20.88939095
781,imagenet,1,ILSVRC2012_val_00019983.JPEG,,,,19.43727684,-7.72198868
782,imagenet,1,ILSVRC2012_val_00019989.JPEG,,,,-42.34201813,-3.43395829
783,imagenet,1,ILSVRC2012_val_00020032.JPEG,,,,33.63085938,24.51319313
784,imagenet,1,ILSVRC2012_val_00020033.JPEG,,,,-23.99102974,-8.56584930
785,imagenet,1,ILSVRC2012_val_00020043.JPEG,,,,-11.13804245,8.61238480
786,imagenet,1,ILSVRC2012_val_00020061.JPEG,,,,-29.11914635,18.06724358
787,imagenet,1,ILSVRC2012_val_00020076.JPEG,,,,33.57840729,2.09423089
788,imagenet,1,ILSVRC2012_val_00020087.JPEG,,,,-40.10779190,7.27011919
789,imagenet,1,ILSVRC2012_val_00020108.JPEG,,,,-3.69680953,8.21045208
790,imagenet,1,ILSVRC2012_val_00020182.JPEG,,,,-30.18264580,30.51427460
791,imagenet,1,ILSVRC2012_val_00020188.JPEG,,,,-26.45358658,6.28103733
792,imagenet,1,ILSVRC2012_val_00020196.JPEG,,,,-5.47556400,-22.24497032
793,imagenet,1,ILSVRC2012_val_00020220.JPEG,,,,-25.24050903,-9.39609337
794,imagenet,1,ILSVRC2012_val_00020232.JPEG,,,,-1.90126109,35.21662140
795,imagenet,1,ILSVRC2012_val_00020246.JPEG,,,,-1.91645443,7.11498165
796,imagenet,1,ILSVRC2012_val_00020249.JPEG,,,,-19.59969902,-22.72875404
797,imagenet,1,ILSVRC2012_val_00020250.JPEG,,,,34.15293121,9.51274872
798,imagenet,1,ILSVRC2012_val_00020258.JPEG,,,,-40.74285889,-1.27255082
799,imagenet,1,ILSVRC2012_val_00020292.JPEG,,,,53.42393875,4.61988688
800,imagenet,1,ILSVRC2012_val_00020297.JPEG,,,,-9.60395813,5.17645597
801,imagenet,1,ILSVRC2012_val_00020314.JPEG,,,,8.01829433,-14.34404182
802,imagenet,1,ILSVRC2012_val_00020342.JPEG,,,,-19.26777840,-18.09152031
803,imagenet,1,ILSVRC2012_val_00020362.JPEG,,,,23.08343506,-10.73631096
804,imagenet,1,ILSVRC2012_val_00020375.JPEG,,,,1.80622530,19.72167206
805,imagenet,1,ILSVRC2012_val_00020399.JPEG,,,,1.56465459,-25.44632912
806,imagenet,1,ILSVRC2012_val_00020419.JPEG,,,,47.62844849,-2.05378318
807,imagenet,1,ILSVRC2012_val_00020442.JPEG,,,,2.03456855,6.29478979
808,imagenet,1,ILSVRC2012_val_00020462.JPEG,,,,-22.46267319,-13.25049114
809,imagenet,1,ILSVRC2012_val_00020512.JPEG,,,,-34.65881348,9.78058052
810,imagenet,1,ILSVRC2012_val_00020516.JPEG,,,,-2.81429768,-13.73427200
811,imagenet,1,ILSVRC2012_val_00020533.JPEG,,,,-8.92249775,-23.66009140
812,imagenet,1,ILSVRC2012_val_00020543.JPEG,,,,-26.79324341,-4.33461142
813,imagenet,1,ILSVRC2012_val_00020550.JPEG,,,,-6.76573038,-17.85593796
814,imagenet,1,ILSVRC2012_val_00020557.JPEG,,,,35.10168839,-0.50734860
815,imagenet,1,ILSVRC2012_val_00020560.JPEG,,,,12.19292927,-61.78075790
816,imagenet,1,ILSVRC2012_val_00020565.JPEG,,,,-45.01615524,6.76140547
817,imagenet,1,ILSVRC2012_val_00020573.JPEG,,,,39.74845886,5.84702110
818,imagenet,1,ILSVRC2012_val_00020665.JPEG,,,,-35.42001343,25.13932037
819,imagenet,1,ILSVRC2012_val_00020739.JPEG,,,,32.16620255,24.84576035
820,imagenet,1,ILSVRC2012_val_00020755.JPEG,,,,42.22737122,-8.17060471
821,imagenet,1,ILSVRC2012_val_00020756.JPEG,,,,-4.99652100,38.54461670
822,imagenet,1,ILSVRC2012_val_00020789.JPEG,,,,-28.87324333,29.35406876
823,imagenet,1,ILSVRC2012_val_00020806.JPEG,,,,38.20556641,-7.00992250
824,imagenet,1,ILSVRC2012_val_00020844.JPEG,,,,3.25861096,20.23195457
825,imagenet,1,ILSVRC2012_val_00020849.JPEG,,,,13.67950153,-22.15291786
826,imagenet,1,ILSVRC2012_val_00020863.JPEG,,,,13.53104401,-23.42497635
827,imagenet,1,ILSVRC2012_val_00020865.JPEG,,,,23.58427048,-0.26002485
828,imagenet,1,ILSVRC2012_val_00020902.JPEG,,,,-37.85407257,-15.97478199
829,imagenet,1,ILSVRC2012_val_00020928.JPEG,,,,50.56190109,5.59023237
830,imagenet,1,ILSVRC2012_val_00020929.JPEG,,,,-14.53517818,-5.46890306
831,imagenet,1,ILSVRC2012_val_00020948.JPEG,,,,8.31714153,36.53869629
832,imagenet,1,ILSVRC2012_val_00020963.JPEG,,,,-15.80033398,-22.60350609
833,imagenet,1,ILSVRC2012_val_00020981.JPEG,,,,-5.47264671,36.32449341
834,imagenet,1,ILSVRC2012_val_00021011.JPEG,,,,-18.95308876,19.93724823
835,imagenet,1,ILSVRC2012_val_00021033.JPEG,,,,33.24999237,-17.47055244
836,imagenet,1,ILSVRC2012_val_00021103.JPEG,,,,31.52960587,13.12711334
837,imagenet,1,ILSVRC2012_val_00021138.JPEG,,,,-24.49748993,8.27787781
838,imagenet,1,ILSVRC2012_val_00021162.JPEG,,,,37.73373795,11.78802681
839,imagenet,1,ILSVRC2012_val_00021216.JPEG,,,,-32.68004608,-6.54619503
840,imagenet,1,ILSVRC2012_val_00021220.JPEG,,,,-34.41971588,-16.78827477
841,imagenet,1,ILSVRC2012_val_00021241.JPEG,,,,-27.53941727,-7.91545677
842,imagenet,1,ILSVRC2012_val_00021255.JPEG,,,,-37.13677216,11.77343369
843,imagenet,1,ILSVRC2012_val_00021291.JPEG,,,,-24.39711571,-9.17275810
844,imagenet,1,ILSVRC2012_val_00021341.JPEG,,,,28.83898163,-9.85896015
845,imagenet,1,ILSVRC2012_val_00021371.JPEG,,,,33.72289276,-10.86480522
846,imagenet,1,ILSVRC2012_val_00021492.JPEG,,,,-23.58405495,6.58322191
847,imagenet,1,ILSVRC2012_val_00021506.JPEG,,,,26.90556717,26.22862244
848,imagenet,1,ILSVRC2012_val_00021533.JPEG,,,,-0.24210152,-24.18130875
849,imagenet,1,ILSVRC2012_val_00021575.JPEG,,,,-13.34177017,-26.85918427
850,imagenet,1,ILSVRC2012_val_00021606.JPEG,,,,27.40984535,-2.72982454
851,imagenet,1,ILSVRC2012_val_00021656.JPEG,,,,34.47205734,-6.11712170
852,imagenet,1,ILSVRC2012_val_00021663.JPEG,,,,16.72147369,-18.69658661
853,imagenet,1,ILSVRC2012_val_00021665.JPEG,,,,52.90085983,-0.16870156
854,imagenet,1,ILSVRC2012_val_00021730.JPEG,,,,28.17696381,-8.48355198
855,imagenet,1,ILSVRC2012_val_00021733.JPEG,,,,-33.09724426,-21.97221756
856,imagenet,1,ILSVRC2012_val_00021745.JPEG,,,,-48.02406311,-5.17208576
857,imagenet,1,ILSVRC2012_val_00021751.JPEG,,,,10.76948833,-11.00017548
858,imagenet,1,ILSVRC2012_val_00021788.JPEG,,,,4.88287783,3.49785113
859,imagenet,1,ILSVRC2012_val_00021790.JPEG,,,,28.73743248,-14.91583729
860,imagenet,1,ILSVRC2012_val_00021800.JPEG,,,,-39.31047821,-8.59018040
861,imagenet,1,ILSVRC2012_val_00021839.JPEG,,,,-20.77268600,-13.05490398
862,imagenet,1,ILSVRC2012_val_00021856.JPEG,,,,53.96010971,2.81509686
863,imagenet,1,ILSVRC2012_val_00021928.JPEG,,,,-15.38325119,9.51105499
864,imagenet,1,ILSVRC2012_val_00021989.JPEG,,,,24.12602425,-5.77853870
865,imagenet,1,ILSVRC2012_val_00022021.JPEG,,,,-17.83576393,23.39766502
866,imagenet,1,ILSVRC2012_val_00022026.JPEG,,,,46.17431259,0.68648911
867,imagenet,1,ILSVRC2012_val_00022029.JPEG,,,,16.34677505,14.92092133
868,imagenet,1,ILSVRC2012_val_00022074.JPEG,,,,53.51500702,-1.26837516
869,imagenet,1,ILSVRC2012_val_00022130.JPEG,,,,24.84440041,-13.86149693
870,imagenet,1,ILSVRC2012_val_00022158.JPEG,,,,-8.71008205,-25.50906944
871,imagenet,1,ILSVRC2012_val_00022159.JPEG,,,,35.43661880,5.93193483
872,imagenet,1,ILSVRC2012_val_00022174.JPEG,,,,-15.48421097,11.39856529
873,imagenet,1,ILSVRC2012_val_00022220.JPEG,,,,10.79143143,31.63129807
874,imagenet,1,ILSVRC2012_val_00022235.JPEG,,,,9.91583347,12.56657219
875,imagenet,1,ILSVRC2012_val_00022246.JPEG,,,,-21.48056030,18.75896072
876,imagenet,1,ILSVRC2012_val_00022279.JPEG,,,,-17.37355804,-13.92216682
877,imagenet,1,ILSVRC2012_val_00022299.JPEG,,,,20.30775833,12.49048519
878,imagenet,1,ILSVRC2012_val_00022348.JPEG,,,,-9.32709789,36.75383759
879,imagenet,1,ILSVRC2012_val_00022354.JPEG,,,,-6.17129993,17.67068481
880,imagenet,1,ILSVRC2012_val_00022362.JPEG,,,,-31.86205482,8.35398388
881,imagenet,1,ILSVRC2012_val_00022518.JPEG,,,,-23.51338577,26.09554863
882,imagenet,1,ILSVRC2012_val_00022555.JPEG,,,,-15.14335918,-27.02416801
883,imagenet,1,ILSVRC2012_val_00022561.JPEG,,,,-8.08769798,-25.77350998
884,imagenet,1,ILSVRC2012_val_00022581.JPEG,,,,-35.97808838,-22.72913742
885,imagenet,1,ILSVRC2012_val_00022586.JPEG,,,,-7.98539257,-9.06733227
886,imagenet,1,ILSVRC2012_val_00022604.JPEG,,,,43.48126984,1.02751863
887,imagenet,1,ILSVRC2012_val_00022624.JPEG,,,,20.94867897,-6.69534779
888,imagenet,1,ILSVRC2012_val_00022626.JPEG,,,,38.99086761,8.93068123
889,imagenet,1,ILSVRC2012_val_00022631.JPEG,,,,-39.19065857,2.70134234
890,imagenet,1,ILSVRC2012_val_00022656.JPEG,,,,-41.14911652,12.60301018
891,imagenet,1,ILSVRC2012_val_00022681.JPEG,,,,41.85814667,-3.54482031
892,imagenet,1,ILSVRC2012_val_00022683.JPEG,,,,-12.53209686,-14.01580811
893,imagenet,1,ILSVRC2012_val_00022693.JPEG,,,,4.05166817,20.85333061
894,imagenet,1,ILSVRC2012_val_00022714.JPEG,,,,26.29267693,27.24617386
895,imagenet,1,ILSVRC2012_val_00022720.JPEG,,,,16.79201126,35.10920715
896,imagenet,1,ILSVRC2012_val_00022735.JPEG,,,,41.35199738,2.80902696
897,imagenet,1,ILSVRC2012_val_00022751.JPEG,,,,-22.77635384,29.92499352
898,imagenet,1,ILSVRC2012_val_00022758.JPEG,,,,-16.33003616,-7.01528406
899,imagenet,1,ILSVRC2012_val_00022772.JPEG,,,,35.77972412,19.43924141
900,imagenet,1,ILSVRC2012_val_00022779.JPEG,,,,-8.40792274,-28.57905579
901,imagenet,1,ILSVRC2012_val_00022807.JPEG,,,,-15.95212841,-19.14037323
902,imagenet,1,ILSVRC2012_val_00022839.JPEG,,,,3.05963397,11.43742085
903,imagenet,1,ILSVRC2012_val_00022856.JPEG,,,,-33.92284012,12.65841770
904,imagenet,1,ILSVRC2012_val_00022922.JPEG,,,,-25.44318962,6.49438810
905,imagenet,1,ILSVRC2012_val_00022942.JPEG,,,,43.29974747,2.03088427
906,imagenet,1,ILSVRC2012_val_00022948.JPEG,,,,6.70297670,19.28819847
907,imagenet,1,ILSVRC2012_val_00022970.JPEG,,,,-25.42423630,5.23887110
908,imagenet,1,ILSVRC2012_val_00022971.JPEG,,,,-23.07241631,1.36994255
909,imagenet,1,ILSVRC2012_val_00022972.JPEG,,,,35.73677826,-0.58254725
910,imagenet,1,ILSVRC2012_val_00022991.JPEG,,,,-9.26516628,-13.40271854
911,imagenet,1,ILSVRC2012_val_00022998.JPEG,,,,-5.75053549,-2.39731669
912,imagenet,1,ILSVRC2012_val_00023007.JPEG,,,,31.61179161,-11.48895264
913,imagenet,1,ILSVRC2012_val_00023060.JPEG,,,,-30.63334465,15.98253727
914,imagenet,1,ILSVRC2012_val_00023087.JPEG,,,,31.42923546,-17.36360359
915,imagenet,1,ILSVRC2012_val_00023110.JPEG,,,,-31.31489182,-11.30611038
916,imagenet,1,ILSVRC2012_val_00023155.JPEG,,,,-34.93706131,1.26857901
917,imagenet,1,ILSVRC2012_val_00023157.JPEG,,,,-22.06110573,-3.53015327
918,imagenet,1,ILSVRC2012_val_00023159.JPEG,,,,28.95684624,11.45351982
919,imagenet,1,ILSVRC2012_val_00023201.JPEG,,,,-10.04666901,16.66974449
920,imagenet,1,ILSVRC2012_val_00023225.JPEG,,,,44.86320114,1.02656972
921,imagenet,1,ILSVRC2012_val_00023258.JPEG,,,,-44.25655746,-0.89765704
922,imagenet,1,ILSVRC2012_val_00023260.JPEG,,,,-35.40143585,-13.00977135
923,imagenet,1,ILSVRC2012_val_00023265.JPEG,,,,-11.45963573,-11.08288097
924,imagenet,1,ILSVRC2012_val_00023327.JPEG,,,,-12.39502716,14.25462341
925,imagenet,1,ILSVRC2012_val_00023363.JPEG,,,,-16.89307404,22.38261986
926,imagenet,1,ILSVRC2012_val_00023419.JPEG,,,,18.95941734,-24.65629005
927,imagenet,1,ILSVRC2012_val_00023448.JPEG,,,,3.75652695,24.77799988
928,imagenet,1,ILSVRC2012_val_00023455.JPEG,,,,-2.75271821,16.07290459
929,imagenet,1,ILSVRC2012_val_00023517.JPEG,,,,6.01561022,-23.13162613
930,imagenet,1,ILSVRC2012_val_00023591.JPEG,,,,-39.09081268,5.67739487
931,imagenet,1,ILSVRC2012_val_00023594.JPEG,,,,5.34243011,17.96685982
932,imagenet,1,ILSVRC2012_val_00023606.JPEG,,,,26.33283424,0.64922822
933,imagenet,1,ILSVRC2012_val_00023644.JPEG,,,,-4.31325483,36.82203293
934,imagenet,1,ILSVRC2012_val_00023646.JPEG,,,,-34.65876007,-1.70386481
935,imagenet,1,ILSVRC2012_val_00023675.JPEG,,,,-25.54681206,-14.89617920
936,imagenet,1,ILSVRC2012_val_00023703.JPEG,,,,19.29721642,25.76126862
937,imagenet,1,ILSVRC2012_val_00023729.JPEG,,,,-23.85916901,10.06284428
938,imagenet,1,ILSVRC2012_val_00023740.JPEG,,,,5.27798748,13.90253067
939,imagenet,1,ILSVRC2012_val_00023750.JPEG,,,,-36.64977646,-19.21413803
940,imagenet,1,ILSVRC2012_val_00023784.JPEG,,,,-9.12086678,-24.56305695
941,imagenet,1,ILSVRC2012_val_00023786.JPEG,,,,-36.59511185,-18.10776711
942,imagenet,1,ILSVRC2012_val_00023788.JPEG,,,,-16.91044998,-4.22893572
943,imagenet,1,ILSVRC2012_val_00023811.JPEG,,,,-3.15149736,-6.54574060
944,imagenet,1,ILSVRC2012_val_00023822.JPEG,,,,-28.52941132,26.18801308
945,imagenet,1,ILSVRC2012_val_00023832.JPEG,,,,12.59574795,32.53428268
946,imagenet,1,ILSVRC2012_val_00023838.JPEG,,,,16.02961159,34.00154877
947,imagenet,1,ILSVRC2012_val_00023843.JPEG,,,,32.43370438,20.59209824
948,imagenet,1,ILSVRC2012_val_00023862.JPEG,,,,23.42029953,1.67667127
949,imagenet,1,ILSVRC2012_val_00023873.JPEG,,,,-33.43780899,17.19052315
950,imagenet,1,ILSVRC2012_val_00023922.JPEG,,,,-23.37393570,-20.55653191
951,imagenet,1,ILSVRC2012_val_00023929.JPEG,,,,41.43426514,-13.41570473
952,imagenet,1,ILSVRC2012_val_00023939.JPEG,,,,-18.04887009,-8.11605835
953,imagenet,1,ILSVRC2012_val_00023951.JPEG,,,,-24.93474770,-12.91833782
954,imagenet,1,ILSVRC2012_val_00023959.JPEG,,,,27.76360130,-19.79667282
955,imagenet,1,ILSVRC2012_val_00024049.JPEG,,,,-37.90741730,8.05373955
956,imagenet,1,ILSVRC2012_val_00024101.JPEG,,,,-2.53561568,-2.69143844
957,imagenet,1,ILSVRC2012_val_00024119.JPEG,,,,-37.34088135,14.60634804
958,imagenet,1,ILSVRC2012_val_00024142.JPEG,,,,-5.93427992,-28.45819855
959,imagenet,1,ILSVRC2012_val_00024145.JPEG,,,,12.41060925,-14.50927544
960,imagenet,1,ILSVRC2012_val_00024176.JPEG,,,,26.92025757,21.99889565
961,imagenet,1,ILSVRC2012_val_00024179.JPEG,,,,-9.97794437,-21.76196098
962,imagenet,1,ILSVRC2012_val_00024222.JPEG,,,,36.04753876,-17.19722366
963,imagenet,1,ILSVRC2012_val_00024241.JPEG,,,,15.49122524,21.58819199
964,imagenet,1,ILSVRC2012_val_00024244.JPEG,,,,-15.22874260,-19.40520477
965,imagenet,1,ILSVRC2012_val_00024302.JPEG,,,,-3.33005857,7.15337896
966,imagenet,1,ILSVRC2012_val_00024316.JPEG,,,,17.61598587,-21.44962120
967,imagenet,1,ILSVRC2012_val_00024326.JPEG,,,,-1.49064124,-7.23726320
968,imagenet,1,ILSVRC2012_val_00024333.JPEG,,,,-26.76308441,-1.54004085
969,imagenet,1,ILSVRC2012_val_00024377.JPEG,,,,8.77271366,13.03404713
970,imagenet,1,ILSVRC2012_val_00024447.JPEG,,,,-11.80869961,-4.77238178
971,imagenet,1,ILSVRC2012_val_00024463.JPEG,,,,-6.95956039,-28.49053574
972,imagenet,1,ILSVRC2012_val_00024467.JPEG,,,,0.22305571,12.94151878
973,imagenet,1,ILSVRC2012_val_00024491.JPEG,,,,7.35166407,-19.50819588
974,imagenet,1,ILSVRC2012_val_00024513.JPEG,,,,28.66861725,-16.32486343
975,imagenet,1,ILSVRC2012_val_00024549.JPEG,,,,-17.81875038,28.38979721
976,imagenet,1,ILSVRC2012_val_00024561.JPEG,,,,7.21402073,29.43659782
977,imagenet,1,ILSVRC2012_val_00024581.JPEG,,,,4.39205408,22.22734833
978,imagenet,1,ILSVRC2012_val_00024599.JPEG,,,,34.43297195,22.77995110
979,imagenet,1,ILSVRC2012_val_00024620.JPEG,,,,-19.58003426,-7.64638090
980,imagenet,1,ILSVRC2012_val_00024667.JPEG,,,,-34.88578796,7.24087095
981,imagenet,1,ILSVRC2012_val_00024709.JPEG,,,,30.78990936,-6.09273815
982,imagenet,1,ILSVRC2012_val_00024784.JPEG,,,,-37.33023453,-19.72994423
983,imagenet,1,ILSVRC2012_val_00024805.JPEG,,,,-27.26448631,-16.37798882
984,imagenet,1,ILSVRC2012_val_00024824.JPEG,,,,-32.75488281,7.21711397
985,imagenet,1,ILSVRC2012_val_00024904.JPEG,,,,-30.85448265,-9.67123890
986,imagenet,1,ILSVRC2012_val_00024914.JPEG,,,,-6.26794291,23.45661163
987,imagenet,1,ILSVRC2012_val_00024977.JPEG,,,,-3.71290731,-13.82223797
988,imagenet,1,ILSVRC2012_val_00025045.JPEG,,,,-40.65694046,5.48473883
989,imagenet,1,ILSVRC2012_val_00025052.JPEG,,,,-20.92557144,-18.61173820
990,imagenet,1,ILSVRC2012_val_00025062.JPEG,,,,-15.90061569,-28.92749023
991,imagenet,1,ILSVRC2012_val_00025082.JPEG,,,,31.72990990,16.32615280
992,imagenet,1,ILSVRC2012_val_00025085.JPEG,,,,26.99162865,-11.11409092
993,imagenet,1,ILSVRC2012_val_00025144.JPEG,,,,-0.42892399,12.89980030
994,imagenet,1,ILSVRC2012_val_00025164.JPEG,,,,-32.71092224,9.14293957
995,imagenet,1,ILSVRC2012_val_00025180.JPEG,,,,-9.89381123,29.48347855
996,imagenet,1,ILSVRC2012_val_00025214.JPEG,,,,-40.73947525,-3.47811508
997,imagenet,1,ILSVRC2012_val_00025257.JPEG,,,,13.28501892,34.73933029
998,imagenet,1,ILSVRC2012_val_00025271.JPEG,,,,30.68384361,-3.87717295
999,imagenet,1,ILSVRC2012_val_00025283.JPEG,,,,24.44178963,-1.71539831
1000,imagenet,1,ILSVRC2012_val_00025336.JPEG,,,,-26.33545113,14.17900181
1001,imagenet,1,ILSVRC2012_val_00025353.JPEG,,,,-38.37062836,12.49398708
1002,imagenet,1,ILSVRC2012_val_00025357.JPEG,,,,-40.33340073,-5.27819490
1003,imagenet,1,ILSVRC2012_val_00025373.JPEG,,,,-43.72803879,-4.66828060
1004,imagenet,1,ILSVRC2012_val_00025422.JPEG,,,,-35.51551819,1.00109458
1005,imagenet,1,ILSVRC2012_val_00025428.JPEG,,,,29.26829147,16.52259827
1006,imagenet,1,ILSVRC2012_val_00025476.JPEG,,,,-4.89484024,7.21800518
1007,imagenet,1,ILSVRC2012_val_00025512.JPEG,,,,-24.95966911,1.27861953
1008,imagenet,1,ILSVRC2012_val_00025514.JPEG,,,,-33.98221970,-14.01145744
1009,imagenet,1,ILSVRC2012_val_00025519.JPEG,,,,2.91406846,31.94853973
1010,imagenet,1,ILSVRC2012_val_00025557.JPEG,,,,36.79579544,23.44501114
1011,imagenet,1,ILSVRC2012_val_00025570.JPEG,,,,32.92006683,5.57066011
1012,imagenet,1,ILSVRC2012_val_00025597.JPEG,,,,51.27898407,3.48276663
1013,imagenet,1,ILSVRC2012_val_00025610.JPEG,,,,15.55564690,25.91386414
1014,imagenet,1,ILSVRC2012_val_00025611.JPEG,,,,14.16135120,-0.98581201
1015,imagenet,1,ILSVRC2012_val_00025619.JPEG,,,,36.18931198,-15.44638348
1016,imagenet,1,ILSVRC2012_val_00025631.JPEG,,,,-23.42160225,-1.49789703
1017,imagenet,1,ILSVRC2012_val_00025636.JPEG,,,,16.40034294,-23.12801361
1018,imagenet,1,ILSVRC2012_val_00025686.JPEG,,,,24.44455338,-19.81972885
1019,imagenet,1,ILSVRC2012_val_00025694.JPEG,,,,26.58762741,3.61338210
1020,imagenet,1,ILSVRC2012_val_00025718.JPEG,,,,5.50086164,10.59801483
1021,imagenet,1,ILSVRC2012_val_00025720.JPEG,,,,-12.56958389,18.79997444
1022,imagenet,1,ILSVRC2012_val_00025726.JPEG,,,,-19.62688637,-3.37598300
1023,imagenet,1,ILSVRC2012_val_00025731.JPEG,,,,-43.99975586,-5.80836821
1024,imagenet,1,ILSVRC2012_val_00025732.JPEG,,,,27.61795807,-12.55222988
1025,imagenet,1,ILSVRC2012_val_00025765.JPEG,,,,-32.60634232,5.99421167
1026,imagenet,1,ILSVRC2012_val_00025792.JPEG,,,,11.15663528,-19.06865692
1027,imagenet,1,ILSVRC2012_val_00025803.JPEG,,,,44.71147537,-0.84898412
1028,imagenet,1,ILSVRC2012_val_00025830.JPEG,,,,-23.80108833,5.07829618
1029,imagenet,1,ILSVRC2012_val_00025848.JPEG,,,,-34.29139328,-11.33124256
1030,imagenet,1,ILSVRC2012_val_00025851.JPEG,,,,-45.60956192,-8.44781876
1031,imagenet,1,ILSVRC2012_val_00025853.JPEG,,,,15.86608887,-21.94963264
1032,imagenet,1,ILSVRC2012_val_00025871.JPEG,,,,-16.93442726,14.76404953
1033,imagenet,1,ILSVRC2012_val_00025880.JPEG,,,,14.33475780,19.95011139
1034,imagenet,1,ILSVRC2012_val_00025882.JPEG,,,,-42.00227356,-12.30150509
1035,imagenet,1,ILSVRC2012_val_00025901.JPEG,,,,16.48982620,-10.78764820
1036,imagenet,1,ILSVRC2012_val_00025906.JPEG,,,,15.94940472,11.59342766
1037,imagenet,1,ILSVRC2012_val_00025927.JPEG,,,,-11.49983788,16.77527428
1038,imagenet,1,ILSVRC2012_val_00025948.JPEG,,,,1.79917777,-25.93059921
1039,imagenet,1,ILSVRC2012_val_00025972.JPEG,,,,-23.26132393,-7.43208742
1040,imagenet,1,ILSVRC2012_val_00025986.JPEG,,,,0.77203572,-4.26631069
1041,imagenet,1,ILSVRC2012_val_00025992.JPEG,,,,-22.39955521,-17.13293648
1042,imagenet,1,ILSVRC2012_val_00026017.JPEG,,,,41.74242783,12.63759995
1043,imagenet,1,ILSVRC2012_val_00026047.JPEG,,,,-10.03814888,-8.65278625
1044,imagenet,1,ILSVRC2012_val_00026081.JPEG,,,,-26.93580055,-13.45150757
1045,imagenet,1,ILSVRC2012_val_00026095.JPEG,,,,50.02588272,8.43061066
1046,imagenet,1,ILSVRC2012_val_00026103.JPEG,,,,-22.09619904,-5.45836735
1047,imagenet,1,ILSVRC2012_val_00026113.JPEG,,,,18.59133148,-6.53705931
1048,imagenet,1,ILSVRC2012_val_00026120.JPEG,,,,-37.07291412,0.40747958
1049,imagenet,1,ILSVRC2012_val_00026132.JPEG,,,,48.75677490,3.68739581
1050,imagenet,1,ILSVRC2012_val_00026141.JPEG,,,,-26.77776718,-13.52057266
1051,imagenet,1,ILSVRC2012_val_00026146.JPEG,,,,15.21578026,17.16722298
1052,imagenet,1,ILSVRC2012_val_00026152.JPEG,,,,-35.13951492,21.94572067
1053,imagenet,1,ILSVRC2012_val_00026155.JPEG,,,,50.54623032,-1.48044884
1054,imagenet,1,ILSVRC2012_val_00026204.JPEG,,,,54.46910095,0.63075060
1055,imagenet,1,ILSVRC2012_val_00026212.JPEG,,,,-29.23034477,10.93324566
1056,imagenet,1,ILSVRC2012_val_00026225.JPEG,,,,8.45235920,-24.41131783
1057,imagenet,1,ILSVRC2012_val_00026327.JPEG,,,,48.03629684,1.43016624
1058,imagenet,1,ILSVRC2012_val_00026328.JPEG,,,,34.53562546,-13.67297554
1059,imagenet,1,ILSVRC2012_val_00026339.JPEG,,,,-12.77768230,-11.62919521
1060,imagenet,1,ILSVRC2012_val_00026344.JPEG,,,,-22.95106316,22.88760376
1061,imagenet,1,ILSVRC2012_val_00026346.JPEG,,,,5.06748486,28.55443001
1062,imagenet,1,ILSVRC2012_val_00026355.JPEG,,,,-35.49621582,-6.15790892
1063,imagenet,1,ILSVRC2012_val_00026372.JPEG,,,,-13.45674419,4.01537228
1064,imagenet,1,ILSVRC2012_val_00026400.JPEG,,,,34.33259583,-5.44091988
1065,imagenet,1,ILSVRC2012_val_00026477.JPEG,,,,-30.56306267,-9.43007088
1066,imagenet,1,ILSVRC2012_val_00026479.JPEG,,,,10.65262318,13.83951092
1067,imagenet,1,ILSVRC2012_val_00026486.JPEG,,,,-25.16932106,-25.03321457
1068,imagenet,1,ILSVRC2012_val_00026536.JPEG,,,,-5.45390272,14.26030540
1069,imagenet,1,ILSVRC2012_val_00026545.JPEG,,,,26.89820290,23.81726456
1070,imagenet,1,ILSVRC2012_val_00026598.JPEG,,,,26.30711937,4.59442568
1071,imagenet,1,ILSVRC2012_val_00026602.JPEG,,,,34.31768036,4.66058874
1072,imagenet,1,ILSVRC2012_val_00026616.JPEG,,,,19.53765488,-22.79830551
1073,imagenet,1,ILSVRC2012_val_00026632.JPEG,,,,33.89232254,-8.79218674
1074,imagenet,1,ILSVRC2012_val_00026652.JPEG,,,,20.53109360,-13.37183189
1075,imagenet,1,ILSVRC2012_val_00026661.JPEG,,,,-6.41020298,29.78085327
1076,imagenet,1,ILSVRC2012_val_00026672.JPEG,,,,12.93218899,-8.07088852
1077,imagenet,1,ILSVRC2012_val_00026688.JPEG,,,,-5.04901743,-24.02164078
1078,imagenet,1,ILSVRC2012_val_00026697.JPEG,,,,-32.65525055,-2.84302211
1079,imagenet,1,ILSVRC2012_val_00026706.JPEG,,,,-14.21116257,16.77088737
1080,imagenet,1,ILSVRC2012_val_00026755.JPEG,,,,17.83744240,-22.60111618
1081,imagenet,1,ILSVRC2012_val_00026778.JPEG,,,,28.03660583,19.33908272
1082,imagenet,1,ILSVRC2012_val_00026807.JPEG,,,,-14.29247570,-0.82195926
1083,imagenet,1,ILSVRC2012_val_00026862.JPEG,,,,24.40527344,20.71468735
1084,imagenet,1,ILSVRC2012_val_00026875.JPEG,,,,32.34341049,-3.49910784
1085,imagenet,1,ILSVRC2012_val_00026878.JPEG,,,,-12.73007965,16.19079208
1086,imagenet,1,ILSVRC2012_val_00026880.JPEG,,,,-23.97179604,26.97484398
1087,imagenet,1,ILSVRC2012_val_00026922.JPEG,,,,-17.02027321,-4.43986225
1088,imagenet,1,ILSVRC2012_val_00026930.JPEG,,,,22.29009628,-26.88825989
1089,imagenet,1,ILSVRC2012_val_00027006.JPEG,,,,45.14443207,9.46636009
1090,imagenet,1,ILSVRC2012_val_00027019.JPEG,,,,34.82835770,-20.60290146
1091,imagenet,1,ILSVRC2012_val_00027021.JPEG,,,,-2.57386327,-11.82078934
1092,imagenet,1,ILSVRC2012_val_00027053.JPEG,,,,26.86364937,21.76869774
1093,imagenet,1,ILSVRC2012_val_00027061.JPEG,,,,25.36810875,10.17248917
1094,imagenet,1,ILSVRC2012_val_00027065.JPEG,,,,-35.17590332,17.02809334
1095,imagenet,1,ILSVRC2012_val_00027066.JPEG,,,,14.48104763,-5.80345869
1096,imagenet,1,ILSVRC2012_val_00027067.JPEG,,,,-37.25531387,-5.60233974
1097,imagenet,1,ILSVRC2012_val_00027108.JPEG,,,,-32.73278046,-8.86831856
1098,imagenet,1,ILSVRC2012_val_00027117.JPEG,,,,25.14718437,-20.90495682
1099,imagenet,1,ILSVRC2012_val_00027124.JPEG,,,,-32.96965790,-11.36795425
1100,imagenet,1,ILSVRC2012_val_00027132.JPEG,,,,41.00284576,9.08768368
1101,imagenet,1,ILSVRC2012_val_00027134.JPEG,,,,-7.64892626,-10.61723423
1102,imagenet,1,ILSVRC2012_val_00027146.JPEG,,,,-16.96154213,31.72997284
1103,imagenet,1,ILSVRC2012_val_00027151.JPEG,,,,-0.03666105,-0.61218256
1104,imagenet,1,ILSVRC2012_val_00027153.JPEG,,,,4.83763933,17.56641006
1105,imagenet,1,ILSVRC2012_val_00027163.JPEG,,,,21.28014183,-12.43315411
1106,imagenet,1,ILSVRC2012_val_00027177.JPEG,,,,-17.78853989,-18.04650497
1107,imagenet,1,ILSVRC2012_val_00027178.JPEG,,,,-10.40971088,1.79955006
1108,imagenet,1,ILSVRC2012_val_00027211.JPEG,,,,30.07397652,-16.60631180
1109,imagenet,1,ILSVRC2012_val_00027237.JPEG,,,,-35.03422165,6.63419580
1110,imagenet,1,ILSVRC2012_val_00027248.JPEG,,,,34.61913300,-5.07252645
1111,imagenet,1,ILSVRC2012_val_00027330.JPEG,,,,-29.00219917,10.59371090
1112,imagenet,1,ILSVRC2012_val_00027351.JPEG,,,,36.09906006,11.03403091
1113,imagenet,1,ILSVRC2012_val_00027375.JPEG,,,,6.07891130,-16.43172455
1114,imagenet,1,ILSVRC2012_val_00027385.JPEG,,,,-0.23352398,-0.96405661
1115,imagenet,1,ILSVRC2012_val_00027428.JPEG,,,,-23.20352173,-7.98646212
1116,imagenet,1,ILSVRC2012_val_00027481.JPEG,,,,-28.92253876,8.18910313
1117,imagenet,1,ILSVRC2012_val_00027517.JPEG,,,,-13.18492413,-23.75903893
1118,imagenet,1,ILSVRC2012_val_00027533.JPEG,,,,38.47238541,1.80954623
1119,imagenet,1,ILSVRC2012_val_00027539.JPEG,,,,-19.20494843,-24.09645271
1120,imagenet,1,ILSVRC2012_val_00027560.JPEG,,,,-20.21177864,25.26301956
1121,imagenet,1,ILSVRC2012_val_00027584.JPEG,,,,-8.75445461,35.41234589
1122,imagenet,1,ILSVRC2012_val_00027631.JPEG,,,,9.20174503,-10.15735340
1123,imagenet,1,ILSVRC2012_val_00027632.JPEG,,,,6.30321121,18.95342636
1124,imagenet,1,ILSVRC2012_val_00027642.JPEG,,,,-31.12761497,-11.34935474
1125,imagenet,1,ILSVRC2012_val_00027659.JPEG,,,,6.22403002,32.58024216
1126,imagenet,1,ILSVRC2012_val_00027660.JPEG,,,,52.18005371,-2.39427280
1127,imagenet,1,ILSVRC2012_val_00027703.JPEG,,,,-22.64024162,9.22657490
1128,imagenet,1,ILSVRC2012_val_00027713.JPEG,,,,-6.34381628,-4.68866205
1129,imagenet,1,ILSVRC2012_val_00027760.JPEG,,,,-11.32865810,-0.94076604
1130,imagenet,1,ILSVRC2012_val_00027807.JPEG,,,,-7.92475700,10.93302631
1131,imagenet,1,ILSVRC2012_val_00027820.JPEG,,,,40.57071304,8.31608868
1132,imagenet,1,ILSVRC2012_val_00027836.JPEG,,,,-27.88139343,-10.58283138
1133,imagenet,1,ILSVRC2012_val_00027866.JPEG,,,,47.89421082,-5.24822807
1134,imagenet,1,ILSVRC2012_val_00027951.JPEG,,,,43.34184265,-0.46092600
1135,imagenet,1,ILSVRC2012_val_00027985.JPEG,,,,-40.26622772,12.26245499
1136,imagenet,1,ILSVRC2012_val_00028049.JPEG,,,,-35.68583679,-13.52179241
1137,imagenet,1,ILSVRC2012_val_00028076.JPEG,,,,33.84495544,-5.94105244
1138,imagenet,1,ILSVRC2012_val_00028101.JPEG,,,,-23.70439148,-14.62602425
1139,imagenet,1,ILSVRC2012_val_00028109.JPEG,,,,-5.23562527,-24.20290375
1140,imagenet,1,ILSVRC2012_val_00028132.JPEG,,,,-10.26275730,28.25021553
1141,imagenet,1,ILSVRC2012_val_00028296.JPEG,,,,7.44125080,22.75410461
1142,imagenet,1,ILSVRC2012_val_00028323.JPEG,,,,-42.07728577,1.56405973
1143,imagenet,1,ILSVRC2012_val_00028418.JPEG,,,,-33.35016251,2.81998706
1144,imagenet,1,ILSVRC2012_val_00028424.JPEG,,,,-18.57681274,6.53240013
1145,imagenet,1,ILSVRC2012_val_00028437.JPEG,,,,-40.99931717,-16.28665352
1146,imagenet,1,ILSVRC2012_val_00028438.JPEG,,,,-26.37823486,4.87567711
1147,imagenet,1,ILSVRC2012_val_00028466.JPEG,,,,-36.36808395,7.26049519
1148,imagenet,1,ILSVRC2012_val_00028475.JPEG,,,,4.57736206,28.82002831
1149,imagenet,1,ILSVRC2012_val_00028557.JPEG,,,,-18.71997643,13.17593575
1150,imagenet,1,ILSVRC2012_val_00028582.JPEG,,,,48.91839218,4.55909252
1151,imagenet,1,ILSVRC2012_val_00028584.JPEG,,,,22.30937004,22.88660431
1152,imagenet,1,ILSVRC2012_val_00028590.JPEG,,,,23.25261879,-26.75479698
1153,imagenet,1,ILSVRC2012_val_00028592.JPEG,,,,-4.78216839,-11.00291443
1154,imagenet,1,ILSVRC2012_val_00028657.JPEG,,,,25.78016281,10.14454651
1155,imagenet,1,ILSVRC2012_val_00028660.JPEG,,,,37.70886612,-8.06515884
1156,imagenet,1,ILSVRC2012_val_00028667.JPEG,,,,-27.53563499,8.88259602
1157,imagenet,1,ILSVRC2012_val_00028671.JPEG,,,,4.46374083,-23.42744637
1158,imagenet,1,ILSVRC2012_val_00028683.JPEG,,,,-16.58139229,7.16123438
1159,imagenet,1,ILSVRC2012_val_00028702.JPEG,,,,-4.53850079,31.63178635
1160,imagenet,1,ILSVRC2012_val_00028794.JPEG,,,,-19.24486351,4.20935535
1161,imagenet,1,ILSVRC2012_val_00028898.JPEG,,,,-35.75034714,22.86826134
1162,imagenet,1,ILSVRC2012_val_00028901.JPEG,,,,-6.21704245,-15.33470535
1163,imagenet,1,ILSVRC2012_val_00028905.JPEG,,,,3.24107361,-20.38737106
1164,imagenet,1,ILSVRC2012_val_00028919.JPEG,,,,0.23686628,31.18259430
1165,imagenet,1,ILSVRC2012_val_00028946.JPEG,,,,15.34536076,21.46828651
1166,imagenet,1,ILSVRC2012_val_00028959.JPEG,,,,2.39582658,33.51772690
1167,imagenet,1,ILSVRC2012_val_00028993.JPEG,,,,-0.94243044,31.12009239
1168,imagenet,1,ILSVRC2012_val_00029050.JPEG,,,,-19.80859947,-13.52017117
1169,imagenet,1,ILSVRC2012_val_00029059.JPEG,,,,5.57653284,21.39912987
1170,imagenet,1,ILSVRC2012_val_00029077.JPEG,,,,11.04771996,-23.70006943
1171,imagenet,1,ILSVRC2012_val_00029102.JPEG,,,,-0.34140471,6.46691179
1172,imagenet,1,ILSVRC2012_val_00029108.JPEG,,,,-14.79994297,13.76373196
1173,imagenet,1,ILSVRC2012_val_00029111.JPEG,,,,-23.70115471,14.72574902
1174,imagenet,1,ILSVRC2012_val_00029120.JPEG,,,,-43.90545654,3.04439020
1175,imagenet,1,ILSVRC2012_val_00029127.JPEG,,,,-20.89938927,-10.77706432
1176,imagenet,1,ILSVRC2012_val_00029135.JPEG,,,,25.59566879,27.57873535
1177,imagenet,1,ILSVRC2012_val_00029140.JPEG,,,,-24.38624573,9.83442974
1178,imagenet,1,ILSVRC2012_val_00029163.JPEG,,,,-41.99101257,7.37795258
1179,imagenet,1,ILSVRC2012_val_00029171.JPEG,,,,-4.90168667,36.68577576
1180,imagenet,1,ILSVRC2012_val_00029194.JPEG,,,,5.33789158,-10.54529572
1181,imagenet,1,ILSVRC2012_val_00029205.JPEG,,,,-12.53777981,35.04862595
1182,imagenet,1,ILSVRC2012_val_00029222.JPEG,,,,-41.63419724,19.57763290
1183,imagenet,1,ILSVRC2012_val_00029229.JPEG,,,,9.55216885,35.49909973
1184,imagenet,1,ILSVRC2012_val_00029275.JPEG,,,,45.20055008,-6.59679127
1185,imagenet,1,ILSVRC2012_val_00029282.JPEG,,,,-40.83334732,2.50494170
1186,imagenet,1,ILSVRC2012_val_00029290.JPEG,,,,-40.35674667,1.58866215
1187,imagenet,1,ILSVRC2012_val_00029298.JPEG,,,,7.49144220,22.23990631
1188,imagenet,1,ILSVRC2012_val_00029320.JPEG,,,,25.53439713,-10.53429222
1189,imagenet,1,ILSVRC2012_val_00029353.JPEG,,,,52.02574539,9.33970070
1190,imagenet,1,ILSVRC2012_val_00029413.JPEG,,,,-15.26158047,-15.70006561
1191,imagenet,1,ILSVRC2012_val_00029424.JPEG,,,,37.90293121,10.31124592
1192,imagenet,1,ILSVRC2012_val_00029435.JPEG,,,,10.03357506,-14.10507298
1193,imagenet,1,ILSVRC2012_val_00029483.JPEG,,,,-41.00993347,18.70818329
1194,imagenet,1,ILSVRC2012_val_00029513.JPEG,,,,-26.92193222,1.17019725
1195,imagenet,1,ILSVRC2012_val_00029527.JPEG,,,,39.08423233,-1.68842125
1196,imagenet,1,ILSVRC2012_val_00029592.JPEG,,,,9.25360680,22.36998940
1197,imagenet,1,ILSVRC2012_val_00029621.JPEG,,,,-18.12219620,-0.02467779
1198,imagenet,1,ILSVRC2012_val_00029650.JPEG,,,,-3.49122262,-2.03343797
1199,imagenet,1,ILSVRC2012_val_00029686.JPEG,,,,-38.11431885,-2.98669600
1200,imagenet,1,ILSVRC2012_val_00029691.JPEG,,,,-23.01946068,26.24914360
1201,imagenet,1,ILSVRC2012_val_00029708.JPEG,,,,17.43285370,32.96699142
1202,imagenet,1,ILSVRC2012_val_00029756.JPEG,,,,-41.17136765,-2.73422670
1203,imagenet,1,ILSVRC2012_val_00029867.JPEG,,,,32.29487610,0.72121543
1204,imagenet,1,ILSVRC2012_val_00029897.JPEG,,,,-43.70640182,-0.55967999
1205,imagenet,1,ILSVRC2012_val_00029916.JPEG,,,,-9.84139538,19.98837280
1206,imagenet,1,ILSVRC2012_val_00029941.JPEG,,,,3.60463214,32.48975754
1207,imagenet,1,ILSVRC2012_val_00029963.JPEG,,,,-37.63545609,-22.40118027
1208,imagenet,1,ILSVRC2012_val_00030044.JPEG,,,,28.58535957,-14.57789612
1209,imagenet,1,ILSVRC2012_val_00030067.JPEG,,,,-24.04336357,-23.26771545
1210,imagenet,1,ILSVRC2012_val_00030079.JPEG,,,,45.40705490,4.55527592
1211,imagenet,1,ILSVRC2012_val_00030096.JPEG,,,,20.60058022,5.28853035
1212,imagenet,1,ILSVRC2012_val_00030112.JPEG,,,,-41.49269867,0.36838469
1213,imagenet,1,ILSVRC2012_val_00030183.JPEG,,,,-34.55352402,-1.23689044
1214,imagenet,1,ILSVRC2012_val_00030194.JPEG,,,,-46.43899918,1.51954162
1215,imagenet,1,ILSVRC2012_val_00030244.JPEG,,,,25.71880341,-14.96957207
1216,imagenet,1,ILSVRC2012_val_00030293.JPEG,,,,-20.10206985,30.37761688
1217,imagenet,1,ILSVRC2012_val_00030295.JPEG,,,,32.01032639,-3.71193314
1218,imagenet,1,ILSVRC2012_val_00030298.JPEG,,,,2.13650036,29.43323326
1219,imagenet,1,ILSVRC2012_val_00030304.JPEG,,,,-24.07198143,-15.28237629
1220,imagenet,1,ILSVRC2012_val_00030323.JPEG,,,,-27.56484604,29.33899117
1221,imagenet,1,ILSVRC2012_val_00030365.JPEG,,,,-31.74724579,-17.92888260
1222,imagenet,1,ILSVRC2012_val_00030380.JPEG,,,,13.66459465,-21.57304764
1223,imagenet,1,ILSVRC2012_val_00030425.JPEG,,,,-30.20946693,18.56852722
1224,imagenet,1,ILSVRC2012_val_00030466.JPEG,,,,23.00588799,25.63662338
1225,imagenet,1,ILSVRC2012_val_00030534.JPEG,,,,-3.30755734,-6.89116430
1226,imagenet,1,ILSVRC2012_val_00030560.JPEG,,,,52.58342361,-1.95752537
1227,imagenet,1,ILSVRC2012_val_00030572.JPEG,,,,-39.06303787,7.60163689
1228,imagenet,1,ILSVRC2012_val_00030582.JPEG,,,,39.02165985,-5.26286888
1229,imagenet,1,ILSVRC2012_val_00030619.JPEG,,,,34.89751434,0.96829802
1230,imagenet,1,ILSVRC2012_val_00030641.JPEG,,,,17.46329880,-16.50950241
1231,imagenet,1,ILSVRC2012_val_00030643.JPEG,,,,53.67548370,-1.67125344
1232,imagenet,1,ILSVRC2012_val_00030687.JPEG,,,,46.48675919,-0.73459917
1233,imagenet,1,ILSVRC2012_val_00030752.JPEG,,,,-41.96440125,7.27481270
1234,imagenet,1,ILSVRC2012_val_00030772.JPEG,,,,41.11417389,17.85177612
1235,imagenet,1,ILSVRC2012_val_00030800.JPEG,,,,-42.26131439,10.12604332
1236,imagenet,1,ILSVRC2012_val_00030814.JPEG,,,,-24.38022614,-5.07433891
1237,imagenet,1,ILSVRC2012_val_00030851.JPEG,,,,-7.11399794,17.43342590
1238,imagenet,1,ILSVRC2012_val_00030872.JPEG,,,,46.02664566,5.37646151
1239,imagenet,1,ILSVRC2012_val_00030886.JPEG,,,,34.89702606,7.46162510
1240,imagenet,1,ILSVRC2012_val_00030891.JPEG,,,,-18.74812317,15.91520500
1241,imagenet,1,ILSVRC2012_val_00030928.JPEG,,,,47.12615967,5.89754629
1242,imagenet,1,ILSVRC2012_val_00030943.JPEG,,,,8.50186920,7.70909500
1243,imagenet,1,ILSVRC2012_val_00030951.JPEG,,,,-32.47033310,-6.53383446
1244,imagenet,1,ILSVRC2012_val_00030954.JPEG,,,,8.38084507,-17.94487381
1245,imagenet,1,ILSVRC2012_val_00030955.JPEG,,,,-41.88179779,-4.29669189
1246,imagenet,1,ILSVRC2012_val_00031051.JPEG,,,,-20.79062653,13.73649883
1247,imagenet,1,ILSVRC2012_val_00031080.JPEG,,,,-13.24657726,-12.55745792
1248,imagenet,1,ILSVRC2012_val_00031091.JPEG,,,,23.06815338,-26.84794235
1249,imagenet,1,ILSVRC2012_val_00031092.JPEG,,,,23.15022659,4.74176216
1250,imagenet,1,ILSVRC2012_val_00031135.JPEG,,,,-38.25802612,-14.66253853
1251,imagenet,1,ILSVRC2012_val_00031143.JPEG,,,,-28.46639824,-0.34493351
1252,imagenet,1,ILSVRC2012_val_00031185.JPEG,,,,4.59255934,-9.06827354
1253,imagenet,1,ILSVRC2012_val_00031191.JPEG,,,,8.72085571,15.21404934
1254,imagenet,1,ILSVRC2012_val_00031205.JPEG,,,,15.28961372,16.24047279
1255,imagenet,1,ILSVRC2012_val_00031209.JPEG,,,,40.08876419,-4.07206631
1256,imagenet,1,ILSVRC2012_val_00031221.JPEG,,,,-12.13717556,16.95871544
1257,imagenet,1,ILSVRC2012_val_00031230.JPEG,,,,-7.66015100,-28.00084877
1258,imagenet,1,ILSVRC2012_val_00031243.JPEG,,,,-7.41941738,-28.80390167
1259,imagenet,1,ILSVRC2012_val_00031244.JPEG,,,,25.34000397,-21.45930862
1260,imagenet,1,ILSVRC2012_val_00031257.JPEG,,,,-33.53541565,-9.38299847
1261,imagenet,1,ILSVRC2012_val_00031288.JPEG,,,,-28.60391235,-20.11893845
1262,imagenet,1,ILSVRC2012_val_00031299.JPEG,,,,-34.04746246,15.12992859
1263,imagenet,1,ILSVRC2012_val_00031350.JPEG,,,,-20.38626289,-0.07303701
1264,imagenet,1,ILSVRC2012_val_00031436.JPEG,,,,-43.47114563,-9.26107216
1265,imagenet,1,ILSVRC2012_val_00031488.JPEG,,,,29.06199074,21.53582764
1266,imagenet,1,ILSVRC2012_val_00031491.JPEG,,,,25.97515106,18.93534851
1267,imagenet,1,ILSVRC2012_val_00031522.JPEG,,,,-13.15593433,-27.74892044
1268,imagenet,1,ILSVRC2012_val_00031567.JPEG,,,,-6.10281038,-24.87811661
1269,imagenet,1,ILSVRC2012_val_00031589.JPEG,,,,-35.35070801,3.72137666
1270,imagenet,1,ILSVRC2012_val_00031606.JPEG,,,,-22.12410355,-14.98712254
1271,imagenet,1,ILSVRC2012_val_00031636.JPEG,,,,-32.98843765,12.61193657
1272,imagenet,1,ILSVRC2012_val_00031639.JPEG,,,,-2.87645125,7.24764109
1273,imagenet,1,ILSVRC2012_val_00031669.JPEG,,,,-18.81628418,3.32176900
1274,imagenet,1,ILSVRC2012_val_00031674.JPEG,,,,-8.74255753,-8.71300411
1275,imagenet,1,ILSVRC2012_val_00031684.JPEG,,,,23.44461441,-0.12085219
1276,imagenet,1,ILSVRC2012_val_00031778.JPEG,,,,19.63941193,28.41133118
1277,imagenet,1,ILSVRC2012_val_00031806.JPEG,,,,29.31991005,20.22838402
1278,imagenet,1,ILSVRC2012_val_00031813.JPEG,,,,30.92164230,23.49141693
1279,imagenet,1,ILSVRC2012_val_00031836.JPEG,,,,-5.39067841,-22.66304398
1280,imagenet,1,ILSVRC2012_val_00031862.JPEG,,,,32.00834274,9.65529346
1281,imagenet,1,ILSVRC2012_val_00031869.JPEG,,,,6.59158325,-23.27106667
1282,imagenet,1,ILSVRC2012_val_00031897.JPEG,,,,44.73961258,9.27140141
1283,imagenet,1,ILSVRC2012_val_00031904.JPEG,,,,0.96004075,10.57238483
1284,imagenet,1,ILSVRC2012_val_00031925.JPEG,,,,1.44190776,13.11281300
1285,imagenet,1,ILSVRC2012_val_00031932.JPEG,,,,5.25072575,32.77228546
1286,imagenet,1,ILSVRC2012_val_00031934.JPEG,,,,11.63957787,-4.83487177
1287,imagenet,1,ILSVRC2012_val_00031962.JPEG,,,,-26.33663750,-10.13548660
1288,imagenet,1,ILSVRC2012_val_00031969.JPEG,,,,-32.91784286,1.40199006
1289,imagenet,1,ILSVRC2012_val_00031970.JPEG,,,,3.15841222,29.92789078
1290,imagenet,1,ILSVRC2012_val_00031977.JPEG,,,,20.16147614,3.32712126
1291,imagenet,1,ILSVRC2012_val_00032071.JPEG,,,,9.32553005,-21.59899330
1292,imagenet,1,ILSVRC2012_val_00032105.JPEG,,,,-34.16304398,-16.08738327
1293,imagenet,1,ILSVRC2012_val_00032192.JPEG,,,,-14.19667912,17.50585556
1294,imagenet,1,ILSVRC2012_val_00032195.JPEG,,,,23.64052391,13.86256599
1295,imagenet,1,ILSVRC2012_val_00032199.JPEG,,,,-11.06239796,24.47159767
1296,imagenet,1,ILSVRC2012_val_00032243.JPEG,,,,47.39415359,4.84945297
1297,imagenet,1,ILSVRC2012_val_00032264.JPEG,,,,-20.88186455,-5.64040804
1298,imagenet,1,ILSVRC2012_val_00032320.JPEG,,,,45.90534210,5.76722193
1299,imagenet,1,ILSVRC2012_val_00032328.JPEG,,,,39.25228119,-16.24149323
1300,imagenet,1,ILSVRC2012_val_00032333.JPEG,,,,39.68156052,12.49005985
1301,imagenet,1,ILSVRC2012_val_00032340.JPEG,,,,46.97961044,16.30254364
1302,imagenet,1,ILSVRC2012_val_00032348.JPEG,,,,-48.03291702,-3.23710561
1303,imagenet,1,ILSVRC2012_val_00032385.JPEG,,,,-9.15342999,15.77741051
1304,imagenet,1,ILSVRC2012_val_00032410.JPEG,,,,43.45858002,13.75535965
1305,imagenet,1,ILSVRC2012_val_00032414.JPEG,,,,-25.60261345,22.94819641
1306,imagenet,1,ILSVRC2012_val_00032427.JPEG,,,,10.64082050,34.71474075
1307,imagenet,1,ILSVRC2012_val_00032444.JPEG,,,,-1.98840797,13.01117134
1308,imagenet,1,ILSVRC2012_val_00032448.JPEG,,,,44.85236359,5.20597363
1309,imagenet,1,ILSVRC2012_val_00032462.JPEG,,,,16.55289078,-19.66093063
1310,imagenet,1,ILSVRC2012_val_00032469.JPEG,,,,-19.77549744,-10.75014973
1311,imagenet,1,ILSVRC2012_val_00032590.JPEG,,,,24.42238235,-11.91298676
1312,imagenet,1,ILSVRC2012_val_00032606.JPEG,,,,10.70486927,-22.55795288
1313,imagenet,1,ILSVRC2012_val_00032623.JPEG,,,,-11.47163391,21.34053230
1314,imagenet,1,ILSVRC2012_val_00032689.JPEG,,,,29.78944969,13.73739433
1315,imagenet,1,ILSVRC2012_val_00032727.JPEG,,,,-31.40086937,0.21329865
1316,imagenet,1,ILSVRC2012_val_00032746.JPEG,,,,17.45271683,35.21196365
1317,imagenet,1,ILSVRC2012_val_00032754.JPEG,,,,-0.47213289,20.96772194
1318,imagenet,1,ILSVRC2012_val_00032795.JPEG,,,,-40.09443283,-3.76278377
1319,imagenet,1,ILSVRC2012_val_00032804.JPEG,,,,23.92851067,-13.52228546
1320,imagenet,1,ILSVRC2012_val_00032810.JPEG,,,,-26.82343674,0.54011279
1321,imagenet,1,ILSVRC2012_val_00032846.JPEG,,,,37.29805374,5.22250223
1322,imagenet,1,ILSVRC2012_val_00032863.JPEG,,,,-44.73643494,-4.71485472
1323,imagenet,1,ILSVRC2012_val_00032878.JPEG,,,,53.14221191,9.83193016
1324,imagenet,1,ILSVRC2012_val_00032886.JPEG,,,,34.41580963,-19.94752884
1325,imagenet,1,ILSVRC2012_val_00032889.JPEG,,,,40.98852921,-9.87970257
1326,imagenet,1,ILSVRC2012_val_00032993.JPEG,,,,46.87113953,-3.51826167
1327,imagenet,1,ILSVRC2012_val_00033006.JPEG,,,,23.24114799,-5.86563778
1328,imagenet,1,ILSVRC2012_val_00033022.JPEG,,,,-32.19385529,-15.24446869
1329,imagenet,1,ILSVRC2012_val_00033085.JPEG,,,,27.83426285,-2.65535641
1330,imagenet,1,ILSVRC2012_val_00033138.JPEG,,,,2.70056176,-22.60408592
1331,imagenet,1,ILSVRC2012_val_00033142.JPEG,,,,-41.77181625,-9.30575466
1332,imagenet,1,ILSVRC2012_val_00033151.JPEG,,,,14.65997410,17.20947647
1333,imagenet,1,ILSVRC2012_val_00033161.JPEG,,,,36.13545609,-6.60456133
1334,imagenet,1,ILSVRC2012_val_00033162.JPEG,,,,-28.09087181,10.97351074
1335,imagenet,1,ILSVRC2012_val_00033180.JPEG,,,,38.24872208,13.75270653
1336,imagenet,1,ILSVRC2012_val_00033232.JPEG,,,,-28.57774925,-11.00860023
1337,imagenet,1,ILSVRC2012_val_00033280.JPEG,,,,31.71372795,-1.66025245
1338,imagenet,1,ILSVRC2012_val_00033289.JPEG,,,,7.55974436,31.95479584
1339,imagenet,1,ILSVRC2012_val_00033311.JPEG,,,,-20.83998299,-23.16647911
1340,imagenet,1,ILSVRC2012_val_00033326.JPEG,,,,-36.61435318,1.93971193
1341,imagenet,1,ILSVRC2012_val_00033328.JPEG,,,,-11.69054031,-1.16855156
1342,imagenet,1,ILSVRC2012_val_00033329.JPEG,,,,21.32548332,27.17646790
1343,imagenet,1,ILSVRC2012_val_00033359.JPEG,,,,30.23499680,14.86281300
1344,imagenet,1,ILSVRC2012_val_00033374.JPEG,,,,-36.80965424,2.62252069
1345,imagenet,1,ILSVRC2012_val_00033378.JPEG,,,,37.91794968,8.56620312
1346,imagenet,1,ILSVRC2012_val_00033401.JPEG,,,,-12.54188824,-6.06105089
1347,imagenet,1,ILSVRC2012_val_00033406.JPEG,,,,-13.19794846,29.46063995
1348,imagenet,1,ILSVRC2012_val_00033436.JPEG,,,,-20.05694771,29.57630730
1349,imagenet,1,ILSVRC2012_val_00033439.JPEG,,,,-7.91754961,18.99923897
1350,imagenet,1,ILSVRC2012_val_00033449.JPEG,,,,-10.83060360,13.90653610
1351,imagenet,1,ILSVRC2012_val_00033500.JPEG,,,,-36.29915237,21.29084778
1352,imagenet,1,ILSVRC2012_val_00033553.JPEG,,,,10.04218292,-10.43811703
1353,imagenet,1,ILSVRC2012_val_00033557.JPEG,,,,-37.26962662,-1.19083929
1354,imagenet,1,ILSVRC2012_val_00033586.JPEG,,,,-5.72578812,-29.05393028
1355,imagenet,1,ILSVRC2012_val_00033609.JPEG,,,,47.40713882,10.57323742
1356,imagenet,1,ILSVRC2012_val_00033645.JPEG,,,,-10.69358063,-26.71782112
1357,imagenet,1,ILSVRC2012_val_00033658.JPEG,,,,-16.15607834,21.83584213
1358,imagenet,1,ILSVRC2012_val_00033725.JPEG,,,,-2.62770915,-12.42457676
1359,imagenet,1,ILSVRC2012_val_00033786.JPEG,,,,30.01219559,21.24864960
1360,imagenet,1,ILSVRC2012_val_00033806.JPEG,,,,-18.16960526,-11.83160686
1361,imagenet,1,ILSVRC2012_val_00033838.JPEG,,,,-29.04241753,8.76840591
1362,imagenet,1,ILSVRC2012_val_00033843.JPEG,,,,43.23853683,-5.63302946
1363,imagenet,1,ILSVRC2012_val_00033851.JPEG,,,,38.46279907,-12.84917068
1364,imagenet,1,ILSVRC2012_val_00033874.JPEG,,,,45.18904495,15.88672829
1365,imagenet,1,ILSVRC2012_val_00033906.JPEG,,,,-21.43330574,-17.26011848
1366,imagenet,1,ILSVRC2012_val_00033959.JPEG,,,,-13.12982464,27.78649521
1367,imagenet,1,ILSVRC2012_val_00033977.JPEG,,,,28.63770294,16.10848236
1368,imagenet,1,ILSVRC2012_val_00033995.JPEG,,,,-41.14816666,16.59436417
1369,imagenet,1,ILSVRC2012_val_00033999.JPEG,,,,-21.68428993,28.37929344
1370,imagenet,1,ILSVRC2012_val_00034015.JPEG,,,,19.92140579,20.32373619
1371,imagenet,1,ILSVRC2012_val_00034064.JPEG,,,,2.56321073,29.56029129
1372,imagenet,1,ILSVRC2012_val_00034117.JPEG,,,,30.02318382,24.01676178
1373,imagenet,1,ILSVRC2012_val_00034137.JPEG,,,,19.00811768,31.18092537
1374,imagenet,1,ILSVRC2012_val_00034200.JPEG,,,,-24.34492874,-9.22853088
1375,imagenet,1,ILSVRC2012_val_00034227.JPEG,,,,14.52316093,-27.28465843
1376,imagenet,1,ILSVRC2012_val_00034228.JPEG,,,,32.61366272,-17.30776405
1377,imagenet,1,ILSVRC2012_val_00034305.JPEG,,,,-8.69492149,10.19993496
1378,imagenet,1,ILSVRC2012_val_00034374.JPEG,,,,-29.59700966,-13.90206814
1379,imagenet,1,ILSVRC2012_val_00034400.JPEG,,,,-42.64632034,16.53279686
1380,imagenet,1,ILSVRC2012_val_00034420.JPEG,,,,12.48006153,-4.88828373
1381,imagenet,1,ILSVRC2012_val_00034439.JPEG,,,,-7.25967026,-13.12736607
1382,imagenet,1,ILSVRC2012_val_00034446.JPEG,,,,-30.34244347,-14.68047714
1383,imagenet,1,ILSVRC2012_val_00034477.JPEG,,,,15.37813377,-24.25695610
1384,imagenet,1,ILSVRC2012_val_00034526.JPEG,,,,-29.06067848,22.22290421
1385,imagenet,1,ILSVRC2012_val_00034529.JPEG,,,,32.76410675,-9.21650600
1386,imagenet,1,ILSVRC2012_val_00034555.JPEG,,,,41.43483353,0.51255667
1387,imagenet,1,ILSVRC2012_val_00034640.JPEG,,,,2.17110252,-21.27077484
1388,imagenet,1,ILSVRC2012_val_00034667.JPEG,,,,-8.64939976,10.98971939
1389,imagenet,1,ILSVRC2012_val_00034668.JPEG,,,,-41.10197449,-2.17479348
1390,imagenet,1,ILSVRC2012_val_00034675.JPEG,,,,22.50861359,-16.57061958
1391,imagenet,1,ILSVRC2012_val_00034682.JPEG,,,,-29.40356827,3.54965901
1392,imagenet,1,ILSVRC2012_val_00034699.JPEG,,,,19.65985680,21.46283531
1393,imagenet,1,ILSVRC2012_val_00034704.JPEG,,,,46.72544098,-5.62972641
1394,imagenet,1,ILSVRC2012_val_00034714.JPEG,,,,-28.54161644,-17.04184341
1395,imagenet,1,ILSVRC2012_val_00034742.JPEG,,,,9.78161049,-54.31480789
1396,imagenet,1,ILSVRC2012_val_00034800.JPEG,,,,40.08843994,-8.16160297
1397,imagenet,1,ILSVRC2012_val_00034810.JPEG,,,,-7.09478760,-27.15829277
1398,imagenet,1,ILSVRC2012_val_00034815.JPEG,,,,-3.40587354,2.62024426
1399,imagenet,1,ILSVRC2012_val_00034830.JPEG,,,,-0.38219222,32.72947693
1400,imagenet,1,ILSVRC2012_val_00034924.JPEG,,,,24.94305801,15.34541130
1401,imagenet,1,ILSVRC2012_val_00034926.JPEG,,,,10.41703701,22.30383492
1402,imagenet,1,ILSVRC2012_val_00034938.JPEG,,,,-21.48407745,9.22697449
1403,imagenet,1,ILSVRC2012_val_00034948.JPEG,,,,19.96161079,2.88627100
1404,imagenet,1,ILSVRC2012_val_00034953.JPEG,,,,36.83415604,-6.28997469
1405,imagenet,1,ILSVRC2012_val_00034961.JPEG,,,,37.84274292,-15.26458740
1406,imagenet,1,ILSVRC2012_val_00034963.JPEG,,,,-45.37658691,11.86894798
1407,imagenet,1,ILSVRC2012_val_00034967.JPEG,,,,35.60762024,-18.50415993
1408,imagenet,1,ILSVRC2012_val_00034994.JPEG,,,,20.38159943,-11.23171902
1409,imagenet,1,ILSVRC2012_val_00035010.JPEG,,,,31.59921265,-6.21133518
1410,imagenet,1,ILSVRC2012_val_00035016.JPEG,,,,-39.33996964,23.05364799
1411,imagenet,1,ILSVRC2012_val_00035057.JPEG,,,,1.95384884,-15.96756649
1412,imagenet,1,ILSVRC2012_val_00035121.JPEG,,,,-2.92975116,-6.23231936
1413,imagenet,1,ILSVRC2012_val_00035175.JPEG,,,,34.80411530,10.27624607
1414,imagenet,1,ILSVRC2012_val_00035280.JPEG,,,,18.26748466,-20.62409210
1415,imagenet,1,ILSVRC2012_val_00035293.JPEG,,,,14.14326763,17.78593063
1416,imagenet,1,ILSVRC2012_val_00035338.JPEG,,,,11.26630974,-19.34480095
1417,imagenet,1,ILSVRC2012_val_00035361.JPEG,,,,-25.20451927,-4.24971008
1418,imagenet,1,ILSVRC2012_val_00035387.JPEG,,,,-39.42157364,1.42001069
1419,imagenet,1,ILSVRC2012_val_00035444.JPEG,,,,-18.79158783,-19.56674004
1420,imagenet,1,ILSVRC2012_val_00035446.JPEG,,,,-8.00588036,35.52388763
1421,imagenet,1,ILSVRC2012_val_00035465.JPEG,,,,21.25256538,19.75892258
1422,imagenet,1,ILSVRC2012_val_00035470.JPEG,,,,40.35519791,6.31952333
1423,imagenet,1,ILSVRC2012_val_00035491.JPEG,,,,28.47826004,-4.94680691
1424,imagenet,1,ILSVRC2012_val_00035546.JPEG,,,,5.37740040,28.02516174
1425,imagenet,1,ILSVRC2012_val_00035562.JPEG,,,,29.27195358,2.53864980
1426,imagenet,1,ILSVRC2012_val_00035614.JPEG,,,,42.12165451,-11.66009426
1427,imagenet,1,ILSVRC2012_val_00035646.JPEG,,,,-32.38206100,6.00338030
1428,imagenet,1,ILSVRC2012_val_00035651.JPEG,,,,22.26184273,2.15171671
1429,imagenet,1,ILSVRC2012_val_00035722.JPEG,,,,-29.07297325,-9.82513046
1430,imagenet,1,ILSVRC2012_val_00035758.JPEG,,,,-20.91887856,24.82187653
1431,imagenet,1,ILSVRC2012_val_00035771.JPEG,,,,5.45983696,-15.68113613
1432,imagenet,1,ILSVRC2012_val_00035789.JPEG,,,,37.23250580,2.77278090
1433,imagenet,1,ILSVRC2012_val_00035791.JPEG,,,,-17.37465668,23.12837601
1434,imagenet,1,ILSVRC2012_val_00035866.JPEG,,,,-39.44427109,2.20929599
1435,imagenet,1,ILSVRC2012_val_00035914.JPEG,,,,46.34801865,2.28605366
1436,imagenet,1,ILSVRC2012_val_00035935.JPEG,,,,-4.63196898,13.47127247
1437,imagenet,1,ILSVRC2012_val_00035941.JPEG,,,,-10.49361134,9.45639992
1438,imagenet,1,ILSVRC2012_val_00035952.JPEG,,,,11.52120686,18.00038338
1439,imagenet,1,ILSVRC2012_val_00035987.JPEG,,,,26.70745659,-17.80803680
1440,imagenet,1,ILSVRC2012_val_00036022.JPEG,,,,-42.05796814,-16.25953674
1441,imagenet,1,ILSVRC2012_val_00036048.JPEG,,,,25.34915733,-10.22514725
1442,imagenet,1,ILSVRC2012_val_00036057.JPEG,,,,-49.08011246,-5.86788130
1443,imagenet,1,ILSVRC2012_val_00036063.JPEG,,,,24.98949051,-2.52781391
1444,imagenet,1,ILSVRC2012_val_00036066.JPEG,,,,-20.51945496,19.26874924
1445,imagenet,1,ILSVRC2012_val_00036080.JPEG,,,,-9.54048920,18.11200523
1446,imagenet,1,ILSVRC2012_val_00036084.JPEG,,,,-24.46492577,-11.20142269
1447,imagenet,1,ILSVRC2012_val_00036107.JPEG,,,,-36.67054749,4.27199841
1448,imagenet,1,ILSVRC2012_val_00036110.JPEG,,,,26.32667923,-20.91081810
1449,imagenet,1,ILSVRC2012_val_00036114.JPEG,,,,23.96360016,-8.59245586
1450,imagenet,1,ILSVRC2012_val_00036119.JPEG,,,,16.10516167,34.83454895
1451,imagenet,1,ILSVRC2012_val_00036130.JPEG,,,,-4.63586187,-11.71721077
1452,imagenet,1,ILSVRC2012_val_00036155.JPEG,,,,24.95016479,1.74932647
1453,imagenet,1,ILSVRC2012_val_00036174.JPEG,,,,35.14184570,-20.95681381
1454,imagenet,1,ILSVRC2012_val_00036214.JPEG,,,,-4.05204821,35.66155624
1455,imagenet,1,ILSVRC2012_val_00036246.JPEG,,,,45.66151428,14.04348660
1456,imagenet,1,ILSVRC2012_val_00036272.JPEG,,,,-28.64324951,16.55463219
1457,imagenet,1,ILSVRC2012_val_00036302.JPEG,,,,-14.81666660,18.55545235
1458,imagenet,1,ILSVRC2012_val_00036339.JPEG,,,,12.00757599,-24.35172272
1459,imagenet,1,ILSVRC2012_val_00036352.JPEG,,,,29.77702332,-2.11176729
1460,imagenet,1,ILSVRC2012_val_00036390.JPEG,,,,16.75760460,33.64005661
1461,imagenet,1,ILSVRC2012_val_00036399.JPEG,,,,-18.77758789,-14.22188568
1462,imagenet,1,ILSVRC2012_val_00036423.JPEG,,,,8.83791256,28.95516968
1463,imagenet,1,ILSVRC2012_val_00036472.JPEG,,,,-3.68109035,-13.83371353
1464,imagenet,1,ILSVRC2012_val_00036475.JPEG,,,,18.60060692,21.64418793
1465,imagenet,1,ILSVRC2012_val_00036495.JPEG,,,,35.00408554,19.08253670
1466,imagenet,1,ILSVRC2012_val_00036519.JPEG,,,,28.15658188,-3.27133346
1467,imagenet,1,ILSVRC2012_val_00036539.JPEG,,,,-28.12540817,20.39544487
1468,imagenet,1,ILSVRC2012_val_00036549.JPEG,,,,-24.73005676,-18.92423248
1469,imagenet,1,ILSVRC2012_val_00036614.JPEG,,,,40.98732376,-1.57447445
1470,imagenet,1,ILSVRC2012_val_00036675.JPEG,,,,4.62409115,19.52890587
1471,imagenet,1,ILSVRC2012_val_00036676.JPEG,,,,-18.60247040,14.91577435
1472,imagenet,1,ILSVRC2012_val_00036688.JPEG,,,,11.99639130,-14.68020916
1473,imagenet,1,ILSVRC2012_val_00036694.JPEG,,,,40.82014847,-6.82453346
1474,imagenet,1,ILSVRC2012_val_00036700.JPEG,,,,-3.98971915,16.50718498
1475,imagenet,1,ILSVRC2012_val_00036705.JPEG,,,,8.45835590,20.60229683
1476,imagenet,1,ILSVRC2012_val_00036717.JPEG,,,,22.28130913,8.42960548
1477,imagenet,1,ILSVRC2012_val_00036728.JPEG,,,,16.74353981,16.76804924
1478,imagenet,1,ILSVRC2012_val_00036741.JPEG,,,,-31.00995255,-5.26559019
1479,imagenet,1,ILSVRC2012_val_00036773.JPEG,,,,15.67474270,-1.07455087
1480,imagenet,1,ILSVRC2012_val_00036829.JPEG,,,,36.41817856,7.10713816
1481,imagenet,1,ILSVRC2012_val_00036845.JPEG,,,,37.09182739,17.12385941
1482,imagenet,1,ILSVRC2012_val_00036902.JPEG,,,,-5.94900513,33.43978882
1483,imagenet,1,ILSVRC2012_val_00036903.JPEG,,,,-6.36106634,1.65571380
1484,imagenet,1,ILSVRC2012_val_00036907.JPEG,,,,22.41115761,20.26565742
1485,imagenet,1,ILSVRC2012_val_00036929.JPEG,,,,-16.19539642,-7.02460051
1486,imagenet,1,ILSVRC2012_val_00036947.JPEG,,,,46.89331818,3.24155807
1487,imagenet,1,ILSVRC2012_val_00036977.JPEG,,,,8.03526592,12.47780037
1488,imagenet,1,ILSVRC2012_val_00037036.JPEG,,,,-11.72724628,21.39807320
1489,imagenet,1,ILSVRC2012_val_00037071.JPEG,,,,-32.90847778,-7.50581503
1490,imagenet,1,ILSVRC2012_val_00037092.JPEG,,,,1.09664917,15.08706188
1491,imagenet,1,ILSVRC2012_val_00037103.JPEG,,,,-38.78276825,-16.50998497
1492,imagenet,1,ILSVRC2012_val_00037113.JPEG,,,,28.66942596,-0.28267771
1493,imagenet,1,ILSVRC2012_val_00037184.JPEG,,,,39.93444824,-11.69338512
1494,imagenet,1,ILSVRC2012_val_00037195.JPEG,,,,9.21122074,14.29548264
1495,imagenet,1,ILSVRC2012_val_00037280.JPEG,,,,35.11658859,-3.07800651
1496,imagenet,1,ILSVRC2012_val_00037294.JPEG,,,,-3.34163022,34.35147858
1497,imagenet,1,ILSVRC2012_val_00037298.JPEG,,,,-0.33051515,-11.26161385
1498,imagenet,1,ILSVRC2012_val_00037363.JPEG,,,,32.31186676,23.82697868
1499,imagenet,1,ILSVRC2012_val_00037402.JPEG,,,,-3.54894400,-27.60049629
1500,imagenet,1,ILSVRC2012_val_00037405.JPEG,,,,42.30145264,1.13581622
1501,imagenet,1,ILSVRC2012_val_00037407.JPEG,,,,-13.59606552,-8.27417183
1502,imagenet,1,ILSVRC2012_val_00037444.JPEG,,,,40.72505951,-7.74216604
1503,imagenet,1,ILSVRC2012_val_00037474.JPEG,,,,12.28305244,-24.52158928
1504,imagenet,1,ILSVRC2012_val_00037485.JPEG,,,,34.58224869,16.50428009
1505,imagenet,1,ILSVRC2012_val_00037491.JPEG,,,,39.33898544,6.43124676
1506,imagenet,1,ILSVRC2012_val_00037587.JPEG,,,,10.11500168,-18.32982445
1507,imagenet,1,ILSVRC2012_val_00037626.JPEG,,,,-28.07277679,17.40614319
1508,imagenet,1,ILSVRC2012_val_00037631.JPEG,,,,-25.02855301,19.11061859
1509,imagenet,1,ILSVRC2012_val_00037638.JPEG,,,,-11.77044487,4.77999544
1510,imagenet,1,ILSVRC2012_val_00037643.JPEG,,,,-26.42171860,14.35842323
1511,imagenet,1,ILSVRC2012_val_00037673.JPEG,,,,-11.60178471,17.63871765
1512,imagenet,1,ILSVRC2012_val_00037733.JPEG,,,,44.41484833,6.52800083
1513,imagenet,1,ILSVRC2012_val_00037784.JPEG,,,,20.30448532,23.72377205
1514,imagenet,1,ILSVRC2012_val_00037786.JPEG,,,,-14.37491226,-29.48608208
1515,imagenet,1,ILSVRC2012_val_00037797.JPEG,,,,9.15531445,13.88815308
1516,imagenet,1,ILSVRC2012_val_00037826.JPEG,,,,7.11917639,-9.96504402
1517,imagenet,1,ILSVRC2012_val_00037828.JPEG,,,,43.08510971,-2.09489632
1518,imagenet,1,ILSVRC2012_val_00037847.JPEG,,,,23.03620911,12.62645912
1519,imagenet,1,ILSVRC2012_val_00037862.JPEG,,,,13.57200336,-19.91278648
1520,imagenet,1,ILSVRC2012_val_00037882.JPEG,,,,-33.17570496,-16.74879646
1521,imagenet,1,ILSVRC2012_val_00037885.JPEG,,,,-40.46329880,-8.66954041
1522,imagenet,1,ILSVRC2012_val_00037965.JPEG,,,,21.84346581,-23.30443192
1523,imagenet,1,ILSVRC2012_val_00038027.JPEG,,,,-35.79504395,6.30661392
1524,imagenet,1,ILSVRC2012_val_00038055.JPEG,,,,-29.02302933,-2.12132144
1525,imagenet,1,ILSVRC2012_val_00038061.JPEG,,,,8.71202755,33.36652374
1526,imagenet,1,ILSVRC2012_val_00038065.JPEG,,,,-24.69274330,-23.84713173
1527,imagenet,1,ILSVRC2012_val_00038070.JPEG,,,,40.67393494,12.00073528
1528,imagenet,1,ILSVRC2012_val_00038118.JPEG,,,,43.94127655,0.87591493
1529,imagenet,1,ILSVRC2012_val_00038165.JPEG,,,,-29.27979851,-3.24724793
1530,imagenet,1,ILSVRC2012_val_00038184.JPEG,,,,-2.85948086,30.17878914
1531,imagenet,1,ILSVRC2012_val_00038186.JPEG,,,,-32.98871613,27.42321205
1532,imagenet,1,ILSVRC2012_val_00038203.JPEG,,,,-26.56101036,-11.28262711
1533,imagenet,1,ILSVRC2012_val_00038210.JPEG,,,,-9.19039917,-9.65979671
1534,imagenet,1,ILSVRC2012_val_00038251.JPEG,,,,-39.67935181,-4.20316029
1535,imagenet,1,ILSVRC2012_val_00038252.JPEG,,,,47.86223984,9.38144207
1536,imagenet,1,ILSVRC2012_val_00038268.JPEG,,,,17.39456177,-20.61593246
1537,imagenet,1,ILSVRC2012_val_00038311.JPEG,,,,18.88552475,-23.10299301
1538,imagenet,1,ILSVRC2012_val_00038350.JPEG,,,,-32.73458099,-13.77718449
1539,imagenet,1,ILSVRC2012_val_00038395.JPEG,,,,-19.55627060,-7.88450241
1540,imagenet,1,ILSVRC2012_val_00038410.JPEG,,,,42.56507492,5.25120878
1541,imagenet,1,ILSVRC2012_val_00038430.JPEG,,,,41.82629395,3.51814604
1542,imagenet,1,ILSVRC2012_val_00038452.JPEG,,,,-6.95361233,-16.91624641
1543,imagenet,1,ILSVRC2012_val_00038518.JPEG,,,,-25.02867508,9.02613544
1544,imagenet,1,ILSVRC2012_val_00038521.JPEG,,,,47.58657837,2.86849952
1545,imagenet,1,ILSVRC2012_val_00038561.JPEG,,,,29.61886597,-12.70355320
1546,imagenet,1,ILSVRC2012_val_00038570.JPEG,,,,-31.69595528,6.28769541
1547,imagenet,1,ILSVRC2012_val_00038573.JPEG,,,,26.70515823,-0.05484689
1548,imagenet,1,ILSVRC2012_val_00038581.JPEG,,,,-20.65619087,18.17941475
1549,imagenet,1,ILSVRC2012_val_00038593.JPEG,,,,-37.65998840,-3.48017979
1550,imagenet,1,ILSVRC2012_val_00038608.JPEG,,,,17.63425827,-24.33899689
1551,imagenet,1,ILSVRC2012_val_00038644.JPEG,,,,-40.79934311,14.64609718
1552,imagenet,1,ILSVRC2012_val_00038651.JPEG,,,,-14.19900990,19.88823700
1553,imagenet,1,ILSVRC2012_val_00038681.JPEG,,,,-1.22810447,-15.85445404
1554,imagenet,1,ILSVRC2012_val_00038692.JPEG,,,,-37.84402466,-23.23411369
1555,imagenet,1,ILSVRC2012_val_00038771.JPEG,,,,23.09321404,25.83663559
1556,imagenet,1,ILSVRC2012_val_00038807.JPEG,,,,-31.98887634,27.70620346
1557,imagenet,1,ILSVRC2012_val_00038850.JPEG,,,,5.85826111,-23.44116211
1558,imagenet,1,ILSVRC2012_val_00038940.JPEG,,,,-33.42515945,16.39304924
1559,imagenet,1,ILSVRC2012_val_00039002.JPEG,,,,50.13280487,8.94890594
1560,imagenet,1,ILSVRC2012_val_00039006.JPEG,,,,-34.33111191,-12.75814533
1561,imagenet,1,ILSVRC2012_val_00039029.JPEG,,,,-0.02228586,11.34427357
1562,imagenet,1,ILSVRC2012_val_00039039.JPEG,,,,-1.59613478,23.34559059
1563,imagenet,1,ILSVRC2012_val_00039068.JPEG,,,,-26.61482620,-18.89337540
1564,imagenet,1,ILSVRC2012_val_00039070.JPEG,,,,48.72249222,2.23154449
1565,imagenet,1,ILSVRC2012_val_00039082.JPEG,,,,-8.65971661,34.35288239
1566,imagenet,1,ILSVRC2012_val_00039083.JPEG,,,,35.56379318,-7.60856628
1567,imagenet,1,ILSVRC2012_val_00039085.JPEG,,,,-5.82023525,11.45709801
1568,imagenet,1,ILSVRC2012_val_00039139.JPEG,,,,42.14467239,-10.63120937
1569,imagenet,1,ILSVRC2012_val_00039164.JPEG,,,,-18.17239189,-12.23797321
1570,imagenet,1,ILSVRC2012_val_00039165.JPEG,,,,-23.70603561,-12.25348377
1571,imagenet,1,ILSVRC2012_val_00039211.JPEG,,,,37.92662048,-0.47267848
1572,imagenet,1,ILSVRC2012_val_00039242.JPEG,,,,13.42180443,16.14759254
1573,imagenet,1,ILSVRC2012_val_00039275.JPEG,,,,1.20772374,33.92491150
1574,imagenet,1,ILSVRC2012_val_00039287.JPEG,,,,46.22208405,3.41863227
1575,imagenet,1,ILSVRC2012_val_00039311.JPEG,,,,-38.27169800,3.73516917
1576,imagenet,1,ILSVRC2012_val_00039321.JPEG,,,,50.91878891,2.60556626
1577,imagenet,1,ILSVRC2012_val_00039335.JPEG,,,,28.50692940,-6.45155430
1578,imagenet,1,ILSVRC2012_val_00039380.JPEG,,,,37.53099823,-6.74751616
1579,imagenet,1,ILSVRC2012_val_00039415.JPEG,,,,-24.69484901,19.82841873
1580,imagenet,1,ILSVRC2012_val_00039425.JPEG,,,,45.51190948,3.35881972
1581,imagenet,1,ILSVRC2012_val_00039433.JPEG,,,,6.51574898,-17.77288437
1582,imagenet,1,ILSVRC2012_val_00039455.JPEG,,,,-42.16309738,-2.30606413
1583,imagenet,1,ILSVRC2012_val_00039510.JPEG,,,,27.84234047,25.41308403
1584,imagenet,1,ILSVRC2012_val_00039537.JPEG,,,,-12.13979435,-27.71079636
1585,imagenet,1,ILSVRC2012_val_00039541.JPEG,,,,27.82058907,-7.97297668
1586,imagenet,1,ILSVRC2012_val_00039557.JPEG,,,,-30.72952652,12.08170891
1587,imagenet,1,ILSVRC2012_val_00039648.JPEG,,,,43.04742813,4.04951191
1588,imagenet,1,ILSVRC2012_val_00039655.JPEG,,,,-0.09736995,-17.06633949
1589,imagenet,1,ILSVRC2012_val_00039674.JPEG,,,,36.27631760,-1.18978965
1590,imagenet,1,ILSVRC2012_val_00039678.JPEG,,,,-25.63839722,14.00897408
1591,imagenet,1,ILSVRC2012_val_00039690.JPEG,,,,-41.01277542,-7.40460873
1592,imagenet,1,ILSVRC2012_val_00039694.JPEG,,,,-12.87653351,-25.08445168
1593,imagenet,1,ILSVRC2012_val_00039697.JPEG,,,,30.04667473,8.30588436
1594,imagenet,1,ILSVRC2012_val_00039700.JPEG,,,,37.38285446,19.01880074
1595,imagenet,1,ILSVRC2012_val_00039712.JPEG,,,,-26.01737976,7.15269184
1596,imagenet,1,ILSVRC2012_val_00039754.JPEG,,,,-24.86982727,19.85809898
1597,imagenet,1,ILSVRC2012_val_00039776.JPEG,,,,-38.49261475,-18.14656830
1598,imagenet,1,ILSVRC2012_val_00039779.JPEG,,,,-4.71856403,35.89874268
1599,imagenet,1,ILSVRC2012_val_00039835.JPEG,,,,-6.96788311,32.75911331
1600,imagenet,1,ILSVRC2012_val_00039837.JPEG,,,,-5.35952806,34.88862228
1601,imagenet,1,ILSVRC2012_val_00039886.JPEG,,,,0.76834959,32.60970306
1602,imagenet,1,ILSVRC2012_val_00039895.JPEG,,,,14.95052910,29.58443069
1603,imagenet,1,ILSVRC2012_val_00039905.JPEG,,,,-25.76309776,6.28342390
1604,imagenet,1,ILSVRC2012_val_00039927.JPEG,,,,-7.43366051,0.45373109
1605,imagenet,1,ILSVRC2012_val_00039935.JPEG,,,,-0.56177258,6.65407276
1606,imagenet,1,ILSVRC2012_val_00039983.JPEG,,,,0.56277567,33.96471024
1607,imagenet,1,ILSVRC2012_val_00039986.JPEG,,,,3.10719490,35.84763718
1608,imagenet,1,ILSVRC2012_val_00039993.JPEG,,,,11.73689270,-10.50875664
1609,imagenet,1,ILSVRC2012_val_00040000.JPEG,,,,7.50858641,-11.06248093
1610,imagenet,1,ILSVRC2012_val_00040033.JPEG,,,,-12.96391869,-28.92107010
1611,imagenet,1,ILSVRC2012_val_00040053.JPEG,,,,-39.27105713,-1.49787259
1612,imagenet,1,ILSVRC2012_val_00040075.JPEG,,,,-10.01065826,-13.63877392
1613,imagenet,1,ILSVRC2012_val_00040096.JPEG,,,,0.31034645,0.15015891
1614,imagenet,1,ILSVRC2012_val_00040130.JPEG,,,,-6.46938086,-14.73438263
1615,imagenet,1,ILSVRC2012_val_00040158.JPEG,,,,-34.85861588,-6.49871635
1616,imagenet,1,ILSVRC2012_val_00040172.JPEG,,,,39.67098999,11.53006649
1617,imagenet,1,ILSVRC2012_val_00040227.JPEG,,,,-19.15162468,16.56807899
1618,imagenet,1,ILSVRC2012_val_00040280.JPEG,,,,-9.03488731,34.79001617
1619,imagenet,1,ILSVRC2012_val_00040306.JPEG,,,,-42.14210129,-7.65974569
1620,imagenet,1,ILSVRC2012_val_00040328.JPEG,,,,13.69788933,33.87849045
1621,imagenet,1,ILSVRC2012_val_00040330.JPEG,,,,46.61607361,2.89479136
1622,imagenet,1,ILSVRC2012_val_00040369.JPEG,,,,-38.54876328,7.07778454
1623,imagenet,1,ILSVRC2012_val_00040392.JPEG,,,,1.11710715,6.44678974
1624,imagenet,1,ILSVRC2012_val_00040417.JPEG,,,,22.53526497,24.37583542
1625,imagenet,1,ILSVRC2012_val_00040429.JPEG,,,,17.75343323,-6.12434769
1626,imagenet,1,ILSVRC2012_val_00040434.JPEG,,,,4.49648619,-13.54826832
1627,imagenet,1,ILSVRC2012_val_00040478.JPEG,,,,-40.42167282,0.19988370
1628,imagenet,1,ILSVRC2012_val_00040479.JPEG,,,,-28.82648468,-19.27629471
1629,imagenet,1,ILSVRC2012_val_00040483.JPEG,,,,44.97122574,-7.97593641
1630,imagenet,1,ILSVRC2012_val_00040500.JPEG,,,,-18.98681259,-17.86326981
1631,imagenet,1,ILSVRC2012_val_00040527.JPEG,,,,-28.93953133,12.80373287
1632,imagenet,1,ILSVRC2012_val_00040546.JPEG,,,,-14.61838818,12.36850452
1633,imagenet,1,ILSVRC2012_val_00040564.JPEG,,,,-33.82857513,11.03713703
1634,imagenet,1,ILSVRC2012_val_00040576.JPEG,,,,19.05444527,31.23997879
1635,imagenet,1,ILSVRC2012_val_00040636.JPEG,,,,-33.45408249,2.70098996
1636,imagenet,1,ILSVRC2012_val_00040703.JPEG,,,,-35.59980011,8.33223629
1637,imagenet,1,ILSVRC2012_val_00040775.JPEG,,,,3.36724830,-8.22545624
1638,imagenet,1,ILSVRC2012_val_00040787.JPEG,,,,-24.63403893,16.76429367
1639,imagenet,1,ILSVRC2012_val_00040801.JPEG,,,,-33.38336945,16.85518265
1640,imagenet,1,ILSVRC2012_val_00040809.JPEG,,,,12.28841496,-8.09305000
1641,imagenet,1,ILSVRC2012_val_00040831.JPEG,,,,-29.66473770,-13.19360352
1642,imagenet,1,ILSVRC2012_val_00040854.JPEG,,,,-18.81174278,29.70679855
1643,imagenet,1,ILSVRC2012_val_00040860.JPEG,,,,9.53955746,30.19492531
1644,imagenet,1,ILSVRC2012_val_00040865.JPEG,,,,27.34244156,-22.20805168
1645,imagenet,1,ILSVRC2012_val_00040896.JPEG,,,,38.01457214,19.21479797
1646,imagenet,1,ILSVRC2012_val_00040900.JPEG,,,,25.12734413,27.88024521
1647,imagenet,1,ILSVRC2012_val_00040924.JPEG,,,,44.59680176,-1.76818728
1648,imagenet,1,ILSVRC2012_val_00040974.JPEG,,,,15.45785332,-21.42017555
1649,imagenet,1,ILSVRC2012_val_00041169.JPEG,,,,-14.66752911,-8.33046055
1650,imagenet,1,ILSVRC2012_val_00041214.JPEG,,,,18.17689896,-15.46393967
1651,imagenet,1,ILSVRC2012_val_00041233.JPEG,,,,35.32815552,-15.93723679
1652,imagenet,1,ILSVRC2012_val_00041241.JPEG,,,,44.20483398,7.47835875
1653,imagenet,1,ILSVRC2012_val_00041247.JPEG,,,,-37.14401627,19.99279785
1654,imagenet,1,ILSVRC2012_val_00041261.JPEG,,,,33.28136444,19.50905609
1655,imagenet,1,ILSVRC2012_val_00041323.JPEG,,,,37.08356476,-5.48293591
1656,imagenet,1,ILSVRC2012_val_00041326.JPEG,,,,29.36458397,14.31066132
1657,imagenet,1,ILSVRC2012_val_00041340.JPEG,,,,-31.66099548,17.55328369
1658,imagenet,1,ILSVRC2012_val_00041403.JPEG,,,,26.32598305,-19.96491814
1659,imagenet,1,ILSVRC2012_val_00041406.JPEG,,,,39.76627731,9.59696293
1660,imagenet,1,ILSVRC2012_val_00041411.JPEG,,,,-31.47752762,-7.06075954
1661,imagenet,1,ILSVRC2012_val_00041424.JPEG,,,,40.97548294,-12.53578663
1662,imagenet,1,ILSVRC2012_val_00041455.JPEG,,,,-34.49677658,26.27961922
1663,imagenet,1,ILSVRC2012_val_00041461.JPEG,,,,-10.81849957,-28.99981308
1664,imagenet,1,ILSVRC2012_val_00041464.JPEG,,,,37.90317154,-3.86183715
1665,imagenet,1,ILSVRC2012_val_00041489.JPEG,,,,-33.89908600,22.20037270
1666,imagenet,1,ILSVRC2012_val_00041495.JPEG,,,,5.44367027,20.13812065
1667,imagenet,1,ILSVRC2012_val_00041513.JPEG,,,,25.86566734,19.03234863
1668,imagenet,1,ILSVRC2012_val_00041591.JPEG,,,,30.84474564,24.57929611
1669,imagenet,1,ILSVRC2012_val_00041608.JPEG,,,,-15.36829185,-28.89060020
1670,imagenet,1,ILSVRC2012_val_00041609.JPEG,,,,41.69197845,11.33428478
1671,imagenet,1,ILSVRC2012_val_00041627.JPEG,,,,-39.53383255,0.06156568
1672,imagenet,1,ILSVRC2012_val_00041660.JPEG,,,,-1.90801716,38.96484756
1673,imagenet,1,ILSVRC2012_val_00041698.JPEG,,,,-25.17637062,-19.09322166
1674,imagenet,1,ILSVRC2012_val_00041728.JPEG,,,,33.77425003,0.11147271
1675,imagenet,1,ILSVRC2012_val_00041737.JPEG,,,,26.71786308,-5.03120852
1676,imagenet,1,ILSVRC2012_val_00041777.JPEG,,,,7.50827646,11.93592358
1677,imagenet,1,ILSVRC2012_val_00041779.JPEG,,,,-21.13243294,31.90831947
1678,imagenet,1,ILSVRC2012_val_00041788.JPEG,,,,12.24354649,32.50930786
1679,imagenet,1,ILSVRC2012_val_00041819.JPEG,,,,-32.21418381,0.33564258
1680,imagenet,1,ILSVRC2012_val_00041830.JPEG,,,,37.77449799,19.31664658
1681,imagenet,1,ILSVRC2012_val_00041832.JPEG,,,,6.21187449,12.68799877
1682,imagenet,1,ILSVRC2012_val_00041848.JPEG,,,,-24.62862396,26.74720192
1683,imagenet,1,ILSVRC2012_val_00041865.JPEG,,,,30.36796379,-7.02123928
1684,imagenet,1,ILSVRC2012_val_00041926.JPEG,,,,14.72533894,-18.67053032
1685,imagenet,1,ILSVRC2012_val_00041930.JPEG,,,,3.47098708,-28.57817650
1686,imagenet,1,ILSVRC2012_val_00041934.JPEG,,,,2.62387466,-12.37178802
1687,imagenet,1,ILSVRC2012_val_00041942.JPEG,,,,-33.09193802,24.68692780
1688,imagenet,1,ILSVRC2012_val_00041954.JPEG,,,,10.68219948,-3.60972428
1689,imagenet,1,ILSVRC2012_val_00041999.JPEG,,,,-20.04291916,11.20087337
1690,imagenet,1,ILSVRC2012_val_00042024.JPEG,,,,-24.07713699,5.48482132
1691,imagenet,1,ILSVRC2012_val_00042028.JPEG,,,,-33.91407776,-18.08759308
1692,imagenet,1,ILSVRC2012_val_00042047.JPEG,,,,32.20672607,14.47716999
1693,imagenet,1,ILSVRC2012_val_00042064.JPEG,,,,-22.49196625,3.75516748
1694,imagenet,1,ILSVRC2012_val_00042138.JPEG,,,,-22.00325394,-23.49151230
1695,imagenet,1,ILSVRC2012_val_00042273.JPEG,,,,28.91248512,-10.29968071
1696,imagenet,1,ILSVRC2012_val_00042275.JPEG,,,,24.44780731,14.48631668
1697,imagenet,1,ILSVRC2012_val_00042286.JPEG,,,,-30.03725433,23.12016487
1698,imagenet,1,ILSVRC2012_val_00042303.JPEG,,,,42.60437393,10.13144493
1699,imagenet,1,ILSVRC2012_val_00042327.JPEG,,,,-22.11011314,-20.82567215
1700,imagenet,1,ILSVRC2012_val_00042338.JPEG,,,,44.59224701,11.27996635
1701,imagenet,1,ILSVRC2012_val_00042345.JPEG,,,,-34.75403976,-4.52661800
1702,imagenet,1,ILSVRC2012_val_00042374.JPEG,,,,-31.71091270,-3.42925334
1703,imagenet,1,ILSVRC2012_val_00042389.JPEG,,,,8.83027744,-13.14212132
1704,imagenet,1,ILSVRC2012_val_00042401.JPEG,,,,4.24783945,20.37060356
1705,imagenet,1,ILSVRC2012_val_00042406.JPEG,,,,-9.37333870,17.04123878
1706,imagenet,1,ILSVRC2012_val_00042445.JPEG,,,,-15.34485245,-15.51651955
1707,imagenet,1,ILSVRC2012_val_00042489.JPEG,,,,-2.34435987,15.68281174
1708,imagenet,1,ILSVRC2012_val_00042530.JPEG,,,,-19.54171562,29.55366707
1709,imagenet,1,ILSVRC2012_val_00042536.JPEG,,,,-40.09315109,-2.98177648
1710,imagenet,1,ILSVRC2012_val_00042675.JPEG,,,,15.60814667,-24.15506935
1711,imagenet,1,ILSVRC2012_val_00042714.JPEG,,,,-24.03497124,-18.59575081
1712,imagenet,1,ILSVRC2012_val_00042745.JPEG,,,,35.30079651,10.05429745
1713,imagenet,1,ILSVRC2012_val_00042773.JPEG,,,,23.90621567,25.32363319
1714,imagenet,1,ILSVRC2012_val_00042776.JPEG,,,,33.66839981,15.97080708
1715,imagenet,1,ILSVRC2012_val_00042781.JPEG,,,,22.08462715,26.36414528
1716,imagenet,1,ILSVRC2012_val_00042787.JPEG,,,,-38.50671768,-0.01582743
1717,imagenet,1,ILSVRC2012_val_00042838.JPEG,,,,38.22370148,18.65209389
1718,imagenet,1,ILSVRC2012_val_00042860.JPEG,,,,-34.94691849,-19.97043037
1719,imagenet,1,ILSVRC2012_val_00042908.JPEG,,,,39.35557175,0.21822767
1720,imagenet,1,ILSVRC2012_val_00042926.JPEG,,,,20.20780373,0.48380846
1721,imagenet,1,ILSVRC2012_val_00042969.JPEG,,,,52.10818100,1.11414397
1722,imagenet,1,ILSVRC2012_val_00042995.JPEG,,,,-38.76874161,-11.26910305
1723,imagenet,1,ILSVRC2012_val_00043025.JPEG,,,,21.37744522,24.86794662
1724,imagenet,1,ILSVRC2012_val_00043056.JPEG,,,,-1.54303312,-7.17233801
1725,imagenet,1,ILSVRC2012_val_00043080.JPEG,,,,20.26050377,13.73006630
1726,imagenet,1,ILSVRC2012_val_00043081.JPEG,,,,16.25803757,10.91563320
1727,imagenet,1,ILSVRC2012_val_00043097.JPEG,,,,-7.50925732,-29.78372574
1728,imagenet,1,ILSVRC2012_val_00043132.JPEG,,,,20.72202492,4.64524841
1729,imagenet,1,ILSVRC2012_val_00043179.JPEG,,,,43.11190033,2.71434355
1730,imagenet,1,ILSVRC2012_val_00043213.JPEG,,,,20.13380623,-15.77493477
1731,imagenet,1,ILSVRC2012_val_00043248.JPEG,,,,-27.46360207,20.04307175
1732,imagenet,1,ILSVRC2012_val_00043257.JPEG,,,,16.35697365,14.92366791
1733,imagenet,1,ILSVRC2012_val_00043278.JPEG,,,,-25.55815315,26.00854111
1734,imagenet,1,ILSVRC2012_val_00043280.JPEG,,,,10.84793758,-3.60636115
1735,imagenet,1,ILSVRC2012_val_00043349.JPEG,,,,-32.75053406,10.02523708
1736,imagenet,1,ILSVRC2012_val_00043368.JPEG,,,,18.58974457,-13.89261627
1737,imagenet,1,ILSVRC2012_val_00043409.JPEG,,,,-14.69177151,24.65361786
1738,imagenet,1,ILSVRC2012_val_00043424.JPEG,,,,-3.96889424,8.52625084
1739,imagenet,1,ILSVRC2012_val_00043581.JPEG,,,,43.14426804,6.75585365
1740,imagenet,1,ILSVRC2012_val_00043630.JPEG,,,,6.00421238,4.44120646
1741,imagenet,1,ILSVRC2012_val_00043637.JPEG,,,,15.18368530,32.32355499
1742,imagenet,1,ILSVRC2012_val_00043639.JPEG,,,,9.65225220,23.22209740
1743,imagenet,1,ILSVRC2012_val_00043658.JPEG,,,,-7.53939772,-4.05025864
1744,imagenet,1,ILSVRC2012_val_00043689.JPEG,,,,38.84726334,-12.37061596
1745,imagenet,1,ILSVRC2012_val_00043695.JPEG,,,,-28.11391830,-12.56887245
1746,imagenet,1,ILSVRC2012_val_00043705.JPEG,,,,19.56637573,25.53157616
1747,imagenet,1,ILSVRC2012_val_00043737.JPEG,,,,-16.69210625,31.22987938
1748,imagenet,1,ILSVRC2012_val_00043753.JPEG,,,,36.08628082,17.96862030
1749,imagenet,1,ILSVRC2012_val_00043758.JPEG,,,,-37.89155960,4.85828638
1750,imagenet,1,ILSVRC2012_val_00043794.JPEG,,,,7.29242039,21.83750343
1751,imagenet,1,ILSVRC2012_val_00043925.JPEG,,,,-4.64811134,32.20788193
1752,imagenet,1,ILSVRC2012_val_00043931.JPEG,,,,-1.14872086,32.49658585
1753,imagenet,1,ILSVRC2012_val_00043932.JPEG,,,,12.39461708,30.86310768
1754,imagenet,1,ILSVRC2012_val_00043957.JPEG,,,,49.53126907,-0.70394701
1755,imagenet,1,ILSVRC2012_val_00043968.JPEG,,,,-10.17932320,8.18004513
1756,imagenet,1,ILSVRC2012_val_00044001.JPEG,,,,-31.85091400,19.35465622
1757,imagenet,1,ILSVRC2012_val_00044104.JPEG,,,,17.48619652,-9.05099010
1758,imagenet,1,ILSVRC2012_val_00044124.JPEG,,,,-4.83669233,36.26791763
1759,imagenet,1,ILSVRC2012_val_00044179.JPEG,,,,12.10729694,-14.30204010
1760,imagenet,1,ILSVRC2012_val_00044243.JPEG,,,,9.96198273,-15.73571205
1761,imagenet,1,ILSVRC2012_val_00044246.JPEG,,,,39.64617157,-6.76273251
1762,imagenet,1,ILSVRC2012_val_00044255.JPEG,,,,28.84166145,24.62173843
1763,imagenet,1,ILSVRC2012_val_00044264.JPEG,,,,33.30243683,-20.54946709
1764,imagenet,1,ILSVRC2012_val_00044269.JPEG,,,,29.62722206,27.27427101
1765,imagenet,1,ILSVRC2012_val_00044273.JPEG,,,,-28.04735184,29.48588181
1766,imagenet,1,ILSVRC2012_val_00044299.JPEG,,,,8.62594128,34.71338272
1767,imagenet,1,ILSVRC2012_val_00044315.JPEG,,,,-31.06973648,5.91335344
1768,imagenet,1,ILSVRC2012_val_00044322.JPEG,,,,45.69340897,4.28551197
1769,imagenet,1,ILSVRC2012_val_00044342.JPEG,,,,24.46300888,-21.44141388
1770,imagenet,1,ILSVRC2012_val_00044417.JPEG,,,,-36.95566940,14.32913303
1771,imagenet,1,ILSVRC2012_val_00044428.JPEG,,,,-35.41447830,23.33302879
1772,imagenet,1,ILSVRC2012_val_00044439.JPEG,,,,36.09703064,23.30882454
1773,imagenet,1,ILSVRC2012_val_00044458.JPEG,,,,22.25722504,-19.81694221
1774,imagenet,1,ILSVRC2012_val_00044491.JPEG,,,,26.11847687,2.97249174
1775,imagenet,1,ILSVRC2012_val_00044493.JPEG,,,,-41.79368973,6.12194586
1776,imagenet,1,ILSVRC2012_val_00044503.JPEG,,,,-7.83210897,-23.17995453
1777,imagenet,1,ILSVRC2012_val_00044540.JPEG,,,,-4.33112907,8.22249031
1778,imagenet,1,ILSVRC2012_val_00044583.JPEG,,,,18.70585823,-2.79026222
1779,imagenet,1,ILSVRC2012_val_00044620.JPEG,,,,29.81275368,24.23757553
1780,imagenet,1,ILSVRC2012_val_00044683.JPEG,,,,-36.96193314,3.28110528
1781,imagenet,1,ILSVRC2012_val_00044700.JPEG,,,,-12.95086956,-26.82685471
1782,imagenet,1,ILSVRC2012_val_00044706.JPEG,,,,-25.31853485,-13.92918682
1783,imagenet,1,ILSVRC2012_val_00044784.JPEG,,,,47.06301498,4.03920078
1784,imagenet,1,ILSVRC2012_val_00044801.JPEG,,,,16.24151230,-20.54307365
1785,imagenet,1,ILSVRC2012_val_00044818.JPEG,,,,-9.37737274,8.37800694
1786,imagenet,1,ILSVRC2012_val_00044947.JPEG,,,,34.58257294,5.46249533
1787,imagenet,1,ILSVRC2012_val_00044971.JPEG,,,,10.88778496,-8.72917366
1788,imagenet,1,ILSVRC2012_val_00044985.JPEG,,,,-34.39197159,-6.45330334
1789,imagenet,1,ILSVRC2012_val_00045024.JPEG,,,,-4.48997831,-28.02703667
1790,imagenet,1,ILSVRC2012_val_00045056.JPEG,,,,-26.48200798,2.13429713
1791,imagenet,1,ILSVRC2012_val_00045117.JPEG,,,,-38.94337082,-5.12958765
1792,imagenet,1,ILSVRC2012_val_00045222.JPEG,,,,28.37366104,2.12090039
1793,imagenet,1,ILSVRC2012_val_00045269.JPEG,,,,-25.80481339,22.91104889
1794,imagenet,1,ILSVRC2012_val_00045276.JPEG,,,,18.34707451,-20.02610397
1795,imagenet,1,ILSVRC2012_val_00045281.JPEG,,,,31.22737885,-7.57365227
1796,imagenet,1,ILSVRC2012_val_00045296.JPEG,,,,23.76870918,-18.39693642
1797,imagenet,1,ILSVRC2012_val_00045301.JPEG,,,,37.86175156,5.57207060
1798,imagenet,1,ILSVRC2012_val_00045309.JPEG,,,,26.02045059,-11.95647812
1799,imagenet,1,ILSVRC2012_val_00045329.JPEG,,,,5.47642469,26.38003922
1800,imagenet,1,ILSVRC2012_val_00045357.JPEG,,,,-33.95271683,10.34042454
1801,imagenet,1,ILSVRC2012_val_00045359.JPEG,,,,16.14766693,-11.95534897
1802,imagenet,1,ILSVRC2012_val_00045390.JPEG,,,,23.82227898,14.32217407
1803,imagenet,1,ILSVRC2012_val_00045391.JPEG,,,,30.35568237,-13.41538906
1804,imagenet,1,ILSVRC2012_val_00045404.JPEG,,,,36.35483170,-15.47075844
1805,imagenet,1,ILSVRC2012_val_00045431.JPEG,,,,-37.36027145,-8.72573566
1806,imagenet,1,ILSVRC2012_val_00045447.JPEG,,,,-26.25601196,-6.25981808
1807,imagenet,1,ILSVRC2012_val_00045497.JPEG,,,,32.90496826,-2.00965452
1808,imagenet,1,ILSVRC2012_val_00045519.JPEG,,,,41.52960587,4.31583881
1809,imagenet,1,ILSVRC2012_val_00045552.JPEG,,,,9.73386955,-54.47395706
1810,imagenet,1,ILSVRC2012_val_00045575.JPEG,,,,36.53820419,-0.51690859
1811,imagenet,1,ILSVRC2012_val_00045598.JPEG,,,,-11.81323910,21.07471657
1812,imagenet,1,ILSVRC2012_val_00045609.JPEG,,,,-6.81502676,-0.65270221
1813,imagenet,1,ILSVRC2012_val_00045698.JPEG,,,,-19.39052773,-0.41089711
1814,imagenet,1,ILSVRC2012_val_00045802.JPEG,,,,-1.92111671,34.21792984
1815,imagenet,1,ILSVRC2012_val_00045805.JPEG,,,,-9.40301991,-8.14238548
1816,imagenet,1,ILSVRC2012_val_00045815.JPEG,,,,-24.34926987,17.26417923
1817,imagenet,1,ILSVRC2012_val_00045835.JPEG,,,,-44.46905899,-1.32324457
1818,imagenet,1,ILSVRC2012_val_00045842.JPEG,,,,-29.80860901,26.77578163
1819,imagenet,1,ILSVRC2012_val_00045848.JPEG,,,,16.81981468,-25.45135689
1820,imagenet,1,ILSVRC2012_val_00045888.JPEG,,,,48.84036255,3.25849915
1821,imagenet,1,ILSVRC2012_val_00045917.JPEG,,,,-8.41325474,5.46790361
1822,imagenet,1,ILSVRC2012_val_00045941.JPEG,,,,24.76347160,1.75704825
1823,imagenet,1,ILSVRC2012_val_00045954.JPEG,,,,21.32826042,-7.08876181
1824,imagenet,1,ILSVRC2012_val_00045956.JPEG,,,,-9.43587494,32.75925064
1825,imagenet,1,ILSVRC2012_val_00045996.JPEG,,,,-32.80904007,2.94075155
1826,imagenet,1,ILSVRC2012_val_00046091.JPEG,,,,3.58492255,25.34277153
1827,imagenet,1,ILSVRC2012_val_00046104.JPEG,,,,-29.64617348,28.28464508
1828,imagenet,1,ILSVRC2012_val_00046130.JPEG,,,,-17.96993637,-12.74082565
1829,imagenet,1,ILSVRC2012_val_00046135.JPEG,,,,25.68410683,24.93436241
1830,imagenet,1,ILSVRC2012_val_00046149.JPEG,,,,4.45029783,-13.64310360
1831,imagenet,1,ILSVRC2012_val_00046190.JPEG,,,,13.74446011,36.86571884
1832,imagenet,1,ILSVRC2012_val_00046196.JPEG,,,,24.01125145,-13.60786343
1833,imagenet,1,ILSVRC2012_val_00046232.JPEG,,,,-27.86654663,19.69315147
1834,imagenet,1,ILSVRC2012_val_00046256.JPEG,,,,-19.64937973,28.65139580
1835,imagenet,1,ILSVRC2012_val_00046275.JPEG,,,,14.38683414,-20.90312195
1836,imagenet,1,ILSVRC2012_val_00046292.JPEG,,,,-3.74244571,-16.07472610
1837,imagenet,1,ILSVRC2012_val_00046297.JPEG,,,,-0.55100358,36.97154236
1838,imagenet,1,ILSVRC2012_val_00046303.JPEG,,,,-8.32415009,32.94303894
1839,imagenet,1,ILSVRC2012_val_00046311.JPEG,,,,-32.29913712,12.54016209
1840,imagenet,1,ILSVRC2012_val_00046360.JPEG,,,,15.26659298,-26.82637978
1841,imagenet,1,ILSVRC2012_val_00046366.JPEG,,,,-23.78404236,-16.57181740
1842,imagenet,1,ILSVRC2012_val_00046381.JPEG,,,,44.14041138,5.30229139
1843,imagenet,1,ILSVRC2012_val_00046394.JPEG,,,,-3.19109750,16.26386452
1844,imagenet,1,ILSVRC2012_val_00046476.JPEG,,,,24.24270821,-14.39320660
1845,imagenet,1,ILSVRC2012_val_00046477.JPEG,,,,-14.90975094,3.09031749
1846,imagenet,1,ILSVRC2012_val_00046516.JPEG,,,,37.97065735,17.72727966
1847,imagenet,1,ILSVRC2012_val_00046552.JPEG,,,,-37.41353607,-10.49140549
1848,imagenet,1,ILSVRC2012_val_00046586.JPEG,,,,39.70111465,0.32351896
1849,imagenet,1,ILSVRC2012_val_00046605.JPEG,,,,-25.50910759,-19.76792717
1850,imagenet,1,ILSVRC2012_val_00046669.JPEG,,,,7.95153189,-15.07180786
1851,imagenet,1,ILSVRC2012_val_00046696.JPEG,,,,3.36675262,2.17745042
1852,imagenet,1,ILSVRC2012_val_00046705.JPEG,,,,1.47428501,19.61230850
1853,imagenet,1,ILSVRC2012_val_00046719.JPEG,,,,16.08041382,7.05591011
1854,imagenet,1,ILSVRC2012_val_00046723.JPEG,,,,48.39343643,5.77413273
1855,imagenet,1,ILSVRC2012_val_00046755.JPEG,,,,-26.63941765,-11.43899059
1856,imagenet,1,ILSVRC2012_val_00046796.JPEG,,,,-5.36129236,-19.68043709
1857,imagenet,1,ILSVRC2012_val_00046820.JPEG,,,,-22.23295403,6.01134253
1858,imagenet,1,ILSVRC2012_val_00046850.JPEG,,,,44.45033646,3.42311645
1859,imagenet,1,ILSVRC2012_val_00046871.JPEG,,,,49.88003159,11.84878635
1860,imagenet,1,ILSVRC2012_val_00046878.JPEG,,,,-33.31821442,-3.16269803
1861,imagenet,1,ILSVRC2012_val_00046894.JPEG,,,,-4.67488575,33.81611633
1862,imagenet,1,ILSVRC2012_val_00046906.JPEG,,,,45.23892975,8.14609718
1863,imagenet,1,ILSVRC2012_val_00046916.JPEG,,,,-7.45819950,13.46371174
1864,imagenet,1,ILSVRC2012_val_00046929.JPEG,,,,-11.92743492,-15.98695183
1865,imagenet,1,ILSVRC2012_val_00046940.JPEG,,,,-15.00376320,-25.19048119
1866,imagenet,1,ILSVRC2012_val_00046971.JPEG,,,,36.24536896,-7.29316759
1867,imagenet,1,ILSVRC2012_val_00046974.JPEG,,,,13.55919552,15.82398510
1868,imagenet,1,ILSVRC2012_val_00046976.JPEG,,,,49.95951843,9.42666435
1869,imagenet,1,ILSVRC2012_val_00046979.JPEG,,,,10.33696461,-13.25035667
1870,imagenet,1,ILSVRC2012_val_00046983.JPEG,,,,11.74697876,3.59090590
1871,imagenet,1,ILSVRC2012_val_00047067.JPEG,,,,-44.13074875,4.41651583
1872,imagenet,1,ILSVRC2012_val_00047129.JPEG,,,,13.62518597,34.61582184
1873,imagenet,1,ILSVRC2012_val_00047175.JPEG,,,,-32.69327927,22.69391060
1874,imagenet,1,ILSVRC2012_val_00047224.JPEG,,,,-44.73206711,0.07418066
1875,imagenet,1,ILSVRC2012_val_00047281.JPEG,,,,-5.17027521,20.45797729
1876,imagenet,1,ILSVRC2012_val_00047305.JPEG,,,,9.73679924,33.77220535
1877,imagenet,1,ILSVRC2012_val_00047308.JPEG,,,,21.93266487,21.71461678
1878,imagenet,1,ILSVRC2012_val_00047323.JPEG,,,,-13.10072136,-16.24485779
1879,imagenet,1,ILSVRC2012_val_00047341.JPEG,,,,10.60085583,22.57061005
1880,imagenet,1,ILSVRC2012_val_00047381.JPEG,,,,-7.23722124,-19.24324036
1881,imagenet,1,ILSVRC2012_val_00047417.JPEG,,,,26.36616707,15.46615505
1882,imagenet,1,ILSVRC2012_val_00047452.JPEG,,,,-31.97971535,-15.96637249
1883,imagenet,1,ILSVRC2012_val_00047469.JPEG,,,,-42.29037094,-4.88857174
1884,imagenet,1,ILSVRC2012_val_00047476.JPEG,,,,1.34958172,14.43111706
1885,imagenet,1,ILSVRC2012_val_00047484.JPEG,,,,-19.26718712,-14.39894199
1886,imagenet,1,ILSVRC2012_val_00047505.JPEG,,,,3.71645784,5.09538031
1887,imagenet,1,ILSVRC2012_val_00047552.JPEG,,,,33.96796799,25.00865936
1888,imagenet,1,ILSVRC2012_val_00047569.JPEG,,,,-3.95134902,-29.32399750
1889,imagenet,1,ILSVRC2012_val_00047606.JPEG,,,,-8.92355156,-13.37806892
1890,imagenet,1,ILSVRC2012_val_00047666.JPEG,,,,34.72492218,25.34671211
1891,imagenet,1,ILSVRC2012_val_00047701.JPEG,,,,-20.55141258,29.69632912
1892,imagenet,1,ILSVRC2012_val_00047722.JPEG,,,,15.98728085,11.60716629
1893,imagenet,1,ILSVRC2012_val_00047723.JPEG,,,,-5.27148294,-28.63089371
1894,imagenet,1,ILSVRC2012_val_00047727.JPEG,,,,32.49303055,21.57199860
1895,imagenet,1,ILSVRC2012_val_00047728.JPEG,,,,35.70969009,14.95839214
1896,imagenet,1,ILSVRC2012_val_00047739.JPEG,,,,17.71911430,30.40035248
1897,imagenet,1,ILSVRC2012_val_00047763.JPEG,,,,-38.27452087,20.64156914
1898,imagenet,1,ILSVRC2012_val_00047767.JPEG,,,,-25.93740273,18.10148239
1899,imagenet,1,ILSVRC2012_val_00047823.JPEG,,,,6.74852610,22.60767937
1900,imagenet,1,ILSVRC2012_val_00047848.JPEG,,,,48.80265427,9.90903759
1901,imagenet,1,ILSVRC2012_val_00047873.JPEG,,,,-33.99350739,19.11787987
1902,imagenet,1,ILSVRC2012_val_00047881.JPEG,,,,-29.82767296,3.51989985
1903,imagenet,1,ILSVRC2012_val_00047921.JPEG,,,,32.13456345,-6.61321592
1904,imagenet,1,ILSVRC2012_val_00047952.JPEG,,,,-34.43083191,-15.67317104
1905,imagenet,1,ILSVRC2012_val_00047959.JPEG,,,,-2.17721248,-2.71705461
1906,imagenet,1,ILSVRC2012_val_00047963.JPEG,,,,-5.33540773,19.68728065
1907,imagenet,1,ILSVRC2012_val_00047967.JPEG,,,,8.97739887,27.91833305
1908,imagenet,1,ILSVRC2012_val_00047996.JPEG,,,,4.57216835,17.38489723
1909,imagenet,1,ILSVRC2012_val_00048013.JPEG,,,,24.78474617,9.88821697
1910,imagenet,1,ILSVRC2012_val_00048039.JPEG,,,,-24.45055962,-5.50404167
1911,imagenet,1,ILSVRC2012_val_00048071.JPEG,,,,-11.52964020,-1.91402340
1912,imagenet,1,ILSVRC2012_val_00048110.JPEG,,,,-13.75191307,-12.86317635
1913,imagenet,1,ILSVRC2012_val_00048134.JPEG,,,,-11.90981102,0.99651289
1914,imagenet,1,ILSVRC2012_val_00048136.JPEG,,,,36.58810806,0.03130060
1915,imagenet,1,ILSVRC2012_val_00048190.JPEG,,,,-4.77091646,-10.43304920
1916,imagenet,1,ILSVRC2012_val_00048205.JPEG,,,,-28.06940269,-16.71648979
1917,imagenet,1,ILSVRC2012_val_00048206.JPEG,,,,51.60757446,9.32374287
1918,imagenet,1,ILSVRC2012_val_00048217.JPEG,,,,50.12646866,12.24760914
1919,imagenet,1,ILSVRC2012_val_00048222.JPEG,,,,-36.52462387,11.96571922
1920,imagenet,1,ILSVRC2012_val_00048231.JPEG,,,,-31.20503998,-4.39536095
1921,imagenet,1,ILSVRC2012_val_00048275.JPEG,,,,-37.85706329,-4.90830708
1922,imagenet,1,ILSVRC2012_val_00048316.JPEG,,,,-0.92170787,2.17448592
1923,imagenet,1,ILSVRC2012_val_00048335.JPEG,,,,31.49685860,9.76674080
1924,imagenet,1,ILSVRC2012_val_00048341.JPEG,,,,-34.37435913,9.46351242
1925,imagenet,1,ILSVRC2012_val_00048355.JPEG,,,,-1.90771556,2.77829385
1926,imagenet,1,ILSVRC2012_val_00048370.JPEG,,,,-27.91754150,18.35837364
1927,imagenet,1,ILSVRC2012_val_00048425.JPEG,,,,-1.01629102,-30.47308350
1928,imagenet,1,ILSVRC2012_val_00048426.JPEG,,,,-40.66388702,19.07298851
1929,imagenet,1,ILSVRC2012_val_00048427.JPEG,,,,19.66204643,19.32334900
1930,imagenet,1,ILSVRC2012_val_00048544.JPEG,,,,-0.86568087,-19.22380066
1931,imagenet,1,ILSVRC2012_val_00048554.JPEG,,,,-32.31380844,-14.36819839
1932,imagenet,1,ILSVRC2012_val_00048556.JPEG,,,,36.15553284,-8.74944305
1933,imagenet,1,ILSVRC2012_val_00048559.JPEG,,,,31.56549835,6.80009317
1934,imagenet,1,ILSVRC2012_val_00048560.JPEG,,,,-32.62464142,14.62184238
1935,imagenet,1,ILSVRC2012_val_00048613.JPEG,,,,21.20887566,16.57733917
1936,imagenet,1,ILSVRC2012_val_00048615.JPEG,,,,-24.44602585,-5.92573929
1937,imagenet,1,ILSVRC2012_val_00048616.JPEG,,,,37.05596924,-2.48634696
1938,imagenet,1,ILSVRC2012_val_00048626.JPEG,,,,10.84267330,4.08192015
1939,imagenet,1,ILSVRC2012_val_00048632.JPEG,,,,18.33630943,29.15642738
1940,imagenet,1,ILSVRC2012_val_00048633.JPEG,,,,14.09677792,30.63645172
1941,imagenet,1,ILSVRC2012_val_00048644.JPEG,,,,40.29437637,-5.81968021
1942,imagenet,1,ILSVRC2012_val_00048663.JPEG,,,,1.89613628,19.48090744
1943,imagenet,1,ILSVRC2012_val_00048708.JPEG,,,,-3.01458120,8.13379955
1944,imagenet,1,ILSVRC2012_val_00048744.JPEG,,,,0.18151458,-12.44376850
1945,imagenet,1,ILSVRC2012_val_00048802.JPEG,,,,41.99896622,-0.88035154
1946,imagenet,1,ILSVRC2012_val_00048805.JPEG,,,,11.53710175,36.06466293
1947,imagenet,1,ILSVRC2012_val_00048815.JPEG,,,,-20.94040489,28.65613937
1948,imagenet,1,ILSVRC2012_val_00048825.JPEG,,,,-3.01931238,-9.19632912
1949,imagenet,1,ILSVRC2012_val_00048831.JPEG,,,,-36.48154831,-2.47403717
1950,imagenet,1,ILSVRC2012_val_00048851.JPEG,,,,9.24471951,32.04465866
1951,imagenet,1,ILSVRC2012_val_00048869.JPEG,,,,-36.54381180,-7.42769289
1952,imagenet,1,ILSVRC2012_val_00048907.JPEG,,,,-4.20451546,30.64659500
1953,imagenet,1,ILSVRC2012_val_00048912.JPEG,,,,-14.59262943,7.80637550
1954,imagenet,1,ILSVRC2012_val_00048926.JPEG,,,,20.13121796,13.54265690
1955,imagenet,1,ILSVRC2012_val_00048942.JPEG,,,,39.39609909,5.23295069
1956,imagenet,1,ILSVRC2012_val_00048955.JPEG,,,,34.33721542,18.95031929
1957,imagenet,1,ILSVRC2012_val_00048960.JPEG,,,,29.71384048,-10.65190220
1958,imagenet,1,ILSVRC2012_val_00048970.JPEG,,,,49.77181244,6.11001205
1959,imagenet,1,ILSVRC2012_val_00049060.JPEG,,,,-23.01659966,-16.90758324
1960,imagenet,1,ILSVRC2012_val_00049083.JPEG,,,,0.00127621,-14.16141129
1961,imagenet,1,ILSVRC2012_val_00049118.JPEG,,,,-42.69123840,4.15993738
1962,imagenet,1,ILSVRC2012_val_00049149.JPEG,,,,6.69043255,-13.52943420
1963,imagenet,1,ILSVRC2012_val_00049287.JPEG,,,,-0.69470078,2.34071207
1964,imagenet,1,ILSVRC2012_val_00049311.JPEG,,,,5.65782642,33.06670761
1965,imagenet,1,ILSVRC2012_val_00049333.JPEG,,,,-39.84039688,-7.10110521
1966,imagenet,1,ILSVRC2012_val_00049354.JPEG,,,,-46.31791306,-7.86588383
1967,imagenet,1,ILSVRC2012_val_00049385.JPEG,,,,8.96525669,1.05913401
1968,imagenet,1,ILSVRC2012_val_00049402.JPEG,,,,-33.48725510,-21.12811661
1969,imagenet,1,ILSVRC2012_val_00049442.JPEG,,,,4.43813419,-24.97346687
1970,imagenet,1,ILSVRC2012_val_00049472.JPEG,,,,13.38983917,33.40553665
1971,imagenet,1,ILSVRC2012_val_00049484.JPEG,,,,20.62284660,-5.90409279
1972,imagenet,1,ILSVRC2012_val_00049490.JPEG,,,,-2.87920284,34.66601562
1973,imagenet,1,ILSVRC2012_val_00049494.JPEG,,,,-45.46601868,-6.30579281
1974,imagenet,1,ILSVRC2012_val_00049539.JPEG,,,,51.58769608,4.08645153
1975,imagenet,1,ILSVRC2012_val_00049543.JPEG,,,,2.31253123,-21.67957878
1976,imagenet,1,ILSVRC2012_val_00049545.JPEG,,,,20.74234390,-13.17326355
1977,imagenet,1,ILSVRC2012_val_00049560.JPEG,,,,-15.91496086,-7.51496410
1978,imagenet,1,ILSVRC2012_val_00049563.JPEG,,,,-16.53087425,29.53524208
1979,imagenet,1,ILSVRC2012_val_00049564.JPEG,,,,13.97033596,26.59243393
1980,imagenet,1,ILSVRC2012_val_00049616.JPEG,,,,-42.51004791,-8.39040756
1981,imagenet,1,ILSVRC2012_val_00049635.JPEG,,,,24.08241844,17.10991287
1982,imagenet,1,ILSVRC2012_val_00049644.JPEG,,,,-7.89518642,17.22711945
1983,imagenet,1,ILSVRC2012_val_00049666.JPEG,,,,-9.92471981,-6.98741579
1984,imagenet,1,ILSVRC2012_val_00049671.JPEG,,,,-38.00739670,-5.70239782
1985,imagenet,1,ILSVRC2012_val_00049706.JPEG,,,,25.27290726,19.80814171
1986,imagenet,1,ILSVRC2012_val_00049710.JPEG,,,,-20.82949638,20.38985825
1987,imagenet,1,ILSVRC2012_val_00049726.JPEG,,,,-37.37985992,-6.28140879
1988,imagenet,1,ILSVRC2012_val_00049737.JPEG,,,,-36.07519150,10.33538914
1989,imagenet,1,ILSVRC2012_val_00049742.JPEG,,,,23.74033737,-0.14567588
1990,imagenet,1,ILSVRC2012_val_00049746.JPEG,,,,4.70546389,20.41991615
1991,imagenet,1,ILSVRC2012_val_00049757.JPEG,,,,-18.05563354,-25.06038284
1992,imagenet,1,ILSVRC2012_val_00049828.JPEG,,,,31.21999931,-0.30647686
1993,imagenet,1,ILSVRC2012_val_00049844.JPEG,,,,40.73292923,-12.15655518
1994,imagenet,1,ILSVRC2012_val_00049855.JPEG,,,,-11.32372379,14.40580750
1995,imagenet,1,ILSVRC2012_val_00049891.JPEG,,,,-33.23189926,-16.86795616
1996,imagenet,1,ILSVRC2012_val_00049909.JPEG,,,,-41.63212204,-0.70344752
1997,imagenet,1,ILSVRC2012_val_00049961.JPEG,,,,-19.55527496,16.45434380
1998,imagenet,1,ILSVRC2012_val_00049968.JPEG,,,,44.41616821,7.47322416
1999,imagenet,1,ILSVRC2012_val_00049975.JPEG,,,,11.17727470,35.80563354
4093,timesx,1,CropsAndStaples__rice_usd_cwt_96_12_12_10events__20250611T000000,CropsAndStaples__rice_usd_cwt_96_12_12_10events,middle,0,4.90276384,-62.73718262
4094,timesx,1,CropsAndStaples__rice_usd_cwt_96_12_12_10events__20250630T000000,CropsAndStaples__rice_usd_cwt_96_12_12_10events,middle,0,8.10958099,-62.41785431
4095,timesx,1,CropsAndStaples__rice_usd_cwt_96_12_12_10events__20250717T000000,CropsAndStaples__rice_usd_cwt_96_12_12_10events,middle,0,5.20559025,-63.50593567
4096,timesx,1,CropsAndStaples__rice_usd_cwt_96_12_12_10events__20250804T000000,CropsAndStaples__rice_usd_cwt_96_12_12_10events,middle,0,6.44812965,-61.54072189
4097,timesx,1,CropsAndStaples__rice_usd_cwt_96_12_12_10events__20250820T000000,CropsAndStaples__rice_usd_cwt_96_12_12_10events,middle,0,5.15934086,-63.28853226
4098,timesx,1,CropsAndStaples__rice_usd_cwt_96_12_12_10events__20250908T000000,CropsAndStaples__rice_usd_cwt_96_12_12_10events,middle,0,5.00843573,-60.84597778
4099,timesx,1,CropsAndStaples__rice_usd_cwt_96_12_12_10events__20250924T000000,CropsAndStaples__rice_usd_cwt_96_12_12_10events,middle,0,6.39261580,-61.06253052
4100,timesx,1,CropsAndStaples__rice_usd_cwt_96_12_12_10events__20251010T000000,CropsAndStaples__rice_usd_cwt_96_12_12_10events,middle,0,3.93549800,-60.06415176
4101,timesx,1,CropsAndStaples__rice_usd_cwt_96_12_12_10events__20251028T000000,CropsAndStaples__rice_usd_cwt_96_12_12_10events,middle,0,5.22091818,-59.20753098
4102,timesx,1,CropsAndStaples__rice_usd_cwt_96_12_12_10events__20251113T000000,CropsAndStaples__rice_usd_cwt_96_12_12_10events,middle,0,4.48757315,-59.70936966
4103,timesx,1,CropsAndStaples__rice_usd_cwt_96_12_12_10events__20251201T000000,CropsAndStaples__rice_usd_cwt_96_12_12_10events,middle,0,5.36011028,-59.52699280
4104,timesx,1,CropsAndStaples__rice_usd_cwt_96_12_12_10events__20251217T000000,CropsAndStaples__rice_usd_cwt_96_12_12_10events,middle,0,4.22488308,-59.79162598
4105,timesx,1,CropsAndStaples__rice_usd_cwt_96_12_12_10events__20260105T000000,CropsAndStaples__rice_usd_cwt_96_12_12_10events,middle,0,5.21692610,-59.38562012
4106,timesx,1,CropsAndStaples__rice_usd_cwt_96_12_12_10events__20260122T000000,CropsAndStaples__rice_usd_cwt_96_12_12_10events,middle,0,5.73161840,-61.28780746
4107,timesx,1,CropsAndStaples__rice_usd_cwt_96_12_12_10events__20260209T000000,CropsAndStaples__rice_usd_cwt_96_12_12_10events,middle,0,5.87461472,-60.67222214
4108,timesx,1,CropsAndStaples__rice_usd_cwt_96_12_12_10events__20260226T000000,CropsAndStaples__rice_usd_cwt_96_12_12_10events,middle,0,5.12677002,-61.97868729
4109,timesx,1,CropsAndStaples__rice_usd_cwt_96_12_12_10events__20260316T000000,CropsAndStaples__rice_usd_cwt_96_12_12_10events,middle,0,9.80744648,-66.28937531
4983,timesx,1,arts__food_wine_festivals_96_12_4_10events__20250119T000000,arts__food_wine_festivals_96_12_4_10events,middle,1,10.24911976,-63.26910019
4984,timesx,1,arts__food_wine_festivals_96_12_4_10events__20250216T000000,arts__food_wine_festivals_96_12_4_10events,middle,1,9.20682430,-64.72808838
4985,timesx,1,arts__food_wine_festivals_96_12_4_10events__20250316T000000,arts__food_wine_festivals_96_12_4_10events,middle,1,8.88525486,-67.07908630
4986,timesx,1,arts__food_wine_festivals_96_12_4_10events__20250413T000000,arts__food_wine_festivals_96_12_4_10events,middle,1,7.11308575,-67.69926453
5023,timesx,1,climate__endangered_species_96_12_4_10events__20250803T000000,climate__endangered_species_96_12_4_10events,middle,2,5.69480610,-63.98228073
5024,timesx,1,climate__endangered_species_96_12_4_10events__20250831T000000,climate__endangered_species_96_12_4_10events,middle,2,10.85285664,-63.34154129
5025,timesx,1,climate__endangered_species_96_12_4_10events__20250928T000000,climate__endangered_species_96_12_4_10events,middle,2,12.80046844,-64.58679962
5026,timesx,1,climate__endangered_species_96_12_4_10events__20251026T000000,climate__endangered_species_96_12_4_10events,middle,2,10.50216293,-68.59577179
5027,timesx,1,climate__endangered_species_96_12_4_10events__20251123T000000,climate__endangered_species_96_12_4_10events,middle,2,3.18893433,-69.49070740
5028,timesx,1,climate__endangered_species_96_12_4_10events__20251221T000000,climate__endangered_species_96_12_4_10events,middle,2,2.26725292,-67.69004822
5059,timesx,1,climate__sustainable_fashion_96_12_4_10events__20250803T000000,climate__sustainable_fashion_96_12_4_10events,worst,3,10.76510048,-64.58327484
5060,timesx,1,climate__sustainable_fashion_96_12_4_10events__20250831T000000,climate__sustainable_fashion_96_12_4_10events,worst,3,10.94550323,-65.93019867
5061,timesx,1,climate__sustainable_fashion_96_12_4_10events__20250928T000000,climate__sustainable_fashion_96_12_4_10events,worst,3,10.76490974,-67.32301331
5062,timesx,1,climate__sustainable_fashion_96_12_4_10events__20251026T000000,climate__sustainable_fashion_96_12_4_10events,worst,3,4.98131371,-70.01451111
5063,timesx,1,climate__sustainable_fashion_96_12_4_10events__20251123T000000,climate__sustainable_fashion_96_12_4_10events,worst,3,3.75197506,-68.82578278
5064,timesx,1,climate__sustainable_fashion_96_12_4_10events__20251221T000000,climate__sustainable_fashion_96_12_4_10events,worst,3,5.56842375,-68.74370575
5071,timesx,1,economy__cost_of_living_96_12_4_10events__20250803T000000,economy__cost_of_living_96_12_4_10events,worst,4,11.83735657,-66.35443878
5072,timesx,1,economy__cost_of_living_96_12_4_10events__20250831T000000,economy__cost_of_living_96_12_4_10events,worst,4,8.48702145,-66.80386353
5073,timesx,1,economy__cost_of_living_96_12_4_10events__20250928T000000,economy__cost_of_living_96_12_4_10events,worst,4,6.78260326,-67.14611053
5074,timesx,1,economy__cost_of_living_96_12_4_10events__20251026T000000,economy__cost_of_living_96_12_4_10events,worst,4,4.67728806,-67.88013458
5075,timesx,1,economy__cost_of_living_96_12_4_10events__20251123T000000,economy__cost_of_living_96_12_4_10events,worst,4,5.50495577,-66.33536530
5076,timesx,1,economy__cost_of_living_96_12_4_10events__20251221T000000,economy__cost_of_living_96_12_4_10events,worst,4,9.17460823,-65.95081329
5161,timesx,1,electronic_technology__drones_96_12_4_10events__20250803T000000,electronic_technology__drones_96_12_4_10events,best,5,-1.21625423,-62.94585800
5162,timesx,1,electronic_technology__drones_96_12_4_10events__20250831T000000,electronic_technology__drones_96_12_4_10events,best,5,-0.35974374,-63.14791107
5163,timesx,1,electronic_technology__drones_96_12_4_10events__20250928T000000,electronic_technology__drones_96_12_4_10events,best,5,0.17501767,-62.89721298
5164,timesx,1,electronic_technology__drones_96_12_4_10events__20251026T000000,electronic_technology__drones_96_12_4_10events,best,5,0.18716703,-63.61207581
5165,timesx,1,electronic_technology__drones_96_12_4_10events__20251123T000000,electronic_technology__drones_96_12_4_10events,best,5,10.40715504,-59.11239243
5166,timesx,1,electronic_technology__drones_96_12_4_10events__20251221T000000,electronic_technology__drones_96_12_4_10events,best,5,-1.23429585,-63.82221985
5203,timesx,1,finance__financial_regulation_96_12_4_10events__20250803T000000,finance__financial_regulation_96_12_4_10events,worst,6,10.75966454,-65.78643036
5204,timesx,1,finance__financial_regulation_96_12_4_10events__20250831T000000,finance__financial_regulation_96_12_4_10events,worst,6,10.48773575,-66.60275269
5205,timesx,1,finance__financial_regulation_96_12_4_10events__20250928T000000,finance__financial_regulation_96_12_4_10events,worst,6,10.08240032,-68.41545868
5206,timesx,1,finance__financial_regulation_96_12_4_10events__20251026T000000,finance__financial_regulation_96_12_4_10events,worst,6,4.05867910,-69.52818298
5207,timesx,1,finance__financial_regulation_96_12_4_10events__20251123T000000,finance__financial_regulation_96_12_4_10events,worst,6,5.60466242,-69.21204376
5208,timesx,1,finance__financial_regulation_96_12_4_10events__20251221T000000,finance__financial_regulation_96_12_4_10events,worst,6,6.11092520,-69.09053802
5263,timesx,1,pets__animal_welfare_96_12_4_10events__20250803T000000,pets__animal_welfare_96_12_4_10events,worst,7,12.08379269,-64.06396484
5264,timesx,1,pets__animal_welfare_96_12_4_10events__20250831T000000,pets__animal_welfare_96_12_4_10events,worst,7,11.30137539,-66.52299500
5265,timesx,1,pets__animal_welfare_96_12_4_10events__20250928T000000,pets__animal_welfare_96_12_4_10events,worst,7,10.34567738,-67.39109039
5266,timesx,1,pets__animal_welfare_96_12_4_10events__20251026T000000,pets__animal_welfare_96_12_4_10events,worst,7,4.11269331,-69.97357178
5267,timesx,1,pets__animal_welfare_96_12_4_10events__20251123T000000,pets__animal_welfare_96_12_4_10events,worst,7,4.04917049,-68.50897217
5268,timesx,1,pets__animal_welfare_96_12_4_10events__20251221T000000,pets__animal_welfare_96_12_4_10events,worst,7,5.42886925,-65.64789581
5275,timesx,1,pets__biodiversity_96_12_4_10events__20250803T000000,pets__biodiversity_96_12_4_10events,middle,8,6.89302826,-63.42402267
5276,timesx,1,pets__biodiversity_96_12_4_10events__20250831T000000,pets__biodiversity_96_12_4_10events,middle,8,11.58122826,-63.46471405
5277,timesx,1,pets__biodiversity_96_12_4_10events__20250928T000000,pets__biodiversity_96_12_4_10events,middle,8,12.95618820,-65.16605377
5278,timesx,1,pets__biodiversity_96_12_4_10events__20251026T000000,pets__biodiversity_96_12_4_10events,middle,8,10.20425129,-69.10771179
5279,timesx,1,pets__biodiversity_96_12_4_10events__20251123T000000,pets__biodiversity_96_12_4_10events,middle,8,2.80266666,-69.33112335
5280,timesx,1,pets__biodiversity_96_12_4_10events__20251221T000000,pets__biodiversity_96_12_4_10events,middle,8,2.08346510,-67.59925842
5317,timesx,1,public_health__climate_change_96_12_4_10events__20250803T000000,public_health__climate_change_96_12_4_10events,best,9,0.38928616,-63.21905899
5318,timesx,1,public_health__climate_change_96_12_4_10events__20250831T000000,public_health__climate_change_96_12_4_10events,best,9,5.92022181,-58.43258286
5319,timesx,1,public_health__climate_change_96_12_4_10events__20250928T000000,public_health__climate_change_96_12_4_10events,best,9,-1.63955557,-64.79633331
5320,timesx,1,public_health__climate_change_96_12_4_10events__20251026T000000,public_health__climate_change_96_12_4_10events,best,9,-1.29779792,-63.54149246
5321,timesx,1,public_health__climate_change_96_12_4_10events__20251123T000000,public_health__climate_change_96_12_4_10events,best,9,-1.29676378,-62.47222519
5322,timesx,1,public_health__climate_change_96_12_4_10events__20251221T000000,public_health__climate_change_96_12_4_10events,best,9,-0.45883897,-62.50123596
5341,timesx,1,public_health__hiv_aids_96_12_4_10events__20250803T000000,public_health__hiv_aids_96_12_4_10events,middle,10,4.89464664,-65.27132416
5342,timesx,1,public_health__hiv_aids_96_12_4_10events__20250831T000000,public_health__hiv_aids_96_12_4_10events,middle,10,6.35682821,-63.18782043
5343,timesx,1,public_health__hiv_aids_96_12_4_10events__20250928T000000,public_health__hiv_aids_96_12_4_10events,middle,10,11.25541687,-63.89659119
5344,timesx,1,public_health__hiv_aids_96_12_4_10events__20251026T000000,public_health__hiv_aids_96_12_4_10events,middle,10,10.78657246,-68.21446991
5345,timesx,1,public_health__hiv_aids_96_12_4_10events__20251123T000000,public_health__hiv_aids_96_12_4_10events,middle,10,4.54179382,-69.74176788
5346,timesx,1,public_health__hiv_aids_96_12_4_10events__20251221T000000,public_health__hiv_aids_96_12_4_10events,middle,10,4.45579767,-66.33153534
5359,timesx,1,public_health__obesity_96_12_4_10events__20250803T000000,public_health__obesity_96_12_4_10events,worst,11,9.94268513,-65.03623962
5360,timesx,1,public_health__obesity_96_12_4_10events__20250831T000000,public_health__obesity_96_12_4_10events,worst,11,8.87487411,-64.30731201
5361,timesx,1,public_health__obesity_96_12_4_10events__20250928T000000,public_health__obesity_96_12_4_10events,worst,11,9.80659008,-64.04949188
5362,timesx,1,public_health__obesity_96_12_4_10events__20251026T000000,public_health__obesity_96_12_4_10events,worst,11,10.90628815,-69.07804108
5363,timesx,1,public_health__obesity_96_12_4_10events__20251123T000000,public_health__obesity_96_12_4_10events,worst,11,4.42114210,-69.06002808
5364,timesx,1,public_health__obesity_96_12_4_10events__20251221T000000,public_health__obesity_96_12_4_10events,worst,11,4.28594160,-66.20114136
5401,timesx,1,public_policy__national_debt_96_12_4_10events__20250803T000000,public_policy__national_debt_96_12_4_10events,middle,12,12.17004871,-64.55088043
5402,timesx,1,public_policy__national_debt_96_12_4_10events__20250831T000000,public_policy__national_debt_96_12_4_10events,middle,12,9.30391121,-67.09365082
5403,timesx,1,public_policy__national_debt_96_12_4_10events__20250928T000000,public_policy__national_debt_96_12_4_10events,middle,12,8.06781673,-67.71546936
5404,timesx,1,public_policy__national_debt_96_12_4_10events__20251026T000000,public_policy__national_debt_96_12_4_10events,middle,12,4.38865089,-68.54208374
5405,timesx,1,public_policy__national_debt_96_12_4_10events__20251123T000000,public_policy__national_debt_96_12_4_10events,middle,12,3.85733056,-67.38040161
5406,timesx,1,public_policy__national_debt_96_12_4_10events__20251221T000000,public_policy__national_debt_96_12_4_10events,middle,12,7.55760860,-64.38397217
5449,timesx,1,science__earthquake_96_12_4_10events__20250803T000000,science__earthquake_96_12_4_10events,best,13,8.02665806,-64.87693024
5450,timesx,1,science__earthquake_96_12_4_10events__20250831T000000,science__earthquake_96_12_4_10events,best,13,7.47867489,-66.27411652
5451,timesx,1,science__earthquake_96_12_4_10events__20250928T000000,science__earthquake_96_12_4_10events,best,13,3.33692265,-64.94795227
5452,timesx,1,science__earthquake_96_12_4_10events__20251026T000000,science__earthquake_96_12_4_10events,best,13,3.30673003,-64.91696930
5453,timesx,1,science__earthquake_96_12_4_10events__20251123T000000,science__earthquake_96_12_4_10events,best,13,2.34502625,-63.83444595
5454,timesx,1,science__earthquake_96_12_4_10events__20251221T000000,science__earthquake_96_12_4_10events,best,13,3.57252359,-63.99662018
5473,timesx,1,science__nobel_prize_96_12_4_10events__20250803T000000,science__nobel_prize_96_12_4_10events,worst,14,11.21843147,-62.72042847
5474,timesx,1,science__nobel_prize_96_12_4_10events__20250831T000000,science__nobel_prize_96_12_4_10events,worst,14,8.58452415,-62.55736923
5475,timesx,1,science__nobel_prize_96_12_4_10events__20250928T000000,science__nobel_prize_96_12_4_10events,worst,14,7.84372854,-67.36611176
5476,timesx,1,science__nobel_prize_96_12_4_10events__20251026T000000,science__nobel_prize_96_12_4_10events,worst,14,-1.71878397,-63.83311844
5477,timesx,1,science__nobel_prize_96_12_4_10events__20251123T000000,science__nobel_prize_96_12_4_10events,worst,14,-1.14388001,-62.65339279
5478,timesx,1,science__nobel_prize_96_12_4_10events__20251221T000000,science__nobel_prize_96_12_4_10events,worst,14,-0.39712051,-62.86543655
5497,timesx,1,shopping__air_conditioner_96_12_4_10events__20250803T000000,shopping__air_conditioner_96_12_4_10events,best,15,-0.72744823,-64.75633240
5498,timesx,1,shopping__air_conditioner_96_12_4_10events__20250831T000000,shopping__air_conditioner_96_12_4_10events,best,15,0.90886694,-62.02551651
5499,timesx,1,shopping__air_conditioner_96_12_4_10events__20250928T000000,shopping__air_conditioner_96_12_4_10events,best,15,1.18723691,-62.10520935
5500,timesx,1,shopping__air_conditioner_96_12_4_10events__20251026T000000,shopping__air_conditioner_96_12_4_10events,best,15,3.16545677,-62.62163925
5501,timesx,1,shopping__air_conditioner_96_12_4_10events__20251123T000000,shopping__air_conditioner_96_12_4_10events,best,15,10.09575748,-61.13457870
5502,timesx,1,shopping__air_conditioner_96_12_4_10events__20251221T000000,shopping__air_conditioner_96_12_4_10events,best,15,9.69423962,-60.81715012
5503,timesx,1,shopping__back_to_school_96_12_4_10events__20250803T000000,shopping__back_to_school_96_12_4_10events,best,16,10.33264351,-59.09530640
5504,timesx,1,shopping__back_to_school_96_12_4_10events__20250831T000000,shopping__back_to_school_96_12_4_10events,best,16,-2.49155903,-62.72066116
5505,timesx,1,shopping__back_to_school_96_12_4_10events__20250928T000000,shopping__back_to_school_96_12_4_10events,best,16,-1.48418999,-61.38325882
5506,timesx,1,shopping__back_to_school_96_12_4_10events__20251026T000000,shopping__back_to_school_96_12_4_10events,best,16,-0.19044627,-60.86431885
5507,timesx,1,shopping__back_to_school_96_12_4_10events__20251123T000000,shopping__back_to_school_96_12_4_10events,best,16,0.47375128,-60.74323654
5508,timesx,1,shopping__back_to_school_96_12_4_10events__20251221T000000,shopping__back_to_school_96_12_4_10events,best,16,10.92430401,-60.68209076
5659,timesx,1,traffic__tour_de_france_96_12_4_10events__20250803T000000,traffic__tour_de_france_96_12_4_10events,best,17,-2.49071932,-63.80289078
5660,timesx,1,traffic__tour_de_france_96_12_4_10events__20250831T000000,traffic__tour_de_france_96_12_4_10events,best,17,-1.91843200,-61.77888489
5661,timesx,1,traffic__tour_de_france_96_12_4_10events__20250928T000000,traffic__tour_de_france_96_12_4_10events,best,17,-0.70536429,-61.07292175
5662,timesx,1,traffic__tour_de_france_96_12_4_10events__20251026T000000,traffic__tour_de_france_96_12_4_10events,best,17,0.09577059,-61.04351044
5663,timesx,1,traffic__tour_de_france_96_12_4_10events__20251123T000000,traffic__tour_de_france_96_12_4_10events,best,17,10.85826015,-60.24944687
5664,timesx,1,traffic__tour_de_france_96_12_4_10events__20251221T000000,traffic__tour_de_france_96_12_4_10events,best,17,10.59459305,-60.19907379
