[2026-09-29 15:02:59] === stage train start: /dev_data/wlt/conda/envs/visionts/bin/python queue_train.py
[queue] gate: free VRAM >= 3982 MiB (preflight peak 910 + 3072); fingerprints bound OK
[queue] 285 runs; domain order: ['arts', 'climate', 'economy', 'electronic_technology', 'finance', 'pets', 'public_health', 'science', 'shopping', 'society', 'traffic', 'public_policy', 'SpecialtyAndAdvancedMaterials', 'LivestockAndFoodProducts', 'RawMaterialsAndConstruction', 'EnergyAndFuels', 'CropsAndStaples', 'StrategicAndHighValueMaterials', 'Currency']
[queue] START F0__arts__s2021 (free 29724MiB)
[F0__arts__s2021] epoch 1: val_mse=1.458628 pred_loss=0.697228 reg=0.000e+00 (9s)
[F0__arts__s2021] epoch 2: val_mse=1.459199 pred_loss=0.702970 reg=0.000e+00 (11s)
[F0__arts__s2021] epoch 3: val_mse=1.459760 pred_loss=0.717791 reg=0.000e+00 (14s)
[F0__arts__s2021] epoch 4: val_mse=1.460435 pred_loss=0.698860 reg=0.000e+00 (17s)
[F0__arts__s2021] epoch 5: val_mse=1.461197 pred_loss=0.676960 reg=0.000e+00 (19s)
[F0__arts__s2021] epoch 6: val_mse=1.461812 pred_loss=0.700772 reg=0.000e+00 (22s)
[F0__arts__s2021] epoch 7: val_mse=1.462237 pred_loss=0.683280 reg=0.000e+00 (24s)
[F0__arts__s2021] epoch 8: val_mse=1.462759 pred_loss=0.668664 reg=0.000e+00 (27s)
[F0__arts__s2021] epoch 9: val_mse=1.463592 pred_loss=0.708504 reg=0.000e+00 (29s)
[F0__arts__s2021] epoch 10: val_mse=1.464121 pred_loss=0.710510 reg=0.000e+00 (32s)
[queue] DONE F0__arts__s2021 (1/285) wall=31.8s peak=913.0MB
[queue] START F1__arts__s2021 (free 28403MiB)
[F1__arts__s2021] epoch 1: val_mse=1.458541 pred_loss=0.733940 reg=0.000e+00 (6s)
[F1__arts__s2021] epoch 2: val_mse=1.459104 pred_loss=0.719167 reg=0.000e+00 (9s)
[F1__arts__s2021] epoch 3: val_mse=1.459764 pred_loss=0.728741 reg=0.000e+00 (11s)
[F1__arts__s2021] epoch 4: val_mse=1.460616 pred_loss=0.700246 reg=0.000e+00 (14s)
[F1__arts__s2021] epoch 5: val_mse=1.461615 pred_loss=0.694830 reg=0.000e+00 (16s)
[F1__arts__s2021] epoch 6: val_mse=1.462489 pred_loss=0.707646 reg=0.000e+00 (19s)
[F1__arts__s2021] epoch 7: val_mse=1.463178 pred_loss=0.712977 reg=0.000e+00 (21s)
[F1__arts__s2021] epoch 8: val_mse=1.463793 pred_loss=0.705235 reg=0.000e+00 (24s)
[F1__arts__s2021] epoch 9: val_mse=1.464623 pred_loss=0.735309 reg=0.000e+00 (27s)
[F1__arts__s2021] epoch 10: val_mse=1.465254 pred_loss=0.746169 reg=0.000e+00 (29s)
[queue] DONE F1__arts__s2021 (2/285) wall=29.1s peak=904.9MB
[queue] START F2__arts__s2021 (free 28403MiB)
[F2__arts__s2021] epoch 1: val_mse=1.458595 pred_loss=0.776300 reg=0.000e+00 (6s)
[F2__arts__s2021] epoch 2: val_mse=1.459159 pred_loss=0.757811 reg=0.000e+00 (8s)
[F2__arts__s2021] epoch 3: val_mse=1.459831 pred_loss=0.724268 reg=0.000e+00 (11s)
[F2__arts__s2021] epoch 4: val_mse=1.460705 pred_loss=0.697235 reg=0.000e+00 (13s)
[F2__arts__s2021] epoch 5: val_mse=1.461694 pred_loss=0.718730 reg=0.000e+00 (16s)
[F2__arts__s2021] epoch 6: val_mse=1.462433 pred_loss=0.736042 reg=0.000e+00 (18s)
[F2__arts__s2021] epoch 7: val_mse=1.463022 pred_loss=0.756686 reg=0.000e+00 (21s)
[F2__arts__s2021] epoch 8: val_mse=1.463513 pred_loss=0.732929 reg=0.000e+00 (23s)
[F2__arts__s2021] epoch 9: val_mse=1.464512 pred_loss=0.791439 reg=0.000e+00 (26s)
[F2__arts__s2021] epoch 10: val_mse=1.465373 pred_loss=0.769992 reg=0.000e+00 (28s)
[queue] DONE F2__arts__s2021 (3/285) wall=28.5s peak=904.9MB
[queue] START F3__arts__s2021 (free 28403MiB)
[F3__arts__s2021] epoch 1: val_mse=1.458541 pred_loss=0.733940 reg=3.452e-07 (6s)
[F3__arts__s2021] epoch 2: val_mse=1.459104 pred_loss=0.719167 reg=2.023e-06 (9s)
[F3__arts__s2021] epoch 3: val_mse=1.459763 pred_loss=0.728743 reg=5.106e-06 (12s)
[F3__arts__s2021] epoch 4: val_mse=1.460615 pred_loss=0.700248 reg=9.566e-06 (15s)
[F3__arts__s2021] epoch 5: val_mse=1.461613 pred_loss=0.694836 reg=1.491e-05 (18s)
[F3__arts__s2021] epoch 6: val_mse=1.462485 pred_loss=0.707655 reg=2.171e-05 (21s)
[F3__arts__s2021] epoch 7: val_mse=1.463173 pred_loss=0.712990 reg=3.014e-05 (24s)
[F3__arts__s2021] epoch 8: val_mse=1.463785 pred_loss=0.705255 reg=3.974e-05 (27s)
[F3__arts__s2021] epoch 9: val_mse=1.464612 pred_loss=0.735333 reg=5.041e-05 (30s)
[F3__arts__s2021] epoch 10: val_mse=1.465241 pred_loss=0.746200 reg=6.245e-05 (33s)
[queue] DONE F3__arts__s2021 (4/285) wall=33.4s peak=904.9MB
[queue] START F4__arts__s2021 (free 28403MiB)
[F4__arts__s2021] epoch 1: val_mse=1.458595 pred_loss=0.776300 reg=3.229e-07 (6s)
[F4__arts__s2021] epoch 2: val_mse=1.459159 pred_loss=0.757812 reg=1.805e-06 (9s)
[F4__arts__s2021] epoch 3: val_mse=1.459831 pred_loss=0.724269 reg=4.560e-06 (12s)
[F4__arts__s2021] epoch 4: val_mse=1.460703 pred_loss=0.697237 reg=8.502e-06 (15s)
[F4__arts__s2021] epoch 5: val_mse=1.461692 pred_loss=0.718736 reg=1.333e-05 (18s)
[F4__arts__s2021] epoch 6: val_mse=1.462429 pred_loss=0.736050 reg=1.929e-05 (21s)
[F4__arts__s2021] epoch 7: val_mse=1.463016 pred_loss=0.756699 reg=2.653e-05 (24s)
[F4__arts__s2021] epoch 8: val_mse=1.463504 pred_loss=0.732947 reg=3.474e-05 (27s)
[F4__arts__s2021] epoch 9: val_mse=1.464501 pred_loss=0.791464 reg=4.411e-05 (31s)
[F4__arts__s2021] epoch 10: val_mse=1.465358 pred_loss=0.770017 reg=5.506e-05 (34s)
[queue] DONE F4__arts__s2021 (5/285) wall=33.6s peak=904.9MB
[queue] START F0__arts__s2022 (free 28403MiB)
[F0__arts__s2022] epoch 1: val_mse=1.458977 pred_loss=0.695619 reg=0.000e+00 (6s)
[F0__arts__s2022] epoch 2: val_mse=1.459572 pred_loss=0.707301 reg=0.000e+00 (8s)
[F0__arts__s2022] epoch 3: val_mse=1.459926 pred_loss=0.722151 reg=0.000e+00 (11s)
[F0__arts__s2022] epoch 4: val_mse=1.460274 pred_loss=0.667213 reg=0.000e+00 (14s)
[F0__arts__s2022] epoch 5: val_mse=1.460661 pred_loss=0.687035 reg=0.000e+00 (16s)
[F0__arts__s2022] epoch 6: val_mse=1.461128 pred_loss=0.659091 reg=0.000e+00 (19s)
[F0__arts__s2022] epoch 7: val_mse=1.461533 pred_loss=0.693383 reg=0.000e+00 (21s)
[F0__arts__s2022] epoch 8: val_mse=1.462023 pred_loss=0.675739 reg=0.000e+00 (24s)
[F0__arts__s2022] epoch 9: val_mse=1.462185 pred_loss=0.682350 reg=0.000e+00 (26s)
[F0__arts__s2022] epoch 10: val_mse=1.462324 pred_loss=0.698038 reg=0.000e+00 (29s)
[queue] DONE F0__arts__s2022 (6/285) wall=28.9s peak=904.9MB
[queue] START F1__arts__s2022 (free 28403MiB)
[F1__arts__s2022] epoch 1: val_mse=1.458813 pred_loss=0.712653 reg=0.000e+00 (6s)
[F1__arts__s2022] epoch 2: val_mse=1.459587 pred_loss=0.732498 reg=0.000e+00 (8s)
[F1__arts__s2022] epoch 3: val_mse=1.460239 pred_loss=0.740783 reg=0.000e+00 (11s)
[F1__arts__s2022] epoch 4: val_mse=1.460882 pred_loss=0.678282 reg=0.000e+00 (13s)
[F1__arts__s2022] epoch 5: val_mse=1.461732 pred_loss=0.685775 reg=0.000e+00 (16s)
[F1__arts__s2022] epoch 6: val_mse=1.462747 pred_loss=0.678189 reg=0.000e+00 (19s)
[F1__arts__s2022] epoch 7: val_mse=1.463525 pred_loss=0.719412 reg=0.000e+00 (21s)
[F1__arts__s2022] epoch 8: val_mse=1.464275 pred_loss=0.676259 reg=0.000e+00 (24s)
[F1__arts__s2022] epoch 9: val_mse=1.464875 pred_loss=0.696542 reg=0.000e+00 (26s)
[F1__arts__s2022] epoch 10: val_mse=1.465330 pred_loss=0.727061 reg=0.000e+00 (29s)
[queue] DONE F1__arts__s2022 (7/285) wall=28.6s peak=904.9MB
[queue] START F2__arts__s2022 (free 28403MiB)
[F2__arts__s2022] epoch 1: val_mse=1.458662 pred_loss=0.755105 reg=0.000e+00 (6s)
[F2__arts__s2022] epoch 2: val_mse=1.459270 pred_loss=0.753466 reg=0.000e+00 (8s)
[F2__arts__s2022] epoch 3: val_mse=1.459942 pred_loss=0.773759 reg=0.000e+00 (11s)
[F2__arts__s2022] epoch 4: val_mse=1.460654 pred_loss=0.686396 reg=0.000e+00 (13s)
[F2__arts__s2022] epoch 5: val_mse=1.461598 pred_loss=0.687400 reg=0.000e+00 (16s)
[F2__arts__s2022] epoch 6: val_mse=1.462792 pred_loss=0.701152 reg=0.000e+00 (18s)
[F2__arts__s2022] epoch 7: val_mse=1.463599 pred_loss=0.742490 reg=0.000e+00 (21s)
[F2__arts__s2022] epoch 8: val_mse=1.464074 pred_loss=0.728761 reg=0.000e+00 (24s)
[F2__arts__s2022] epoch 9: val_mse=1.464552 pred_loss=0.705411 reg=0.000e+00 (26s)
[F2__arts__s2022] epoch 10: val_mse=1.464924 pred_loss=0.748526 reg=0.000e+00 (29s)
[queue] DONE F2__arts__s2022 (8/285) wall=28.6s peak=904.9MB
[queue] START F3__arts__s2022 (free 28403MiB)
[F3__arts__s2022] epoch 1: val_mse=1.458813 pred_loss=0.712653 reg=3.385e-07 (6s)
[F3__arts__s2022] epoch 2: val_mse=1.459587 pred_loss=0.732499 reg=2.037e-06 (9s)
[F3__arts__s2022] epoch 3: val_mse=1.460239 pred_loss=0.740785 reg=5.452e-06 (12s)
[F3__arts__s2022] epoch 4: val_mse=1.460881 pred_loss=0.678285 reg=1.045e-05 (15s)
[F3__arts__s2022] epoch 5: val_mse=1.461729 pred_loss=0.685781 reg=1.711e-05 (18s)
[F3__arts__s2022] epoch 6: val_mse=1.462742 pred_loss=0.678197 reg=2.545e-05 (21s)
[F3__arts__s2022] epoch 7: val_mse=1.463518 pred_loss=0.719422 reg=3.507e-05 (24s)
[F3__arts__s2022] epoch 8: val_mse=1.464265 pred_loss=0.676275 reg=4.517e-05 (27s)
[F3__arts__s2022] epoch 9: val_mse=1.464861 pred_loss=0.696568 reg=5.596e-05 (30s)
[F3__arts__s2022] epoch 10: val_mse=1.465313 pred_loss=0.727096 reg=6.798e-05 (33s)
[queue] DONE F3__arts__s2022 (9/285) wall=33.2s peak=904.9MB
[queue] START F4__arts__s2022 (free 28403MiB)
[F4__arts__s2022] epoch 1: val_mse=1.458662 pred_loss=0.755105 reg=3.303e-07 (6s)
[F4__arts__s2022] epoch 2: val_mse=1.459270 pred_loss=0.753467 reg=1.938e-06 (9s)
[F4__arts__s2022] epoch 3: val_mse=1.459941 pred_loss=0.773761 reg=4.980e-06 (12s)
[F4__arts__s2022] epoch 4: val_mse=1.460652 pred_loss=0.686399 reg=9.456e-06 (15s)
[F4__arts__s2022] epoch 5: val_mse=1.461595 pred_loss=0.687406 reg=1.539e-05 (18s)
[F4__arts__s2022] epoch 6: val_mse=1.462788 pred_loss=0.701159 reg=2.298e-05 (21s)
[F4__arts__s2022] epoch 7: val_mse=1.463592 pred_loss=0.742498 reg=3.141e-05 (24s)
[F4__arts__s2022] epoch 8: val_mse=1.464064 pred_loss=0.728775 reg=3.985e-05 (27s)
[F4__arts__s2022] epoch 9: val_mse=1.464539 pred_loss=0.705433 reg=4.881e-05 (30s)
[F4__arts__s2022] epoch 10: val_mse=1.464908 pred_loss=0.748557 reg=5.905e-05 (34s)
[queue] DONE F4__arts__s2022 (10/285) wall=33.5s peak=904.9MB
[queue] START F0__arts__s2023 (free 28403MiB)
[F0__arts__s2023] epoch 1: val_mse=1.458124 pred_loss=0.694769 reg=0.000e+00 (6s)
[F0__arts__s2023] epoch 2: val_mse=1.458523 pred_loss=0.689240 reg=0.000e+00 (8s)
[F0__arts__s2023] epoch 3: val_mse=1.459025 pred_loss=0.699942 reg=0.000e+00 (11s)
[F0__arts__s2023] epoch 4: val_mse=1.459334 pred_loss=0.715061 reg=0.000e+00 (13s)
[F0__arts__s2023] epoch 5: val_mse=1.459796 pred_loss=0.683077 reg=0.000e+00 (16s)
[F0__arts__s2023] epoch 6: val_mse=1.460428 pred_loss=0.704881 reg=0.000e+00 (18s)
[F0__arts__s2023] epoch 7: val_mse=1.461116 pred_loss=0.663178 reg=0.000e+00 (21s)
[F0__arts__s2023] epoch 8: val_mse=1.461882 pred_loss=0.692396 reg=0.000e+00 (23s)
[F0__arts__s2023] epoch 9: val_mse=1.462728 pred_loss=0.661294 reg=0.000e+00 (26s)
[F0__arts__s2023] epoch 10: val_mse=1.463722 pred_loss=0.675742 reg=0.000e+00 (29s)
[queue] DONE F0__arts__s2023 (11/285) wall=28.6s peak=904.9MB
[queue] START F1__arts__s2023 (free 28403MiB)
[F1__arts__s2023] epoch 1: val_mse=1.458363 pred_loss=0.719090 reg=0.000e+00 (6s)
[F1__arts__s2023] epoch 2: val_mse=1.459083 pred_loss=0.744144 reg=0.000e+00 (8s)
[F1__arts__s2023] epoch 3: val_mse=1.459683 pred_loss=0.726414 reg=0.000e+00 (11s)
[F1__arts__s2023] epoch 4: val_mse=1.460091 pred_loss=0.729982 reg=0.000e+00 (13s)
[F1__arts__s2023] epoch 5: val_mse=1.460818 pred_loss=0.704496 reg=0.000e+00 (16s)
[F1__arts__s2023] epoch 6: val_mse=1.461766 pred_loss=0.721772 reg=0.000e+00 (18s)
[F1__arts__s2023] epoch 7: val_mse=1.462430 pred_loss=0.678822 reg=0.000e+00 (21s)
[F1__arts__s2023] epoch 8: val_mse=1.463082 pred_loss=0.711105 reg=0.000e+00 (23s)
[F1__arts__s2023] epoch 9: val_mse=1.463570 pred_loss=0.712876 reg=0.000e+00 (26s)
[F1__arts__s2023] epoch 10: val_mse=1.464257 pred_loss=0.678726 reg=0.000e+00 (28s)
[queue] DONE F1__arts__s2023 (12/285) wall=28.4s peak=904.9MB
[queue] START F2__arts__s2023 (free 28403MiB)
[F2__arts__s2023] epoch 1: val_mse=1.458561 pred_loss=0.723885 reg=0.000e+00 (6s)
[F2__arts__s2023] epoch 2: val_mse=1.459330 pred_loss=0.753473 reg=0.000e+00 (8s)
[F2__arts__s2023] epoch 3: val_mse=1.459766 pred_loss=0.757568 reg=0.000e+00 (11s)
[F2__arts__s2023] epoch 4: val_mse=1.460181 pred_loss=0.732513 reg=0.000e+00 (13s)
[F2__arts__s2023] epoch 5: val_mse=1.460924 pred_loss=0.700000 reg=0.000e+00 (16s)
[F2__arts__s2023] epoch 6: val_mse=1.461797 pred_loss=0.735626 reg=0.000e+00 (19s)
[F2__arts__s2023] epoch 7: val_mse=1.462366 pred_loss=0.689801 reg=0.000e+00 (21s)
[F2__arts__s2023] epoch 8: val_mse=1.462912 pred_loss=0.744183 reg=0.000e+00 (23s)
[F2__arts__s2023] epoch 9: val_mse=1.463238 pred_loss=0.736258 reg=0.000e+00 (26s)
[F2__arts__s2023] epoch 10: val_mse=1.463869 pred_loss=0.710808 reg=0.000e+00 (29s)
[queue] DONE F2__arts__s2023 (13/285) wall=28.7s peak=904.9MB
[queue] START F3__arts__s2023 (free 28403MiB)
[F3__arts__s2023] epoch 1: val_mse=1.458363 pred_loss=0.719090 reg=3.504e-07 (6s)
[F3__arts__s2023] epoch 2: val_mse=1.459083 pred_loss=0.744144 reg=2.194e-06 (9s)
[F3__arts__s2023] epoch 3: val_mse=1.459683 pred_loss=0.726416 reg=5.485e-06 (12s)
[F3__arts__s2023] epoch 4: val_mse=1.460090 pred_loss=0.729985 reg=1.004e-05 (15s)
[F3__arts__s2023] epoch 5: val_mse=1.460816 pred_loss=0.704502 reg=1.606e-05 (18s)
[F3__arts__s2023] epoch 6: val_mse=1.461763 pred_loss=0.721780 reg=2.356e-05 (21s)
[F3__arts__s2023] epoch 7: val_mse=1.462425 pred_loss=0.678834 reg=3.189e-05 (24s)
[F3__arts__s2023] epoch 8: val_mse=1.463074 pred_loss=0.711125 reg=4.121e-05 (27s)
[F3__arts__s2023] epoch 9: val_mse=1.463559 pred_loss=0.712904 reg=5.215e-05 (30s)
[F3__arts__s2023] epoch 10: val_mse=1.464243 pred_loss=0.678753 reg=6.437e-05 (33s)
[queue] DONE F3__arts__s2023 (14/285) wall=33.2s peak=904.9MB
[queue] START F4__arts__s2023 (free 28403MiB)
[F4__arts__s2023] epoch 1: val_mse=1.458561 pred_loss=0.723885 reg=3.194e-07 (6s)
[F4__arts__s2023] epoch 2: val_mse=1.459330 pred_loss=0.753474 reg=1.935e-06 (9s)
[F4__arts__s2023] epoch 3: val_mse=1.459765 pred_loss=0.757569 reg=4.763e-06 (12s)
[F4__arts__s2023] epoch 4: val_mse=1.460180 pred_loss=0.732517 reg=8.678e-06 (15s)
[F4__arts__s2023] epoch 5: val_mse=1.460922 pred_loss=0.700006 reg=1.404e-05 (18s)
[F4__arts__s2023] epoch 6: val_mse=1.461793 pred_loss=0.735632 reg=2.057e-05 (21s)
[F4__arts__s2023] epoch 7: val_mse=1.462360 pred_loss=0.689812 reg=2.783e-05 (24s)
[F4__arts__s2023] epoch 8: val_mse=1.462903 pred_loss=0.744201 reg=3.604e-05 (27s)
[F4__arts__s2023] epoch 9: val_mse=1.463226 pred_loss=0.736282 reg=4.550e-05 (30s)
[F4__arts__s2023] epoch 10: val_mse=1.463855 pred_loss=0.710831 reg=5.608e-05 (33s)
[queue] DONE F4__arts__s2023 (15/285) wall=33.2s peak=904.9MB
[queue] START F0__climate__s2021 (free 28403MiB)
[F0__climate__s2021] epoch 1: val_mse=0.531527 pred_loss=0.959809 reg=0.000e+00 (8s)
[F0__climate__s2021] epoch 2: val_mse=0.525948 pred_loss=0.939146 reg=0.000e+00 (13s)
[F0__climate__s2021] epoch 3: val_mse=0.520451 pred_loss=0.945425 reg=0.000e+00 (18s)
[F0__climate__s2021] epoch 4: val_mse=0.515241 pred_loss=0.953792 reg=0.000e+00 (23s)
[F0__climate__s2021] epoch 5: val_mse=0.510576 pred_loss=0.799041 reg=0.000e+00 (28s)
[F0__climate__s2021] epoch 6: val_mse=0.506373 pred_loss=0.909204 reg=0.000e+00 (33s)
[F0__climate__s2021] epoch 7: val_mse=0.502424 pred_loss=1.062941 reg=0.000e+00 (38s)
[F0__climate__s2021] epoch 8: val_mse=0.497945 pred_loss=0.890268 reg=0.000e+00 (44s)
[F0__climate__s2021] epoch 9: val_mse=0.493223 pred_loss=0.978553 reg=0.000e+00 (49s)
[F0__climate__s2021] epoch 10: val_mse=0.487469 pred_loss=0.735298 reg=0.000e+00 (54s)
[queue] DONE F0__climate__s2021 (16/285) wall=53.7s peak=904.9MB
[queue] START F1__climate__s2021 (free 28403MiB)
[F1__climate__s2021] epoch 1: val_mse=0.532863 pred_loss=1.023887 reg=0.000e+00 (8s)
[F1__climate__s2021] epoch 2: val_mse=0.525858 pred_loss=0.961690 reg=0.000e+00 (13s)
[F1__climate__s2021] epoch 3: val_mse=0.518338 pred_loss=1.016825 reg=0.000e+00 (18s)
[F1__climate__s2021] epoch 4: val_mse=0.510847 pred_loss=0.982876 reg=0.000e+00 (23s)
[F1__climate__s2021] epoch 5: val_mse=0.504441 pred_loss=0.835720 reg=0.000e+00 (28s)
[F1__climate__s2021] epoch 6: val_mse=0.500246 pred_loss=0.922142 reg=0.000e+00 (34s)
[F1__climate__s2021] epoch 7: val_mse=0.495083 pred_loss=1.049020 reg=0.000e+00 (39s)
[F1__climate__s2021] epoch 8: val_mse=0.490502 pred_loss=0.939855 reg=0.000e+00 (44s)
[F1__climate__s2021] epoch 9: val_mse=0.485593 pred_loss=1.007497 reg=0.000e+00 (49s)
[F1__climate__s2021] epoch 10: val_mse=0.480367 pred_loss=0.806264 reg=0.000e+00 (54s)
[queue] DONE F1__climate__s2021 (17/285) wall=53.8s peak=904.9MB
[queue] START F2__climate__s2021 (free 28403MiB)
[F2__climate__s2021] epoch 1: val_mse=0.533810 pred_loss=1.011854 reg=0.000e+00 (8s)
[F2__climate__s2021] epoch 2: val_mse=0.527390 pred_loss=0.928298 reg=0.000e+00 (13s)
[F2__climate__s2021] epoch 3: val_mse=0.520477 pred_loss=1.001385 reg=0.000e+00 (18s)
[F2__climate__s2021] epoch 4: val_mse=0.512808 pred_loss=0.962717 reg=0.000e+00 (23s)
[F2__climate__s2021] epoch 5: val_mse=0.506266 pred_loss=0.838767 reg=0.000e+00 (28s)
[F2__climate__s2021] epoch 6: val_mse=0.502251 pred_loss=0.902617 reg=0.000e+00 (33s)
[F2__climate__s2021] epoch 7: val_mse=0.497357 pred_loss=1.055324 reg=0.000e+00 (39s)
[F2__climate__s2021] epoch 8: val_mse=0.492988 pred_loss=0.960021 reg=0.000e+00 (44s)
[F2__climate__s2021] epoch 9: val_mse=0.488636 pred_loss=1.003408 reg=0.000e+00 (49s)
[F2__climate__s2021] epoch 10: val_mse=0.484125 pred_loss=0.818967 reg=0.000e+00 (54s)
[queue] DONE F2__climate__s2021 (18/285) wall=53.7s peak=904.9MB
[queue] START F3__climate__s2021 (free 28403MiB)
[F3__climate__s2021] epoch 1: val_mse=0.532863 pred_loss=1.023888 reg=1.734e-06 (9s)
[F3__climate__s2021] epoch 2: val_mse=0.525859 pred_loss=0.961693 reg=1.070e-05 (15s)
[F3__climate__s2021] epoch 3: val_mse=0.518341 pred_loss=1.016834 reg=2.812e-05 (21s)
[F3__climate__s2021] epoch 4: val_mse=0.510854 pred_loss=0.982899 reg=5.211e-05 (27s)
[F3__climate__s2021] epoch 5: val_mse=0.504454 pred_loss=0.835753 reg=8.420e-05 (34s)
[F3__climate__s2021] epoch 6: val_mse=0.500267 pred_loss=0.922209 reg=1.215e-04 (40s)
[F3__climate__s2021] epoch 7: val_mse=0.495110 pred_loss=1.049110 reg=1.684e-04 (46s)
[F3__climate__s2021] epoch 8: val_mse=0.490538 pred_loss=0.939954 reg=2.218e-04 (52s)
[F3__climate__s2021] epoch 9: val_mse=0.485638 pred_loss=1.007601 reg=2.764e-04 (58s)
[F3__climate__s2021] epoch 10: val_mse=0.480420 pred_loss=0.806405 reg=3.313e-04 (64s)
[queue] DONE F3__climate__s2021 (19/285) wall=63.9s peak=904.9MB
[queue] START F4__climate__s2021 (free 28403MiB)
[F4__climate__s2021] epoch 1: val_mse=0.533810 pred_loss=1.011855 reg=1.698e-06 (9s)
[F4__climate__s2021] epoch 2: val_mse=0.527390 pred_loss=0.928301 reg=9.876e-06 (15s)
[F4__climate__s2021] epoch 3: val_mse=0.520480 pred_loss=1.001393 reg=2.506e-05 (21s)
[F4__climate__s2021] epoch 4: val_mse=0.512816 pred_loss=0.962737 reg=4.573e-05 (27s)
[F4__climate__s2021] epoch 5: val_mse=0.506280 pred_loss=0.838801 reg=7.286e-05 (33s)
[F4__climate__s2021] epoch 6: val_mse=0.502274 pred_loss=0.902682 reg=1.062e-04 (40s)
[F4__climate__s2021] epoch 7: val_mse=0.497386 pred_loss=1.055407 reg=1.488e-04 (46s)
[F4__climate__s2021] epoch 8: val_mse=0.493027 pred_loss=0.960113 reg=1.959e-04 (52s)
[F4__climate__s2021] epoch 9: val_mse=0.488685 pred_loss=1.003503 reg=2.440e-04 (58s)
[F4__climate__s2021] epoch 10: val_mse=0.484184 pred_loss=0.819092 reg=2.927e-04 (64s)
[queue] DONE F4__climate__s2021 (20/285) wall=63.9s peak=904.9MB
[queue] START F0__climate__s2022 (free 28403MiB)
[F0__climate__s2022] epoch 1: val_mse=0.535283 pred_loss=0.980941 reg=0.000e+00 (8s)
[F0__climate__s2022] epoch 2: val_mse=0.528020 pred_loss=0.895375 reg=0.000e+00 (13s)
[F0__climate__s2022] epoch 3: val_mse=0.521118 pred_loss=0.905919 reg=0.000e+00 (18s)
[F0__climate__s2022] epoch 4: val_mse=0.515802 pred_loss=0.912841 reg=0.000e+00 (23s)
[F0__climate__s2022] epoch 5: val_mse=0.509146 pred_loss=1.020115 reg=0.000e+00 (28s)
[F0__climate__s2022] epoch 6: val_mse=0.504214 pred_loss=0.887511 reg=0.000e+00 (33s)
[F0__climate__s2022] epoch 7: val_mse=0.498659 pred_loss=0.946824 reg=0.000e+00 (39s)
[F0__climate__s2022] epoch 8: val_mse=0.493254 pred_loss=0.847044 reg=0.000e+00 (44s)
[F0__climate__s2022] epoch 9: val_mse=0.489367 pred_loss=0.817710 reg=0.000e+00 (49s)
[F0__climate__s2022] epoch 10: val_mse=0.484936 pred_loss=0.855274 reg=0.000e+00 (54s)
[queue] DONE F0__climate__s2022 (21/285) wall=53.7s peak=904.9MB
[queue] START F1__climate__s2022 (free 28403MiB)
[F1__climate__s2022] epoch 1: val_mse=0.533768 pred_loss=1.034105 reg=0.000e+00 (8s)
[F1__climate__s2022] epoch 2: val_mse=0.524937 pred_loss=0.954636 reg=0.000e+00 (13s)
[F1__climate__s2022] epoch 3: val_mse=0.518020 pred_loss=0.937752 reg=0.000e+00 (18s)
[F1__climate__s2022] epoch 4: val_mse=0.511051 pred_loss=0.923337 reg=0.000e+00 (24s)
[F1__climate__s2022] epoch 5: val_mse=0.503003 pred_loss=1.042307 reg=0.000e+00 (29s)
[F1__climate__s2022] epoch 6: val_mse=0.496896 pred_loss=0.918466 reg=0.000e+00 (34s)
[F1__climate__s2022] epoch 7: val_mse=0.491290 pred_loss=0.951860 reg=0.000e+00 (39s)
[F1__climate__s2022] epoch 8: val_mse=0.487221 pred_loss=0.910973 reg=0.000e+00 (44s)
[F1__climate__s2022] epoch 9: val_mse=0.482543 pred_loss=0.867786 reg=0.000e+00 (49s)
[F1__climate__s2022] epoch 10: val_mse=0.478193 pred_loss=0.873287 reg=0.000e+00 (54s)
[queue] DONE F1__climate__s2022 (22/285) wall=53.8s peak=904.9MB
[queue] START F2__climate__s2022 (free 28403MiB)
[F2__climate__s2022] epoch 1: val_mse=0.533404 pred_loss=0.983057 reg=0.000e+00 (8s)
[F2__climate__s2022] epoch 2: val_mse=0.524819 pred_loss=0.943296 reg=0.000e+00 (13s)
[F2__climate__s2022] epoch 3: val_mse=0.518323 pred_loss=0.911820 reg=0.000e+00 (18s)
[F2__climate__s2022] epoch 4: val_mse=0.512300 pred_loss=0.913089 reg=0.000e+00 (23s)
[F2__climate__s2022] epoch 5: val_mse=0.504819 pred_loss=1.021965 reg=0.000e+00 (28s)
[F2__climate__s2022] epoch 6: val_mse=0.499280 pred_loss=0.888569 reg=0.000e+00 (33s)
[F2__climate__s2022] epoch 7: val_mse=0.493513 pred_loss=0.949325 reg=0.000e+00 (39s)
[F2__climate__s2022] epoch 8: val_mse=0.489480 pred_loss=0.928837 reg=0.000e+00 (44s)
[F2__climate__s2022] epoch 9: val_mse=0.485166 pred_loss=0.883067 reg=0.000e+00 (49s)
[F2__climate__s2022] epoch 10: val_mse=0.480803 pred_loss=0.876602 reg=0.000e+00 (54s)
[queue] DONE F2__climate__s2022 (23/285) wall=53.7s peak=904.9MB
[queue] START F3__climate__s2022 (free 28403MiB)
[F3__climate__s2022] epoch 1: val_mse=0.533768 pred_loss=1.034105 reg=1.536e-06 (9s)
[F3__climate__s2022] epoch 2: val_mse=0.524937 pred_loss=0.954640 reg=1.002e-05 (15s)
[F3__climate__s2022] epoch 3: val_mse=0.518022 pred_loss=0.937763 reg=2.677e-05 (21s)
[F3__climate__s2022] epoch 4: val_mse=0.511057 pred_loss=0.923359 reg=5.148e-05 (27s)
[F3__climate__s2022] epoch 5: val_mse=0.503016 pred_loss=1.042340 reg=8.326e-05 (34s)
[F3__climate__s2022] epoch 6: val_mse=0.496916 pred_loss=0.918536 reg=1.210e-04 (40s)
[F3__climate__s2022] epoch 7: val_mse=0.491317 pred_loss=0.951937 reg=1.677e-04 (46s)
[F3__climate__s2022] epoch 8: val_mse=0.487257 pred_loss=0.911086 reg=2.189e-04 (52s)
[F3__climate__s2022] epoch 9: val_mse=0.482589 pred_loss=0.867911 reg=2.783e-04 (58s)
[F3__climate__s2022] epoch 10: val_mse=0.478248 pred_loss=0.873432 reg=3.430e-04 (64s)
[queue] DONE F3__climate__s2022 (24/285) wall=63.9s peak=904.9MB
[queue] START F4__climate__s2022 (free 28403MiB)
[F4__climate__s2022] epoch 1: val_mse=0.533404 pred_loss=0.983057 reg=1.524e-06 (9s)
[F4__climate__s2022] epoch 2: val_mse=0.524819 pred_loss=0.943299 reg=9.633e-06 (15s)
[F4__climate__s2022] epoch 3: val_mse=0.518326 pred_loss=0.911831 reg=2.542e-05 (21s)
[F4__climate__s2022] epoch 4: val_mse=0.512309 pred_loss=0.913109 reg=4.825e-05 (27s)
[F4__climate__s2022] epoch 5: val_mse=0.504833 pred_loss=1.021997 reg=7.707e-05 (34s)
[F4__climate__s2022] epoch 6: val_mse=0.499302 pred_loss=0.888635 reg=1.110e-04 (40s)
[F4__climate__s2022] epoch 7: val_mse=0.493543 pred_loss=0.949394 reg=1.538e-04 (46s)
[F4__climate__s2022] epoch 8: val_mse=0.489520 pred_loss=0.928944 reg=2.001e-04 (52s)
[F4__climate__s2022] epoch 9: val_mse=0.485216 pred_loss=0.883178 reg=2.521e-04 (58s)
[F4__climate__s2022] epoch 10: val_mse=0.480864 pred_loss=0.876734 reg=3.060e-04 (64s)
[queue] DONE F4__climate__s2022 (25/285) wall=63.9s peak=904.9MB
[queue] START F0__climate__s2023 (free 28403MiB)
[F0__climate__s2023] epoch 1: val_mse=0.529631 pred_loss=0.948346 reg=0.000e+00 (8s)
[F0__climate__s2023] epoch 2: val_mse=0.524434 pred_loss=0.966656 reg=0.000e+00 (13s)
[F0__climate__s2023] epoch 3: val_mse=0.518665 pred_loss=0.958082 reg=0.000e+00 (18s)
[F0__climate__s2023] epoch 4: val_mse=0.513147 pred_loss=0.973960 reg=0.000e+00 (23s)
[F0__climate__s2023] epoch 5: val_mse=0.508803 pred_loss=0.924636 reg=0.000e+00 (28s)
[F0__climate__s2023] epoch 6: val_mse=0.505158 pred_loss=0.798195 reg=0.000e+00 (33s)
[F0__climate__s2023] epoch 7: val_mse=0.500833 pred_loss=0.798253 reg=0.000e+00 (39s)
[F0__climate__s2023] epoch 8: val_mse=0.496944 pred_loss=0.898350 reg=0.000e+00 (44s)
[F0__climate__s2023] epoch 9: val_mse=0.493031 pred_loss=0.757228 reg=0.000e+00 (49s)
[F0__climate__s2023] epoch 10: val_mse=0.488439 pred_loss=0.916867 reg=0.000e+00 (54s)
[queue] DONE F0__climate__s2023 (26/285) wall=53.7s peak=904.9MB
[queue] START F1__climate__s2023 (free 28403MiB)
[F1__climate__s2023] epoch 1: val_mse=0.528275 pred_loss=1.002431 reg=0.000e+00 (8s)
[F1__climate__s2023] epoch 2: val_mse=0.521523 pred_loss=1.001151 reg=0.000e+00 (13s)
[F1__climate__s2023] epoch 3: val_mse=0.514726 pred_loss=1.013716 reg=0.000e+00 (18s)
[F1__climate__s2023] epoch 4: val_mse=0.508973 pred_loss=0.973026 reg=0.000e+00 (23s)
[F1__climate__s2023] epoch 5: val_mse=0.504019 pred_loss=0.951442 reg=0.000e+00 (29s)
[F1__climate__s2023] epoch 6: val_mse=0.499928 pred_loss=0.820088 reg=0.000e+00 (33s)
[F1__climate__s2023] epoch 7: val_mse=0.495607 pred_loss=0.788047 reg=0.000e+00 (39s)
[F1__climate__s2023] epoch 8: val_mse=0.491132 pred_loss=0.937474 reg=0.000e+00 (44s)
[F1__climate__s2023] epoch 9: val_mse=0.486021 pred_loss=0.838202 reg=0.000e+00 (49s)
[F1__climate__s2023] epoch 10: val_mse=0.480791 pred_loss=0.960571 reg=0.000e+00 (54s)
[queue] DONE F1__climate__s2023 (27/285) wall=53.7s peak=904.9MB
[queue] START F2__climate__s2023 (free 28403MiB)
[F2__climate__s2023] epoch 1: val_mse=0.529366 pred_loss=1.035020 reg=0.000e+00 (8s)
[F2__climate__s2023] epoch 2: val_mse=0.523003 pred_loss=0.980213 reg=0.000e+00 (13s)
[F2__climate__s2023] epoch 3: val_mse=0.516193 pred_loss=1.005596 reg=0.000e+00 (18s)
[F2__climate__s2023] epoch 4: val_mse=0.510647 pred_loss=0.963180 reg=0.000e+00 (23s)
[F2__climate__s2023] epoch 5: val_mse=0.505987 pred_loss=0.924537 reg=0.000e+00 (28s)
[F2__climate__s2023] epoch 6: val_mse=0.501797 pred_loss=0.815330 reg=0.000e+00 (33s)
[F2__climate__s2023] epoch 7: val_mse=0.497633 pred_loss=0.790875 reg=0.000e+00 (38s)
[F2__climate__s2023] epoch 8: val_mse=0.492948 pred_loss=0.930969 reg=0.000e+00 (44s)
[F2__climate__s2023] epoch 9: val_mse=0.488551 pred_loss=0.845669 reg=0.000e+00 (49s)
[F2__climate__s2023] epoch 10: val_mse=0.483902 pred_loss=0.971906 reg=0.000e+00 (54s)
[queue] DONE F2__climate__s2023 (28/285) wall=53.6s peak=904.9MB
[queue] START F3__climate__s2023 (free 28403MiB)
[F3__climate__s2023] epoch 1: val_mse=0.528276 pred_loss=1.002431 reg=1.420e-06 (9s)
[F3__climate__s2023] epoch 2: val_mse=0.521525 pred_loss=1.001153 reg=9.848e-06 (15s)
[F3__climate__s2023] epoch 3: val_mse=0.514733 pred_loss=1.013726 reg=2.677e-05 (21s)
[F3__climate__s2023] epoch 4: val_mse=0.508985 pred_loss=0.973051 reg=5.079e-05 (27s)
[F3__climate__s2023] epoch 5: val_mse=0.504037 pred_loss=0.951477 reg=8.304e-05 (33s)
[F3__climate__s2023] epoch 6: val_mse=0.499953 pred_loss=0.820147 reg=1.236e-04 (40s)
[F3__climate__s2023] epoch 7: val_mse=0.495642 pred_loss=0.788113 reg=1.707e-04 (46s)
[F3__climate__s2023] epoch 8: val_mse=0.491174 pred_loss=0.937578 reg=2.220e-04 (52s)
[F3__climate__s2023] epoch 9: val_mse=0.486070 pred_loss=0.838317 reg=2.794e-04 (58s)
[F3__climate__s2023] epoch 10: val_mse=0.480848 pred_loss=0.960733 reg=3.380e-04 (64s)
[queue] DONE F3__climate__s2023 (29/285) wall=63.8s peak=904.9MB
[queue] START F4__climate__s2023 (free 28403MiB)
[F4__climate__s2023] epoch 1: val_mse=0.529367 pred_loss=1.035020 reg=1.269e-06 (9s)
[F4__climate__s2023] epoch 2: val_mse=0.523006 pred_loss=0.980215 reg=8.395e-06 (15s)
[F4__climate__s2023] epoch 3: val_mse=0.516200 pred_loss=1.005606 reg=2.299e-05 (21s)
[F4__climate__s2023] epoch 4: val_mse=0.510659 pred_loss=0.963204 reg=4.438e-05 (28s)
[F4__climate__s2023] epoch 5: val_mse=0.506007 pred_loss=0.924569 reg=7.404e-05 (34s)
[F4__climate__s2023] epoch 6: val_mse=0.501824 pred_loss=0.815381 reg=1.109e-04 (40s)
[F4__climate__s2023] epoch 7: val_mse=0.497670 pred_loss=0.790933 reg=1.524e-04 (46s)
[F4__climate__s2023] epoch 8: val_mse=0.492993 pred_loss=0.931068 reg=1.972e-04 (52s)
[F4__climate__s2023] epoch 9: val_mse=0.488605 pred_loss=0.845784 reg=2.482e-04 (58s)
[F4__climate__s2023] epoch 10: val_mse=0.483965 pred_loss=0.972051 reg=3.003e-04 (64s)
[queue] DONE F4__climate__s2023 (30/285) wall=64.1s peak=904.9MB
[queue] START F0__economy__s2021 (free 28403MiB)
[F0__economy__s2021] epoch 1: val_mse=1.189728 pred_loss=0.852181 reg=0.000e+00 (8s)
[F0__economy__s2021] epoch 2: val_mse=1.184970 pred_loss=0.984548 reg=0.000e+00 (13s)
[F0__economy__s2021] epoch 3: val_mse=1.182094 pred_loss=0.843448 reg=0.000e+00 (18s)
[F0__economy__s2021] epoch 4: val_mse=1.180541 pred_loss=0.876130 reg=0.000e+00 (23s)
[F0__economy__s2021] epoch 5: val_mse=1.182239 pred_loss=0.731480 reg=0.000e+00 (28s)
[F0__economy__s2021] epoch 6: val_mse=1.177974 pred_loss=0.786529 reg=0.000e+00 (33s)
[F0__economy__s2021] epoch 7: val_mse=1.176545 pred_loss=0.798219 reg=0.000e+00 (38s)
[F0__economy__s2021] epoch 8: val_mse=1.171455 pred_loss=0.814999 reg=0.000e+00 (44s)
[F0__economy__s2021] epoch 9: val_mse=1.168820 pred_loss=0.794249 reg=0.000e+00 (49s)
[F0__economy__s2021] epoch 10: val_mse=1.162558 pred_loss=0.800849 reg=0.000e+00 (54s)
[queue] DONE F0__economy__s2021 (31/285) wall=53.6s peak=904.9MB
[queue] START F1__economy__s2021 (free 28403MiB)
[F1__economy__s2021] epoch 1: val_mse=1.189873 pred_loss=0.829355 reg=0.000e+00 (8s)
[F1__economy__s2021] epoch 2: val_mse=1.187199 pred_loss=0.885707 reg=0.000e+00 (13s)
[F1__economy__s2021] epoch 3: val_mse=1.187579 pred_loss=0.809327 reg=0.000e+00 (18s)
[F1__economy__s2021] epoch 4: val_mse=1.188246 pred_loss=0.833892 reg=0.000e+00 (23s)
[F1__economy__s2021] epoch 5: val_mse=1.190638 pred_loss=0.718192 reg=0.000e+00 (28s)
[F1__economy__s2021] epoch 6: val_mse=1.189039 pred_loss=0.745322 reg=0.000e+00 (33s)
[F1__economy__s2021] epoch 7: val_mse=1.191183 pred_loss=0.728211 reg=0.000e+00 (38s)
[F1__economy__s2021] epoch 8: val_mse=1.184874 pred_loss=0.787840 reg=0.000e+00 (44s)
[F1__economy__s2021] epoch 9: val_mse=1.182311 pred_loss=0.732719 reg=0.000e+00 (49s)
[F1__economy__s2021] epoch 10: val_mse=1.176283 pred_loss=0.747934 reg=0.000e+00 (54s)
[queue] DONE F1__economy__s2021 (32/285) wall=53.7s peak=904.9MB
[queue] START F2__economy__s2021 (free 28403MiB)
[F2__economy__s2021] epoch 1: val_mse=1.189282 pred_loss=0.858779 reg=0.000e+00 (8s)
[F2__economy__s2021] epoch 2: val_mse=1.185572 pred_loss=0.925944 reg=0.000e+00 (13s)
[F2__economy__s2021] epoch 3: val_mse=1.185726 pred_loss=0.822521 reg=0.000e+00 (18s)
[F2__economy__s2021] epoch 4: val_mse=1.186104 pred_loss=0.847104 reg=0.000e+00 (23s)
[F2__economy__s2021] epoch 5: val_mse=1.189014 pred_loss=0.731627 reg=0.000e+00 (28s)
[F2__economy__s2021] epoch 6: val_mse=1.189284 pred_loss=0.792684 reg=0.000e+00 (33s)
[F2__economy__s2021] epoch 7: val_mse=1.193210 pred_loss=0.764070 reg=0.000e+00 (39s)
[F2__economy__s2021] epoch 8: val_mse=1.189820 pred_loss=0.812823 reg=0.000e+00 (44s)
[F2__economy__s2021] epoch 9: val_mse=1.187271 pred_loss=0.785639 reg=0.000e+00 (49s)
[F2__economy__s2021] epoch 10: val_mse=1.179423 pred_loss=0.774217 reg=0.000e+00 (54s)
[queue] DONE F2__economy__s2021 (33/285) wall=53.8s peak=904.9MB
[queue] START F3__economy__s2021 (free 28403MiB)
[F3__economy__s2021] epoch 1: val_mse=1.189872 pred_loss=0.829355 reg=1.094e-06 (9s)
[F3__economy__s2021] epoch 2: val_mse=1.187199 pred_loss=0.885710 reg=7.187e-06 (15s)
[F3__economy__s2021] epoch 3: val_mse=1.187582 pred_loss=0.809335 reg=1.935e-05 (22s)
[F3__economy__s2021] epoch 4: val_mse=1.188251 pred_loss=0.833908 reg=3.855e-05 (28s)
[F3__economy__s2021] epoch 5: val_mse=1.190649 pred_loss=0.718217 reg=6.374e-05 (34s)
[F3__economy__s2021] epoch 6: val_mse=1.189053 pred_loss=0.745364 reg=9.318e-05 (40s)
[F3__economy__s2021] epoch 7: val_mse=1.191206 pred_loss=0.728277 reg=1.270e-04 (46s)
[F3__economy__s2021] epoch 8: val_mse=1.184901 pred_loss=0.787922 reg=1.663e-04 (52s)
[F3__economy__s2021] epoch 9: val_mse=1.182348 pred_loss=0.732836 reg=2.089e-04 (58s)
[F3__economy__s2021] epoch 10: val_mse=1.176330 pred_loss=0.748080 reg=2.569e-04 (64s)
[queue] DONE F3__economy__s2021 (34/285) wall=64.0s peak=904.9MB
[queue] START F4__economy__s2021 (free 28403MiB)
[F4__economy__s2021] epoch 1: val_mse=1.189281 pred_loss=0.858779 reg=9.638e-07 (9s)
[F4__economy__s2021] epoch 2: val_mse=1.185572 pred_loss=0.925946 reg=6.282e-06 (15s)
[F4__economy__s2021] epoch 3: val_mse=1.185729 pred_loss=0.822528 reg=1.696e-05 (21s)
[F4__economy__s2021] epoch 4: val_mse=1.186112 pred_loss=0.847119 reg=3.375e-05 (27s)
[F4__economy__s2021] epoch 5: val_mse=1.189027 pred_loss=0.731653 reg=5.597e-05 (34s)
[F4__economy__s2021] epoch 6: val_mse=1.189301 pred_loss=0.792724 reg=8.177e-05 (40s)
[F4__economy__s2021] epoch 7: val_mse=1.193234 pred_loss=0.764128 reg=1.110e-04 (46s)
[F4__economy__s2021] epoch 8: val_mse=1.189849 pred_loss=0.812898 reg=1.461e-04 (52s)
[F4__economy__s2021] epoch 9: val_mse=1.187309 pred_loss=0.785749 reg=1.843e-04 (58s)
[F4__economy__s2021] epoch 10: val_mse=1.179467 pred_loss=0.774344 reg=2.257e-04 (64s)
[queue] DONE F4__economy__s2021 (35/285) wall=63.9s peak=904.9MB
[queue] START F0__economy__s2022 (free 28403MiB)
[F0__economy__s2022] epoch 1: val_mse=1.190518 pred_loss=0.922422 reg=0.000e+00 (8s)
[F0__economy__s2022] epoch 2: val_mse=1.189795 pred_loss=0.821549 reg=0.000e+00 (13s)
[F0__economy__s2022] epoch 3: val_mse=1.188171 pred_loss=0.776954 reg=0.000e+00 (18s)
[F0__economy__s2022] epoch 4: val_mse=1.181497 pred_loss=0.912434 reg=0.000e+00 (23s)
[F0__economy__s2022] epoch 5: val_mse=1.173760 pred_loss=0.889866 reg=0.000e+00 (28s)
[F0__economy__s2022] epoch 6: val_mse=1.168002 pred_loss=0.805426 reg=0.000e+00 (33s)
[F0__economy__s2022] epoch 7: val_mse=1.164741 pred_loss=0.751116 reg=0.000e+00 (39s)
[F0__economy__s2022] epoch 8: val_mse=1.160437 pred_loss=0.857884 reg=0.000e+00 (44s)
[F0__economy__s2022] epoch 9: val_mse=1.154652 pred_loss=0.775271 reg=0.000e+00 (49s)
[F0__economy__s2022] epoch 10: val_mse=1.154817 pred_loss=0.775635 reg=0.000e+00 (54s)
[queue] DONE F0__economy__s2022 (36/285) wall=53.7s peak=904.9MB
[queue] START F1__economy__s2022 (free 28403MiB)
[F1__economy__s2022] epoch 1: val_mse=1.190793 pred_loss=0.869055 reg=0.000e+00 (8s)
[F1__economy__s2022] epoch 2: val_mse=1.190749 pred_loss=0.747429 reg=0.000e+00 (13s)
[F1__economy__s2022] epoch 3: val_mse=1.190428 pred_loss=0.726423 reg=0.000e+00 (18s)
[F1__economy__s2022] epoch 4: val_mse=1.184559 pred_loss=0.836156 reg=0.000e+00 (23s)
[F1__economy__s2022] epoch 5: val_mse=1.176512 pred_loss=0.840362 reg=0.000e+00 (28s)
[F1__economy__s2022] epoch 6: val_mse=1.171607 pred_loss=0.735355 reg=0.000e+00 (33s)
[F1__economy__s2022] epoch 7: val_mse=1.168338 pred_loss=0.732214 reg=0.000e+00 (39s)
[F1__economy__s2022] epoch 8: val_mse=1.164186 pred_loss=0.805915 reg=0.000e+00 (44s)
[F1__economy__s2022] epoch 9: val_mse=1.158106 pred_loss=0.762663 reg=0.000e+00 (49s)
[F1__economy__s2022] epoch 10: val_mse=1.154954 pred_loss=0.727568 reg=0.000e+00 (54s)
[queue] DONE F1__economy__s2022 (37/285) wall=53.7s peak=904.9MB
[queue] START F2__economy__s2022 (free 28403MiB)
[F2__economy__s2022] epoch 1: val_mse=1.191573 pred_loss=0.874144 reg=0.000e+00 (8s)
[F2__economy__s2022] epoch 2: val_mse=1.190677 pred_loss=0.758080 reg=0.000e+00 (13s)
[F2__economy__s2022] epoch 3: val_mse=1.191874 pred_loss=0.754583 reg=0.000e+00 (18s)
[F2__economy__s2022] epoch 4: val_mse=1.188663 pred_loss=0.865272 reg=0.000e+00 (23s)
[F2__economy__s2022] epoch 5: val_mse=1.180775 pred_loss=0.836922 reg=0.000e+00 (28s)
[F2__economy__s2022] epoch 6: val_mse=1.176714 pred_loss=0.756828 reg=0.000e+00 (33s)
[F2__economy__s2022] epoch 7: val_mse=1.174931 pred_loss=0.750880 reg=0.000e+00 (38s)
[F2__economy__s2022] epoch 8: val_mse=1.171388 pred_loss=0.845003 reg=0.000e+00 (43s)
[F2__economy__s2022] epoch 9: val_mse=1.165457 pred_loss=0.778262 reg=0.000e+00 (49s)
[F2__economy__s2022] epoch 10: val_mse=1.161016 pred_loss=0.747206 reg=0.000e+00 (53s)
[queue] DONE F2__economy__s2022 (38/285) wall=53.5s peak=904.9MB
[queue] START F3__economy__s2022 (free 28403MiB)
[F3__economy__s2022] epoch 1: val_mse=1.190793 pred_loss=0.869056 reg=1.371e-06 (9s)
[F3__economy__s2022] epoch 2: val_mse=1.190750 pred_loss=0.747432 reg=8.435e-06 (15s)
[F3__economy__s2022] epoch 3: val_mse=1.190430 pred_loss=0.726431 reg=2.148e-05 (21s)
[F3__economy__s2022] epoch 4: val_mse=1.184562 pred_loss=0.836173 reg=3.830e-05 (27s)
[F3__economy__s2022] epoch 5: val_mse=1.176517 pred_loss=0.840395 reg=6.029e-05 (33s)
[F3__economy__s2022] epoch 6: val_mse=1.171620 pred_loss=0.735404 reg=8.954e-05 (39s)
[F3__economy__s2022] epoch 7: val_mse=1.168364 pred_loss=0.732280 reg=1.247e-04 (45s)
[F3__economy__s2022] epoch 8: val_mse=1.164227 pred_loss=0.805996 reg=1.646e-04 (51s)
[F3__economy__s2022] epoch 9: val_mse=1.158159 pred_loss=0.762781 reg=2.087e-04 (57s)
[F3__economy__s2022] epoch 10: val_mse=1.155023 pred_loss=0.727723 reg=2.566e-04 (63s)
[queue] DONE F3__economy__s2022 (39/285) wall=63.4s peak=904.9MB
[queue] START F4__economy__s2022 (free 28403MiB)
[F4__economy__s2022] epoch 1: val_mse=1.191573 pred_loss=0.874144 reg=1.383e-06 (9s)
[F4__economy__s2022] epoch 2: val_mse=1.190677 pred_loss=0.758083 reg=7.920e-06 (15s)
[F4__economy__s2022] epoch 3: val_mse=1.191875 pred_loss=0.754590 reg=1.956e-05 (21s)
[F4__economy__s2022] epoch 4: val_mse=1.188665 pred_loss=0.865286 reg=3.490e-05 (27s)
[F4__economy__s2022] epoch 5: val_mse=1.180779 pred_loss=0.836953 reg=5.470e-05 (33s)
[F4__economy__s2022] epoch 6: val_mse=1.176726 pred_loss=0.756871 reg=8.100e-05 (39s)
[F4__economy__s2022] epoch 7: val_mse=1.174955 pred_loss=0.750942 reg=1.124e-04 (45s)
[F4__economy__s2022] epoch 8: val_mse=1.171424 pred_loss=0.845080 reg=1.479e-04 (52s)
[F4__economy__s2022] epoch 9: val_mse=1.165504 pred_loss=0.778369 reg=1.864e-04 (58s)
[F4__economy__s2022] epoch 10: val_mse=1.161079 pred_loss=0.747339 reg=2.272e-04 (64s)
[queue] DONE F4__economy__s2022 (40/285) wall=63.6s peak=904.9MB
[queue] START F0__economy__s2023 (free 28403MiB)
[F0__economy__s2023] epoch 1: val_mse=1.190731 pred_loss=0.881324 reg=0.000e+00 (8s)
[F0__economy__s2023] epoch 2: val_mse=1.187090 pred_loss=0.823882 reg=0.000e+00 (13s)
[F0__economy__s2023] epoch 3: val_mse=1.182174 pred_loss=0.857325 reg=0.000e+00 (18s)
[F0__economy__s2023] epoch 4: val_mse=1.176934 pred_loss=0.887914 reg=0.000e+00 (23s)
[F0__economy__s2023] epoch 5: val_mse=1.174747 pred_loss=0.825831 reg=0.000e+00 (28s)
[F0__economy__s2023] epoch 6: val_mse=1.172152 pred_loss=0.734516 reg=0.000e+00 (33s)
[F0__economy__s2023] epoch 7: val_mse=1.169173 pred_loss=0.849492 reg=0.000e+00 (38s)
[F0__economy__s2023] epoch 8: val_mse=1.166095 pred_loss=0.724271 reg=0.000e+00 (43s)
[F0__economy__s2023] epoch 9: val_mse=1.163579 pred_loss=0.870859 reg=0.000e+00 (48s)
[F0__economy__s2023] epoch 10: val_mse=1.157510 pred_loss=0.833554 reg=0.000e+00 (53s)
[queue] DONE F0__economy__s2023 (41/285) wall=53.4s peak=904.9MB
[queue] START F1__economy__s2023 (free 28403MiB)
[F1__economy__s2023] epoch 1: val_mse=1.190887 pred_loss=0.823858 reg=0.000e+00 (8s)
[F1__economy__s2023] epoch 2: val_mse=1.186276 pred_loss=0.798373 reg=0.000e+00 (13s)
[F1__economy__s2023] epoch 3: val_mse=1.183108 pred_loss=0.800717 reg=0.000e+00 (18s)
[F1__economy__s2023] epoch 4: val_mse=1.179531 pred_loss=0.870384 reg=0.000e+00 (23s)
[F1__economy__s2023] epoch 5: val_mse=1.177619 pred_loss=0.788592 reg=0.000e+00 (28s)
[F1__economy__s2023] epoch 6: val_mse=1.178224 pred_loss=0.709774 reg=0.000e+00 (33s)
[F1__economy__s2023] epoch 7: val_mse=1.174475 pred_loss=0.806052 reg=0.000e+00 (38s)
[F1__economy__s2023] epoch 8: val_mse=1.170936 pred_loss=0.682359 reg=0.000e+00 (43s)
[F1__economy__s2023] epoch 9: val_mse=1.169399 pred_loss=0.847589 reg=0.000e+00 (48s)
[F1__economy__s2023] epoch 10: val_mse=1.164437 pred_loss=0.802022 reg=0.000e+00 (53s)
[queue] DONE F1__economy__s2023 (42/285) wall=53.4s peak=904.9MB
[queue] START F2__economy__s2023 (free 28403MiB)
[F2__economy__s2023] epoch 1: val_mse=1.187588 pred_loss=0.811105 reg=0.000e+00 (8s)
[F2__economy__s2023] epoch 2: val_mse=1.184812 pred_loss=0.808514 reg=0.000e+00 (13s)
[F2__economy__s2023] epoch 3: val_mse=1.183450 pred_loss=0.844218 reg=0.000e+00 (18s)
[F2__economy__s2023] epoch 4: val_mse=1.179606 pred_loss=0.877348 reg=0.000e+00 (23s)
[F2__economy__s2023] epoch 5: val_mse=1.176792 pred_loss=0.803593 reg=0.000e+00 (28s)
[F2__economy__s2023] epoch 6: val_mse=1.179177 pred_loss=0.731786 reg=0.000e+00 (33s)
[F2__economy__s2023] epoch 7: val_mse=1.179212 pred_loss=0.851338 reg=0.000e+00 (38s)
[F2__economy__s2023] epoch 8: val_mse=1.176034 pred_loss=0.708000 reg=0.000e+00 (43s)
[F2__economy__s2023] epoch 9: val_mse=1.174376 pred_loss=0.868244 reg=0.000e+00 (49s)
[F2__economy__s2023] epoch 10: val_mse=1.171289 pred_loss=0.827323 reg=0.000e+00 (54s)
[queue] DONE F2__economy__s2023 (43/285) wall=53.6s peak=904.9MB
[queue] START F3__economy__s2023 (free 28403MiB)
[F3__economy__s2023] epoch 1: val_mse=1.190887 pred_loss=0.823858 reg=1.206e-06 (9s)
[F3__economy__s2023] epoch 2: val_mse=1.186276 pred_loss=0.798375 reg=7.387e-06 (15s)
[F3__economy__s2023] epoch 3: val_mse=1.183110 pred_loss=0.800727 reg=1.945e-05 (21s)
[F3__economy__s2023] epoch 4: val_mse=1.179536 pred_loss=0.870401 reg=3.792e-05 (27s)
[F3__economy__s2023] epoch 5: val_mse=1.177631 pred_loss=0.788620 reg=6.206e-05 (34s)
[F3__economy__s2023] epoch 6: val_mse=1.178246 pred_loss=0.709817 reg=9.113e-05 (40s)
[F3__economy__s2023] epoch 7: val_mse=1.174505 pred_loss=0.806121 reg=1.253e-04 (46s)
[F3__economy__s2023] epoch 8: val_mse=1.170975 pred_loss=0.682445 reg=1.647e-04 (52s)
[F3__economy__s2023] epoch 9: val_mse=1.169451 pred_loss=0.847712 reg=2.093e-04 (58s)
[F3__economy__s2023] epoch 10: val_mse=1.164502 pred_loss=0.802161 reg=2.571e-04 (64s)
[queue] DONE F3__economy__s2023 (44/285) wall=64.0s peak=904.9MB
[queue] START F4__economy__s2023 (free 28403MiB)
[F4__economy__s2023] epoch 1: val_mse=1.187589 pred_loss=0.811105 reg=1.037e-06 (9s)
[F4__economy__s2023] epoch 2: val_mse=1.184815 pred_loss=0.808516 reg=6.523e-06 (16s)
[F4__economy__s2023] epoch 3: val_mse=1.183455 pred_loss=0.844226 reg=1.731e-05 (22s)
[F4__economy__s2023] epoch 4: val_mse=1.179615 pred_loss=0.877363 reg=3.311e-05 (28s)
[F4__economy__s2023] epoch 5: val_mse=1.176807 pred_loss=0.803619 reg=5.379e-05 (34s)
[F4__economy__s2023] epoch 6: val_mse=1.179202 pred_loss=0.731829 reg=7.939e-05 (40s)
[F4__economy__s2023] epoch 7: val_mse=1.179247 pred_loss=0.851405 reg=1.105e-04 (46s)
[F4__economy__s2023] epoch 8: val_mse=1.176077 pred_loss=0.708078 reg=1.464e-04 (52s)
[F4__economy__s2023] epoch 9: val_mse=1.174430 pred_loss=0.868351 reg=1.852e-04 (58s)
[F4__economy__s2023] epoch 10: val_mse=1.171356 pred_loss=0.827446 reg=2.272e-04 (64s)
[queue] DONE F4__economy__s2023 (45/285) wall=64.4s peak=904.9MB
[queue] START F0__electronic_technology__s2021 (free 28403MiB)
[F0__electronic_technology__s2021] epoch 1: val_mse=3.170687 pred_loss=2.609627 reg=0.000e+00 (8s)
[F0__electronic_technology__s2021] epoch 2: val_mse=3.149955 pred_loss=2.288657 reg=0.000e+00 (14s)
[F0__electronic_technology__s2021] epoch 3: val_mse=3.131114 pred_loss=2.687755 reg=0.000e+00 (19s)
[F0__electronic_technology__s2021] epoch 4: val_mse=3.112179 pred_loss=2.714576 reg=0.000e+00 (24s)
[F0__electronic_technology__s2021] epoch 5: val_mse=3.093123 pred_loss=2.491323 reg=0.000e+00 (29s)
[F0__electronic_technology__s2021] epoch 6: val_mse=3.085413 pred_loss=2.661170 reg=0.000e+00 (34s)
[F0__electronic_technology__s2021] epoch 7: val_mse=3.071438 pred_loss=2.476909 reg=0.000e+00 (39s)
[F0__electronic_technology__s2021] epoch 8: val_mse=3.058287 pred_loss=2.523864 reg=0.000e+00 (44s)
[F0__electronic_technology__s2021] epoch 9: val_mse=3.045562 pred_loss=2.859289 reg=0.000e+00 (49s)
[F0__electronic_technology__s2021] epoch 10: val_mse=3.037322 pred_loss=2.478669 reg=0.000e+00 (54s)
[queue] DONE F0__electronic_technology__s2021 (46/285) wall=54.3s peak=904.9MB
[queue] START F1__electronic_technology__s2021 (free 28403MiB)
[F1__electronic_technology__s2021] epoch 1: val_mse=3.178379 pred_loss=2.909083 reg=0.000e+00 (8s)
[F1__electronic_technology__s2021] epoch 2: val_mse=3.160142 pred_loss=2.405189 reg=0.000e+00 (14s)
[F1__electronic_technology__s2021] epoch 3: val_mse=3.142583 pred_loss=2.878454 reg=0.000e+00 (19s)
[F1__electronic_technology__s2021] epoch 4: val_mse=3.128569 pred_loss=2.825081 reg=0.000e+00 (24s)
[F1__electronic_technology__s2021] epoch 5: val_mse=3.116237 pred_loss=2.505441 reg=0.000e+00 (29s)
[F1__electronic_technology__s2021] epoch 6: val_mse=3.110574 pred_loss=2.585053 reg=0.000e+00 (34s)
[F1__electronic_technology__s2021] epoch 7: val_mse=3.099306 pred_loss=2.633475 reg=0.000e+00 (39s)
[F1__electronic_technology__s2021] epoch 8: val_mse=3.086478 pred_loss=2.465946 reg=0.000e+00 (44s)
[F1__electronic_technology__s2021] epoch 9: val_mse=3.077459 pred_loss=2.974716 reg=0.000e+00 (49s)
[F1__electronic_technology__s2021] epoch 10: val_mse=3.068115 pred_loss=2.705787 reg=0.000e+00 (54s)
[queue] DONE F1__electronic_technology__s2021 (47/285) wall=54.3s peak=904.9MB
[queue] START F2__electronic_technology__s2021 (free 28403MiB)
[F2__electronic_technology__s2021] epoch 1: val_mse=3.176777 pred_loss=2.614718 reg=0.000e+00 (8s)
[F2__electronic_technology__s2021] epoch 2: val_mse=3.159659 pred_loss=2.204544 reg=0.000e+00 (13s)
[F2__electronic_technology__s2021] epoch 3: val_mse=3.143785 pred_loss=2.733372 reg=0.000e+00 (19s)
[F2__electronic_technology__s2021] epoch 4: val_mse=3.132732 pred_loss=2.639136 reg=0.000e+00 (24s)
[F2__electronic_technology__s2021] epoch 5: val_mse=3.121476 pred_loss=2.351739 reg=0.000e+00 (29s)
[F2__electronic_technology__s2021] epoch 6: val_mse=3.117315 pred_loss=2.373456 reg=0.000e+00 (34s)
[F2__electronic_technology__s2021] epoch 7: val_mse=3.108201 pred_loss=2.430784 reg=0.000e+00 (39s)
[F2__electronic_technology__s2021] epoch 8: val_mse=3.099162 pred_loss=2.277527 reg=0.000e+00 (44s)
[F2__electronic_technology__s2021] epoch 9: val_mse=3.091559 pred_loss=2.684912 reg=0.000e+00 (49s)
[F2__electronic_technology__s2021] epoch 10: val_mse=3.081691 pred_loss=2.556929 reg=0.000e+00 (54s)
[queue] DONE F2__electronic_technology__s2021 (48/285) wall=54.3s peak=904.9MB
[queue] START F3__electronic_technology__s2021 (free 28403MiB)
[F3__electronic_technology__s2021] epoch 1: val_mse=3.178380 pred_loss=2.909083 reg=9.556e-07 (9s)
[F3__electronic_technology__s2021] epoch 2: val_mse=3.160146 pred_loss=2.405191 reg=5.749e-06 (15s)
[F3__electronic_technology__s2021] epoch 3: val_mse=3.142594 pred_loss=2.878461 reg=1.521e-05 (21s)
[F3__electronic_technology__s2021] epoch 4: val_mse=3.128590 pred_loss=2.825097 reg=2.981e-05 (28s)
[F3__electronic_technology__s2021] epoch 5: val_mse=3.116273 pred_loss=2.505462 reg=4.775e-05 (34s)
[F3__electronic_technology__s2021] epoch 6: val_mse=3.110629 pred_loss=2.585089 reg=6.708e-05 (40s)
[F3__electronic_technology__s2021] epoch 7: val_mse=3.099377 pred_loss=2.633538 reg=8.995e-05 (46s)
[F3__electronic_technology__s2021] epoch 8: val_mse=3.086566 pred_loss=2.466005 reg=1.180e-04 (52s)
[F3__electronic_technology__s2021] epoch 9: val_mse=3.077562 pred_loss=2.974851 reg=1.468e-04 (58s)
[F3__electronic_technology__s2021] epoch 10: val_mse=3.068234 pred_loss=2.705915 reg=1.812e-04 (64s)
[queue] DONE F3__electronic_technology__s2021 (49/285) wall=64.1s peak=904.9MB
[queue] START F4__electronic_technology__s2021 (free 28403MiB)
[F4__electronic_technology__s2021] epoch 1: val_mse=3.176778 pred_loss=2.614719 reg=9.584e-07 (9s)
[F4__electronic_technology__s2021] epoch 2: val_mse=3.159665 pred_loss=2.204546 reg=5.730e-06 (15s)
[F4__electronic_technology__s2021] epoch 3: val_mse=3.143799 pred_loss=2.733380 reg=1.466e-05 (21s)
[F4__electronic_technology__s2021] epoch 4: val_mse=3.132757 pred_loss=2.639151 reg=2.750e-05 (28s)
[F4__electronic_technology__s2021] epoch 5: val_mse=3.121516 pred_loss=2.351760 reg=4.297e-05 (34s)
[F4__electronic_technology__s2021] epoch 6: val_mse=3.117375 pred_loss=2.373488 reg=5.990e-05 (40s)
[F4__electronic_technology__s2021] epoch 7: val_mse=3.108276 pred_loss=2.430840 reg=7.917e-05 (46s)
[F4__electronic_technology__s2021] epoch 8: val_mse=3.099255 pred_loss=2.277583 reg=1.026e-04 (52s)
[F4__electronic_technology__s2021] epoch 9: val_mse=3.091668 pred_loss=2.685030 reg=1.267e-04 (58s)
[F4__electronic_technology__s2021] epoch 10: val_mse=3.081813 pred_loss=2.557054 reg=1.569e-04 (64s)
[queue] DONE F4__electronic_technology__s2021 (50/285) wall=64.1s peak=904.9MB
[queue] START F0__electronic_technology__s2022 (free 28403MiB)
[F0__electronic_technology__s2022] epoch 1: val_mse=3.179816 pred_loss=2.681589 reg=0.000e+00 (8s)
[F0__electronic_technology__s2022] epoch 2: val_mse=3.161120 pred_loss=2.766604 reg=0.000e+00 (13s)
[F0__electronic_technology__s2022] epoch 3: val_mse=3.137552 pred_loss=2.859149 reg=0.000e+00 (18s)
[F0__electronic_technology__s2022] epoch 4: val_mse=3.114997 pred_loss=2.496273 reg=0.000e+00 (23s)
[F0__electronic_technology__s2022] epoch 5: val_mse=3.099064 pred_loss=2.832049 reg=0.000e+00 (28s)
[F0__electronic_technology__s2022] epoch 6: val_mse=3.079022 pred_loss=2.974446 reg=0.000e+00 (34s)
[F0__electronic_technology__s2022] epoch 7: val_mse=3.058772 pred_loss=2.671192 reg=0.000e+00 (39s)
[F0__electronic_technology__s2022] epoch 8: val_mse=3.042869 pred_loss=2.534929 reg=0.000e+00 (44s)
[F0__electronic_technology__s2022] epoch 9: val_mse=3.029208 pred_loss=2.423271 reg=0.000e+00 (49s)
[F0__electronic_technology__s2022] epoch 10: val_mse=3.019975 pred_loss=2.642170 reg=0.000e+00 (54s)
[queue] DONE F0__electronic_technology__s2022 (51/285) wall=53.8s peak=904.9MB
[queue] START F1__electronic_technology__s2022 (free 28403MiB)
[F1__electronic_technology__s2022] epoch 1: val_mse=3.174396 pred_loss=2.722068 reg=0.000e+00 (8s)
[F1__electronic_technology__s2022] epoch 2: val_mse=3.156176 pred_loss=2.965829 reg=0.000e+00 (13s)
[F1__electronic_technology__s2022] epoch 3: val_mse=3.134962 pred_loss=2.888016 reg=0.000e+00 (18s)
[F1__electronic_technology__s2022] epoch 4: val_mse=3.120531 pred_loss=2.716770 reg=0.000e+00 (23s)
[F1__electronic_technology__s2022] epoch 5: val_mse=3.109713 pred_loss=2.712376 reg=0.000e+00 (28s)
[F1__electronic_technology__s2022] epoch 6: val_mse=3.093362 pred_loss=2.992427 reg=0.000e+00 (33s)
[F1__electronic_technology__s2022] epoch 7: val_mse=3.077100 pred_loss=2.771146 reg=0.000e+00 (39s)
[F1__electronic_technology__s2022] epoch 8: val_mse=3.067085 pred_loss=2.538178 reg=0.000e+00 (44s)
[F1__electronic_technology__s2022] epoch 9: val_mse=3.056820 pred_loss=2.490078 reg=0.000e+00 (49s)
[F1__electronic_technology__s2022] epoch 10: val_mse=3.051760 pred_loss=2.775896 reg=0.000e+00 (54s)
[queue] DONE F1__electronic_technology__s2022 (52/285) wall=53.8s peak=904.9MB
[queue] START F2__electronic_technology__s2022 (free 28403MiB)
[F2__electronic_technology__s2022] epoch 1: val_mse=3.176874 pred_loss=2.447910 reg=0.000e+00 (8s)
[F2__electronic_technology__s2022] epoch 2: val_mse=3.161636 pred_loss=2.742217 reg=0.000e+00 (13s)
[F2__electronic_technology__s2022] epoch 3: val_mse=3.143445 pred_loss=2.643615 reg=0.000e+00 (18s)
[F2__electronic_technology__s2022] epoch 4: val_mse=3.130319 pred_loss=2.493758 reg=0.000e+00 (23s)
[F2__electronic_technology__s2022] epoch 5: val_mse=3.120877 pred_loss=2.584056 reg=0.000e+00 (28s)
[F2__electronic_technology__s2022] epoch 6: val_mse=3.106345 pred_loss=2.707247 reg=0.000e+00 (33s)
[F2__electronic_technology__s2022] epoch 7: val_mse=3.092522 pred_loss=2.551137 reg=0.000e+00 (39s)
[F2__electronic_technology__s2022] epoch 8: val_mse=3.083591 pred_loss=2.348293 reg=0.000e+00 (44s)
[F2__electronic_technology__s2022] epoch 9: val_mse=3.074782 pred_loss=2.278683 reg=0.000e+00 (49s)
[F2__electronic_technology__s2022] epoch 10: val_mse=3.070093 pred_loss=2.523366 reg=0.000e+00 (54s)
[queue] DONE F2__electronic_technology__s2022 (53/285) wall=53.7s peak=904.9MB
[queue] START F3__electronic_technology__s2022 (free 28403MiB)
[F3__electronic_technology__s2022] epoch 1: val_mse=3.174397 pred_loss=2.722068 reg=1.052e-06 (9s)
[F3__electronic_technology__s2022] epoch 2: val_mse=3.156181 pred_loss=2.965832 reg=6.186e-06 (15s)
[F3__electronic_technology__s2022] epoch 3: val_mse=3.134974 pred_loss=2.888025 reg=1.609e-05 (21s)
[F3__electronic_technology__s2022] epoch 4: val_mse=3.120554 pred_loss=2.716786 reg=3.115e-05 (27s)
[F3__electronic_technology__s2022] epoch 5: val_mse=3.109752 pred_loss=2.712402 reg=4.841e-05 (33s)
[F3__electronic_technology__s2022] epoch 6: val_mse=3.093416 pred_loss=2.992474 reg=7.046e-05 (39s)
[F3__electronic_technology__s2022] epoch 7: val_mse=3.077172 pred_loss=2.771197 reg=9.774e-05 (45s)
[F3__electronic_technology__s2022] epoch 8: val_mse=3.067182 pred_loss=2.538246 reg=1.282e-04 (52s)
[F3__electronic_technology__s2022] epoch 9: val_mse=3.056938 pred_loss=2.490173 reg=1.590e-04 (58s)
[F3__electronic_technology__s2022] epoch 10: val_mse=3.051899 pred_loss=2.776015 reg=1.915e-04 (64s)
[queue] DONE F3__electronic_technology__s2022 (54/285) wall=63.7s peak=904.9MB
[queue] START F4__electronic_technology__s2022 (free 28403MiB)
[F4__electronic_technology__s2022] epoch 1: val_mse=3.176875 pred_loss=2.447910 reg=9.760e-07 (9s)
[F4__electronic_technology__s2022] epoch 2: val_mse=3.161641 pred_loss=2.742220 reg=5.593e-06 (15s)
[F4__electronic_technology__s2022] epoch 3: val_mse=3.143457 pred_loss=2.643623 reg=1.435e-05 (21s)
[F4__electronic_technology__s2022] epoch 4: val_mse=3.130341 pred_loss=2.493773 reg=2.777e-05 (27s)
[F4__electronic_technology__s2022] epoch 5: val_mse=3.120913 pred_loss=2.584081 reg=4.318e-05 (34s)
[F4__electronic_technology__s2022] epoch 6: val_mse=3.106394 pred_loss=2.707287 reg=6.203e-05 (40s)
[F4__electronic_technology__s2022] epoch 7: val_mse=3.092589 pred_loss=2.551180 reg=8.426e-05 (46s)
[F4__electronic_technology__s2022] epoch 8: val_mse=3.083681 pred_loss=2.348357 reg=1.099e-04 (52s)
[F4__electronic_technology__s2022] epoch 9: val_mse=3.074894 pred_loss=2.278749 reg=1.369e-04 (58s)
[F4__electronic_technology__s2022] epoch 10: val_mse=3.070226 pred_loss=2.523478 reg=1.634e-04 (64s)
[queue] DONE F4__electronic_technology__s2022 (55/285) wall=64.0s peak=904.9MB
[queue] START F0__electronic_technology__s2023 (free 28403MiB)
[F0__electronic_technology__s2023] epoch 1: val_mse=3.168383 pred_loss=2.662239 reg=0.000e+00 (8s)
[F0__electronic_technology__s2023] epoch 2: val_mse=3.148113 pred_loss=2.620085 reg=0.000e+00 (13s)
[F0__electronic_technology__s2023] epoch 3: val_mse=3.126542 pred_loss=2.495356 reg=0.000e+00 (18s)
[F0__electronic_technology__s2023] epoch 4: val_mse=3.108655 pred_loss=2.369049 reg=0.000e+00 (23s)
[F0__electronic_technology__s2023] epoch 5: val_mse=3.091893 pred_loss=2.574631 reg=0.000e+00 (28s)
[F0__electronic_technology__s2023] epoch 6: val_mse=3.078319 pred_loss=2.707212 reg=0.000e+00 (33s)
[F0__electronic_technology__s2023] epoch 7: val_mse=3.065747 pred_loss=2.348618 reg=0.000e+00 (38s)
[F0__electronic_technology__s2023] epoch 8: val_mse=3.054451 pred_loss=2.416120 reg=0.000e+00 (44s)
[F0__electronic_technology__s2023] epoch 9: val_mse=3.040885 pred_loss=2.711539 reg=0.000e+00 (49s)
[F0__electronic_technology__s2023] epoch 10: val_mse=3.031391 pred_loss=2.430569 reg=0.000e+00 (54s)
[queue] DONE F0__electronic_technology__s2023 (56/285) wall=53.7s peak=904.9MB
[queue] START F1__electronic_technology__s2023 (free 28403MiB)
[F1__electronic_technology__s2023] epoch 1: val_mse=3.168476 pred_loss=2.932734 reg=0.000e+00 (8s)
[F1__electronic_technology__s2023] epoch 2: val_mse=3.147992 pred_loss=2.762274 reg=0.000e+00 (13s)
[F1__electronic_technology__s2023] epoch 3: val_mse=3.129676 pred_loss=2.465003 reg=0.000e+00 (18s)
[F1__electronic_technology__s2023] epoch 4: val_mse=3.115288 pred_loss=2.619322 reg=0.000e+00 (23s)
[F1__electronic_technology__s2023] epoch 5: val_mse=3.105880 pred_loss=2.752305 reg=0.000e+00 (28s)
[F1__electronic_technology__s2023] epoch 6: val_mse=3.097787 pred_loss=2.605772 reg=0.000e+00 (33s)
[F1__electronic_technology__s2023] epoch 7: val_mse=3.090318 pred_loss=2.460955 reg=0.000e+00 (39s)
[F1__electronic_technology__s2023] epoch 8: val_mse=3.082703 pred_loss=2.605203 reg=0.000e+00 (44s)
[F1__electronic_technology__s2023] epoch 9: val_mse=3.071531 pred_loss=2.787303 reg=0.000e+00 (49s)
[F1__electronic_technology__s2023] epoch 10: val_mse=3.061749 pred_loss=2.679015 reg=0.000e+00 (54s)
[queue] DONE F1__electronic_technology__s2023 (57/285) wall=53.7s peak=904.9MB
[queue] START F2__electronic_technology__s2023 (free 28403MiB)
[F2__electronic_technology__s2023] epoch 1: val_mse=3.171391 pred_loss=2.733364 reg=0.000e+00 (8s)
[F2__electronic_technology__s2023] epoch 2: val_mse=3.154666 pred_loss=2.547677 reg=0.000e+00 (13s)
[F2__electronic_technology__s2023] epoch 3: val_mse=3.137442 pred_loss=2.354778 reg=0.000e+00 (18s)
[F2__electronic_technology__s2023] epoch 4: val_mse=3.123071 pred_loss=2.436499 reg=0.000e+00 (23s)
[F2__electronic_technology__s2023] epoch 5: val_mse=3.114123 pred_loss=2.535364 reg=0.000e+00 (28s)
[F2__electronic_technology__s2023] epoch 6: val_mse=3.107633 pred_loss=2.475001 reg=0.000e+00 (33s)
[F2__electronic_technology__s2023] epoch 7: val_mse=3.100583 pred_loss=2.303283 reg=0.000e+00 (38s)
[F2__electronic_technology__s2023] epoch 8: val_mse=3.092948 pred_loss=2.395403 reg=0.000e+00 (44s)
[F2__electronic_technology__s2023] epoch 9: val_mse=3.081584 pred_loss=2.521650 reg=0.000e+00 (49s)
[F2__electronic_technology__s2023] epoch 10: val_mse=3.074017 pred_loss=2.451327 reg=0.000e+00 (54s)
[queue] DONE F2__electronic_technology__s2023 (58/285) wall=53.6s peak=904.9MB
[queue] START F3__electronic_technology__s2023 (free 28403MiB)
[F3__electronic_technology__s2023] epoch 1: val_mse=3.168479 pred_loss=2.932734 reg=1.201e-06 (9s)
[F3__electronic_technology__s2023] epoch 2: val_mse=3.147999 pred_loss=2.762277 reg=7.482e-06 (15s)
[F3__electronic_technology__s2023] epoch 3: val_mse=3.129694 pred_loss=2.465011 reg=1.915e-05 (21s)
[F3__electronic_technology__s2023] epoch 4: val_mse=3.115319 pred_loss=2.619338 reg=3.439e-05 (27s)
[F3__electronic_technology__s2023] epoch 5: val_mse=3.105929 pred_loss=2.752332 reg=5.188e-05 (33s)
[F3__electronic_technology__s2023] epoch 6: val_mse=3.097854 pred_loss=2.605803 reg=7.244e-05 (39s)
[F3__electronic_technology__s2023] epoch 7: val_mse=3.090405 pred_loss=2.461005 reg=9.483e-05 (45s)
[F3__electronic_technology__s2023] epoch 8: val_mse=3.082809 pred_loss=2.605268 reg=1.196e-04 (51s)
[F3__electronic_technology__s2023] epoch 9: val_mse=3.071655 pred_loss=2.787407 reg=1.486e-04 (57s)
[F3__electronic_technology__s2023] epoch 10: val_mse=3.061892 pred_loss=2.679141 reg=1.838e-04 (63s)
[queue] DONE F3__electronic_technology__s2023 (59/285) wall=63.5s peak=904.9MB
[queue] START F4__electronic_technology__s2023 (free 28403MiB)
[F4__electronic_technology__s2023] epoch 1: val_mse=3.171393 pred_loss=2.733365 reg=1.091e-06 (9s)
[F4__electronic_technology__s2023] epoch 2: val_mse=3.154674 pred_loss=2.547680 reg=6.557e-06 (15s)
[F4__electronic_technology__s2023] epoch 3: val_mse=3.137458 pred_loss=2.354786 reg=1.673e-05 (21s)
[F4__electronic_technology__s2023] epoch 4: val_mse=3.123099 pred_loss=2.436513 reg=3.078e-05 (27s)
[F4__electronic_technology__s2023] epoch 5: val_mse=3.114168 pred_loss=2.535387 reg=4.687e-05 (33s)
[F4__electronic_technology__s2023] epoch 6: val_mse=3.107695 pred_loss=2.475030 reg=6.484e-05 (39s)
[F4__electronic_technology__s2023] epoch 7: val_mse=3.100664 pred_loss=2.303332 reg=8.407e-05 (45s)
[F4__electronic_technology__s2023] epoch 8: val_mse=3.093046 pred_loss=2.395459 reg=1.062e-04 (51s)
[F4__electronic_technology__s2023] epoch 9: val_mse=3.081701 pred_loss=2.521738 reg=1.320e-04 (57s)
[F4__electronic_technology__s2023] epoch 10: val_mse=3.074154 pred_loss=2.451430 reg=1.617e-04 (63s)
[queue] DONE F4__electronic_technology__s2023 (60/285) wall=63.2s peak=904.9MB
[queue] START F0__finance__s2021 (free 28403MiB)
[F0__finance__s2021] epoch 1: val_mse=4.223077 pred_loss=2.254785 reg=0.000e+00 (8s)
[F0__finance__s2021] epoch 2: val_mse=4.195964 pred_loss=2.931701 reg=0.000e+00 (13s)
[F0__finance__s2021] epoch 3: val_mse=4.173162 pred_loss=2.410615 reg=0.000e+00 (18s)
[F0__finance__s2021] epoch 4: val_mse=4.152393 pred_loss=2.690356 reg=0.000e+00 (23s)
[F0__finance__s2021] epoch 5: val_mse=4.135602 pred_loss=2.511104 reg=0.000e+00 (28s)
[F0__finance__s2021] epoch 6: val_mse=4.114868 pred_loss=2.460846 reg=0.000e+00 (33s)
[F0__finance__s2021] epoch 7: val_mse=4.101350 pred_loss=2.046422 reg=0.000e+00 (39s)
[F0__finance__s2021] epoch 8: val_mse=4.088845 pred_loss=1.927562 reg=0.000e+00 (43s)
[F0__finance__s2021] epoch 9: val_mse=4.085707 pred_loss=2.257747 reg=0.000e+00 (49s)
[F0__finance__s2021] epoch 10: val_mse=4.075249 pred_loss=2.246453 reg=0.000e+00 (54s)
[queue] DONE F0__finance__s2021 (61/285) wall=53.7s peak=904.9MB
[queue] START F1__finance__s2021 (free 28403MiB)
[F1__finance__s2021] epoch 1: val_mse=4.214298 pred_loss=2.079572 reg=0.000e+00 (8s)
[F1__finance__s2021] epoch 2: val_mse=4.193029 pred_loss=2.786447 reg=0.000e+00 (13s)
[F1__finance__s2021] epoch 3: val_mse=4.177021 pred_loss=2.227307 reg=0.000e+00 (18s)
[F1__finance__s2021] epoch 4: val_mse=4.167293 pred_loss=2.540648 reg=0.000e+00 (23s)
[F1__finance__s2021] epoch 5: val_mse=4.144071 pred_loss=2.528279 reg=0.000e+00 (28s)
[F1__finance__s2021] epoch 6: val_mse=4.116725 pred_loss=2.413464 reg=0.000e+00 (33s)
[F1__finance__s2021] epoch 7: val_mse=4.109404 pred_loss=2.096863 reg=0.000e+00 (38s)
[F1__finance__s2021] epoch 8: val_mse=4.101977 pred_loss=1.844038 reg=0.000e+00 (43s)
[F1__finance__s2021] epoch 9: val_mse=4.096714 pred_loss=2.285812 reg=0.000e+00 (48s)
[F1__finance__s2021] epoch 10: val_mse=4.096050 pred_loss=2.090492 reg=0.000e+00 (54s)
[queue] DONE F1__finance__s2021 (62/285) wall=53.5s peak=904.9MB
[queue] START F2__finance__s2021 (free 28403MiB)
[F2__finance__s2021] epoch 1: val_mse=4.218143 pred_loss=2.010134 reg=0.000e+00 (8s)
[F2__finance__s2021] epoch 2: val_mse=4.200109 pred_loss=2.534322 reg=0.000e+00 (13s)
[F2__finance__s2021] epoch 3: val_mse=4.189081 pred_loss=2.017460 reg=0.000e+00 (18s)
[F2__finance__s2021] epoch 4: val_mse=4.180267 pred_loss=2.293697 reg=0.000e+00 (23s)
[F2__finance__s2021] epoch 5: val_mse=4.153738 pred_loss=2.311923 reg=0.000e+00 (28s)
[F2__finance__s2021] epoch 6: val_mse=4.132564 pred_loss=2.167617 reg=0.000e+00 (33s)
[F2__finance__s2021] epoch 7: val_mse=4.128610 pred_loss=1.907197 reg=0.000e+00 (38s)
[F2__finance__s2021] epoch 8: val_mse=4.121373 pred_loss=1.664481 reg=0.000e+00 (43s)
[F2__finance__s2021] epoch 9: val_mse=4.116145 pred_loss=2.126799 reg=0.000e+00 (49s)
[F2__finance__s2021] epoch 10: val_mse=4.115850 pred_loss=1.900429 reg=0.000e+00 (53s)
[queue] DONE F2__finance__s2021 (63/285) wall=53.5s peak=904.9MB
[queue] START F3__finance__s2021 (free 28403MiB)
[F3__finance__s2021] epoch 1: val_mse=4.214303 pred_loss=2.079572 reg=1.123e-06 (9s)
[F3__finance__s2021] epoch 2: val_mse=4.193043 pred_loss=2.786449 reg=6.112e-06 (15s)
[F3__finance__s2021] epoch 3: val_mse=4.177049 pred_loss=2.227312 reg=1.523e-05 (21s)
[F3__finance__s2021] epoch 4: val_mse=4.167338 pred_loss=2.540664 reg=2.828e-05 (27s)
[F3__finance__s2021] epoch 5: val_mse=4.144130 pred_loss=2.528304 reg=4.544e-05 (33s)
[F3__finance__s2021] epoch 6: val_mse=4.116801 pred_loss=2.413502 reg=6.589e-05 (39s)
[F3__finance__s2021] epoch 7: val_mse=4.109516 pred_loss=2.096915 reg=9.011e-05 (45s)
[F3__finance__s2021] epoch 8: val_mse=4.102120 pred_loss=1.844111 reg=1.184e-04 (51s)
[F3__finance__s2021] epoch 9: val_mse=4.096891 pred_loss=2.285895 reg=1.486e-04 (57s)
[F3__finance__s2021] epoch 10: val_mse=4.096255 pred_loss=2.090612 reg=1.817e-04 (63s)
[queue] DONE F3__finance__s2021 (64/285) wall=63.0s peak=904.9MB
[queue] START F4__finance__s2021 (free 28403MiB)
[F4__finance__s2021] epoch 1: val_mse=4.218147 pred_loss=2.010134 reg=1.030e-06 (9s)
[F4__finance__s2021] epoch 2: val_mse=4.200121 pred_loss=2.534324 reg=5.492e-06 (15s)
[F4__finance__s2021] epoch 3: val_mse=4.189105 pred_loss=2.017465 reg=1.377e-05 (21s)
[F4__finance__s2021] epoch 4: val_mse=4.180305 pred_loss=2.293709 reg=2.571e-05 (27s)
[F4__finance__s2021] epoch 5: val_mse=4.153785 pred_loss=2.311946 reg=4.117e-05 (33s)
[F4__finance__s2021] epoch 6: val_mse=4.132630 pred_loss=2.167652 reg=5.944e-05 (39s)
[F4__finance__s2021] epoch 7: val_mse=4.128709 pred_loss=1.907249 reg=8.101e-05 (45s)
[F4__finance__s2021] epoch 8: val_mse=4.121501 pred_loss=1.664542 reg=1.063e-04 (51s)
[F4__finance__s2021] epoch 9: val_mse=4.116298 pred_loss=2.126879 reg=1.327e-04 (57s)
[F4__finance__s2021] epoch 10: val_mse=4.116027 pred_loss=1.900541 reg=1.618e-04 (63s)
[queue] DONE F4__finance__s2021 (65/285) wall=63.3s peak=904.9MB
[queue] START F0__finance__s2022 (free 28403MiB)
[F0__finance__s2022] epoch 1: val_mse=4.203307 pred_loss=2.670219 reg=0.000e+00 (8s)
[F0__finance__s2022] epoch 2: val_mse=4.169707 pred_loss=1.932514 reg=0.000e+00 (13s)
[F0__finance__s2022] epoch 3: val_mse=4.140631 pred_loss=2.236642 reg=0.000e+00 (18s)
[F0__finance__s2022] epoch 4: val_mse=4.121339 pred_loss=2.396938 reg=0.000e+00 (23s)
[F0__finance__s2022] epoch 5: val_mse=4.111836 pred_loss=2.391803 reg=0.000e+00 (28s)
[F0__finance__s2022] epoch 6: val_mse=4.098229 pred_loss=2.485871 reg=0.000e+00 (33s)
[F0__finance__s2022] epoch 7: val_mse=4.080846 pred_loss=2.479695 reg=0.000e+00 (38s)
[F0__finance__s2022] epoch 8: val_mse=4.073139 pred_loss=2.425575 reg=0.000e+00 (43s)
[F0__finance__s2022] epoch 9: val_mse=4.067394 pred_loss=2.134603 reg=0.000e+00 (49s)
[F0__finance__s2022] epoch 10: val_mse=4.067415 pred_loss=2.361905 reg=0.000e+00 (54s)
[queue] DONE F0__finance__s2022 (66/285) wall=53.6s peak=904.9MB
[queue] START F1__finance__s2022 (free 28403MiB)
[F1__finance__s2022] epoch 1: val_mse=4.197214 pred_loss=2.552875 reg=0.000e+00 (9s)
[F1__finance__s2022] epoch 2: val_mse=4.176912 pred_loss=2.190280 reg=0.000e+00 (14s)
[F1__finance__s2022] epoch 3: val_mse=4.156258 pred_loss=2.212733 reg=0.000e+00 (19s)
[F1__finance__s2022] epoch 4: val_mse=4.145401 pred_loss=2.230469 reg=0.000e+00 (24s)
[F1__finance__s2022] epoch 5: val_mse=4.137857 pred_loss=2.576211 reg=0.000e+00 (29s)
[F1__finance__s2022] epoch 6: val_mse=4.128401 pred_loss=2.377964 reg=0.000e+00 (34s)
[F1__finance__s2022] epoch 7: val_mse=4.116374 pred_loss=2.302303 reg=0.000e+00 (39s)
[F1__finance__s2022] epoch 8: val_mse=4.105329 pred_loss=2.464422 reg=0.000e+00 (44s)
[F1__finance__s2022] epoch 9: val_mse=4.097215 pred_loss=2.191874 reg=0.000e+00 (49s)
[F1__finance__s2022] epoch 10: val_mse=4.093866 pred_loss=2.290728 reg=0.000e+00 (54s)
[queue] DONE F1__finance__s2022 (67/285) wall=54.0s peak=904.9MB
[queue] START F2__finance__s2022 (free 28403MiB)
[F2__finance__s2022] epoch 1: val_mse=4.206556 pred_loss=2.329317 reg=0.000e+00 (9s)
[F2__finance__s2022] epoch 2: val_mse=4.190771 pred_loss=1.990308 reg=0.000e+00 (14s)
[F2__finance__s2022] epoch 3: val_mse=4.172303 pred_loss=2.048489 reg=0.000e+00 (19s)
[F2__finance__s2022] epoch 4: val_mse=4.170433 pred_loss=2.029179 reg=0.000e+00 (24s)
[F2__finance__s2022] epoch 5: val_mse=4.162614 pred_loss=2.364413 reg=0.000e+00 (29s)
[F2__finance__s2022] epoch 6: val_mse=4.151130 pred_loss=2.207415 reg=0.000e+00 (34s)
[F2__finance__s2022] epoch 7: val_mse=4.138000 pred_loss=2.105841 reg=0.000e+00 (39s)
[F2__finance__s2022] epoch 8: val_mse=4.128622 pred_loss=2.230726 reg=0.000e+00 (44s)
[F2__finance__s2022] epoch 9: val_mse=4.121692 pred_loss=2.060632 reg=0.000e+00 (49s)
[F2__finance__s2022] epoch 10: val_mse=4.118867 pred_loss=2.082774 reg=0.000e+00 (54s)
[queue] DONE F2__finance__s2022 (68/285) wall=54.2s peak=904.9MB
[queue] START F3__finance__s2022 (free 28403MiB)
[F3__finance__s2022] epoch 1: val_mse=4.197220 pred_loss=2.552876 reg=1.339e-06 (9s)
[F3__finance__s2022] epoch 2: val_mse=4.176933 pred_loss=2.190283 reg=6.874e-06 (16s)
[F3__finance__s2022] epoch 3: val_mse=4.156298 pred_loss=2.212740 reg=1.697e-05 (22s)
[F3__finance__s2022] epoch 4: val_mse=4.145464 pred_loss=2.230481 reg=3.106e-05 (28s)
[F3__finance__s2022] epoch 5: val_mse=4.137943 pred_loss=2.576239 reg=4.757e-05 (34s)
[F3__finance__s2022] epoch 6: val_mse=4.128509 pred_loss=2.378004 reg=6.851e-05 (40s)
[F3__finance__s2022] epoch 7: val_mse=4.116504 pred_loss=2.302352 reg=9.501e-05 (46s)
[F3__finance__s2022] epoch 8: val_mse=4.105481 pred_loss=2.464495 reg=1.234e-04 (52s)
[F3__finance__s2022] epoch 9: val_mse=4.097394 pred_loss=2.191970 reg=1.546e-04 (58s)
[F3__finance__s2022] epoch 10: val_mse=4.094074 pred_loss=2.290845 reg=1.899e-04 (64s)
[queue] DONE F3__finance__s2022 (69/285) wall=64.1s peak=904.9MB
[queue] START F4__finance__s2022 (free 28403MiB)
[F4__finance__s2022] epoch 1: val_mse=4.206560 pred_loss=2.329318 reg=1.201e-06 (9s)
[F4__finance__s2022] epoch 2: val_mse=4.190788 pred_loss=1.990310 reg=6.248e-06 (16s)
[F4__finance__s2022] epoch 3: val_mse=4.172335 pred_loss=2.048497 reg=1.550e-05 (22s)
[F4__finance__s2022] epoch 4: val_mse=4.170487 pred_loss=2.029192 reg=2.827e-05 (28s)
[F4__finance__s2022] epoch 5: val_mse=4.162685 pred_loss=2.364441 reg=4.358e-05 (34s)
[F4__finance__s2022] epoch 6: val_mse=4.151219 pred_loss=2.207457 reg=6.330e-05 (40s)
[F4__finance__s2022] epoch 7: val_mse=4.138106 pred_loss=2.105893 reg=8.925e-05 (46s)
[F4__finance__s2022] epoch 8: val_mse=4.128750 pred_loss=2.230802 reg=1.181e-04 (52s)
[F4__finance__s2022] epoch 9: val_mse=4.121844 pred_loss=2.060719 reg=1.486e-04 (58s)
[F4__finance__s2022] epoch 10: val_mse=4.119044 pred_loss=2.082881 reg=1.805e-04 (64s)
[queue] DONE F4__finance__s2022 (70/285) wall=64.1s peak=904.9MB
[queue] START F0__finance__s2023 (free 28403MiB)
[F0__finance__s2023] epoch 1: val_mse=4.214019 pred_loss=1.671808 reg=0.000e+00 (8s)
[F0__finance__s2023] epoch 2: val_mse=4.205083 pred_loss=2.054498 reg=0.000e+00 (13s)
[F0__finance__s2023] epoch 3: val_mse=4.181819 pred_loss=2.447548 reg=0.000e+00 (18s)
[F0__finance__s2023] epoch 4: val_mse=4.160384 pred_loss=2.266351 reg=0.000e+00 (24s)
[F0__finance__s2023] epoch 5: val_mse=4.136414 pred_loss=2.426205 reg=0.000e+00 (29s)
[F0__finance__s2023] epoch 6: val_mse=4.125443 pred_loss=2.164412 reg=0.000e+00 (34s)
[F0__finance__s2023] epoch 7: val_mse=4.113815 pred_loss=2.274633 reg=0.000e+00 (39s)
[F0__finance__s2023] epoch 8: val_mse=4.092373 pred_loss=2.239747 reg=0.000e+00 (44s)
[F0__finance__s2023] epoch 9: val_mse=4.073960 pred_loss=2.685001 reg=0.000e+00 (49s)
[F0__finance__s2023] epoch 10: val_mse=4.057166 pred_loss=2.546656 reg=0.000e+00 (54s)
[queue] DONE F0__finance__s2023 (71/285) wall=54.0s peak=904.9MB
[queue] START F1__finance__s2023 (free 28403MiB)
[F1__finance__s2023] epoch 1: val_mse=4.222245 pred_loss=1.777256 reg=0.000e+00 (8s)
[F1__finance__s2023] epoch 2: val_mse=4.211281 pred_loss=2.167385 reg=0.000e+00 (13s)
[F1__finance__s2023] epoch 3: val_mse=4.192984 pred_loss=2.248342 reg=0.000e+00 (18s)
[F1__finance__s2023] epoch 4: val_mse=4.175724 pred_loss=2.159398 reg=0.000e+00 (23s)
[F1__finance__s2023] epoch 5: val_mse=4.161818 pred_loss=2.255618 reg=0.000e+00 (28s)
[F1__finance__s2023] epoch 6: val_mse=4.153927 pred_loss=2.105802 reg=0.000e+00 (34s)
[F1__finance__s2023] epoch 7: val_mse=4.145914 pred_loss=2.088014 reg=0.000e+00 (39s)
[F1__finance__s2023] epoch 8: val_mse=4.128973 pred_loss=2.515031 reg=0.000e+00 (44s)
[F1__finance__s2023] epoch 9: val_mse=4.105822 pred_loss=2.395273 reg=0.000e+00 (49s)
[F1__finance__s2023] epoch 10: val_mse=4.089500 pred_loss=2.493875 reg=0.000e+00 (54s)
[queue] DONE F1__finance__s2023 (72/285) wall=53.8s peak=904.9MB
[queue] START F2__finance__s2023 (free 28403MiB)
[F2__finance__s2023] epoch 1: val_mse=4.218466 pred_loss=1.628014 reg=0.000e+00 (8s)
[F2__finance__s2023] epoch 2: val_mse=4.209034 pred_loss=1.986587 reg=0.000e+00 (14s)
[F2__finance__s2023] epoch 3: val_mse=4.201385 pred_loss=1.955977 reg=0.000e+00 (19s)
[F2__finance__s2023] epoch 4: val_mse=4.191883 pred_loss=2.014481 reg=0.000e+00 (24s)
[F2__finance__s2023] epoch 5: val_mse=4.182331 pred_loss=1.994544 reg=0.000e+00 (29s)
[F2__finance__s2023] epoch 6: val_mse=4.174507 pred_loss=2.024850 reg=0.000e+00 (34s)
[F2__finance__s2023] epoch 7: val_mse=4.164911 pred_loss=1.948337 reg=0.000e+00 (39s)
[F2__finance__s2023] epoch 8: val_mse=4.144634 pred_loss=2.089699 reg=0.000e+00 (44s)
[F2__finance__s2023] epoch 9: val_mse=4.122102 pred_loss=2.257570 reg=0.000e+00 (49s)
[F2__finance__s2023] epoch 10: val_mse=4.107718 pred_loss=2.339370 reg=0.000e+00 (54s)
[queue] DONE F2__finance__s2023 (73/285) wall=54.1s peak=904.9MB
[queue] START F3__finance__s2023 (free 28403MiB)
[F3__finance__s2023] epoch 1: val_mse=4.222246 pred_loss=1.777256 reg=1.031e-06 (9s)
[F3__finance__s2023] epoch 2: val_mse=4.211289 pred_loss=2.167387 reg=5.723e-06 (15s)
[F3__finance__s2023] epoch 3: val_mse=4.192999 pred_loss=2.248350 reg=1.439e-05 (21s)
[F3__finance__s2023] epoch 4: val_mse=4.175751 pred_loss=2.159413 reg=2.783e-05 (27s)
[F3__finance__s2023] epoch 5: val_mse=4.161859 pred_loss=2.255645 reg=4.527e-05 (34s)
[F3__finance__s2023] epoch 6: val_mse=4.153987 pred_loss=2.105848 reg=6.655e-05 (40s)
[F3__finance__s2023] epoch 7: val_mse=4.145992 pred_loss=2.088074 reg=9.248e-05 (46s)
[F3__finance__s2023] epoch 8: val_mse=4.129068 pred_loss=2.515107 reg=1.238e-04 (52s)
[F3__finance__s2023] epoch 9: val_mse=4.105933 pred_loss=2.395380 reg=1.598e-04 (58s)
[F3__finance__s2023] epoch 10: val_mse=4.089631 pred_loss=2.493980 reg=1.987e-04 (64s)
[queue] DONE F3__finance__s2023 (74/285) wall=63.6s peak=904.9MB
[queue] START F4__finance__s2023 (free 28403MiB)
[F4__finance__s2023] epoch 1: val_mse=4.218467 pred_loss=1.628014 reg=9.953e-07 (9s)
[F4__finance__s2023] epoch 2: val_mse=4.209044 pred_loss=1.986588 reg=5.153e-06 (15s)
[F4__finance__s2023] epoch 3: val_mse=4.201405 pred_loss=1.955985 reg=1.248e-05 (21s)
[F4__finance__s2023] epoch 4: val_mse=4.191915 pred_loss=2.014495 reg=2.397e-05 (27s)
[F4__finance__s2023] epoch 5: val_mse=4.182375 pred_loss=1.994570 reg=3.952e-05 (33s)
[F4__finance__s2023] epoch 6: val_mse=4.174563 pred_loss=2.024895 reg=5.894e-05 (39s)
[F4__finance__s2023] epoch 7: val_mse=4.164980 pred_loss=1.948392 reg=8.318e-05 (45s)
[F4__finance__s2023] epoch 8: val_mse=4.144712 pred_loss=2.089765 reg=1.113e-04 (52s)
[F4__finance__s2023] epoch 9: val_mse=4.122196 pred_loss=2.257664 reg=1.429e-04 (58s)
[F4__finance__s2023] epoch 10: val_mse=4.107834 pred_loss=2.339472 reg=1.780e-04 (64s)
[queue] DONE F4__finance__s2023 (75/285) wall=63.6s peak=904.9MB
[queue] START F0__pets__s2021 (free 28403MiB)
[F0__pets__s2021] epoch 1: val_mse=0.804003 pred_loss=1.311069 reg=0.000e+00 (8s)
[F0__pets__s2021] epoch 2: val_mse=0.804610 pred_loss=1.401644 reg=0.000e+00 (13s)
[F0__pets__s2021] epoch 3: val_mse=0.804093 pred_loss=1.280406 reg=0.000e+00 (18s)
[F0__pets__s2021] epoch 4: val_mse=0.804784 pred_loss=1.367056 reg=0.000e+00 (23s)
[F0__pets__s2021] epoch 5: val_mse=0.805267 pred_loss=1.175605 reg=0.000e+00 (28s)
[F0__pets__s2021] epoch 6: val_mse=0.805147 pred_loss=1.142569 reg=0.000e+00 (33s)
[F0__pets__s2021] epoch 7: val_mse=0.805235 pred_loss=1.181900 reg=0.000e+00 (39s)
[F0__pets__s2021] epoch 8: val_mse=0.804857 pred_loss=1.156606 reg=0.000e+00 (44s)
[F0__pets__s2021] epoch 9: val_mse=0.803844 pred_loss=1.054143 reg=0.000e+00 (49s)
[F0__pets__s2021] epoch 10: val_mse=0.801489 pred_loss=1.102079 reg=0.000e+00 (54s)
[queue] DONE F0__pets__s2021 (76/285) wall=53.7s peak=904.9MB
[queue] START F1__pets__s2021 (free 28403MiB)
[F1__pets__s2021] epoch 1: val_mse=0.801793 pred_loss=1.265074 reg=0.000e+00 (8s)
[F1__pets__s2021] epoch 2: val_mse=0.801042 pred_loss=1.295370 reg=0.000e+00 (13s)
[F1__pets__s2021] epoch 3: val_mse=0.799168 pred_loss=1.243056 reg=0.000e+00 (19s)
[F1__pets__s2021] epoch 4: val_mse=0.798775 pred_loss=1.294583 reg=0.000e+00 (24s)
[F1__pets__s2021] epoch 5: val_mse=0.799955 pred_loss=1.198737 reg=0.000e+00 (29s)
[F1__pets__s2021] epoch 6: val_mse=0.799088 pred_loss=1.263855 reg=0.000e+00 (34s)
[F1__pets__s2021] epoch 7: val_mse=0.796743 pred_loss=1.227189 reg=0.000e+00 (39s)
[F1__pets__s2021] epoch 8: val_mse=0.795453 pred_loss=1.099993 reg=0.000e+00 (44s)
[F1__pets__s2021] epoch 9: val_mse=0.793470 pred_loss=1.046808 reg=0.000e+00 (49s)
[F1__pets__s2021] epoch 10: val_mse=0.791183 pred_loss=1.030497 reg=0.000e+00 (54s)
[queue] DONE F1__pets__s2021 (77/285) wall=54.0s peak=904.9MB
[queue] START F2__pets__s2021 (free 28403MiB)
[F2__pets__s2021] epoch 1: val_mse=0.801751 pred_loss=1.209668 reg=0.000e+00 (8s)
[F2__pets__s2021] epoch 2: val_mse=0.800671 pred_loss=1.287500 reg=0.000e+00 (13s)
[F2__pets__s2021] epoch 3: val_mse=0.798841 pred_loss=1.195761 reg=0.000e+00 (19s)
[F2__pets__s2021] epoch 4: val_mse=0.798195 pred_loss=1.253778 reg=0.000e+00 (23s)
[F2__pets__s2021] epoch 5: val_mse=0.798985 pred_loss=1.187058 reg=0.000e+00 (29s)
[F2__pets__s2021] epoch 6: val_mse=0.797782 pred_loss=1.223556 reg=0.000e+00 (34s)
[F2__pets__s2021] epoch 7: val_mse=0.795443 pred_loss=1.191745 reg=0.000e+00 (39s)
[F2__pets__s2021] epoch 8: val_mse=0.794245 pred_loss=1.086706 reg=0.000e+00 (44s)
[F2__pets__s2021] epoch 9: val_mse=0.792949 pred_loss=1.054111 reg=0.000e+00 (49s)
[F2__pets__s2021] epoch 10: val_mse=0.791239 pred_loss=0.982933 reg=0.000e+00 (54s)
[queue] DONE F2__pets__s2021 (78/285) wall=53.9s peak=904.9MB
[queue] START F3__pets__s2021 (free 28403MiB)
[F3__pets__s2021] epoch 1: val_mse=0.801793 pred_loss=1.265074 reg=1.015e-06 (9s)
[F3__pets__s2021] epoch 2: val_mse=0.801043 pred_loss=1.295372 reg=6.388e-06 (15s)
[F3__pets__s2021] epoch 3: val_mse=0.799171 pred_loss=1.243064 reg=1.638e-05 (21s)
[F3__pets__s2021] epoch 4: val_mse=0.798779 pred_loss=1.294604 reg=3.160e-05 (27s)
[F3__pets__s2021] epoch 5: val_mse=0.799962 pred_loss=1.198764 reg=5.358e-05 (33s)
[F3__pets__s2021] epoch 6: val_mse=0.799099 pred_loss=1.263896 reg=7.968e-05 (39s)
[F3__pets__s2021] epoch 7: val_mse=0.796757 pred_loss=1.227240 reg=1.099e-04 (45s)
[F3__pets__s2021] epoch 8: val_mse=0.795473 pred_loss=1.100074 reg=1.435e-04 (51s)
[F3__pets__s2021] epoch 9: val_mse=0.793498 pred_loss=1.046911 reg=1.813e-04 (57s)
[F3__pets__s2021] epoch 10: val_mse=0.791219 pred_loss=1.030627 reg=2.236e-04 (63s)
[queue] DONE F3__pets__s2021 (79/285) wall=63.3s peak=904.9MB
[queue] START F4__pets__s2021 (free 28403MiB)
[F4__pets__s2021] epoch 1: val_mse=0.801751 pred_loss=1.209669 reg=9.468e-07 (9s)
[F4__pets__s2021] epoch 2: val_mse=0.800672 pred_loss=1.287503 reg=6.021e-06 (15s)
[F4__pets__s2021] epoch 3: val_mse=0.798844 pred_loss=1.195768 reg=1.545e-05 (21s)
[F4__pets__s2021] epoch 4: val_mse=0.798199 pred_loss=1.253798 reg=2.994e-05 (27s)
[F4__pets__s2021] epoch 5: val_mse=0.798993 pred_loss=1.187083 reg=5.060e-05 (34s)
[F4__pets__s2021] epoch 6: val_mse=0.797794 pred_loss=1.223594 reg=7.459e-05 (40s)
[F4__pets__s2021] epoch 7: val_mse=0.795459 pred_loss=1.191788 reg=1.015e-04 (46s)
[F4__pets__s2021] epoch 8: val_mse=0.794270 pred_loss=1.086784 reg=1.306e-04 (52s)
[F4__pets__s2021] epoch 9: val_mse=0.792982 pred_loss=1.054204 reg=1.643e-04 (58s)
[F4__pets__s2021] epoch 10: val_mse=0.791283 pred_loss=0.983053 reg=2.026e-04 (64s)
[queue] DONE F4__pets__s2021 (80/285) wall=63.7s peak=904.9MB
[queue] START F0__pets__s2022 (free 28403MiB)
[F0__pets__s2022] epoch 1: val_mse=0.804704 pred_loss=1.079496 reg=0.000e+00 (8s)
[F0__pets__s2022] epoch 2: val_mse=0.806989 pred_loss=1.288737 reg=0.000e+00 (13s)
[F0__pets__s2022] epoch 3: val_mse=0.807187 pred_loss=1.255714 reg=0.000e+00 (18s)
[F0__pets__s2022] epoch 4: val_mse=0.808042 pred_loss=1.292208 reg=0.000e+00 (23s)
[F0__pets__s2022] epoch 5: val_mse=0.807626 pred_loss=1.228809 reg=0.000e+00 (28s)
[F0__pets__s2022] epoch 6: val_mse=0.806070 pred_loss=1.109874 reg=0.000e+00 (33s)
[F0__pets__s2022] epoch 7: val_mse=0.803342 pred_loss=0.990136 reg=0.000e+00 (38s)
[F0__pets__s2022] epoch 8: val_mse=0.800871 pred_loss=1.073813 reg=0.000e+00 (43s)
[F0__pets__s2022] epoch 9: val_mse=0.797966 pred_loss=1.160431 reg=0.000e+00 (48s)
[F0__pets__s2022] epoch 10: val_mse=0.794604 pred_loss=1.169654 reg=0.000e+00 (54s)
[queue] DONE F0__pets__s2022 (81/285) wall=53.5s peak=904.9MB
[queue] START F1__pets__s2022 (free 28403MiB)
[F1__pets__s2022] epoch 1: val_mse=0.804866 pred_loss=1.119257 reg=0.000e+00 (8s)
[F1__pets__s2022] epoch 2: val_mse=0.805438 pred_loss=1.186362 reg=0.000e+00 (13s)
[F1__pets__s2022] epoch 3: val_mse=0.803403 pred_loss=1.263168 reg=0.000e+00 (18s)
[F1__pets__s2022] epoch 4: val_mse=0.802201 pred_loss=1.100151 reg=0.000e+00 (24s)
[F1__pets__s2022] epoch 5: val_mse=0.800956 pred_loss=1.168265 reg=0.000e+00 (29s)
[F1__pets__s2022] epoch 6: val_mse=0.799264 pred_loss=1.118561 reg=0.000e+00 (34s)
[F1__pets__s2022] epoch 7: val_mse=0.796657 pred_loss=0.925428 reg=0.000e+00 (39s)
[F1__pets__s2022] epoch 8: val_mse=0.793503 pred_loss=1.182445 reg=0.000e+00 (44s)
[F1__pets__s2022] epoch 9: val_mse=0.789774 pred_loss=1.299620 reg=0.000e+00 (49s)
[F1__pets__s2022] epoch 10: val_mse=0.786268 pred_loss=1.183475 reg=0.000e+00 (54s)
[queue] DONE F1__pets__s2022 (82/285) wall=53.9s peak=904.9MB
[queue] START F2__pets__s2022 (free 28403MiB)
[F2__pets__s2022] epoch 1: val_mse=0.804172 pred_loss=1.093637 reg=0.000e+00 (8s)
[F2__pets__s2022] epoch 2: val_mse=0.804899 pred_loss=1.145329 reg=0.000e+00 (13s)
[F2__pets__s2022] epoch 3: val_mse=0.803209 pred_loss=1.241625 reg=0.000e+00 (19s)
[F2__pets__s2022] epoch 4: val_mse=0.802199 pred_loss=1.053812 reg=0.000e+00 (24s)
[F2__pets__s2022] epoch 5: val_mse=0.800697 pred_loss=1.151279 reg=0.000e+00 (29s)
[F2__pets__s2022] epoch 6: val_mse=0.799446 pred_loss=1.124864 reg=0.000e+00 (34s)
[F2__pets__s2022] epoch 7: val_mse=0.796601 pred_loss=0.905603 reg=0.000e+00 (39s)
[F2__pets__s2022] epoch 8: val_mse=0.793969 pred_loss=1.168308 reg=0.000e+00 (44s)
[F2__pets__s2022] epoch 9: val_mse=0.791220 pred_loss=1.253231 reg=0.000e+00 (49s)
[F2__pets__s2022] epoch 10: val_mse=0.787775 pred_loss=1.175871 reg=0.000e+00 (54s)
[queue] DONE F2__pets__s2022 (83/285) wall=53.8s peak=904.9MB
[queue] START F3__pets__s2022 (free 28403MiB)
[F3__pets__s2022] epoch 1: val_mse=0.804866 pred_loss=1.119258 reg=1.327e-06 (9s)
[F3__pets__s2022] epoch 2: val_mse=0.805437 pred_loss=1.186364 reg=8.308e-06 (15s)
[F3__pets__s2022] epoch 3: val_mse=0.803401 pred_loss=1.263176 reg=2.004e-05 (22s)
[F3__pets__s2022] epoch 4: val_mse=0.802201 pred_loss=1.100176 reg=3.591e-05 (28s)
[F3__pets__s2022] epoch 5: val_mse=0.800957 pred_loss=1.168301 reg=5.724e-05 (34s)
[F3__pets__s2022] epoch 6: val_mse=0.799269 pred_loss=1.118602 reg=8.364e-05 (40s)
[F3__pets__s2022] epoch 7: val_mse=0.796667 pred_loss=0.925489 reg=1.127e-04 (46s)
[F3__pets__s2022] epoch 8: val_mse=0.793518 pred_loss=1.182534 reg=1.478e-04 (52s)
[F3__pets__s2022] epoch 9: val_mse=0.789798 pred_loss=1.299717 reg=1.859e-04 (58s)
[F3__pets__s2022] epoch 10: val_mse=0.786302 pred_loss=1.183601 reg=2.272e-04 (64s)
[queue] DONE F3__pets__s2022 (84/285) wall=63.9s peak=904.9MB
[queue] START F4__pets__s2022 (free 28403MiB)
[F4__pets__s2022] epoch 1: val_mse=0.804171 pred_loss=1.093637 reg=1.222e-06 (9s)
[F4__pets__s2022] epoch 2: val_mse=0.804899 pred_loss=1.145331 reg=7.601e-06 (15s)
[F4__pets__s2022] epoch 3: val_mse=0.803209 pred_loss=1.241633 reg=1.843e-05 (22s)
[F4__pets__s2022] epoch 4: val_mse=0.802200 pred_loss=1.053837 reg=3.355e-05 (28s)
[F4__pets__s2022] epoch 5: val_mse=0.800700 pred_loss=1.151317 reg=5.344e-05 (34s)
[F4__pets__s2022] epoch 6: val_mse=0.799452 pred_loss=1.124905 reg=7.812e-05 (40s)
[F4__pets__s2022] epoch 7: val_mse=0.796611 pred_loss=0.905659 reg=1.049e-04 (46s)
[F4__pets__s2022] epoch 8: val_mse=0.793988 pred_loss=1.168387 reg=1.374e-04 (52s)
[F4__pets__s2022] epoch 9: val_mse=0.791248 pred_loss=1.253318 reg=1.732e-04 (58s)
[F4__pets__s2022] epoch 10: val_mse=0.787814 pred_loss=1.175993 reg=2.114e-04 (64s)
[queue] DONE F4__pets__s2022 (85/285) wall=64.0s peak=904.9MB
[queue] START F0__pets__s2023 (free 28403MiB)
[F0__pets__s2023] epoch 1: val_mse=0.804647 pred_loss=1.118337 reg=0.000e+00 (8s)
[F0__pets__s2023] epoch 2: val_mse=0.806676 pred_loss=1.250178 reg=0.000e+00 (14s)
[F0__pets__s2023] epoch 3: val_mse=0.806628 pred_loss=1.249614 reg=0.000e+00 (19s)
[F0__pets__s2023] epoch 4: val_mse=0.807679 pred_loss=1.179931 reg=0.000e+00 (24s)
[F0__pets__s2023] epoch 5: val_mse=0.805885 pred_loss=1.319920 reg=0.000e+00 (29s)
[F0__pets__s2023] epoch 6: val_mse=0.805362 pred_loss=1.311392 reg=0.000e+00 (34s)
[F0__pets__s2023] epoch 7: val_mse=0.805075 pred_loss=1.151265 reg=0.000e+00 (39s)
[F0__pets__s2023] epoch 8: val_mse=0.802458 pred_loss=1.257854 reg=0.000e+00 (44s)
[F0__pets__s2023] epoch 9: val_mse=0.800140 pred_loss=1.153674 reg=0.000e+00 (49s)
[F0__pets__s2023] epoch 10: val_mse=0.798655 pred_loss=1.035986 reg=0.000e+00 (54s)
[queue] DONE F0__pets__s2023 (86/285) wall=54.0s peak=904.9MB
[queue] START F1__pets__s2023 (free 28403MiB)
[F1__pets__s2023] epoch 1: val_mse=0.805896 pred_loss=1.112546 reg=0.000e+00 (8s)
[F1__pets__s2023] epoch 2: val_mse=0.806853 pred_loss=1.198573 reg=0.000e+00 (13s)
[F1__pets__s2023] epoch 3: val_mse=0.805379 pred_loss=1.187293 reg=0.000e+00 (18s)
[F1__pets__s2023] epoch 4: val_mse=0.803951 pred_loss=1.169522 reg=0.000e+00 (23s)
[F1__pets__s2023] epoch 5: val_mse=0.800888 pred_loss=1.314526 reg=0.000e+00 (28s)
[F1__pets__s2023] epoch 6: val_mse=0.798878 pred_loss=1.247994 reg=0.000e+00 (33s)
[F1__pets__s2023] epoch 7: val_mse=0.797062 pred_loss=1.109873 reg=0.000e+00 (38s)
[F1__pets__s2023] epoch 8: val_mse=0.793686 pred_loss=1.212810 reg=0.000e+00 (44s)
[F1__pets__s2023] epoch 9: val_mse=0.790453 pred_loss=1.228352 reg=0.000e+00 (48s)
[F1__pets__s2023] epoch 10: val_mse=0.787393 pred_loss=1.117590 reg=0.000e+00 (54s)
[queue] DONE F1__pets__s2023 (87/285) wall=53.6s peak=904.9MB
[queue] START F2__pets__s2023 (free 28403MiB)
[F2__pets__s2023] epoch 1: val_mse=0.806543 pred_loss=1.081409 reg=0.000e+00 (8s)
[F2__pets__s2023] epoch 2: val_mse=0.807579 pred_loss=1.171122 reg=0.000e+00 (13s)
[F2__pets__s2023] epoch 3: val_mse=0.806372 pred_loss=1.164297 reg=0.000e+00 (18s)
[F2__pets__s2023] epoch 4: val_mse=0.805364 pred_loss=1.157712 reg=0.000e+00 (23s)
[F2__pets__s2023] epoch 5: val_mse=0.802467 pred_loss=1.217393 reg=0.000e+00 (28s)
[F2__pets__s2023] epoch 6: val_mse=0.800281 pred_loss=1.186908 reg=0.000e+00 (33s)
[F2__pets__s2023] epoch 7: val_mse=0.798673 pred_loss=1.093952 reg=0.000e+00 (38s)
[F2__pets__s2023] epoch 8: val_mse=0.794842 pred_loss=1.152827 reg=0.000e+00 (43s)
[F2__pets__s2023] epoch 9: val_mse=0.791332 pred_loss=1.175706 reg=0.000e+00 (49s)
[F2__pets__s2023] epoch 10: val_mse=0.788261 pred_loss=1.080729 reg=0.000e+00 (53s)
[queue] DONE F2__pets__s2023 (88/285) wall=53.5s peak=904.9MB
[queue] START F3__pets__s2023 (free 28403MiB)
[F3__pets__s2023] epoch 1: val_mse=0.805896 pred_loss=1.112546 reg=1.187e-06 (9s)
[F3__pets__s2023] epoch 2: val_mse=0.806852 pred_loss=1.198576 reg=7.609e-06 (15s)
[F3__pets__s2023] epoch 3: val_mse=0.805377 pred_loss=1.187301 reg=1.907e-05 (22s)
[F3__pets__s2023] epoch 4: val_mse=0.803949 pred_loss=1.169540 reg=3.551e-05 (28s)
[F3__pets__s2023] epoch 5: val_mse=0.800886 pred_loss=1.314550 reg=5.746e-05 (34s)
[F3__pets__s2023] epoch 6: val_mse=0.798879 pred_loss=1.248041 reg=8.229e-05 (40s)
[F3__pets__s2023] epoch 7: val_mse=0.797069 pred_loss=1.109946 reg=1.128e-04 (46s)
[F3__pets__s2023] epoch 8: val_mse=0.793699 pred_loss=1.212888 reg=1.478e-04 (52s)
[F3__pets__s2023] epoch 9: val_mse=0.790474 pred_loss=1.228444 reg=1.840e-04 (58s)
[F3__pets__s2023] epoch 10: val_mse=0.787423 pred_loss=1.117723 reg=2.242e-04 (64s)
[queue] DONE F3__pets__s2023 (89/285) wall=63.9s peak=904.9MB
[queue] START F4__pets__s2023 (free 28403MiB)
[F4__pets__s2023] epoch 1: val_mse=0.806543 pred_loss=1.081409 reg=1.227e-06 (9s)
[F4__pets__s2023] epoch 2: val_mse=0.807578 pred_loss=1.171125 reg=7.756e-06 (15s)
[F4__pets__s2023] epoch 3: val_mse=0.806369 pred_loss=1.164304 reg=1.867e-05 (22s)
[F4__pets__s2023] epoch 4: val_mse=0.805361 pred_loss=1.157728 reg=3.377e-05 (28s)
[F4__pets__s2023] epoch 5: val_mse=0.802464 pred_loss=1.217411 reg=5.365e-05 (34s)
[F4__pets__s2023] epoch 6: val_mse=0.800282 pred_loss=1.186952 reg=7.495e-05 (40s)
[F4__pets__s2023] epoch 7: val_mse=0.798680 pred_loss=1.094023 reg=1.009e-04 (46s)
[F4__pets__s2023] epoch 8: val_mse=0.794854 pred_loss=1.152900 reg=1.303e-04 (52s)
[F4__pets__s2023] epoch 9: val_mse=0.791354 pred_loss=1.175790 reg=1.612e-04 (58s)
[F4__pets__s2023] epoch 10: val_mse=0.788292 pred_loss=1.080854 reg=1.962e-04 (64s)
[queue] DONE F4__pets__s2023 (90/285) wall=63.9s peak=904.9MB
[queue] START F0__public_health__s2021 (free 28403MiB)
[F0__public_health__s2021] epoch 1: val_mse=0.631453 pred_loss=1.328052 reg=0.000e+00 (8s)
[F0__public_health__s2021] epoch 2: val_mse=0.633636 pred_loss=1.436340 reg=0.000e+00 (13s)
[F0__public_health__s2021] epoch 3: val_mse=0.634613 pred_loss=1.469740 reg=0.000e+00 (18s)
[F0__public_health__s2021] epoch 4: val_mse=0.636712 pred_loss=1.456725 reg=0.000e+00 (23s)
[F0__public_health__s2021] epoch 5: val_mse=0.637839 pred_loss=1.436309 reg=0.000e+00 (28s)
[F0__public_health__s2021] epoch 6: val_mse=0.639122 pred_loss=1.500690 reg=0.000e+00 (33s)
[F0__public_health__s2021] epoch 7: val_mse=0.637956 pred_loss=1.348563 reg=0.000e+00 (38s)
[F0__public_health__s2021] epoch 8: val_mse=0.636186 pred_loss=1.605991 reg=0.000e+00 (43s)
[F0__public_health__s2021] epoch 9: val_mse=0.638077 pred_loss=1.515044 reg=0.000e+00 (49s)
[F0__public_health__s2021] epoch 10: val_mse=0.640292 pred_loss=1.280964 reg=0.000e+00 (54s)
[queue] DONE F0__public_health__s2021 (91/285) wall=53.5s peak=904.9MB
[queue] START F1__public_health__s2021 (free 28403MiB)
[F1__public_health__s2021] epoch 1: val_mse=0.630511 pred_loss=1.429150 reg=0.000e+00 (8s)
[F1__public_health__s2021] epoch 2: val_mse=0.629538 pred_loss=1.516634 reg=0.000e+00 (13s)
[F1__public_health__s2021] epoch 3: val_mse=0.628312 pred_loss=1.544279 reg=0.000e+00 (18s)
[F1__public_health__s2021] epoch 4: val_mse=0.626301 pred_loss=1.511372 reg=0.000e+00 (23s)
[F1__public_health__s2021] epoch 5: val_mse=0.627163 pred_loss=1.450293 reg=0.000e+00 (28s)
[F1__public_health__s2021] epoch 6: val_mse=0.628677 pred_loss=1.368927 reg=0.000e+00 (33s)
[F1__public_health__s2021] epoch 7: val_mse=0.629546 pred_loss=1.517802 reg=0.000e+00 (39s)
[F1__public_health__s2021] epoch 8: val_mse=0.628553 pred_loss=1.528936 reg=0.000e+00 (43s)
[F1__public_health__s2021] epoch 9: val_mse=0.629007 pred_loss=1.486070 reg=0.000e+00 (49s)
[F1__public_health__s2021] epoch 10: val_mse=0.629442 pred_loss=1.169719 reg=0.000e+00 (54s)
[queue] DONE F1__public_health__s2021 (92/285) wall=53.6s peak=904.9MB
[queue] START F2__public_health__s2021 (free 28403MiB)
[F2__public_health__s2021] epoch 1: val_mse=0.631285 pred_loss=1.323047 reg=0.000e+00 (8s)
[F2__public_health__s2021] epoch 2: val_mse=0.631207 pred_loss=1.438686 reg=0.000e+00 (13s)
[F2__public_health__s2021] epoch 3: val_mse=0.630782 pred_loss=1.469783 reg=0.000e+00 (18s)
[F2__public_health__s2021] epoch 4: val_mse=0.628880 pred_loss=1.423731 reg=0.000e+00 (23s)
[F2__public_health__s2021] epoch 5: val_mse=0.628526 pred_loss=1.302404 reg=0.000e+00 (28s)
[F2__public_health__s2021] epoch 6: val_mse=0.628955 pred_loss=1.290421 reg=0.000e+00 (33s)
[F2__public_health__s2021] epoch 7: val_mse=0.630130 pred_loss=1.462780 reg=0.000e+00 (38s)
[F2__public_health__s2021] epoch 8: val_mse=0.628160 pred_loss=1.427585 reg=0.000e+00 (44s)
[F2__public_health__s2021] epoch 9: val_mse=0.628216 pred_loss=1.315392 reg=0.000e+00 (49s)
[F2__public_health__s2021] epoch 10: val_mse=0.629860 pred_loss=1.117594 reg=0.000e+00 (54s)
[queue] DONE F2__public_health__s2021 (93/285) wall=53.6s peak=904.9MB
[queue] START F3__public_health__s2021 (free 28403MiB)
[F3__public_health__s2021] epoch 1: val_mse=0.630511 pred_loss=1.429150 reg=8.636e-07 (9s)
[F3__public_health__s2021] epoch 2: val_mse=0.629539 pred_loss=1.516636 reg=4.907e-06 (15s)
[F3__public_health__s2021] epoch 3: val_mse=0.628314 pred_loss=1.544285 reg=1.240e-05 (21s)
[F3__public_health__s2021] epoch 4: val_mse=0.626304 pred_loss=1.511387 reg=2.247e-05 (27s)
[F3__public_health__s2021] epoch 5: val_mse=0.627169 pred_loss=1.450314 reg=3.548e-05 (33s)
[F3__public_health__s2021] epoch 6: val_mse=0.628687 pred_loss=1.368961 reg=5.136e-05 (39s)
[F3__public_health__s2021] epoch 7: val_mse=0.629558 pred_loss=1.517877 reg=6.859e-05 (45s)
[F3__public_health__s2021] epoch 8: val_mse=0.628568 pred_loss=1.529020 reg=8.910e-05 (51s)
[F3__public_health__s2021] epoch 9: val_mse=0.629025 pred_loss=1.486200 reg=1.135e-04 (57s)
[F3__public_health__s2021] epoch 10: val_mse=0.629464 pred_loss=1.169791 reg=1.406e-04 (63s)
[queue] DONE F3__public_health__s2021 (94/285) wall=63.1s peak=904.9MB
[queue] START F4__public_health__s2021 (free 28403MiB)
[F4__public_health__s2021] epoch 1: val_mse=0.631285 pred_loss=1.323047 reg=8.388e-07 (9s)
[F4__public_health__s2021] epoch 2: val_mse=0.631207 pred_loss=1.438688 reg=4.901e-06 (15s)
[F4__public_health__s2021] epoch 3: val_mse=0.630784 pred_loss=1.469789 reg=1.222e-05 (21s)
[F4__public_health__s2021] epoch 4: val_mse=0.628881 pred_loss=1.423744 reg=2.137e-05 (27s)
[F4__public_health__s2021] epoch 5: val_mse=0.628529 pred_loss=1.302422 reg=3.219e-05 (33s)
[F4__public_health__s2021] epoch 6: val_mse=0.628961 pred_loss=1.290451 reg=4.529e-05 (39s)
[F4__public_health__s2021] epoch 7: val_mse=0.630138 pred_loss=1.462851 reg=5.994e-05 (45s)
[F4__public_health__s2021] epoch 8: val_mse=0.628171 pred_loss=1.427662 reg=7.764e-05 (51s)
[F4__public_health__s2021] epoch 9: val_mse=0.628230 pred_loss=1.315516 reg=9.810e-05 (57s)
[F4__public_health__s2021] epoch 10: val_mse=0.629878 pred_loss=1.117656 reg=1.217e-04 (63s)
[queue] DONE F4__public_health__s2021 (95/285) wall=63.4s peak=904.9MB
[queue] START F0__public_health__s2022 (free 28403MiB)
[F0__public_health__s2022] epoch 1: val_mse=0.630321 pred_loss=1.889143 reg=0.000e+00 (8s)
[F0__public_health__s2022] epoch 2: val_mse=0.632547 pred_loss=1.772778 reg=0.000e+00 (13s)
[F0__public_health__s2022] epoch 3: val_mse=0.635271 pred_loss=1.474464 reg=0.000e+00 (18s)
[F0__public_health__s2022] epoch 4: val_mse=0.638274 pred_loss=1.660096 reg=0.000e+00 (23s)
[F0__public_health__s2022] epoch 5: val_mse=0.639294 pred_loss=1.486532 reg=0.000e+00 (28s)
[F0__public_health__s2022] epoch 6: val_mse=0.639906 pred_loss=1.615756 reg=0.000e+00 (33s)
[F0__public_health__s2022] epoch 7: val_mse=0.641108 pred_loss=1.759404 reg=0.000e+00 (38s)
[F0__public_health__s2022] epoch 8: val_mse=0.641386 pred_loss=1.343495 reg=0.000e+00 (43s)
[F0__public_health__s2022] epoch 9: val_mse=0.640247 pred_loss=1.759629 reg=0.000e+00 (49s)
[F0__public_health__s2022] epoch 10: val_mse=0.643240 pred_loss=1.201907 reg=0.000e+00 (54s)
[queue] DONE F0__public_health__s2022 (96/285) wall=53.6s peak=904.9MB
[queue] START F1__public_health__s2022 (free 28403MiB)
[F1__public_health__s2022] epoch 1: val_mse=0.631170 pred_loss=1.798127 reg=0.000e+00 (8s)
[F1__public_health__s2022] epoch 2: val_mse=0.631103 pred_loss=1.693085 reg=0.000e+00 (13s)
[F1__public_health__s2022] epoch 3: val_mse=0.632349 pred_loss=1.493414 reg=0.000e+00 (18s)
[F1__public_health__s2022] epoch 4: val_mse=0.634157 pred_loss=1.395472 reg=0.000e+00 (23s)
[F1__public_health__s2022] epoch 5: val_mse=0.632717 pred_loss=1.406910 reg=0.000e+00 (28s)
[F1__public_health__s2022] epoch 6: val_mse=0.632261 pred_loss=1.568439 reg=0.000e+00 (33s)
[F1__public_health__s2022] epoch 7: val_mse=0.630886 pred_loss=1.529922 reg=0.000e+00 (38s)
[F1__public_health__s2022] epoch 8: val_mse=0.629273 pred_loss=1.187039 reg=0.000e+00 (43s)
[F1__public_health__s2022] epoch 9: val_mse=0.627504 pred_loss=1.711367 reg=0.000e+00 (48s)
[F1__public_health__s2022] epoch 10: val_mse=0.629352 pred_loss=1.037600 reg=0.000e+00 (54s)
[queue] DONE F1__public_health__s2022 (97/285) wall=53.5s peak=904.9MB
[queue] START F2__public_health__s2022 (free 28403MiB)
[F2__public_health__s2022] epoch 1: val_mse=0.630494 pred_loss=1.672969 reg=0.000e+00 (8s)
[F2__public_health__s2022] epoch 2: val_mse=0.631085 pred_loss=1.560511 reg=0.000e+00 (13s)
[F2__public_health__s2022] epoch 3: val_mse=0.632822 pred_loss=1.425132 reg=0.000e+00 (18s)
[F2__public_health__s2022] epoch 4: val_mse=0.634868 pred_loss=1.281404 reg=0.000e+00 (23s)
[F2__public_health__s2022] epoch 5: val_mse=0.633853 pred_loss=1.262667 reg=0.000e+00 (28s)
[F2__public_health__s2022] epoch 6: val_mse=0.634703 pred_loss=1.498450 reg=0.000e+00 (33s)
[F2__public_health__s2022] epoch 7: val_mse=0.633595 pred_loss=1.427101 reg=0.000e+00 (38s)
[F2__public_health__s2022] epoch 8: val_mse=0.632023 pred_loss=1.104313 reg=0.000e+00 (43s)
[F2__public_health__s2022] epoch 9: val_mse=0.630058 pred_loss=1.564802 reg=0.000e+00 (48s)
[F2__public_health__s2022] epoch 10: val_mse=0.632050 pred_loss=0.987217 reg=0.000e+00 (53s)
[queue] DONE F2__public_health__s2022 (98/285) wall=53.4s peak=904.9MB
[queue] START F3__public_health__s2022 (free 28403MiB)
[F3__public_health__s2022] epoch 1: val_mse=0.631170 pred_loss=1.798127 reg=9.858e-07 (9s)
[F3__public_health__s2022] epoch 2: val_mse=0.631103 pred_loss=1.693088 reg=5.190e-06 (15s)
[F3__public_health__s2022] epoch 3: val_mse=0.632349 pred_loss=1.493424 reg=1.255e-05 (22s)
[F3__public_health__s2022] epoch 4: val_mse=0.634157 pred_loss=1.395480 reg=2.359e-05 (28s)
[F3__public_health__s2022] epoch 5: val_mse=0.632716 pred_loss=1.406943 reg=3.705e-05 (34s)
[F3__public_health__s2022] epoch 6: val_mse=0.632259 pred_loss=1.568494 reg=5.396e-05 (40s)
[F3__public_health__s2022] epoch 7: val_mse=0.630884 pred_loss=1.529998 reg=7.405e-05 (46s)
[F3__public_health__s2022] epoch 8: val_mse=0.629274 pred_loss=1.187110 reg=9.614e-05 (52s)
[F3__public_health__s2022] epoch 9: val_mse=0.627509 pred_loss=1.711455 reg=1.197e-04 (58s)
[F3__public_health__s2022] epoch 10: val_mse=0.629364 pred_loss=1.037823 reg=1.444e-04 (64s)
[queue] DONE F3__public_health__s2022 (99/285) wall=64.1s peak=904.9MB
[queue] START F4__public_health__s2022 (free 28403MiB)
[F4__public_health__s2022] epoch 1: val_mse=0.630494 pred_loss=1.672970 reg=8.170e-07 (9s)
[F4__public_health__s2022] epoch 2: val_mse=0.631086 pred_loss=1.560513 reg=4.261e-06 (15s)
[F4__public_health__s2022] epoch 3: val_mse=0.632824 pred_loss=1.425142 reg=1.078e-05 (21s)
[F4__public_health__s2022] epoch 4: val_mse=0.634869 pred_loss=1.281412 reg=2.104e-05 (27s)
[F4__public_health__s2022] epoch 5: val_mse=0.633852 pred_loss=1.262694 reg=3.323e-05 (34s)
[F4__public_health__s2022] epoch 6: val_mse=0.634703 pred_loss=1.498504 reg=4.845e-05 (40s)
[F4__public_health__s2022] epoch 7: val_mse=0.633594 pred_loss=1.427170 reg=6.718e-05 (46s)
[F4__public_health__s2022] epoch 8: val_mse=0.632023 pred_loss=1.104374 reg=8.731e-05 (52s)
[F4__public_health__s2022] epoch 9: val_mse=0.630062 pred_loss=1.564879 reg=1.072e-04 (58s)
[F4__public_health__s2022] epoch 10: val_mse=0.632060 pred_loss=0.987411 reg=1.284e-04 (64s)
[queue] DONE F4__public_health__s2022 (100/285) wall=64.0s peak=904.9MB
[queue] START F0__public_health__s2023 (free 28403MiB)
[F0__public_health__s2023] epoch 1: val_mse=0.632576 pred_loss=1.465869 reg=0.000e+00 (8s)
[F0__public_health__s2023] epoch 2: val_mse=0.634275 pred_loss=1.926995 reg=0.000e+00 (13s)
[F0__public_health__s2023] epoch 3: val_mse=0.636922 pred_loss=1.611670 reg=0.000e+00 (18s)
[F0__public_health__s2023] epoch 4: val_mse=0.639291 pred_loss=1.421484 reg=0.000e+00 (23s)
[F0__public_health__s2023] epoch 5: val_mse=0.639934 pred_loss=1.361020 reg=0.000e+00 (28s)
[F0__public_health__s2023] epoch 6: val_mse=0.641250 pred_loss=1.661677 reg=0.000e+00 (33s)
[F0__public_health__s2023] epoch 7: val_mse=0.642434 pred_loss=1.345842 reg=0.000e+00 (38s)
[F0__public_health__s2023] epoch 8: val_mse=0.642953 pred_loss=1.668770 reg=0.000e+00 (43s)
[F0__public_health__s2023] epoch 9: val_mse=0.643547 pred_loss=1.470584 reg=0.000e+00 (48s)
[F0__public_health__s2023] epoch 10: val_mse=0.642441 pred_loss=1.615188 reg=0.000e+00 (54s)
[queue] DONE F0__public_health__s2023 (101/285) wall=53.6s peak=904.9MB
[queue] START F1__public_health__s2023 (free 28403MiB)
[F1__public_health__s2023] epoch 1: val_mse=0.632549 pred_loss=1.505040 reg=0.000e+00 (8s)
[F1__public_health__s2023] epoch 2: val_mse=0.632314 pred_loss=1.848369 reg=0.000e+00 (13s)
[F1__public_health__s2023] epoch 3: val_mse=0.631859 pred_loss=1.544552 reg=0.000e+00 (18s)
[F1__public_health__s2023] epoch 4: val_mse=0.631755 pred_loss=1.540927 reg=0.000e+00 (23s)
[F1__public_health__s2023] epoch 5: val_mse=0.630500 pred_loss=1.283429 reg=0.000e+00 (28s)
[F1__public_health__s2023] epoch 6: val_mse=0.628860 pred_loss=1.534754 reg=0.000e+00 (33s)
[F1__public_health__s2023] epoch 7: val_mse=0.628804 pred_loss=1.425818 reg=0.000e+00 (38s)
[F1__public_health__s2023] epoch 8: val_mse=0.627808 pred_loss=1.781039 reg=0.000e+00 (43s)
[F1__public_health__s2023] epoch 9: val_mse=0.629440 pred_loss=1.262842 reg=0.000e+00 (48s)
[F1__public_health__s2023] epoch 10: val_mse=0.629421 pred_loss=1.675727 reg=0.000e+00 (53s)
[queue] DONE F1__public_health__s2023 (102/285) wall=53.4s peak=904.9MB
[queue] START F2__public_health__s2023 (free 28403MiB)
[F2__public_health__s2023] epoch 1: val_mse=0.633980 pred_loss=1.415336 reg=0.000e+00 (8s)
[F2__public_health__s2023] epoch 2: val_mse=0.635218 pred_loss=1.713584 reg=0.000e+00 (13s)
[F2__public_health__s2023] epoch 3: val_mse=0.635054 pred_loss=1.503664 reg=0.000e+00 (18s)
[F2__public_health__s2023] epoch 4: val_mse=0.635951 pred_loss=1.472969 reg=0.000e+00 (23s)
[F2__public_health__s2023] epoch 5: val_mse=0.635064 pred_loss=1.224859 reg=0.000e+00 (28s)
[F2__public_health__s2023] epoch 6: val_mse=0.634065 pred_loss=1.397359 reg=0.000e+00 (33s)
[F2__public_health__s2023] epoch 7: val_mse=0.634347 pred_loss=1.357204 reg=0.000e+00 (38s)
[F2__public_health__s2023] epoch 8: val_mse=0.633216 pred_loss=1.729234 reg=0.000e+00 (43s)
[F2__public_health__s2023] epoch 9: val_mse=0.635603 pred_loss=1.275585 reg=0.000e+00 (48s)
[F2__public_health__s2023] epoch 10: val_mse=0.635185 pred_loss=1.550788 reg=0.000e+00 (53s)
[queue] DONE F2__public_health__s2023 (103/285) wall=53.4s peak=904.9MB
[queue] START F3__public_health__s2023 (free 28403MiB)
[F3__public_health__s2023] epoch 1: val_mse=0.632549 pred_loss=1.505040 reg=1.022e-06 (9s)
[F3__public_health__s2023] epoch 2: val_mse=0.632313 pred_loss=1.848370 reg=5.174e-06 (15s)
[F3__public_health__s2023] epoch 3: val_mse=0.631858 pred_loss=1.544560 reg=1.246e-05 (21s)
[F3__public_health__s2023] epoch 4: val_mse=0.631754 pred_loss=1.540942 reg=2.292e-05 (27s)
[F3__public_health__s2023] epoch 5: val_mse=0.630500 pred_loss=1.283448 reg=3.613e-05 (33s)
[F3__public_health__s2023] epoch 6: val_mse=0.628862 pred_loss=1.534793 reg=5.158e-05 (40s)
[F3__public_health__s2023] epoch 7: val_mse=0.628809 pred_loss=1.425860 reg=7.006e-05 (46s)
[F3__public_health__s2023] epoch 8: val_mse=0.627816 pred_loss=1.781131 reg=9.038e-05 (52s)
[F3__public_health__s2023] epoch 9: val_mse=0.629454 pred_loss=1.262956 reg=1.132e-04 (58s)
[F3__public_health__s2023] epoch 10: val_mse=0.629440 pred_loss=1.675849 reg=1.381e-04 (64s)
[queue] DONE F3__public_health__s2023 (104/285) wall=64.0s peak=904.9MB
[queue] START F4__public_health__s2023 (free 28403MiB)
[F4__public_health__s2023] epoch 1: val_mse=0.633980 pred_loss=1.415336 reg=9.941e-07 (9s)
[F4__public_health__s2023] epoch 2: val_mse=0.635216 pred_loss=1.713586 reg=4.946e-06 (15s)
[F4__public_health__s2023] epoch 3: val_mse=0.635052 pred_loss=1.503671 reg=1.168e-05 (21s)
[F4__public_health__s2023] epoch 4: val_mse=0.635947 pred_loss=1.472983 reg=2.102e-05 (28s)
[F4__public_health__s2023] epoch 5: val_mse=0.635059 pred_loss=1.224876 reg=3.302e-05 (34s)
[F4__public_health__s2023] epoch 6: val_mse=0.634059 pred_loss=1.397388 reg=4.660e-05 (40s)
[F4__public_health__s2023] epoch 7: val_mse=0.634342 pred_loss=1.357242 reg=6.168e-05 (46s)
[F4__public_health__s2023] epoch 8: val_mse=0.633212 pred_loss=1.729321 reg=7.908e-05 (52s)
[F4__public_health__s2023] epoch 9: val_mse=0.635602 pred_loss=1.275694 reg=9.973e-05 (58s)
[F4__public_health__s2023] epoch 10: val_mse=0.635188 pred_loss=1.550902 reg=1.229e-04 (64s)
[queue] DONE F4__public_health__s2023 (105/285) wall=64.2s peak=904.9MB
[queue] START F0__science__s2021 (free 28403MiB)
[F0__science__s2021] epoch 1: val_mse=6.244432 pred_loss=2.857626 reg=0.000e+00 (8s)
[F0__science__s2021] epoch 2: val_mse=6.236127 pred_loss=2.733750 reg=0.000e+00 (13s)
[F0__science__s2021] epoch 3: val_mse=6.239824 pred_loss=2.414845 reg=0.000e+00 (18s)
[F0__science__s2021] epoch 4: val_mse=6.232366 pred_loss=3.055061 reg=0.000e+00 (23s)
[F0__science__s2021] epoch 5: val_mse=6.227079 pred_loss=2.491802 reg=0.000e+00 (28s)
[F0__science__s2021] epoch 6: val_mse=6.224183 pred_loss=2.497130 reg=0.000e+00 (34s)
[F0__science__s2021] epoch 7: val_mse=6.214416 pred_loss=2.424137 reg=0.000e+00 (39s)
[F0__science__s2021] epoch 8: val_mse=6.205816 pred_loss=2.430716 reg=0.000e+00 (44s)
[F0__science__s2021] epoch 9: val_mse=6.199597 pred_loss=2.588978 reg=0.000e+00 (49s)
[F0__science__s2021] epoch 10: val_mse=6.187567 pred_loss=2.608243 reg=0.000e+00 (54s)
[queue] DONE F0__science__s2021 (106/285) wall=53.9s peak=904.9MB
[queue] START F1__science__s2021 (free 28403MiB)
[F1__science__s2021] epoch 1: val_mse=6.249805 pred_loss=2.662282 reg=0.000e+00 (8s)
[F1__science__s2021] epoch 2: val_mse=6.246538 pred_loss=2.535925 reg=0.000e+00 (13s)
[F1__science__s2021] epoch 3: val_mse=6.244046 pred_loss=2.276077 reg=0.000e+00 (18s)
[F1__science__s2021] epoch 4: val_mse=6.235771 pred_loss=2.621323 reg=0.000e+00 (24s)
[F1__science__s2021] epoch 5: val_mse=6.230032 pred_loss=2.199376 reg=0.000e+00 (29s)
[F1__science__s2021] epoch 6: val_mse=6.229440 pred_loss=2.203721 reg=0.000e+00 (34s)
[F1__science__s2021] epoch 7: val_mse=6.232873 pred_loss=2.149488 reg=0.000e+00 (39s)
[F1__science__s2021] epoch 8: val_mse=6.239456 pred_loss=2.351543 reg=0.000e+00 (44s)
[F1__science__s2021] epoch 9: val_mse=6.232112 pred_loss=2.216118 reg=0.000e+00 (49s)
[F1__science__s2021] epoch 10: val_mse=6.224423 pred_loss=2.592160 reg=0.000e+00 (54s)
[queue] DONE F1__science__s2021 (107/285) wall=54.1s peak=904.9MB
[queue] START F2__science__s2021 (free 28403MiB)
[F2__science__s2021] epoch 1: val_mse=6.257351 pred_loss=2.441777 reg=0.000e+00 (8s)
[F2__science__s2021] epoch 2: val_mse=6.258831 pred_loss=2.328729 reg=0.000e+00 (13s)
[F2__science__s2021] epoch 3: val_mse=6.258085 pred_loss=2.092954 reg=0.000e+00 (18s)
[F2__science__s2021] epoch 4: val_mse=6.251365 pred_loss=2.356488 reg=0.000e+00 (24s)
[F2__science__s2021] epoch 5: val_mse=6.249286 pred_loss=1.975055 reg=0.000e+00 (29s)
[F2__science__s2021] epoch 6: val_mse=6.257416 pred_loss=1.950514 reg=0.000e+00 (34s)
[F2__science__s2021] epoch 7: val_mse=6.264354 pred_loss=2.003185 reg=0.000e+00 (39s)
[F2__science__s2021] epoch 8: val_mse=6.268019 pred_loss=2.184826 reg=0.000e+00 (44s)
[F2__science__s2021] epoch 9: val_mse=6.264662 pred_loss=2.061386 reg=0.000e+00 (49s)
[F2__science__s2021] epoch 10: val_mse=6.259245 pred_loss=2.359051 reg=0.000e+00 (54s)
[queue] DONE F2__science__s2021 (108/285) wall=54.1s peak=904.9MB
[queue] START F3__science__s2021 (free 28403MiB)
[F3__science__s2021] epoch 1: val_mse=6.249805 pred_loss=2.662282 reg=8.974e-07 (9s)
[F3__science__s2021] epoch 2: val_mse=6.246541 pred_loss=2.535927 reg=5.577e-06 (15s)
[F3__science__s2021] epoch 3: val_mse=6.244051 pred_loss=2.276085 reg=1.390e-05 (21s)
[F3__science__s2021] epoch 4: val_mse=6.235780 pred_loss=2.621339 reg=2.566e-05 (27s)
[F3__science__s2021] epoch 5: val_mse=6.230047 pred_loss=2.199402 reg=4.172e-05 (34s)
[F3__science__s2021] epoch 6: val_mse=6.229462 pred_loss=2.203756 reg=6.153e-05 (40s)
[F3__science__s2021] epoch 7: val_mse=6.232905 pred_loss=2.149542 reg=8.351e-05 (46s)
[F3__science__s2021] epoch 8: val_mse=6.239499 pred_loss=2.351614 reg=1.097e-04 (52s)
[F3__science__s2021] epoch 9: val_mse=6.232151 pred_loss=2.216191 reg=1.406e-04 (58s)
[F3__science__s2021] epoch 10: val_mse=6.224462 pred_loss=2.592270 reg=1.694e-04 (64s)
[queue] DONE F3__science__s2021 (109/285) wall=64.0s peak=904.9MB
[queue] START F4__science__s2021 (free 28403MiB)
[F4__science__s2021] epoch 1: val_mse=6.257351 pred_loss=2.441777 reg=8.123e-07 (9s)
[F4__science__s2021] epoch 2: val_mse=6.258831 pred_loss=2.328730 reg=4.770e-06 (15s)
[F4__science__s2021] epoch 3: val_mse=6.258082 pred_loss=2.092961 reg=1.148e-05 (21s)
[F4__science__s2021] epoch 4: val_mse=6.251362 pred_loss=2.356501 reg=2.104e-05 (27s)
[F4__science__s2021] epoch 5: val_mse=6.249283 pred_loss=1.975077 reg=3.396e-05 (34s)
[F4__science__s2021] epoch 6: val_mse=6.257416 pred_loss=1.950544 reg=5.021e-05 (40s)
[F4__science__s2021] epoch 7: val_mse=6.264356 pred_loss=2.003230 reg=6.968e-05 (46s)
[F4__science__s2021] epoch 8: val_mse=6.268018 pred_loss=2.184882 reg=9.144e-05 (52s)
[F4__science__s2021] epoch 9: val_mse=6.264644 pred_loss=2.061448 reg=1.155e-04 (59s)
[F4__science__s2021] epoch 10: val_mse=6.259210 pred_loss=2.359139 reg=1.386e-04 (65s)
[queue] DONE F4__science__s2021 (110/285) wall=64.9s peak=904.9MB
[queue] START F0__science__s2022 (free 28403MiB)
[F0__science__s2022] epoch 1: val_mse=6.261556 pred_loss=2.526759 reg=0.000e+00 (8s)
[F0__science__s2022] epoch 2: val_mse=6.260140 pred_loss=2.537853 reg=0.000e+00 (14s)
[F0__science__s2022] epoch 3: val_mse=6.255842 pred_loss=2.386199 reg=0.000e+00 (19s)
[F0__science__s2022] epoch 4: val_mse=6.241881 pred_loss=2.816044 reg=0.000e+00 (24s)
[F0__science__s2022] epoch 5: val_mse=6.228417 pred_loss=2.594175 reg=0.000e+00 (29s)
[F0__science__s2022] epoch 6: val_mse=6.218668 pred_loss=2.173487 reg=0.000e+00 (35s)
[F0__science__s2022] epoch 7: val_mse=6.203859 pred_loss=2.525189 reg=0.000e+00 (40s)
[F0__science__s2022] epoch 8: val_mse=6.189147 pred_loss=3.021383 reg=0.000e+00 (45s)
[F0__science__s2022] epoch 9: val_mse=6.181502 pred_loss=2.842653 reg=0.000e+00 (51s)
[F0__science__s2022] epoch 10: val_mse=6.174352 pred_loss=2.246566 reg=0.000e+00 (56s)
[queue] DONE F0__science__s2022 (111/285) wall=55.9s peak=904.9MB
[queue] START F1__science__s2022 (free 28403MiB)
[F1__science__s2022] epoch 1: val_mse=6.263625 pred_loss=2.404642 reg=0.000e+00 (9s)
[F1__science__s2022] epoch 2: val_mse=6.263661 pred_loss=2.337900 reg=0.000e+00 (14s)
[F1__science__s2022] epoch 3: val_mse=6.258979 pred_loss=2.043176 reg=0.000e+00 (19s)
[F1__science__s2022] epoch 4: val_mse=6.252104 pred_loss=2.652368 reg=0.000e+00 (25s)
[F1__science__s2022] epoch 5: val_mse=6.239021 pred_loss=2.211381 reg=0.000e+00 (30s)
[F1__science__s2022] epoch 6: val_mse=6.237232 pred_loss=2.081843 reg=0.000e+00 (35s)
[F1__science__s2022] epoch 7: val_mse=6.234786 pred_loss=2.508676 reg=0.000e+00 (41s)
[F1__science__s2022] epoch 8: val_mse=6.226523 pred_loss=2.369353 reg=0.000e+00 (46s)
[F1__science__s2022] epoch 9: val_mse=6.228003 pred_loss=2.518190 reg=0.000e+00 (51s)
[F1__science__s2022] epoch 10: val_mse=6.226777 pred_loss=2.133073 reg=0.000e+00 (56s)
[queue] DONE F1__science__s2022 (112/285) wall=56.4s peak=904.9MB
[queue] START F2__science__s2022 (free 28403MiB)
[F2__science__s2022] epoch 1: val_mse=6.264277 pred_loss=2.127546 reg=0.000e+00 (9s)
[F2__science__s2022] epoch 2: val_mse=6.266629 pred_loss=2.060166 reg=0.000e+00 (14s)
[F2__science__s2022] epoch 3: val_mse=6.265757 pred_loss=1.879908 reg=0.000e+00 (19s)
[F2__science__s2022] epoch 4: val_mse=6.262723 pred_loss=2.393809 reg=0.000e+00 (24s)
[F2__science__s2022] epoch 5: val_mse=6.252878 pred_loss=2.028465 reg=0.000e+00 (30s)
[F2__science__s2022] epoch 6: val_mse=6.257379 pred_loss=1.906438 reg=0.000e+00 (35s)
[F2__science__s2022] epoch 7: val_mse=6.258725 pred_loss=2.259729 reg=0.000e+00 (40s)
[F2__science__s2022] epoch 8: val_mse=6.255243 pred_loss=2.117692 reg=0.000e+00 (45s)
[F2__science__s2022] epoch 9: val_mse=6.259817 pred_loss=2.315663 reg=0.000e+00 (51s)
[F2__science__s2022] epoch 10: val_mse=6.260474 pred_loss=1.898011 reg=0.000e+00 (56s)
[queue] DONE F2__science__s2022 (113/285) wall=56.0s peak=904.9MB
[queue] START F3__science__s2022 (free 28403MiB)
[F3__science__s2022] epoch 1: val_mse=6.263624 pred_loss=2.404642 reg=1.002e-06 (10s)
[F3__science__s2022] epoch 2: val_mse=6.263658 pred_loss=2.337902 reg=5.570e-06 (16s)
[F3__science__s2022] epoch 3: val_mse=6.258973 pred_loss=2.043180 reg=1.410e-05 (22s)
[F3__science__s2022] epoch 4: val_mse=6.252098 pred_loss=2.652384 reg=2.608e-05 (29s)
[F3__science__s2022] epoch 5: val_mse=6.239014 pred_loss=2.211399 reg=4.219e-05 (35s)
[F3__science__s2022] epoch 6: val_mse=6.237231 pred_loss=2.081876 reg=6.072e-05 (41s)
[F3__science__s2022] epoch 7: val_mse=6.234790 pred_loss=2.508733 reg=8.290e-05 (48s)
[F3__science__s2022] epoch 8: val_mse=6.226534 pred_loss=2.369417 reg=1.108e-04 (54s)
[F3__science__s2022] epoch 9: val_mse=6.228023 pred_loss=2.518271 reg=1.391e-04 (61s)
[F3__science__s2022] epoch 10: val_mse=6.226801 pred_loss=2.133185 reg=1.689e-04 (67s)
[queue] DONE F3__science__s2022 (114/285) wall=66.7s peak=904.9MB
[queue] START F4__science__s2022 (free 28403MiB)
[F4__science__s2022] epoch 1: val_mse=6.264276 pred_loss=2.127546 reg=9.892e-07 (10s)
[F4__science__s2022] epoch 2: val_mse=6.266626 pred_loss=2.060168 reg=5.238e-06 (16s)
[F4__science__s2022] epoch 3: val_mse=6.265751 pred_loss=1.879911 reg=1.257e-05 (23s)
[F4__science__s2022] epoch 4: val_mse=6.262714 pred_loss=2.393821 reg=2.295e-05 (29s)
[F4__science__s2022] epoch 5: val_mse=6.252867 pred_loss=2.028481 reg=3.606e-05 (36s)
[F4__science__s2022] epoch 6: val_mse=6.257371 pred_loss=1.906468 reg=5.077e-05 (42s)
[F4__science__s2022] epoch 7: val_mse=6.258716 pred_loss=2.259781 reg=6.933e-05 (48s)
[F4__science__s2022] epoch 8: val_mse=6.255235 pred_loss=2.117751 reg=9.349e-05 (55s)
[F4__science__s2022] epoch 9: val_mse=6.259810 pred_loss=2.315730 reg=1.190e-04 (61s)
[F4__science__s2022] epoch 10: val_mse=6.260460 pred_loss=1.898096 reg=1.447e-04 (67s)
[queue] DONE F4__science__s2022 (115/285) wall=67.4s peak=904.9MB
[queue] START F0__science__s2023 (free 28403MiB)
[F0__science__s2023] epoch 1: val_mse=6.240627 pred_loss=3.144417 reg=0.000e+00 (9s)
[F0__science__s2023] epoch 2: val_mse=6.229623 pred_loss=2.697141 reg=0.000e+00 (14s)
[F0__science__s2023] epoch 3: val_mse=6.232351 pred_loss=2.878825 reg=0.000e+00 (19s)
[F0__science__s2023] epoch 4: val_mse=6.225339 pred_loss=3.200096 reg=0.000e+00 (24s)
[F0__science__s2023] epoch 5: val_mse=6.212631 pred_loss=2.824816 reg=0.000e+00 (30s)
[F0__science__s2023] epoch 6: val_mse=6.197430 pred_loss=3.178325 reg=0.000e+00 (35s)
[F0__science__s2023] epoch 7: val_mse=6.197062 pred_loss=2.876090 reg=0.000e+00 (40s)
[F0__science__s2023] epoch 8: val_mse=6.193341 pred_loss=2.432140 reg=0.000e+00 (46s)
[F0__science__s2023] epoch 9: val_mse=6.178191 pred_loss=3.083685 reg=0.000e+00 (51s)
[F0__science__s2023] epoch 10: val_mse=6.167840 pred_loss=2.621803 reg=0.000e+00 (56s)
[queue] DONE F0__science__s2023 (116/285) wall=56.1s peak=904.9MB
[queue] START F1__science__s2023 (free 28403MiB)
[F1__science__s2023] epoch 1: val_mse=6.244813 pred_loss=2.839195 reg=0.000e+00 (9s)
[F1__science__s2023] epoch 2: val_mse=6.236820 pred_loss=2.516799 reg=0.000e+00 (14s)
[F1__science__s2023] epoch 3: val_mse=6.233568 pred_loss=2.577118 reg=0.000e+00 (19s)
[F1__science__s2023] epoch 4: val_mse=6.231740 pred_loss=2.462176 reg=0.000e+00 (25s)
[F1__science__s2023] epoch 5: val_mse=6.223827 pred_loss=2.645050 reg=0.000e+00 (30s)
[F1__science__s2023] epoch 6: val_mse=6.218217 pred_loss=2.809939 reg=0.000e+00 (35s)
[F1__science__s2023] epoch 7: val_mse=6.229192 pred_loss=2.431955 reg=0.000e+00 (41s)
[F1__science__s2023] epoch 8: val_mse=6.227685 pred_loss=2.147085 reg=0.000e+00 (46s)
[F1__science__s2023] epoch 9: val_mse=6.218352 pred_loss=2.851803 reg=0.000e+00 (51s)
[F1__science__s2023] epoch 10: val_mse=6.218072 pred_loss=2.358511 reg=0.000e+00 (56s)
[queue] DONE F1__science__s2023 (117/285) wall=56.3s peak=904.9MB
[queue] START F2__science__s2023 (free 28403MiB)
[F2__science__s2023] epoch 1: val_mse=6.249602 pred_loss=2.595825 reg=0.000e+00 (9s)
[F2__science__s2023] epoch 2: val_mse=6.246862 pred_loss=2.200779 reg=0.000e+00 (14s)
[F2__science__s2023] epoch 3: val_mse=6.250160 pred_loss=2.319062 reg=0.000e+00 (19s)
[F2__science__s2023] epoch 4: val_mse=6.253616 pred_loss=2.332404 reg=0.000e+00 (25s)
[F2__science__s2023] epoch 5: val_mse=6.252725 pred_loss=2.399062 reg=0.000e+00 (30s)
[F2__science__s2023] epoch 6: val_mse=6.253544 pred_loss=2.535950 reg=0.000e+00 (35s)
[F2__science__s2023] epoch 7: val_mse=6.268367 pred_loss=2.137288 reg=0.000e+00 (40s)
[F2__science__s2023] epoch 8: val_mse=6.270414 pred_loss=1.974199 reg=0.000e+00 (46s)
[F2__science__s2023] epoch 9: val_mse=6.260699 pred_loss=2.627400 reg=0.000e+00 (51s)
[F2__science__s2023] epoch 10: val_mse=6.261115 pred_loss=2.181165 reg=0.000e+00 (56s)
[queue] DONE F2__science__s2023 (118/285) wall=56.2s peak=904.9MB
[queue] START F3__science__s2023 (free 28403MiB)
[F3__science__s2023] epoch 1: val_mse=6.244815 pred_loss=2.839195 reg=1.037e-06 (10s)
[F3__science__s2023] epoch 2: val_mse=6.236825 pred_loss=2.516800 reg=6.243e-06 (16s)
[F3__science__s2023] epoch 3: val_mse=6.233580 pred_loss=2.577126 reg=1.502e-05 (23s)
[F3__science__s2023] epoch 4: val_mse=6.231759 pred_loss=2.462190 reg=2.787e-05 (29s)
[F3__science__s2023] epoch 5: val_mse=6.223853 pred_loss=2.645072 reg=4.437e-05 (35s)
[F3__science__s2023] epoch 6: val_mse=6.218252 pred_loss=2.809983 reg=6.308e-05 (42s)
[F3__science__s2023] epoch 7: val_mse=6.229243 pred_loss=2.432004 reg=8.315e-05 (48s)
[F3__science__s2023] epoch 8: val_mse=6.227743 pred_loss=2.147137 reg=1.057e-04 (55s)
[F3__science__s2023] epoch 9: val_mse=6.218406 pred_loss=2.851907 reg=1.299e-04 (61s)
[F3__science__s2023] epoch 10: val_mse=6.218126 pred_loss=2.358612 reg=1.578e-04 (68s)
[queue] DONE F3__science__s2023 (119/285) wall=67.8s peak=904.9MB
[queue] START F4__science__s2023 (free 28403MiB)
[F4__science__s2023] epoch 1: val_mse=6.249603 pred_loss=2.595825 reg=8.853e-07 (10s)
[F4__science__s2023] epoch 2: val_mse=6.246865 pred_loss=2.200780 reg=4.944e-06 (16s)
[F4__science__s2023] epoch 3: val_mse=6.250165 pred_loss=2.319067 reg=1.177e-05 (23s)
[F4__science__s2023] epoch 4: val_mse=6.253623 pred_loss=2.332416 reg=2.242e-05 (29s)
[F4__science__s2023] epoch 5: val_mse=6.252733 pred_loss=2.399079 reg=3.582e-05 (36s)
[F4__science__s2023] epoch 6: val_mse=6.253554 pred_loss=2.535981 reg=5.058e-05 (42s)
[F4__science__s2023] epoch 7: val_mse=6.268380 pred_loss=2.137326 reg=6.709e-05 (49s)
[F4__science__s2023] epoch 8: val_mse=6.270421 pred_loss=1.974242 reg=8.565e-05 (55s)
[F4__science__s2023] epoch 9: val_mse=6.260686 pred_loss=2.627476 reg=1.049e-04 (62s)
[F4__science__s2023] epoch 10: val_mse=6.261085 pred_loss=2.181253 reg=1.274e-04 (68s)
[queue] DONE F4__science__s2023 (120/285) wall=68.0s peak=904.9MB
[queue] START F0__shopping__s2021 (free 28403MiB)
[F0__shopping__s2021] epoch 1: val_mse=0.301241 pred_loss=0.626207 reg=0.000e+00 (9s)
[F0__shopping__s2021] epoch 2: val_mse=0.286748 pred_loss=0.543780 reg=0.000e+00 (14s)
[F0__shopping__s2021] epoch 3: val_mse=0.273819 pred_loss=0.617116 reg=0.000e+00 (19s)
[F0__shopping__s2021] epoch 4: val_mse=0.263382 pred_loss=0.559717 reg=0.000e+00 (24s)
[F0__shopping__s2021] epoch 5: val_mse=0.254272 pred_loss=0.676797 reg=0.000e+00 (30s)
[F0__shopping__s2021] epoch 6: val_mse=0.247290 pred_loss=0.566262 reg=0.000e+00 (35s)
[F0__shopping__s2021] epoch 7: val_mse=0.240789 pred_loss=0.511042 reg=0.000e+00 (40s)
[F0__shopping__s2021] epoch 8: val_mse=0.236021 pred_loss=0.527829 reg=0.000e+00 (45s)
[F0__shopping__s2021] epoch 9: val_mse=0.230571 pred_loss=0.527213 reg=0.000e+00 (51s)
[F0__shopping__s2021] epoch 10: val_mse=0.225053 pred_loss=0.543200 reg=0.000e+00 (56s)
[queue] DONE F0__shopping__s2021 (121/285) wall=56.0s peak=904.9MB
[queue] START F1__shopping__s2021 (free 28403MiB)
[F1__shopping__s2021] epoch 1: val_mse=0.305385 pred_loss=0.683413 reg=0.000e+00 (9s)
[F1__shopping__s2021] epoch 2: val_mse=0.294281 pred_loss=0.570689 reg=0.000e+00 (14s)
[F1__shopping__s2021] epoch 3: val_mse=0.283112 pred_loss=0.677952 reg=0.000e+00 (19s)
[F1__shopping__s2021] epoch 4: val_mse=0.274068 pred_loss=0.596636 reg=0.000e+00 (25s)
[F1__shopping__s2021] epoch 5: val_mse=0.266923 pred_loss=0.728126 reg=0.000e+00 (30s)
[F1__shopping__s2021] epoch 6: val_mse=0.262834 pred_loss=0.602412 reg=0.000e+00 (35s)
[F1__shopping__s2021] epoch 7: val_mse=0.258325 pred_loss=0.594427 reg=0.000e+00 (40s)
[F1__shopping__s2021] epoch 8: val_mse=0.254802 pred_loss=0.593061 reg=0.000e+00 (46s)
[F1__shopping__s2021] epoch 9: val_mse=0.251715 pred_loss=0.616269 reg=0.000e+00 (51s)
[F1__shopping__s2021] epoch 10: val_mse=0.247312 pred_loss=0.550703 reg=0.000e+00 (56s)
[queue] DONE F1__shopping__s2021 (122/285) wall=56.2s peak=904.9MB
[queue] START F2__shopping__s2021 (free 28403MiB)
[F2__shopping__s2021] epoch 1: val_mse=0.306043 pred_loss=0.673432 reg=0.000e+00 (9s)
[F2__shopping__s2021] epoch 2: val_mse=0.295516 pred_loss=0.576417 reg=0.000e+00 (14s)
[F2__shopping__s2021] epoch 3: val_mse=0.285049 pred_loss=0.690232 reg=0.000e+00 (19s)
[F2__shopping__s2021] epoch 4: val_mse=0.276151 pred_loss=0.609255 reg=0.000e+00 (25s)
[F2__shopping__s2021] epoch 5: val_mse=0.268950 pred_loss=0.733073 reg=0.000e+00 (30s)
[F2__shopping__s2021] epoch 6: val_mse=0.264260 pred_loss=0.616371 reg=0.000e+00 (35s)
[F2__shopping__s2021] epoch 7: val_mse=0.259317 pred_loss=0.600494 reg=0.000e+00 (41s)
[F2__shopping__s2021] epoch 8: val_mse=0.256011 pred_loss=0.616423 reg=0.000e+00 (46s)
[F2__shopping__s2021] epoch 9: val_mse=0.253038 pred_loss=0.646844 reg=0.000e+00 (51s)
[F2__shopping__s2021] epoch 10: val_mse=0.249089 pred_loss=0.578505 reg=0.000e+00 (56s)
[queue] DONE F2__shopping__s2021 (123/285) wall=56.3s peak=904.9MB
[queue] START F3__shopping__s2021 (free 28403MiB)
[F3__shopping__s2021] epoch 1: val_mse=0.305386 pred_loss=0.683413 reg=1.466e-06 (10s)
[F3__shopping__s2021] epoch 2: val_mse=0.294287 pred_loss=0.570693 reg=8.931e-06 (16s)
[F3__shopping__s2021] epoch 3: val_mse=0.283122 pred_loss=0.677965 reg=2.377e-05 (23s)
[F3__shopping__s2021] epoch 4: val_mse=0.274083 pred_loss=0.596660 reg=4.640e-05 (29s)
[F3__shopping__s2021] epoch 5: val_mse=0.266945 pred_loss=0.728170 reg=7.601e-05 (35s)
[F3__shopping__s2021] epoch 6: val_mse=0.262867 pred_loss=0.602463 reg=1.107e-04 (42s)
[F3__shopping__s2021] epoch 7: val_mse=0.258368 pred_loss=0.594502 reg=1.494e-04 (48s)
[F3__shopping__s2021] epoch 8: val_mse=0.254858 pred_loss=0.593155 reg=1.923e-04 (54s)
[F3__shopping__s2021] epoch 9: val_mse=0.251787 pred_loss=0.616422 reg=2.388e-04 (61s)
[F3__shopping__s2021] epoch 10: val_mse=0.247397 pred_loss=0.550861 reg=2.892e-04 (67s)
[queue] DONE F3__shopping__s2021 (124/285) wall=67.3s peak=904.9MB
[queue] START F4__shopping__s2021 (free 28403MiB)
[F4__shopping__s2021] epoch 1: val_mse=0.306044 pred_loss=0.673432 reg=1.355e-06 (10s)
[F4__shopping__s2021] epoch 2: val_mse=0.295521 pred_loss=0.576420 reg=7.834e-06 (16s)
[F4__shopping__s2021] epoch 3: val_mse=0.285058 pred_loss=0.690243 reg=2.001e-05 (23s)
[F4__shopping__s2021] epoch 4: val_mse=0.276167 pred_loss=0.609276 reg=3.907e-05 (29s)
[F4__shopping__s2021] epoch 5: val_mse=0.268973 pred_loss=0.733109 reg=6.399e-05 (36s)
[F4__shopping__s2021] epoch 6: val_mse=0.264294 pred_loss=0.616412 reg=9.243e-05 (43s)
[F4__shopping__s2021] epoch 7: val_mse=0.259362 pred_loss=0.600559 reg=1.235e-04 (49s)
[F4__shopping__s2021] epoch 8: val_mse=0.256069 pred_loss=0.616500 reg=1.580e-04 (56s)
[F4__shopping__s2021] epoch 9: val_mse=0.253111 pred_loss=0.646996 reg=1.945e-04 (62s)
[F4__shopping__s2021] epoch 10: val_mse=0.249177 pred_loss=0.578654 reg=2.354e-04 (69s)
[queue] DONE F4__shopping__s2021 (125/285) wall=68.6s peak=904.9MB
[queue] START F0__shopping__s2022 (free 28403MiB)
[F0__shopping__s2022] epoch 1: val_mse=0.303937 pred_loss=0.649311 reg=0.000e+00 (9s)
[F0__shopping__s2022] epoch 2: val_mse=0.290037 pred_loss=0.548111 reg=0.000e+00 (14s)
[F0__shopping__s2022] epoch 3: val_mse=0.277435 pred_loss=0.653713 reg=0.000e+00 (19s)
[F0__shopping__s2022] epoch 4: val_mse=0.267183 pred_loss=0.670680 reg=0.000e+00 (25s)
[F0__shopping__s2022] epoch 5: val_mse=0.258726 pred_loss=0.584884 reg=0.000e+00 (30s)
[F0__shopping__s2022] epoch 6: val_mse=0.251582 pred_loss=0.633398 reg=0.000e+00 (35s)
[F0__shopping__s2022] epoch 7: val_mse=0.245410 pred_loss=0.533309 reg=0.000e+00 (40s)
[F0__shopping__s2022] epoch 8: val_mse=0.238035 pred_loss=0.495533 reg=0.000e+00 (46s)
[F0__shopping__s2022] epoch 9: val_mse=0.230792 pred_loss=0.530870 reg=0.000e+00 (51s)
[F0__shopping__s2022] epoch 10: val_mse=0.225623 pred_loss=0.518361 reg=0.000e+00 (56s)
[queue] DONE F0__shopping__s2022 (126/285) wall=56.3s peak=904.9MB
[queue] START F1__shopping__s2022 (free 28403MiB)
[F1__shopping__s2022] epoch 1: val_mse=0.305356 pred_loss=0.663880 reg=0.000e+00 (9s)
[F1__shopping__s2022] epoch 2: val_mse=0.293973 pred_loss=0.639295 reg=0.000e+00 (14s)
[F1__shopping__s2022] epoch 3: val_mse=0.285024 pred_loss=0.689286 reg=0.000e+00 (19s)
[F1__shopping__s2022] epoch 4: val_mse=0.277629 pred_loss=0.724509 reg=0.000e+00 (25s)
[F1__shopping__s2022] epoch 5: val_mse=0.271219 pred_loss=0.695058 reg=0.000e+00 (30s)
[F1__shopping__s2022] epoch 6: val_mse=0.265778 pred_loss=0.693824 reg=0.000e+00 (35s)
[F1__shopping__s2022] epoch 7: val_mse=0.262010 pred_loss=0.599902 reg=0.000e+00 (40s)
[F1__shopping__s2022] epoch 8: val_mse=0.257283 pred_loss=0.556474 reg=0.000e+00 (46s)
[F1__shopping__s2022] epoch 9: val_mse=0.252099 pred_loss=0.602826 reg=0.000e+00 (51s)
[F1__shopping__s2022] epoch 10: val_mse=0.248412 pred_loss=0.562437 reg=0.000e+00 (56s)
[queue] DONE F1__shopping__s2022 (127/285) wall=56.2s peak=904.9MB
[queue] START F2__shopping__s2022 (free 28403MiB)
[F2__shopping__s2022] epoch 1: val_mse=0.305581 pred_loss=0.683951 reg=0.000e+00 (9s)
[F2__shopping__s2022] epoch 2: val_mse=0.293764 pred_loss=0.672843 reg=0.000e+00 (14s)
[F2__shopping__s2022] epoch 3: val_mse=0.285379 pred_loss=0.729109 reg=0.000e+00 (19s)
[F2__shopping__s2022] epoch 4: val_mse=0.278304 pred_loss=0.740945 reg=0.000e+00 (25s)
[F2__shopping__s2022] epoch 5: val_mse=0.271851 pred_loss=0.690135 reg=0.000e+00 (30s)
[F2__shopping__s2022] epoch 6: val_mse=0.266114 pred_loss=0.749313 reg=0.000e+00 (35s)
[F2__shopping__s2022] epoch 7: val_mse=0.261609 pred_loss=0.616606 reg=0.000e+00 (40s)
[F2__shopping__s2022] epoch 8: val_mse=0.255902 pred_loss=0.572050 reg=0.000e+00 (46s)
[F2__shopping__s2022] epoch 9: val_mse=0.250485 pred_loss=0.646536 reg=0.000e+00 (51s)
[F2__shopping__s2022] epoch 10: val_mse=0.246069 pred_loss=0.627155 reg=0.000e+00 (56s)
[queue] DONE F2__shopping__s2022 (128/285) wall=56.2s peak=904.9MB
[queue] START F3__shopping__s2022 (free 28403MiB)
[F3__shopping__s2022] epoch 1: val_mse=0.305358 pred_loss=0.663880 reg=1.337e-06 (10s)
[F3__shopping__s2022] epoch 2: val_mse=0.293978 pred_loss=0.639298 reg=8.757e-06 (16s)
[F3__shopping__s2022] epoch 3: val_mse=0.285035 pred_loss=0.689297 reg=2.232e-05 (23s)
[F3__shopping__s2022] epoch 4: val_mse=0.277647 pred_loss=0.724534 reg=4.273e-05 (29s)
[F3__shopping__s2022] epoch 5: val_mse=0.271243 pred_loss=0.695101 reg=7.065e-05 (35s)
[F3__shopping__s2022] epoch 6: val_mse=0.265810 pred_loss=0.693885 reg=1.053e-04 (42s)
[F3__shopping__s2022] epoch 7: val_mse=0.262054 pred_loss=0.599980 reg=1.442e-04 (48s)
[F3__shopping__s2022] epoch 8: val_mse=0.257336 pred_loss=0.556586 reg=1.879e-04 (55s)
[F3__shopping__s2022] epoch 9: val_mse=0.252160 pred_loss=0.602994 reg=2.376e-04 (61s)
[F3__shopping__s2022] epoch 10: val_mse=0.248486 pred_loss=0.562564 reg=2.907e-04 (67s)
[queue] DONE F3__shopping__s2022 (129/285) wall=67.5s peak=904.9MB
[queue] START F4__shopping__s2022 (free 28403MiB)
[F4__shopping__s2022] epoch 1: val_mse=0.305582 pred_loss=0.683952 reg=1.219e-06 (10s)
[F4__shopping__s2022] epoch 2: val_mse=0.293768 pred_loss=0.672847 reg=7.852e-06 (17s)
[F4__shopping__s2022] epoch 3: val_mse=0.285389 pred_loss=0.729118 reg=2.005e-05 (23s)
[F4__shopping__s2022] epoch 4: val_mse=0.278322 pred_loss=0.740966 reg=3.772e-05 (30s)
[F4__shopping__s2022] epoch 5: val_mse=0.271876 pred_loss=0.690170 reg=6.169e-05 (36s)
[F4__shopping__s2022] epoch 6: val_mse=0.266149 pred_loss=0.749365 reg=8.952e-05 (43s)
[F4__shopping__s2022] epoch 7: val_mse=0.261654 pred_loss=0.616666 reg=1.173e-04 (49s)
[F4__shopping__s2022] epoch 8: val_mse=0.255957 pred_loss=0.572137 reg=1.510e-04 (56s)
[F4__shopping__s2022] epoch 9: val_mse=0.250552 pred_loss=0.646678 reg=1.907e-04 (62s)
[F4__shopping__s2022] epoch 10: val_mse=0.246152 pred_loss=0.627266 reg=2.331e-04 (69s)
[queue] DONE F4__shopping__s2022 (130/285) wall=68.5s peak=904.9MB
[queue] START F0__shopping__s2023 (free 28403MiB)
[F0__shopping__s2023] epoch 1: val_mse=0.302192 pred_loss=0.586885 reg=0.000e+00 (9s)
[F0__shopping__s2023] epoch 2: val_mse=0.287985 pred_loss=0.705026 reg=0.000e+00 (14s)
[F0__shopping__s2023] epoch 3: val_mse=0.276332 pred_loss=0.661340 reg=0.000e+00 (19s)
[F0__shopping__s2023] epoch 4: val_mse=0.266302 pred_loss=0.675804 reg=0.000e+00 (24s)
[F0__shopping__s2023] epoch 5: val_mse=0.257896 pred_loss=0.684465 reg=0.000e+00 (30s)
[F0__shopping__s2023] epoch 6: val_mse=0.250429 pred_loss=0.490145 reg=0.000e+00 (35s)
[F0__shopping__s2023] epoch 7: val_mse=0.244890 pred_loss=0.574091 reg=0.000e+00 (40s)
[F0__shopping__s2023] epoch 8: val_mse=0.239164 pred_loss=0.574445 reg=0.000e+00 (45s)
[F0__shopping__s2023] epoch 9: val_mse=0.233379 pred_loss=0.573734 reg=0.000e+00 (51s)
[F0__shopping__s2023] epoch 10: val_mse=0.227320 pred_loss=0.580612 reg=0.000e+00 (56s)
[queue] DONE F0__shopping__s2023 (131/285) wall=56.0s peak=904.9MB
[queue] START F1__shopping__s2023 (free 28403MiB)
[F1__shopping__s2023] epoch 1: val_mse=0.303092 pred_loss=0.577504 reg=0.000e+00 (9s)
[F1__shopping__s2023] epoch 2: val_mse=0.291462 pred_loss=0.776502 reg=0.000e+00 (14s)
[F1__shopping__s2023] epoch 3: val_mse=0.282581 pred_loss=0.682875 reg=0.000e+00 (19s)
[F1__shopping__s2023] epoch 4: val_mse=0.274433 pred_loss=0.699839 reg=0.000e+00 (25s)
[F1__shopping__s2023] epoch 5: val_mse=0.266755 pred_loss=0.706686 reg=0.000e+00 (30s)
[F1__shopping__s2023] epoch 6: val_mse=0.261601 pred_loss=0.571165 reg=0.000e+00 (35s)
[F1__shopping__s2023] epoch 7: val_mse=0.257547 pred_loss=0.627024 reg=0.000e+00 (40s)
[F1__shopping__s2023] epoch 8: val_mse=0.254631 pred_loss=0.586966 reg=0.000e+00 (46s)
[F1__shopping__s2023] epoch 9: val_mse=0.253180 pred_loss=0.595121 reg=0.000e+00 (51s)
[F1__shopping__s2023] epoch 10: val_mse=0.251337 pred_loss=0.727445 reg=0.000e+00 (56s)
[queue] DONE F1__shopping__s2023 (132/285) wall=56.2s peak=904.9MB
[queue] START F2__shopping__s2023 (free 28403MiB)
[F2__shopping__s2023] epoch 1: val_mse=0.303760 pred_loss=0.611026 reg=0.000e+00 (9s)
[F2__shopping__s2023] epoch 2: val_mse=0.292219 pred_loss=0.787655 reg=0.000e+00 (14s)
[F2__shopping__s2023] epoch 3: val_mse=0.283773 pred_loss=0.676327 reg=0.000e+00 (19s)
[F2__shopping__s2023] epoch 4: val_mse=0.275533 pred_loss=0.733253 reg=0.000e+00 (25s)
[F2__shopping__s2023] epoch 5: val_mse=0.267214 pred_loss=0.703544 reg=0.000e+00 (30s)
[F2__shopping__s2023] epoch 6: val_mse=0.261259 pred_loss=0.589510 reg=0.000e+00 (35s)
[F2__shopping__s2023] epoch 7: val_mse=0.257066 pred_loss=0.661727 reg=0.000e+00 (40s)
[F2__shopping__s2023] epoch 8: val_mse=0.253994 pred_loss=0.609992 reg=0.000e+00 (46s)
[F2__shopping__s2023] epoch 9: val_mse=0.251681 pred_loss=0.631418 reg=0.000e+00 (51s)
[F2__shopping__s2023] epoch 10: val_mse=0.248259 pred_loss=0.719571 reg=0.000e+00 (56s)
[queue] DONE F2__shopping__s2023 (133/285) wall=56.2s peak=904.9MB
[queue] START F3__shopping__s2023 (free 28403MiB)
[F3__shopping__s2023] epoch 1: val_mse=0.303094 pred_loss=0.577504 reg=1.423e-06 (10s)
[F3__shopping__s2023] epoch 2: val_mse=0.291468 pred_loss=0.776506 reg=8.707e-06 (17s)
[F3__shopping__s2023] epoch 3: val_mse=0.282595 pred_loss=0.682885 reg=2.171e-05 (23s)
[F3__shopping__s2023] epoch 4: val_mse=0.274455 pred_loss=0.699864 reg=4.099e-05 (30s)
[F3__shopping__s2023] epoch 5: val_mse=0.266784 pred_loss=0.706724 reg=6.811e-05 (36s)
[F3__shopping__s2023] epoch 6: val_mse=0.261644 pred_loss=0.571207 reg=1.008e-04 (42s)
[F3__shopping__s2023] epoch 7: val_mse=0.257604 pred_loss=0.627116 reg=1.367e-04 (49s)
[F3__shopping__s2023] epoch 8: val_mse=0.254701 pred_loss=0.587057 reg=1.793e-04 (55s)
[F3__shopping__s2023] epoch 9: val_mse=0.253265 pred_loss=0.595257 reg=2.255e-04 (62s)
[F3__shopping__s2023] epoch 10: val_mse=0.251432 pred_loss=0.727708 reg=2.758e-04 (68s)
[queue] DONE F3__shopping__s2023 (134/285) wall=68.3s peak=904.9MB
[queue] START F4__shopping__s2023 (free 28403MiB)
[F4__shopping__s2023] epoch 1: val_mse=0.303762 pred_loss=0.611027 reg=1.276e-06 (10s)
[F4__shopping__s2023] epoch 2: val_mse=0.292225 pred_loss=0.787658 reg=7.852e-06 (17s)
[F4__shopping__s2023] epoch 3: val_mse=0.283788 pred_loss=0.676336 reg=1.937e-05 (23s)
[F4__shopping__s2023] epoch 4: val_mse=0.275556 pred_loss=0.733276 reg=3.604e-05 (30s)
[F4__shopping__s2023] epoch 5: val_mse=0.267245 pred_loss=0.703578 reg=6.011e-05 (36s)
[F4__shopping__s2023] epoch 6: val_mse=0.261304 pred_loss=0.589549 reg=8.931e-05 (43s)
[F4__shopping__s2023] epoch 7: val_mse=0.257128 pred_loss=0.661801 reg=1.194e-04 (49s)
[F4__shopping__s2023] epoch 8: val_mse=0.254069 pred_loss=0.610076 reg=1.527e-04 (56s)
[F4__shopping__s2023] epoch 9: val_mse=0.251774 pred_loss=0.631531 reg=1.897e-04 (62s)
[F4__shopping__s2023] epoch 10: val_mse=0.248364 pred_loss=0.719772 reg=2.286e-04 (68s)
[queue] DONE F4__shopping__s2023 (135/285) wall=68.5s peak=904.9MB
[queue] START F0__society__s2021 (free 28403MiB)
[F0__society__s2021] epoch 1: val_mse=2.030394 pred_loss=0.987065 reg=0.000e+00 (9s)
[F0__society__s2021] epoch 2: val_mse=2.021117 pred_loss=1.017397 reg=0.000e+00 (14s)
[F0__society__s2021] epoch 3: val_mse=2.010740 pred_loss=0.913131 reg=0.000e+00 (19s)
[F0__society__s2021] epoch 4: val_mse=1.995593 pred_loss=0.939131 reg=0.000e+00 (24s)
[F0__society__s2021] epoch 5: val_mse=1.985961 pred_loss=0.939018 reg=0.000e+00 (30s)
[F0__society__s2021] epoch 6: val_mse=1.984244 pred_loss=0.983013 reg=0.000e+00 (35s)
[F0__society__s2021] epoch 7: val_mse=1.983765 pred_loss=0.900777 reg=0.000e+00 (40s)
[F0__society__s2021] epoch 8: val_mse=1.976534 pred_loss=0.990102 reg=0.000e+00 (45s)
[F0__society__s2021] epoch 9: val_mse=1.968393 pred_loss=0.994007 reg=0.000e+00 (51s)
[F0__society__s2021] epoch 10: val_mse=1.965330 pred_loss=0.926159 reg=0.000e+00 (56s)
[queue] DONE F0__society__s2021 (136/285) wall=55.9s peak=904.9MB
[queue] START F1__society__s2021 (free 28403MiB)
[F1__society__s2021] epoch 1: val_mse=2.042129 pred_loss=0.969517 reg=0.000e+00 (9s)
[F1__society__s2021] epoch 2: val_mse=2.042994 pred_loss=0.980540 reg=0.000e+00 (14s)
[F1__society__s2021] epoch 3: val_mse=2.040252 pred_loss=0.886128 reg=0.000e+00 (19s)
[F1__society__s2021] epoch 4: val_mse=2.033868 pred_loss=0.975014 reg=0.000e+00 (24s)
[F1__society__s2021] epoch 5: val_mse=2.027344 pred_loss=0.942992 reg=0.000e+00 (30s)
[F1__society__s2021] epoch 6: val_mse=2.026616 pred_loss=0.995361 reg=0.000e+00 (35s)
[F1__society__s2021] epoch 7: val_mse=2.029028 pred_loss=0.946377 reg=0.000e+00 (40s)
[F1__society__s2021] epoch 8: val_mse=2.025943 pred_loss=0.925559 reg=0.000e+00 (45s)
[F1__society__s2021] epoch 9: val_mse=2.024946 pred_loss=0.990590 reg=0.000e+00 (51s)
[F1__society__s2021] epoch 10: val_mse=2.017022 pred_loss=0.892108 reg=0.000e+00 (56s)
[queue] DONE F1__society__s2021 (137/285) wall=55.8s peak=904.9MB
[queue] START F2__society__s2021 (free 28403MiB)
[F2__society__s2021] epoch 1: val_mse=2.044453 pred_loss=0.966387 reg=0.000e+00 (9s)
[F2__society__s2021] epoch 2: val_mse=2.043628 pred_loss=0.951692 reg=0.000e+00 (14s)
[F2__society__s2021] epoch 3: val_mse=2.041340 pred_loss=0.929047 reg=0.000e+00 (20s)
[F2__society__s2021] epoch 4: val_mse=2.037386 pred_loss=1.000132 reg=0.000e+00 (25s)
[F2__society__s2021] epoch 5: val_mse=2.033846 pred_loss=0.952169 reg=0.000e+00 (30s)
[F2__society__s2021] epoch 6: val_mse=2.034134 pred_loss=1.020179 reg=0.000e+00 (36s)
[F2__society__s2021] epoch 7: val_mse=2.037223 pred_loss=0.948114 reg=0.000e+00 (41s)
[F2__society__s2021] epoch 8: val_mse=2.035460 pred_loss=0.943302 reg=0.000e+00 (46s)
[F2__society__s2021] epoch 9: val_mse=2.033687 pred_loss=1.006609 reg=0.000e+00 (51s)
[F2__society__s2021] epoch 10: val_mse=2.026630 pred_loss=0.888960 reg=0.000e+00 (57s)
[queue] DONE F2__society__s2021 (138/285) wall=56.6s peak=904.9MB
[queue] START F3__society__s2021 (free 28403MiB)
[F3__society__s2021] epoch 1: val_mse=2.042131 pred_loss=0.969517 reg=1.099e-06 (10s)
[F3__society__s2021] epoch 2: val_mse=2.043001 pred_loss=0.980542 reg=5.711e-06 (16s)
[F3__society__s2021] epoch 3: val_mse=2.040263 pred_loss=0.886135 reg=1.408e-05 (22s)
[F3__society__s2021] epoch 4: val_mse=2.033883 pred_loss=0.975032 reg=2.686e-05 (28s)
[F3__society__s2021] epoch 5: val_mse=2.027365 pred_loss=0.943019 reg=4.399e-05 (35s)
[F3__society__s2021] epoch 6: val_mse=2.026646 pred_loss=0.995414 reg=6.518e-05 (41s)
[F3__society__s2021] epoch 7: val_mse=2.029070 pred_loss=0.946451 reg=8.973e-05 (47s)
[F3__society__s2021] epoch 8: val_mse=2.025991 pred_loss=0.925656 reg=1.190e-04 (51s)
[F3__society__s2021] epoch 9: val_mse=2.025004 pred_loss=0.990682 reg=1.536e-04 (58s)
[F3__society__s2021] epoch 10: val_mse=2.017087 pred_loss=0.892234 reg=1.910e-04 (64s)
[queue] DONE F3__society__s2021 (139/285) wall=64.2s peak=904.9MB
[queue] START F4__society__s2021 (free 28401MiB)
[F4__society__s2021] epoch 1: val_mse=2.044455 pred_loss=0.966387 reg=1.021e-06 (10s)
[F4__society__s2021] epoch 2: val_mse=2.043632 pred_loss=0.951694 reg=5.425e-06 (16s)
[F4__society__s2021] epoch 3: val_mse=2.041348 pred_loss=0.929054 reg=1.323e-05 (23s)
[F4__society__s2021] epoch 4: val_mse=2.037397 pred_loss=1.000149 reg=2.495e-05 (29s)
[F4__society__s2021] epoch 5: val_mse=2.033864 pred_loss=0.952192 reg=4.046e-05 (36s)
[F4__society__s2021] epoch 6: val_mse=2.034160 pred_loss=1.020224 reg=5.927e-05 (42s)
[F4__society__s2021] epoch 7: val_mse=2.037257 pred_loss=0.948184 reg=8.058e-05 (49s)
[F4__society__s2021] epoch 8: val_mse=2.035497 pred_loss=0.943395 reg=1.054e-04 (56s)
[F4__society__s2021] epoch 9: val_mse=2.033730 pred_loss=1.006688 reg=1.344e-04 (62s)
[F4__society__s2021] epoch 10: val_mse=2.026678 pred_loss=0.889063 reg=1.656e-04 (69s)
[queue] DONE F4__society__s2021 (140/285) wall=68.6s peak=904.9MB
[queue] START F0__society__s2022 (free 28401MiB)
[F0__society__s2022] epoch 1: val_mse=2.029650 pred_loss=1.076325 reg=0.000e+00 (9s)
[F0__society__s2022] epoch 2: val_mse=2.014597 pred_loss=0.964659 reg=0.000e+00 (14s)
[F0__society__s2022] epoch 3: val_mse=2.005605 pred_loss=0.959541 reg=0.000e+00 (19s)
[F0__society__s2022] epoch 4: val_mse=1.998921 pred_loss=0.952127 reg=0.000e+00 (25s)
[F0__society__s2022] epoch 5: val_mse=1.985998 pred_loss=0.985849 reg=0.000e+00 (30s)
[F0__society__s2022] epoch 6: val_mse=1.979920 pred_loss=0.839965 reg=0.000e+00 (35s)
[F0__society__s2022] epoch 7: val_mse=1.976322 pred_loss=0.845416 reg=0.000e+00 (40s)
[F0__society__s2022] epoch 8: val_mse=1.973821 pred_loss=0.919645 reg=0.000e+00 (46s)
[F0__society__s2022] epoch 9: val_mse=1.976016 pred_loss=0.937821 reg=0.000e+00 (51s)
[F0__society__s2022] epoch 10: val_mse=1.966772 pred_loss=0.980913 reg=0.000e+00 (56s)
[queue] DONE F0__society__s2022 (141/285) wall=56.1s peak=904.9MB
[queue] START F1__society__s2022 (free 28401MiB)
[F1__society__s2022] epoch 1: val_mse=2.047768 pred_loss=1.104645 reg=0.000e+00 (9s)
[F1__society__s2022] epoch 2: val_mse=2.043639 pred_loss=0.961523 reg=0.000e+00 (14s)
[F1__society__s2022] epoch 3: val_mse=2.045554 pred_loss=0.963278 reg=0.000e+00 (19s)
[F1__society__s2022] epoch 4: val_mse=2.049812 pred_loss=0.945695 reg=0.000e+00 (25s)
[F1__society__s2022] epoch 5: val_mse=2.044476 pred_loss=1.039630 reg=0.000e+00 (30s)
[F1__society__s2022] epoch 6: val_mse=2.046389 pred_loss=0.843041 reg=0.000e+00 (35s)
[F1__society__s2022] epoch 7: val_mse=2.044448 pred_loss=0.853030 reg=0.000e+00 (40s)
[F1__society__s2022] epoch 8: val_mse=2.042625 pred_loss=0.888408 reg=0.000e+00 (46s)
[F1__society__s2022] epoch 9: val_mse=2.045893 pred_loss=0.910863 reg=0.000e+00 (51s)
[F1__society__s2022] epoch 10: val_mse=2.043240 pred_loss=0.959974 reg=0.000e+00 (56s)
[queue] DONE F1__society__s2022 (142/285) wall=56.1s peak=904.9MB
[queue] START F2__society__s2022 (free 28401MiB)
[F2__society__s2022] epoch 1: val_mse=2.051326 pred_loss=1.096089 reg=0.000e+00 (9s)
[F2__society__s2022] epoch 2: val_mse=2.049078 pred_loss=0.948980 reg=0.000e+00 (14s)
[F2__society__s2022] epoch 3: val_mse=2.052372 pred_loss=0.967405 reg=0.000e+00 (19s)
[F2__society__s2022] epoch 4: val_mse=2.058907 pred_loss=0.940609 reg=0.000e+00 (25s)
[F2__society__s2022] epoch 5: val_mse=2.056516 pred_loss=1.043984 reg=0.000e+00 (30s)
[F2__society__s2022] epoch 6: val_mse=2.060564 pred_loss=0.857560 reg=0.000e+00 (35s)
[F2__society__s2022] epoch 7: val_mse=2.060211 pred_loss=0.826608 reg=0.000e+00 (40s)
[F2__society__s2022] epoch 8: val_mse=2.056473 pred_loss=0.925914 reg=0.000e+00 (46s)
[F2__society__s2022] epoch 9: val_mse=2.054426 pred_loss=0.922972 reg=0.000e+00 (51s)
[F2__society__s2022] epoch 10: val_mse=2.051584 pred_loss=0.968848 reg=0.000e+00 (56s)
[queue] DONE F2__society__s2022 (143/285) wall=56.2s peak=904.9MB
[queue] START F3__society__s2022 (free 28401MiB)
[F3__society__s2022] epoch 1: val_mse=2.047769 pred_loss=1.104645 reg=1.061e-06 (10s)
[F3__society__s2022] epoch 2: val_mse=2.043642 pred_loss=0.961527 reg=6.149e-06 (16s)
[F3__society__s2022] epoch 3: val_mse=2.045560 pred_loss=0.963295 reg=1.580e-05 (23s)
[F3__society__s2022] epoch 4: val_mse=2.049822 pred_loss=0.945709 reg=2.955e-05 (29s)
[F3__society__s2022] epoch 5: val_mse=2.044488 pred_loss=1.039654 reg=4.638e-05 (36s)
[F3__society__s2022] epoch 6: val_mse=2.046407 pred_loss=0.843079 reg=6.714e-05 (42s)
[F3__society__s2022] epoch 7: val_mse=2.044468 pred_loss=0.853095 reg=9.164e-05 (49s)
[F3__society__s2022] epoch 8: val_mse=2.042649 pred_loss=0.888498 reg=1.207e-04 (55s)
[F3__society__s2022] epoch 9: val_mse=2.045929 pred_loss=0.910981 reg=1.564e-04 (61s)
[F3__society__s2022] epoch 10: val_mse=2.043280 pred_loss=0.960155 reg=1.928e-04 (68s)
[queue] DONE F3__society__s2022 (144/285) wall=67.9s peak=904.9MB
[queue] START F4__society__s2022 (free 28401MiB)
[F4__society__s2022] epoch 1: val_mse=2.051326 pred_loss=1.096090 reg=1.073e-06 (10s)
[F4__society__s2022] epoch 2: val_mse=2.049080 pred_loss=0.948983 reg=6.064e-06 (16s)
[F4__society__s2022] epoch 3: val_mse=2.052377 pred_loss=0.967421 reg=1.514e-05 (23s)
[F4__society__s2022] epoch 4: val_mse=2.058913 pred_loss=0.940621 reg=2.796e-05 (29s)
[F4__society__s2022] epoch 5: val_mse=2.056521 pred_loss=1.044006 reg=4.269e-05 (36s)
[F4__society__s2022] epoch 6: val_mse=2.060572 pred_loss=0.857598 reg=6.121e-05 (42s)
[F4__society__s2022] epoch 7: val_mse=2.060217 pred_loss=0.826654 reg=8.416e-05 (49s)
[F4__society__s2022] epoch 8: val_mse=2.056478 pred_loss=0.926005 reg=1.110e-04 (55s)
[F4__society__s2022] epoch 9: val_mse=2.054436 pred_loss=0.923082 reg=1.433e-04 (62s)
[F4__society__s2022] epoch 10: val_mse=2.051599 pred_loss=0.969039 reg=1.765e-04 (68s)
[queue] DONE F4__society__s2022 (145/285) wall=68.4s peak=904.9MB
[queue] START F0__society__s2023 (free 28401MiB)
[F0__society__s2023] epoch 1: val_mse=2.032628 pred_loss=1.112479 reg=0.000e+00 (9s)
[F0__society__s2023] epoch 2: val_mse=2.016572 pred_loss=0.945548 reg=0.000e+00 (14s)
[F0__society__s2023] epoch 3: val_mse=2.002216 pred_loss=1.052595 reg=0.000e+00 (19s)
[F0__society__s2023] epoch 4: val_mse=1.986002 pred_loss=1.113070 reg=0.000e+00 (25s)
[F0__society__s2023] epoch 5: val_mse=1.975581 pred_loss=0.924007 reg=0.000e+00 (30s)
[F0__society__s2023] epoch 6: val_mse=1.970545 pred_loss=0.951755 reg=0.000e+00 (35s)
[F0__society__s2023] epoch 7: val_mse=1.968736 pred_loss=0.883038 reg=0.000e+00 (40s)
[F0__society__s2023] epoch 8: val_mse=1.962812 pred_loss=1.025457 reg=0.000e+00 (46s)
[F0__society__s2023] epoch 9: val_mse=1.964083 pred_loss=0.849510 reg=0.000e+00 (51s)
[F0__society__s2023] epoch 10: val_mse=1.965695 pred_loss=1.014929 reg=0.000e+00 (56s)
[queue] DONE F0__society__s2023 (146/285) wall=56.2s peak=904.9MB
[queue] START F1__society__s2023 (free 28401MiB)
[F1__society__s2023] epoch 1: val_mse=2.040977 pred_loss=1.078724 reg=0.000e+00 (9s)
[F1__society__s2023] epoch 2: val_mse=2.038711 pred_loss=0.971045 reg=0.000e+00 (14s)
[F1__society__s2023] epoch 3: val_mse=2.034338 pred_loss=1.032679 reg=0.000e+00 (19s)
[F1__society__s2023] epoch 4: val_mse=2.031133 pred_loss=1.094100 reg=0.000e+00 (25s)
[F1__society__s2023] epoch 5: val_mse=2.032969 pred_loss=0.930870 reg=0.000e+00 (30s)
[F1__society__s2023] epoch 6: val_mse=2.034555 pred_loss=0.966989 reg=0.000e+00 (35s)
[F1__society__s2023] epoch 7: val_mse=2.038207 pred_loss=0.860013 reg=0.000e+00 (40s)
[F1__society__s2023] epoch 8: val_mse=2.031793 pred_loss=1.018970 reg=0.000e+00 (46s)
[F1__society__s2023] epoch 9: val_mse=2.029141 pred_loss=0.869774 reg=0.000e+00 (51s)
[F1__society__s2023] epoch 10: val_mse=2.034194 pred_loss=1.016826 reg=0.000e+00 (56s)
[queue] DONE F1__society__s2023 (147/285) wall=56.2s peak=904.9MB
[queue] START F2__society__s2023 (free 28401MiB)
[F2__society__s2023] epoch 1: val_mse=2.045107 pred_loss=1.060627 reg=0.000e+00 (9s)
[F2__society__s2023] epoch 2: val_mse=2.047163 pred_loss=1.016751 reg=0.000e+00 (14s)
[F2__society__s2023] epoch 3: val_mse=2.044671 pred_loss=1.035715 reg=0.000e+00 (19s)
[F2__society__s2023] epoch 4: val_mse=2.038669 pred_loss=1.101436 reg=0.000e+00 (25s)
[F2__society__s2023] epoch 5: val_mse=2.036368 pred_loss=0.933174 reg=0.000e+00 (30s)
[F2__society__s2023] epoch 6: val_mse=2.039160 pred_loss=0.958343 reg=0.000e+00 (35s)
[F2__society__s2023] epoch 7: val_mse=2.043444 pred_loss=0.859678 reg=0.000e+00 (40s)
[F2__society__s2023] epoch 8: val_mse=2.037004 pred_loss=1.031847 reg=0.000e+00 (46s)
[F2__society__s2023] epoch 9: val_mse=2.038154 pred_loss=0.932092 reg=0.000e+00 (51s)
[F2__society__s2023] epoch 10: val_mse=2.043178 pred_loss=1.012734 reg=0.000e+00 (56s)
[queue] DONE F2__society__s2023 (148/285) wall=56.1s peak=904.9MB
[queue] START F3__society__s2023 (free 28401MiB)
[F3__society__s2023] epoch 1: val_mse=2.040977 pred_loss=1.078724 reg=1.060e-06 (10s)
[F3__society__s2023] epoch 2: val_mse=2.038716 pred_loss=0.971047 reg=5.592e-06 (16s)
[F3__society__s2023] epoch 3: val_mse=2.034348 pred_loss=1.032686 reg=1.384e-05 (22s)
[F3__society__s2023] epoch 4: val_mse=2.031149 pred_loss=1.094121 reg=2.655e-05 (29s)
[F3__society__s2023] epoch 5: val_mse=2.032994 pred_loss=0.930900 reg=4.388e-05 (35s)
[F3__society__s2023] epoch 6: val_mse=2.034589 pred_loss=0.967032 reg=6.548e-05 (41s)
[F3__society__s2023] epoch 7: val_mse=2.038250 pred_loss=0.860086 reg=8.987e-05 (48s)
[F3__society__s2023] epoch 8: val_mse=2.031837 pred_loss=1.019097 reg=1.178e-04 (54s)
[F3__society__s2023] epoch 9: val_mse=2.029191 pred_loss=0.869900 reg=1.493e-04 (61s)
[F3__society__s2023] epoch 10: val_mse=2.034260 pred_loss=1.016973 reg=1.873e-04 (67s)
[queue] DONE F3__society__s2023 (149/285) wall=67.0s peak=904.9MB
[queue] START F4__society__s2023 (free 28401MiB)
[F4__society__s2023] epoch 1: val_mse=2.045108 pred_loss=1.060627 reg=9.977e-07 (10s)
[F4__society__s2023] epoch 2: val_mse=2.047167 pred_loss=1.016753 reg=5.121e-06 (16s)
[F4__society__s2023] epoch 3: val_mse=2.044677 pred_loss=1.035722 reg=1.263e-05 (23s)
[F4__society__s2023] epoch 4: val_mse=2.038676 pred_loss=1.101455 reg=2.431e-05 (29s)
[F4__society__s2023] epoch 5: val_mse=2.036382 pred_loss=0.933201 reg=4.011e-05 (36s)
[F4__society__s2023] epoch 6: val_mse=2.039182 pred_loss=0.958378 reg=6.002e-05 (42s)
[F4__society__s2023] epoch 7: val_mse=2.043476 pred_loss=0.859741 reg=8.195e-05 (49s)
[F4__society__s2023] epoch 8: val_mse=2.037038 pred_loss=1.031968 reg=1.062e-04 (55s)
[F4__society__s2023] epoch 9: val_mse=2.038197 pred_loss=0.932207 reg=1.337e-04 (62s)
[F4__society__s2023] epoch 10: val_mse=2.043231 pred_loss=1.012874 reg=1.657e-04 (68s)
[queue] DONE F4__society__s2023 (150/285) wall=68.4s peak=904.9MB
[queue] START F0__traffic__s2021 (free 28401MiB)
[F0__traffic__s2021] epoch 1: val_mse=4.970202 pred_loss=0.887952 reg=0.000e+00 (9s)
[F0__traffic__s2021] epoch 2: val_mse=5.014088 pred_loss=0.831086 reg=0.000e+00 (14s)
[F0__traffic__s2021] epoch 3: val_mse=5.057449 pred_loss=0.786664 reg=0.000e+00 (19s)
[F0__traffic__s2021] epoch 4: val_mse=5.103141 pred_loss=0.726258 reg=0.000e+00 (25s)
[F0__traffic__s2021] epoch 5: val_mse=5.140418 pred_loss=0.720828 reg=0.000e+00 (30s)
[F0__traffic__s2021] epoch 6: val_mse=5.173876 pred_loss=0.802374 reg=0.000e+00 (35s)
[F0__traffic__s2021] epoch 7: val_mse=5.194729 pred_loss=0.763323 reg=0.000e+00 (41s)
[F0__traffic__s2021] epoch 8: val_mse=5.212767 pred_loss=0.724939 reg=0.000e+00 (46s)
[F0__traffic__s2021] epoch 9: val_mse=5.226117 pred_loss=0.741558 reg=0.000e+00 (51s)
[F0__traffic__s2021] epoch 10: val_mse=5.246432 pred_loss=0.671843 reg=0.000e+00 (56s)
[queue] DONE F0__traffic__s2021 (151/285) wall=56.3s peak=904.9MB
[queue] START F1__traffic__s2021 (free 28401MiB)
[F1__traffic__s2021] epoch 1: val_mse=4.968577 pred_loss=0.867046 reg=0.000e+00 (9s)
[F1__traffic__s2021] epoch 2: val_mse=5.016114 pred_loss=0.805423 reg=0.000e+00 (14s)
[F1__traffic__s2021] epoch 3: val_mse=5.061645 pred_loss=0.746752 reg=0.000e+00 (19s)
[F1__traffic__s2021] epoch 4: val_mse=5.108613 pred_loss=0.718877 reg=0.000e+00 (25s)
[F1__traffic__s2021] epoch 5: val_mse=5.146210 pred_loss=0.705615 reg=0.000e+00 (30s)
[F1__traffic__s2021] epoch 6: val_mse=5.176483 pred_loss=0.747501 reg=0.000e+00 (35s)
[F1__traffic__s2021] epoch 7: val_mse=5.197361 pred_loss=0.767318 reg=0.000e+00 (40s)
[F1__traffic__s2021] epoch 8: val_mse=5.218523 pred_loss=0.693959 reg=0.000e+00 (46s)
[F1__traffic__s2021] epoch 9: val_mse=5.229547 pred_loss=0.734136 reg=0.000e+00 (51s)
[F1__traffic__s2021] epoch 10: val_mse=5.246619 pred_loss=0.690091 reg=0.000e+00 (56s)
[queue] DONE F1__traffic__s2021 (152/285) wall=56.2s peak=904.9MB
[queue] START F2__traffic__s2021 (free 28401MiB)
[F2__traffic__s2021] epoch 1: val_mse=4.966490 pred_loss=0.920309 reg=0.000e+00 (9s)
[F2__traffic__s2021] epoch 2: val_mse=5.011721 pred_loss=0.826005 reg=0.000e+00 (14s)
[F2__traffic__s2021] epoch 3: val_mse=5.057568 pred_loss=0.753514 reg=0.000e+00 (19s)
[F2__traffic__s2021] epoch 4: val_mse=5.103357 pred_loss=0.726605 reg=0.000e+00 (25s)
[F2__traffic__s2021] epoch 5: val_mse=5.142851 pred_loss=0.753801 reg=0.000e+00 (30s)
[F2__traffic__s2021] epoch 6: val_mse=5.173117 pred_loss=0.757792 reg=0.000e+00 (36s)
[F2__traffic__s2021] epoch 7: val_mse=5.191973 pred_loss=0.817375 reg=0.000e+00 (41s)
[F2__traffic__s2021] epoch 8: val_mse=5.208866 pred_loss=0.715593 reg=0.000e+00 (46s)
[F2__traffic__s2021] epoch 9: val_mse=5.220161 pred_loss=0.759715 reg=0.000e+00 (51s)
[F2__traffic__s2021] epoch 10: val_mse=5.238303 pred_loss=0.713927 reg=0.000e+00 (57s)
[queue] DONE F2__traffic__s2021 (153/285) wall=56.7s peak=904.9MB
[queue] START F3__traffic__s2021 (free 28401MiB)
[F3__traffic__s2021] epoch 1: val_mse=4.968575 pred_loss=0.867047 reg=1.404e-06 (10s)
[F3__traffic__s2021] epoch 2: val_mse=5.016098 pred_loss=0.805426 reg=8.992e-06 (16s)
[F3__traffic__s2021] epoch 3: val_mse=5.061597 pred_loss=0.746760 reg=2.310e-05 (23s)
[F3__traffic__s2021] epoch 4: val_mse=5.108521 pred_loss=0.718895 reg=4.376e-05 (29s)
[F3__traffic__s2021] epoch 5: val_mse=5.146045 pred_loss=0.705642 reg=6.872e-05 (36s)
[F3__traffic__s2021] epoch 6: val_mse=5.176222 pred_loss=0.747534 reg=9.530e-05 (42s)
[F3__traffic__s2021] epoch 7: val_mse=5.196996 pred_loss=0.767375 reg=1.236e-04 (49s)
[F3__traffic__s2021] epoch 8: val_mse=5.218047 pred_loss=0.694025 reg=1.522e-04 (55s)
[F3__traffic__s2021] epoch 9: val_mse=5.228954 pred_loss=0.734205 reg=1.821e-04 (61s)
[F3__traffic__s2021] epoch 10: val_mse=5.245917 pred_loss=0.690196 reg=2.122e-04 (68s)
[queue] DONE F3__traffic__s2021 (154/285) wall=67.9s peak=904.9MB
[queue] START F4__traffic__s2021 (free 28401MiB)
[F4__traffic__s2021] epoch 1: val_mse=4.966487 pred_loss=0.920310 reg=1.200e-06 (10s)
[F4__traffic__s2021] epoch 2: val_mse=5.011704 pred_loss=0.826009 reg=7.503e-06 (16s)
[F4__traffic__s2021] epoch 3: val_mse=5.057520 pred_loss=0.753522 reg=1.991e-05 (23s)
[F4__traffic__s2021] epoch 4: val_mse=5.103263 pred_loss=0.726621 reg=3.876e-05 (29s)
[F4__traffic__s2021] epoch 5: val_mse=5.142689 pred_loss=0.753829 reg=6.142e-05 (36s)
[F4__traffic__s2021] epoch 6: val_mse=5.172862 pred_loss=0.757823 reg=8.556e-05 (42s)
[F4__traffic__s2021] epoch 7: val_mse=5.191616 pred_loss=0.817423 reg=1.114e-04 (49s)
[F4__traffic__s2021] epoch 8: val_mse=5.208402 pred_loss=0.715648 reg=1.360e-04 (56s)
[F4__traffic__s2021] epoch 9: val_mse=5.219586 pred_loss=0.759774 reg=1.619e-04 (62s)
[F4__traffic__s2021] epoch 10: val_mse=5.237625 pred_loss=0.714027 reg=1.883e-04 (69s)
[queue] DONE F4__traffic__s2021 (155/285) wall=68.5s peak=904.9MB
[queue] START F0__traffic__s2022 (free 28401MiB)
[F0__traffic__s2022] epoch 1: val_mse=4.971714 pred_loss=0.896310 reg=0.000e+00 (9s)
[F0__traffic__s2022] epoch 2: val_mse=5.026599 pred_loss=0.781499 reg=0.000e+00 (14s)
[F0__traffic__s2022] epoch 3: val_mse=5.065843 pred_loss=0.754642 reg=0.000e+00 (20s)
[F0__traffic__s2022] epoch 4: val_mse=5.106058 pred_loss=0.744991 reg=0.000e+00 (25s)
[F0__traffic__s2022] epoch 5: val_mse=5.149775 pred_loss=0.754657 reg=0.000e+00 (30s)
[F0__traffic__s2022] epoch 6: val_mse=5.188857 pred_loss=0.765684 reg=0.000e+00 (35s)
[F0__traffic__s2022] epoch 7: val_mse=5.216571 pred_loss=0.711654 reg=0.000e+00 (41s)
[F0__traffic__s2022] epoch 8: val_mse=5.241176 pred_loss=0.706818 reg=0.000e+00 (46s)
[F0__traffic__s2022] epoch 9: val_mse=5.261788 pred_loss=0.676325 reg=0.000e+00 (51s)
[F0__traffic__s2022] epoch 10: val_mse=5.285417 pred_loss=0.735082 reg=0.000e+00 (56s)
[queue] DONE F0__traffic__s2022 (156/285) wall=56.3s peak=904.9MB
[queue] START F1__traffic__s2022 (free 28401MiB)
[F1__traffic__s2022] epoch 1: val_mse=4.971813 pred_loss=0.835987 reg=0.000e+00 (9s)
[F1__traffic__s2022] epoch 2: val_mse=5.024963 pred_loss=0.734262 reg=0.000e+00 (14s)
[F1__traffic__s2022] epoch 3: val_mse=5.066065 pred_loss=0.730582 reg=0.000e+00 (19s)
[F1__traffic__s2022] epoch 4: val_mse=5.104903 pred_loss=0.745247 reg=0.000e+00 (25s)
[F1__traffic__s2022] epoch 5: val_mse=5.143973 pred_loss=0.736608 reg=0.000e+00 (30s)
[F1__traffic__s2022] epoch 6: val_mse=5.182576 pred_loss=0.743025 reg=0.000e+00 (35s)
[F1__traffic__s2022] epoch 7: val_mse=5.214117 pred_loss=0.687236 reg=0.000e+00 (40s)
[F1__traffic__s2022] epoch 8: val_mse=5.240569 pred_loss=0.685902 reg=0.000e+00 (46s)
[F1__traffic__s2022] epoch 9: val_mse=5.258205 pred_loss=0.675778 reg=0.000e+00 (51s)
[F1__traffic__s2022] epoch 10: val_mse=5.278090 pred_loss=0.689697 reg=0.000e+00 (56s)
[queue] DONE F1__traffic__s2022 (157/285) wall=56.3s peak=904.9MB
[queue] START F2__traffic__s2022 (free 28401MiB)
[F2__traffic__s2022] epoch 1: val_mse=4.968187 pred_loss=0.859536 reg=0.000e+00 (9s)
[F2__traffic__s2022] epoch 2: val_mse=5.019228 pred_loss=0.768854 reg=0.000e+00 (14s)
[F2__traffic__s2022] epoch 3: val_mse=5.060430 pred_loss=0.766546 reg=0.000e+00 (19s)
[F2__traffic__s2022] epoch 4: val_mse=5.099803 pred_loss=0.757870 reg=0.000e+00 (25s)
[F2__traffic__s2022] epoch 5: val_mse=5.140702 pred_loss=0.758852 reg=0.000e+00 (30s)
[F2__traffic__s2022] epoch 6: val_mse=5.182066 pred_loss=0.763176 reg=0.000e+00 (35s)
[F2__traffic__s2022] epoch 7: val_mse=5.210586 pred_loss=0.725769 reg=0.000e+00 (40s)
[F2__traffic__s2022] epoch 8: val_mse=5.233324 pred_loss=0.712784 reg=0.000e+00 (46s)
[F2__traffic__s2022] epoch 9: val_mse=5.247931 pred_loss=0.715438 reg=0.000e+00 (51s)
[F2__traffic__s2022] epoch 10: val_mse=5.265466 pred_loss=0.747205 reg=0.000e+00 (56s)
[queue] DONE F2__traffic__s2022 (158/285) wall=56.3s peak=904.9MB
[queue] START F3__traffic__s2022 (free 28401MiB)
[F3__traffic__s2022] epoch 1: val_mse=4.971810 pred_loss=0.835987 reg=1.366e-06 (10s)
[F3__traffic__s2022] epoch 2: val_mse=5.024946 pred_loss=0.734265 reg=9.121e-06 (16s)
[F3__traffic__s2022] epoch 3: val_mse=5.066008 pred_loss=0.730591 reg=2.365e-05 (23s)
[F3__traffic__s2022] epoch 4: val_mse=5.104790 pred_loss=0.745264 reg=4.393e-05 (29s)
[F3__traffic__s2022] epoch 5: val_mse=5.143791 pred_loss=0.736637 reg=6.949e-05 (36s)
[F3__traffic__s2022] epoch 6: val_mse=5.182309 pred_loss=0.743069 reg=9.917e-05 (42s)
[F3__traffic__s2022] epoch 7: val_mse=5.213743 pred_loss=0.687296 reg=1.320e-04 (49s)
[F3__traffic__s2022] epoch 8: val_mse=5.240074 pred_loss=0.685960 reg=1.664e-04 (55s)
[F3__traffic__s2022] epoch 9: val_mse=5.257587 pred_loss=0.675858 reg=1.979e-04 (62s)
[F3__traffic__s2022] epoch 10: val_mse=5.277348 pred_loss=0.689790 reg=2.315e-04 (68s)
[queue] DONE F3__traffic__s2022 (159/285) wall=68.0s peak=904.9MB
[queue] START F4__traffic__s2022 (free 28401MiB)
[F4__traffic__s2022] epoch 1: val_mse=4.968185 pred_loss=0.859536 reg=1.271e-06 (10s)
[F4__traffic__s2022] epoch 2: val_mse=5.019211 pred_loss=0.768856 reg=8.340e-06 (17s)
[F4__traffic__s2022] epoch 3: val_mse=5.060375 pred_loss=0.766554 reg=2.142e-05 (23s)
[F4__traffic__s2022] epoch 4: val_mse=5.099695 pred_loss=0.757887 reg=3.980e-05 (30s)
[F4__traffic__s2022] epoch 5: val_mse=5.140529 pred_loss=0.758878 reg=6.305e-05 (36s)
[F4__traffic__s2022] epoch 6: val_mse=5.181809 pred_loss=0.763215 reg=9.001e-05 (43s)
[F4__traffic__s2022] epoch 7: val_mse=5.210218 pred_loss=0.725819 reg=1.197e-04 (49s)
[F4__traffic__s2022] epoch 8: val_mse=5.232833 pred_loss=0.712834 reg=1.487e-04 (56s)
[F4__traffic__s2022] epoch 9: val_mse=5.247312 pred_loss=0.715519 reg=1.755e-04 (62s)
[F4__traffic__s2022] epoch 10: val_mse=5.264733 pred_loss=0.747275 reg=2.038e-04 (68s)
[queue] DONE F4__traffic__s2022 (160/285) wall=68.5s peak=904.9MB
[queue] START F0__traffic__s2023 (free 28401MiB)
[F0__traffic__s2023] epoch 1: val_mse=4.974060 pred_loss=0.813002 reg=0.000e+00 (9s)
[F0__traffic__s2023] epoch 2: val_mse=5.026052 pred_loss=0.754927 reg=0.000e+00 (14s)
[F0__traffic__s2023] epoch 3: val_mse=5.076321 pred_loss=0.772807 reg=0.000e+00 (19s)
[F0__traffic__s2023] epoch 4: val_mse=5.125011 pred_loss=0.744984 reg=0.000e+00 (25s)
[F0__traffic__s2023] epoch 5: val_mse=5.157455 pred_loss=0.775772 reg=0.000e+00 (30s)
[F0__traffic__s2023] epoch 6: val_mse=5.188763 pred_loss=0.753146 reg=0.000e+00 (35s)
[F0__traffic__s2023] epoch 7: val_mse=5.207556 pred_loss=0.804239 reg=0.000e+00 (40s)
[F0__traffic__s2023] epoch 8: val_mse=5.223635 pred_loss=0.781858 reg=0.000e+00 (46s)
[F0__traffic__s2023] epoch 9: val_mse=5.240110 pred_loss=0.750628 reg=0.000e+00 (51s)
[F0__traffic__s2023] epoch 10: val_mse=5.271150 pred_loss=0.690121 reg=0.000e+00 (56s)
[queue] DONE F0__traffic__s2023 (161/285) wall=56.2s peak=904.9MB
[queue] START F1__traffic__s2023 (free 28401MiB)
[F1__traffic__s2023] epoch 1: val_mse=4.976844 pred_loss=0.776453 reg=0.000e+00 (9s)
[F1__traffic__s2023] epoch 2: val_mse=5.028064 pred_loss=0.737384 reg=0.000e+00 (14s)
[F1__traffic__s2023] epoch 3: val_mse=5.075133 pred_loss=0.764580 reg=0.000e+00 (19s)
[F1__traffic__s2023] epoch 4: val_mse=5.120090 pred_loss=0.742390 reg=0.000e+00 (25s)
[F1__traffic__s2023] epoch 5: val_mse=5.153966 pred_loss=0.764623 reg=0.000e+00 (30s)
[F1__traffic__s2023] epoch 6: val_mse=5.186069 pred_loss=0.736413 reg=0.000e+00 (35s)
[F1__traffic__s2023] epoch 7: val_mse=5.206476 pred_loss=0.791115 reg=0.000e+00 (41s)
[F1__traffic__s2023] epoch 8: val_mse=5.224105 pred_loss=0.770427 reg=0.000e+00 (46s)
[F1__traffic__s2023] epoch 9: val_mse=5.236874 pred_loss=0.747573 reg=0.000e+00 (51s)
[F1__traffic__s2023] epoch 10: val_mse=5.266050 pred_loss=0.685962 reg=0.000e+00 (56s)
[queue] DONE F1__traffic__s2023 (162/285) wall=56.4s peak=904.9MB
[queue] START F2__traffic__s2023 (free 28401MiB)
[F2__traffic__s2023] epoch 1: val_mse=4.975944 pred_loss=0.781628 reg=0.000e+00 (9s)
[F2__traffic__s2023] epoch 2: val_mse=5.027245 pred_loss=0.744110 reg=0.000e+00 (14s)
[F2__traffic__s2023] epoch 3: val_mse=5.073693 pred_loss=0.806767 reg=0.000e+00 (20s)
[F2__traffic__s2023] epoch 4: val_mse=5.116023 pred_loss=0.771972 reg=0.000e+00 (25s)
[F2__traffic__s2023] epoch 5: val_mse=5.146645 pred_loss=0.781347 reg=0.000e+00 (30s)
[F2__traffic__s2023] epoch 6: val_mse=5.175396 pred_loss=0.767227 reg=0.000e+00 (35s)
[F2__traffic__s2023] epoch 7: val_mse=5.198810 pred_loss=0.832862 reg=0.000e+00 (41s)
[F2__traffic__s2023] epoch 8: val_mse=5.214367 pred_loss=0.806539 reg=0.000e+00 (46s)
[F2__traffic__s2023] epoch 9: val_mse=5.229496 pred_loss=0.759085 reg=0.000e+00 (51s)
[F2__traffic__s2023] epoch 10: val_mse=5.258216 pred_loss=0.699665 reg=0.000e+00 (57s)
[queue] DONE F2__traffic__s2023 (163/285) wall=56.7s peak=904.9MB
[queue] START F3__traffic__s2023 (free 28401MiB)
[F3__traffic__s2023] epoch 1: val_mse=4.976840 pred_loss=0.776453 reg=1.717e-06 (10s)
[F3__traffic__s2023] epoch 2: val_mse=5.028045 pred_loss=0.737388 reg=1.063e-05 (17s)
[F3__traffic__s2023] epoch 3: val_mse=5.075078 pred_loss=0.764589 reg=2.686e-05 (23s)
[F3__traffic__s2023] epoch 4: val_mse=5.119979 pred_loss=0.742407 reg=4.976e-05 (30s)
[F3__traffic__s2023] epoch 5: val_mse=5.153774 pred_loss=0.764654 reg=7.474e-05 (36s)
[F3__traffic__s2023] epoch 6: val_mse=5.185770 pred_loss=0.736456 reg=1.027e-04 (43s)
[F3__traffic__s2023] epoch 7: val_mse=5.206063 pred_loss=0.791163 reg=1.321e-04 (49s)
[F3__traffic__s2023] epoch 8: val_mse=5.223576 pred_loss=0.770503 reg=1.628e-04 (56s)
[F3__traffic__s2023] epoch 9: val_mse=5.236228 pred_loss=0.747657 reg=1.954e-04 (62s)
[F3__traffic__s2023] epoch 10: val_mse=5.265301 pred_loss=0.686075 reg=2.303e-04 (69s)
[queue] DONE F3__traffic__s2023 (164/285) wall=68.6s peak=904.9MB
[queue] START F4__traffic__s2023 (free 28401MiB)
[F4__traffic__s2023] epoch 1: val_mse=4.975939 pred_loss=0.781628 reg=1.578e-06 (10s)
[F4__traffic__s2023] epoch 2: val_mse=5.027223 pred_loss=0.744114 reg=9.850e-06 (16s)
[F4__traffic__s2023] epoch 3: val_mse=5.073635 pred_loss=0.806776 reg=2.541e-05 (23s)
[F4__traffic__s2023] epoch 4: val_mse=5.115908 pred_loss=0.771988 reg=4.642e-05 (30s)
[F4__traffic__s2023] epoch 5: val_mse=5.146446 pred_loss=0.781375 reg=6.846e-05 (36s)
[F4__traffic__s2023] epoch 6: val_mse=5.175092 pred_loss=0.767263 reg=9.288e-05 (43s)
[F4__traffic__s2023] epoch 7: val_mse=5.198404 pred_loss=0.832909 reg=1.186e-04 (49s)
[F4__traffic__s2023] epoch 8: val_mse=5.213849 pred_loss=0.806615 reg=1.462e-04 (55s)
[F4__traffic__s2023] epoch 9: val_mse=5.228870 pred_loss=0.759152 reg=1.753e-04 (62s)
[F4__traffic__s2023] epoch 10: val_mse=5.257487 pred_loss=0.699763 reg=2.049e-04 (69s)
[queue] DONE F4__traffic__s2023 (165/285) wall=68.5s peak=904.9MB
[queue] START F0__public_policy__s2021 (free 28401MiB)
[F0__public_policy__s2021] epoch 1: val_mse=1.384902 pred_loss=27.155216 reg=0.000e+00 (9s)
[F0__public_policy__s2021] epoch 2: val_mse=1.377844 pred_loss=18.396399 reg=0.000e+00 (15s)
[F0__public_policy__s2021] epoch 3: val_mse=1.370099 pred_loss=1.315330 reg=0.000e+00 (21s)
[F0__public_policy__s2021] epoch 4: val_mse=1.359397 pred_loss=35.595357 reg=0.000e+00 (27s)
[F0__public_policy__s2021] epoch 5: val_mse=1.353470 pred_loss=9.813402 reg=0.000e+00 (33s)
[F0__public_policy__s2021] epoch 6: val_mse=1.346590 pred_loss=18.440099 reg=0.000e+00 (39s)
[F0__public_policy__s2021] epoch 7: val_mse=1.340482 pred_loss=31.369541 reg=0.000e+00 (45s)
[F0__public_policy__s2021] epoch 8: val_mse=1.332825 pred_loss=22.691133 reg=0.000e+00 (51s)
[F0__public_policy__s2021] epoch 9: val_mse=1.327726 pred_loss=1.178424 reg=0.000e+00 (57s)
[F0__public_policy__s2021] epoch 10: val_mse=1.320912 pred_loss=18.287135 reg=0.000e+00 (63s)
[queue] DONE F0__public_policy__s2021 (166/285) wall=63.0s peak=904.9MB
[queue] START F1__public_policy__s2021 (free 28297MiB)
[F1__public_policy__s2021] epoch 1: val_mse=1.385504 pred_loss=30.924312 reg=0.000e+00 (10s)
[F1__public_policy__s2021] epoch 2: val_mse=1.377351 pred_loss=22.121535 reg=0.000e+00 (16s)
[F1__public_policy__s2021] epoch 3: val_mse=1.371552 pred_loss=10.092841 reg=0.000e+00 (22s)
[F1__public_policy__s2021] epoch 4: val_mse=1.362861 pred_loss=35.081153 reg=0.000e+00 (27s)
[F1__public_policy__s2021] epoch 5: val_mse=1.352815 pred_loss=9.444596 reg=0.000e+00 (33s)
[F1__public_policy__s2021] epoch 6: val_mse=1.342037 pred_loss=27.001860 reg=0.000e+00 (39s)
[F1__public_policy__s2021] epoch 7: val_mse=1.332081 pred_loss=35.284937 reg=0.000e+00 (45s)
[F1__public_policy__s2021] epoch 8: val_mse=1.323857 pred_loss=26.626843 reg=0.000e+00 (51s)
[F1__public_policy__s2021] epoch 9: val_mse=1.317846 pred_loss=1.175560 reg=0.000e+00 (57s)
[F1__public_policy__s2021] epoch 10: val_mse=1.309433 pred_loss=22.247920 reg=0.000e+00 (63s)
[queue] DONE F1__public_policy__s2021 (167/285) wall=63.1s peak=904.9MB
[queue] START F2__public_policy__s2021 (free 28297MiB)
[F2__public_policy__s2021] epoch 1: val_mse=1.388610 pred_loss=22.902227 reg=0.000e+00 (10s)
[F2__public_policy__s2021] epoch 2: val_mse=1.381835 pred_loss=17.909630 reg=0.000e+00 (16s)
[F2__public_policy__s2021] epoch 3: val_mse=1.377155 pred_loss=5.733912 reg=0.000e+00 (22s)
[F2__public_policy__s2021] epoch 4: val_mse=1.369895 pred_loss=19.036082 reg=0.000e+00 (28s)
[F2__public_policy__s2021] epoch 5: val_mse=1.359614 pred_loss=5.278219 reg=0.000e+00 (34s)
[F2__public_policy__s2021] epoch 6: val_mse=1.348884 pred_loss=14.565723 reg=0.000e+00 (40s)
[F2__public_policy__s2021] epoch 7: val_mse=1.340106 pred_loss=19.015813 reg=0.000e+00 (46s)
[F2__public_policy__s2021] epoch 8: val_mse=1.331936 pred_loss=10.263986 reg=0.000e+00 (52s)
[F2__public_policy__s2021] epoch 9: val_mse=1.325465 pred_loss=1.195277 reg=0.000e+00 (58s)
[F2__public_policy__s2021] epoch 10: val_mse=1.317638 pred_loss=9.864963 reg=0.000e+00 (64s)
[queue] DONE F2__public_policy__s2021 (168/285) wall=63.8s peak=904.9MB
[queue] START F3__public_policy__s2021 (free 28297MiB)
[F3__public_policy__s2021] epoch 1: val_mse=1.385504 pred_loss=30.924313 reg=1.550e-06 (11s)
[F3__public_policy__s2021] epoch 2: val_mse=1.377352 pred_loss=22.121539 reg=8.940e-06 (18s)
[F3__public_policy__s2021] epoch 3: val_mse=1.371558 pred_loss=10.092851 reg=2.263e-05 (25s)
[F3__public_policy__s2021] epoch 4: val_mse=1.362873 pred_loss=35.081177 reg=4.319e-05 (32s)
[F3__public_policy__s2021] epoch 5: val_mse=1.352836 pred_loss=9.444627 reg=6.897e-05 (40s)
[F3__public_policy__s2021] epoch 6: val_mse=1.342070 pred_loss=27.001923 reg=9.929e-05 (47s)
[F3__public_policy__s2021] epoch 7: val_mse=1.332129 pred_loss=35.285024 reg=1.341e-04 (54s)
[F3__public_policy__s2021] epoch 8: val_mse=1.323923 pred_loss=26.626967 reg=1.740e-04 (61s)
[F3__public_policy__s2021] epoch 9: val_mse=1.317931 pred_loss=1.175690 reg=2.222e-04 (69s)
[F3__public_policy__s2021] epoch 10: val_mse=1.309538 pred_loss=22.248083 reg=2.753e-04 (76s)
[queue] DONE F3__public_policy__s2021 (169/285) wall=75.8s peak=904.9MB
[queue] START F4__public_policy__s2021 (free 28297MiB)
[F4__public_policy__s2021] epoch 1: val_mse=1.388609 pred_loss=22.902228 reg=1.498e-06 (11s)
[F4__public_policy__s2021] epoch 2: val_mse=1.381836 pred_loss=17.909634 reg=8.202e-06 (18s)
[F4__public_policy__s2021] epoch 3: val_mse=1.377158 pred_loss=5.733922 reg=2.053e-05 (25s)
[F4__public_policy__s2021] epoch 4: val_mse=1.369903 pred_loss=19.036103 reg=3.977e-05 (33s)
[F4__public_policy__s2021] epoch 5: val_mse=1.359630 pred_loss=5.278245 reg=6.481e-05 (40s)
[F4__public_policy__s2021] epoch 6: val_mse=1.348913 pred_loss=14.565777 reg=9.186e-05 (47s)
[F4__public_policy__s2021] epoch 7: val_mse=1.340150 pred_loss=19.015885 reg=1.236e-04 (54s)
[F4__public_policy__s2021] epoch 8: val_mse=1.331999 pred_loss=10.264096 reg=1.594e-04 (62s)
[F4__public_policy__s2021] epoch 9: val_mse=1.325548 pred_loss=1.195405 reg=2.043e-04 (69s)
[F4__public_policy__s2021] epoch 10: val_mse=1.317742 pred_loss=9.865092 reg=2.513e-04 (76s)
[queue] DONE F4__public_policy__s2021 (170/285) wall=76.1s peak=904.9MB
[queue] START F0__public_policy__s2022 (free 28297MiB)
[F0__public_policy__s2022] epoch 1: val_mse=1.378160 pred_loss=31.348248 reg=0.000e+00 (10s)
[F0__public_policy__s2022] epoch 2: val_mse=1.369914 pred_loss=14.204722 reg=0.000e+00 (16s)
[F0__public_policy__s2022] epoch 3: val_mse=1.360644 pred_loss=22.717485 reg=0.000e+00 (22s)
[F0__public_policy__s2022] epoch 4: val_mse=1.353464 pred_loss=14.026718 reg=0.000e+00 (28s)
[F0__public_policy__s2022] epoch 5: val_mse=1.346132 pred_loss=26.953590 reg=0.000e+00 (34s)
[F0__public_policy__s2022] epoch 6: val_mse=1.341284 pred_loss=18.398486 reg=0.000e+00 (40s)
[F0__public_policy__s2022] epoch 7: val_mse=1.336446 pred_loss=14.021846 reg=0.000e+00 (46s)
[F0__public_policy__s2022] epoch 8: val_mse=1.330599 pred_loss=14.090089 reg=0.000e+00 (52s)
[F0__public_policy__s2022] epoch 9: val_mse=1.326645 pred_loss=18.382239 reg=0.000e+00 (57s)
[F0__public_policy__s2022] epoch 10: val_mse=1.322396 pred_loss=9.726225 reg=0.000e+00 (63s)
[queue] DONE F0__public_policy__s2022 (171/285) wall=63.4s peak=904.9MB
[queue] START F1__public_policy__s2022 (free 28297MiB)
[F1__public_policy__s2022] epoch 1: val_mse=1.375677 pred_loss=35.379549 reg=0.000e+00 (9s)
[F1__public_policy__s2022] epoch 2: val_mse=1.367020 pred_loss=18.292882 reg=0.000e+00 (15s)
[F1__public_policy__s2022] epoch 3: val_mse=1.357851 pred_loss=26.804085 reg=0.000e+00 (21s)
[F1__public_policy__s2022] epoch 4: val_mse=1.351373 pred_loss=13.790913 reg=0.000e+00 (27s)
[F1__public_policy__s2022] epoch 5: val_mse=1.343176 pred_loss=30.894018 reg=0.000e+00 (33s)
[F1__public_policy__s2022] epoch 6: val_mse=1.337916 pred_loss=26.531977 reg=0.000e+00 (39s)
[F1__public_policy__s2022] epoch 7: val_mse=1.332287 pred_loss=13.568829 reg=0.000e+00 (45s)
[F1__public_policy__s2022] epoch 8: val_mse=1.326221 pred_loss=14.045160 reg=0.000e+00 (51s)
[F1__public_policy__s2022] epoch 9: val_mse=1.321393 pred_loss=18.190889 reg=0.000e+00 (57s)
[F1__public_policy__s2022] epoch 10: val_mse=1.315291 pred_loss=9.628327 reg=0.000e+00 (63s)
[queue] DONE F1__public_policy__s2022 (172/285) wall=62.9s peak=904.9MB
[queue] START F2__public_policy__s2022 (free 28297MiB)
[F2__public_policy__s2022] epoch 1: val_mse=1.378356 pred_loss=22.932821 reg=0.000e+00 (9s)
[F2__public_policy__s2022] epoch 2: val_mse=1.369680 pred_loss=10.086846 reg=0.000e+00 (15s)
[F2__public_policy__s2022] epoch 3: val_mse=1.361636 pred_loss=14.293249 reg=0.000e+00 (21s)
[F2__public_policy__s2022] epoch 4: val_mse=1.355828 pred_loss=5.659346 reg=0.000e+00 (27s)
[F2__public_policy__s2022] epoch 5: val_mse=1.348876 pred_loss=14.063563 reg=0.000e+00 (33s)
[F2__public_policy__s2022] epoch 6: val_mse=1.345228 pred_loss=10.457148 reg=0.000e+00 (39s)
[F2__public_policy__s2022] epoch 7: val_mse=1.341031 pred_loss=13.569325 reg=0.000e+00 (45s)
[F2__public_policy__s2022] epoch 8: val_mse=1.336627 pred_loss=5.890829 reg=0.000e+00 (51s)
[F2__public_policy__s2022] epoch 9: val_mse=1.331934 pred_loss=9.938646 reg=0.000e+00 (57s)
[F2__public_policy__s2022] epoch 10: val_mse=1.327143 pred_loss=1.363927 reg=0.000e+00 (63s)
[queue] DONE F2__public_policy__s2022 (173/285) wall=63.3s peak=904.9MB
[queue] START F3__public_policy__s2022 (free 28297MiB)
[F3__public_policy__s2022] epoch 1: val_mse=1.375679 pred_loss=35.379549 reg=1.567e-06 (11s)
[F3__public_policy__s2022] epoch 2: val_mse=1.367027 pred_loss=18.292885 reg=8.873e-06 (18s)
[F3__public_policy__s2022] epoch 3: val_mse=1.357865 pred_loss=26.804098 reg=2.111e-05 (25s)
[F3__public_policy__s2022] epoch 4: val_mse=1.351397 pred_loss=13.790933 reg=4.013e-05 (33s)
[F3__public_policy__s2022] epoch 5: val_mse=1.343214 pred_loss=30.894059 reg=6.633e-05 (40s)
[F3__public_policy__s2022] epoch 6: val_mse=1.337968 pred_loss=26.532052 reg=9.550e-05 (47s)
[F3__public_policy__s2022] epoch 7: val_mse=1.332356 pred_loss=13.568906 reg=1.317e-04 (54s)
[F3__public_policy__s2022] epoch 8: val_mse=1.326311 pred_loss=14.045268 reg=1.751e-04 (61s)
[F3__public_policy__s2022] epoch 9: val_mse=1.321501 pred_loss=18.191052 reg=2.219e-04 (69s)
[F3__public_policy__s2022] epoch 10: val_mse=1.315417 pred_loss=9.628492 reg=2.731e-04 (76s)
[queue] DONE F3__public_policy__s2022 (174/285) wall=75.7s peak=904.9MB
[queue] START F4__public_policy__s2022 (free 28297MiB)
[F4__public_policy__s2022] epoch 1: val_mse=1.378358 pred_loss=22.932821 reg=1.230e-06 (11s)
[F4__public_policy__s2022] epoch 2: val_mse=1.369686 pred_loss=10.086847 reg=7.124e-06 (18s)
[F4__public_policy__s2022] epoch 3: val_mse=1.361649 pred_loss=14.293259 reg=1.758e-05 (25s)
[F4__public_policy__s2022] epoch 4: val_mse=1.355851 pred_loss=5.659363 reg=3.403e-05 (33s)
[F4__public_policy__s2022] epoch 5: val_mse=1.348913 pred_loss=14.063588 reg=5.779e-05 (40s)
[F4__public_policy__s2022] epoch 6: val_mse=1.345280 pred_loss=10.457204 reg=8.328e-05 (47s)
[F4__public_policy__s2022] epoch 7: val_mse=1.341100 pred_loss=13.569391 reg=1.149e-04 (55s)
[F4__public_policy__s2022] epoch 8: val_mse=1.336719 pred_loss=5.890920 reg=1.516e-04 (62s)
[F4__public_policy__s2022] epoch 9: val_mse=1.332043 pred_loss=9.938788 reg=1.927e-04 (69s)
[F4__public_policy__s2022] epoch 10: val_mse=1.327271 pred_loss=1.364064 reg=2.387e-04 (76s)
[queue] DONE F4__public_policy__s2022 (175/285) wall=76.2s peak=904.9MB
[queue] START F0__public_policy__s2023 (free 28297MiB)
[F0__public_policy__s2023] epoch 1: val_mse=1.380524 pred_loss=22.793335 reg=0.000e+00 (9s)
[F0__public_policy__s2023] epoch 2: val_mse=1.372148 pred_loss=22.725501 reg=0.000e+00 (16s)
[F0__public_policy__s2023] epoch 3: val_mse=1.365546 pred_loss=9.894454 reg=0.000e+00 (22s)
[F0__public_policy__s2023] epoch 4: val_mse=1.358376 pred_loss=9.800603 reg=0.000e+00 (27s)
[F0__public_policy__s2023] epoch 5: val_mse=1.351390 pred_loss=27.022052 reg=0.000e+00 (33s)
[F0__public_policy__s2023] epoch 6: val_mse=1.342736 pred_loss=22.720263 reg=0.000e+00 (39s)
[F0__public_policy__s2023] epoch 7: val_mse=1.335340 pred_loss=22.762393 reg=0.000e+00 (45s)
[F0__public_policy__s2023] epoch 8: val_mse=1.330947 pred_loss=22.704280 reg=0.000e+00 (51s)
[F0__public_policy__s2023] epoch 9: val_mse=1.329628 pred_loss=14.090699 reg=0.000e+00 (57s)
[F0__public_policy__s2023] epoch 10: val_mse=1.324478 pred_loss=31.160236 reg=0.000e+00 (63s)
[queue] DONE F0__public_policy__s2023 (176/285) wall=63.2s peak=904.9MB
[queue] START F1__public_policy__s2023 (free 28297MiB)
[F1__public_policy__s2023] epoch 1: val_mse=1.384210 pred_loss=31.118738 reg=0.000e+00 (9s)
[F1__public_policy__s2023] epoch 2: val_mse=1.375230 pred_loss=35.638504 reg=0.000e+00 (15s)
[F1__public_policy__s2023] epoch 3: val_mse=1.370774 pred_loss=14.013723 reg=0.000e+00 (21s)
[F1__public_policy__s2023] epoch 4: val_mse=1.362772 pred_loss=18.352172 reg=0.000e+00 (27s)
[F1__public_policy__s2023] epoch 5: val_mse=1.351760 pred_loss=39.340424 reg=0.000e+00 (33s)
[F1__public_policy__s2023] epoch 6: val_mse=1.340639 pred_loss=40.427147 reg=0.000e+00 (39s)
[F1__public_policy__s2023] epoch 7: val_mse=1.332489 pred_loss=31.161637 reg=0.000e+00 (45s)
[F1__public_policy__s2023] epoch 8: val_mse=1.326215 pred_loss=26.778938 reg=0.000e+00 (51s)
[F1__public_policy__s2023] epoch 9: val_mse=1.318670 pred_loss=22.431363 reg=0.000e+00 (57s)
[F1__public_policy__s2023] epoch 10: val_mse=1.308172 pred_loss=35.293501 reg=0.000e+00 (63s)
[queue] DONE F1__public_policy__s2023 (177/285) wall=63.2s peak=904.9MB
[queue] START F2__public_policy__s2023 (free 28297MiB)
[F2__public_policy__s2023] epoch 1: val_mse=1.384558 pred_loss=10.747235 reg=0.000e+00 (9s)
[F2__public_policy__s2023] epoch 2: val_mse=1.377760 pred_loss=14.828802 reg=0.000e+00 (16s)
[F2__public_policy__s2023] epoch 3: val_mse=1.376327 pred_loss=9.861491 reg=0.000e+00 (22s)
[F2__public_policy__s2023] epoch 4: val_mse=1.370226 pred_loss=10.157329 reg=0.000e+00 (27s)
[F2__public_policy__s2023] epoch 5: val_mse=1.360406 pred_loss=14.720651 reg=0.000e+00 (33s)
[F2__public_policy__s2023] epoch 6: val_mse=1.350841 pred_loss=28.093170 reg=0.000e+00 (39s)
[F2__public_policy__s2023] epoch 7: val_mse=1.342435 pred_loss=22.959002 reg=0.000e+00 (45s)
[F2__public_policy__s2023] epoch 8: val_mse=1.338709 pred_loss=6.003997 reg=0.000e+00 (51s)
[F2__public_policy__s2023] epoch 9: val_mse=1.332304 pred_loss=18.387513 reg=0.000e+00 (58s)
[F2__public_policy__s2023] epoch 10: val_mse=1.322802 pred_loss=18.601481 reg=0.000e+00 (64s)
[queue] DONE F2__public_policy__s2023 (178/285) wall=63.6s peak=904.9MB
[queue] START F3__public_policy__s2023 (free 28297MiB)
[F3__public_policy__s2023] epoch 1: val_mse=1.384210 pred_loss=31.118738 reg=1.410e-06 (11s)
[F3__public_policy__s2023] epoch 2: val_mse=1.375232 pred_loss=35.638507 reg=8.181e-06 (18s)
[F3__public_policy__s2023] epoch 3: val_mse=1.370781 pred_loss=14.013733 reg=2.143e-05 (25s)
[F3__public_policy__s2023] epoch 4: val_mse=1.362785 pred_loss=18.352192 reg=4.095e-05 (32s)
[F3__public_policy__s2023] epoch 5: val_mse=1.351782 pred_loss=39.340461 reg=6.582e-05 (40s)
[F3__public_policy__s2023] epoch 6: val_mse=1.340671 pred_loss=40.427221 reg=9.381e-05 (47s)
[F3__public_policy__s2023] epoch 7: val_mse=1.332532 pred_loss=31.161727 reg=1.274e-04 (54s)
[F3__public_policy__s2023] epoch 8: val_mse=1.326276 pred_loss=26.779061 reg=1.693e-04 (61s)
[F3__public_policy__s2023] epoch 9: val_mse=1.318748 pred_loss=22.431538 reg=2.192e-04 (68s)
[F3__public_policy__s2023] epoch 10: val_mse=1.308265 pred_loss=35.293680 reg=2.757e-04 (76s)
[queue] DONE F3__public_policy__s2023 (179/285) wall=75.7s peak=904.9MB
[queue] START F4__public_policy__s2023 (free 28297MiB)
[F4__public_policy__s2023] epoch 1: val_mse=1.384559 pred_loss=10.747235 reg=1.277e-06 (11s)
[F4__public_policy__s2023] epoch 2: val_mse=1.377762 pred_loss=14.828805 reg=7.300e-06 (18s)
[F4__public_policy__s2023] epoch 3: val_mse=1.376334 pred_loss=9.861499 reg=1.889e-05 (26s)
[F4__public_policy__s2023] epoch 4: val_mse=1.370240 pred_loss=10.157349 reg=3.603e-05 (33s)
[F4__public_policy__s2023] epoch 5: val_mse=1.360428 pred_loss=14.720679 reg=5.781e-05 (40s)
[F4__public_policy__s2023] epoch 6: val_mse=1.350872 pred_loss=28.093226 reg=8.114e-05 (48s)
[F4__public_policy__s2023] epoch 7: val_mse=1.342477 pred_loss=22.959079 reg=1.092e-04 (55s)
[F4__public_policy__s2023] epoch 8: val_mse=1.338768 pred_loss=6.004104 reg=1.444e-04 (62s)
[F4__public_policy__s2023] epoch 9: val_mse=1.332380 pred_loss=18.387666 reg=1.880e-04 (69s)
[F4__public_policy__s2023] epoch 10: val_mse=1.322897 pred_loss=18.601614 reg=2.351e-04 (77s)
[queue] DONE F4__public_policy__s2023 (180/285) wall=76.6s peak=904.9MB
[queue] START F0__SpecialtyAndAdvancedMaterials__s2021 (free 28297MiB)
[F0__SpecialtyAndAdvancedMaterials__s2021] epoch 1: val_mse=0.527054 pred_loss=5.257329 reg=0.000e+00 (37s)
[F0__SpecialtyAndAdvancedMaterials__s2021] epoch 2: val_mse=0.488540 pred_loss=2.374797 reg=0.000e+00 (71s)
[F0__SpecialtyAndAdvancedMaterials__s2021] epoch 3: val_mse=0.482713 pred_loss=3.156946 reg=0.000e+00 (105s)
[F0__SpecialtyAndAdvancedMaterials__s2021] epoch 4: val_mse=0.482684 pred_loss=2.784588 reg=0.000e+00 (139s)
[F0__SpecialtyAndAdvancedMaterials__s2021] epoch 5: val_mse=0.484318 pred_loss=4.830466 reg=0.000e+00 (172s)
[F0__SpecialtyAndAdvancedMaterials__s2021] epoch 6: val_mse=0.487420 pred_loss=3.327240 reg=0.000e+00 (206s)
[F0__SpecialtyAndAdvancedMaterials__s2021] epoch 7: val_mse=0.490991 pred_loss=3.679958 reg=0.000e+00 (240s)
[F0__SpecialtyAndAdvancedMaterials__s2021] epoch 8: val_mse=0.492767 pred_loss=3.585555 reg=0.000e+00 (274s)
[F0__SpecialtyAndAdvancedMaterials__s2021] epoch 9: val_mse=0.495903 pred_loss=2.997017 reg=0.000e+00 (308s)
[F0__SpecialtyAndAdvancedMaterials__s2021] epoch 10: val_mse=0.500022 pred_loss=4.357140 reg=0.000e+00 (342s)
[queue] DONE F0__SpecialtyAndAdvancedMaterials__s2021 (181/285) wall=341.6s peak=904.9MB
[queue] START F1__SpecialtyAndAdvancedMaterials__s2021 (free 28065MiB)
[F1__SpecialtyAndAdvancedMaterials__s2021] epoch 1: val_mse=0.521641 pred_loss=3.386158 reg=0.000e+00 (38s)
[F1__SpecialtyAndAdvancedMaterials__s2021] epoch 2: val_mse=0.483487 pred_loss=1.375131 reg=0.000e+00 (71s)
[F1__SpecialtyAndAdvancedMaterials__s2021] epoch 3: val_mse=0.480794 pred_loss=2.215350 reg=0.000e+00 (105s)
[F1__SpecialtyAndAdvancedMaterials__s2021] epoch 4: val_mse=0.484409 pred_loss=1.918583 reg=0.000e+00 (139s)
[F1__SpecialtyAndAdvancedMaterials__s2021] epoch 5: val_mse=0.487868 pred_loss=3.282891 reg=0.000e+00 (173s)
[F1__SpecialtyAndAdvancedMaterials__s2021] epoch 6: val_mse=0.494428 pred_loss=1.285465 reg=0.000e+00 (207s)
[F1__SpecialtyAndAdvancedMaterials__s2021] epoch 7: val_mse=0.506131 pred_loss=2.177973 reg=0.000e+00 (241s)
[F1__SpecialtyAndAdvancedMaterials__s2021] epoch 8: val_mse=0.509677 pred_loss=2.079918 reg=0.000e+00 (275s)
[F1__SpecialtyAndAdvancedMaterials__s2021] epoch 9: val_mse=0.515067 pred_loss=2.343018 reg=0.000e+00 (309s)
[F1__SpecialtyAndAdvancedMaterials__s2021] epoch 10: val_mse=0.518840 pred_loss=2.424629 reg=0.000e+00 (343s)
[queue] DONE F1__SpecialtyAndAdvancedMaterials__s2021 (182/285) wall=342.6s peak=904.9MB
[queue] START F2__SpecialtyAndAdvancedMaterials__s2021 (free 28065MiB)
[F2__SpecialtyAndAdvancedMaterials__s2021] epoch 1: val_mse=0.525083 pred_loss=2.631145 reg=0.000e+00 (38s)
[F2__SpecialtyAndAdvancedMaterials__s2021] epoch 2: val_mse=0.486772 pred_loss=1.352969 reg=0.000e+00 (72s)
[F2__SpecialtyAndAdvancedMaterials__s2021] epoch 3: val_mse=0.482903 pred_loss=1.576014 reg=0.000e+00 (106s)
[F2__SpecialtyAndAdvancedMaterials__s2021] epoch 4: val_mse=0.487090 pred_loss=1.912297 reg=0.000e+00 (140s)
[F2__SpecialtyAndAdvancedMaterials__s2021] epoch 5: val_mse=0.490086 pred_loss=2.574841 reg=0.000e+00 (174s)
[F2__SpecialtyAndAdvancedMaterials__s2021] epoch 6: val_mse=0.497994 pred_loss=1.211529 reg=0.000e+00 (208s)
[F2__SpecialtyAndAdvancedMaterials__s2021] epoch 7: val_mse=0.508655 pred_loss=1.743100 reg=0.000e+00 (243s)
[F2__SpecialtyAndAdvancedMaterials__s2021] epoch 8: val_mse=0.513148 pred_loss=1.997792 reg=0.000e+00 (277s)
[F2__SpecialtyAndAdvancedMaterials__s2021] epoch 9: val_mse=0.517456 pred_loss=1.848921 reg=0.000e+00 (311s)
[F2__SpecialtyAndAdvancedMaterials__s2021] epoch 10: val_mse=0.522102 pred_loss=2.023663 reg=0.000e+00 (345s)
[queue] DONE F2__SpecialtyAndAdvancedMaterials__s2021 (183/285) wall=345.1s peak=904.9MB
[queue] START F3__SpecialtyAndAdvancedMaterials__s2021 (free 28065MiB)
[F3__SpecialtyAndAdvancedMaterials__s2021] epoch 1: val_mse=0.521678 pred_loss=3.386192 reg=5.110e-05 (45s)
[F3__SpecialtyAndAdvancedMaterials__s2021] epoch 2: val_mse=0.483546 pred_loss=1.375299 reg=3.324e-04 (86s)
[F3__SpecialtyAndAdvancedMaterials__s2021] epoch 3: val_mse=0.480812 pred_loss=2.215780 reg=7.390e-04 (127s)
[F3__SpecialtyAndAdvancedMaterials__s2021] epoch 4: val_mse=0.484295 pred_loss=1.919174 reg=1.163e-03 (167s)
[F3__SpecialtyAndAdvancedMaterials__s2021] epoch 5: val_mse=0.487546 pred_loss=3.284062 reg=1.597e-03 (193s)
[F3__SpecialtyAndAdvancedMaterials__s2021] epoch 6: val_mse=0.493892 pred_loss=1.286177 reg=2.055e-03 (217s)
[F3__SpecialtyAndAdvancedMaterials__s2021] epoch 7: val_mse=0.505277 pred_loss=2.179294 reg=2.441e-03 (254s)
[F3__SpecialtyAndAdvancedMaterials__s2021] epoch 8: val_mse=0.508577 pred_loss=2.081495 reg=2.786e-03 (292s)
[F3__SpecialtyAndAdvancedMaterials__s2021] epoch 9: val_mse=0.513633 pred_loss=2.344297 reg=3.037e-03 (330s)
[F3__SpecialtyAndAdvancedMaterials__s2021] epoch 10: val_mse=0.517096 pred_loss=2.426250 reg=3.373e-03 (368s)
[queue] DONE F3__SpecialtyAndAdvancedMaterials__s2021 (184/285) wall=367.9s peak=904.9MB
[queue] START F4__SpecialtyAndAdvancedMaterials__s2021 (free 28795MiB)
[F4__SpecialtyAndAdvancedMaterials__s2021] epoch 1: val_mse=0.525124 pred_loss=2.631174 reg=4.825e-05 (42s)
[F4__SpecialtyAndAdvancedMaterials__s2021] epoch 2: val_mse=0.486839 pred_loss=1.353135 reg=3.039e-04 (80s)
[F4__SpecialtyAndAdvancedMaterials__s2021] epoch 3: val_mse=0.482938 pred_loss=1.576403 reg=6.865e-04 (118s)
[F4__SpecialtyAndAdvancedMaterials__s2021] epoch 4: val_mse=0.487027 pred_loss=1.912763 reg=1.083e-03 (156s)
[F4__SpecialtyAndAdvancedMaterials__s2021] epoch 5: val_mse=0.489830 pred_loss=2.575848 reg=1.464e-03 (195s)
[F4__SpecialtyAndAdvancedMaterials__s2021] epoch 6: val_mse=0.497542 pred_loss=1.212232 reg=1.874e-03 (235s)
[F4__SpecialtyAndAdvancedMaterials__s2021] epoch 7: val_mse=0.507918 pred_loss=1.744173 reg=2.242e-03 (290s)
[F4__SpecialtyAndAdvancedMaterials__s2021] epoch 8: val_mse=0.512233 pred_loss=1.999275 reg=2.575e-03 (345s)
[F4__SpecialtyAndAdvancedMaterials__s2021] epoch 9: val_mse=0.516359 pred_loss=1.850019 reg=2.822e-03 (399s)
[F4__SpecialtyAndAdvancedMaterials__s2021] epoch 10: val_mse=0.520763 pred_loss=2.025049 reg=3.142e-03 (454s)
[queue] DONE F4__SpecialtyAndAdvancedMaterials__s2021 (185/285) wall=453.7s peak=904.9MB
[queue] START F0__SpecialtyAndAdvancedMaterials__s2022 (free 24598MiB)
[F0__SpecialtyAndAdvancedMaterials__s2022] epoch 1: val_mse=0.527968 pred_loss=3.939719 reg=0.000e+00 (51s)
[F0__SpecialtyAndAdvancedMaterials__s2022] epoch 2: val_mse=0.489716 pred_loss=2.630547 reg=0.000e+00 (98s)
[F0__SpecialtyAndAdvancedMaterials__s2022] epoch 3: val_mse=0.484024 pred_loss=3.509339 reg=0.000e+00 (146s)
[F0__SpecialtyAndAdvancedMaterials__s2022] epoch 4: val_mse=0.483785 pred_loss=3.780974 reg=0.000e+00 (193s)
[F0__SpecialtyAndAdvancedMaterials__s2022] epoch 5: val_mse=0.483169 pred_loss=3.253830 reg=0.000e+00 (240s)
[F0__SpecialtyAndAdvancedMaterials__s2022] epoch 6: val_mse=0.484923 pred_loss=1.936286 reg=0.000e+00 (287s)
[F0__SpecialtyAndAdvancedMaterials__s2022] epoch 7: val_mse=0.487477 pred_loss=2.266442 reg=0.000e+00 (334s)
[F0__SpecialtyAndAdvancedMaterials__s2022] epoch 8: val_mse=0.491198 pred_loss=3.619171 reg=0.000e+00 (381s)
[F0__SpecialtyAndAdvancedMaterials__s2022] epoch 9: val_mse=0.495077 pred_loss=5.222998 reg=0.000e+00 (428s)
[F0__SpecialtyAndAdvancedMaterials__s2022] epoch 10: val_mse=0.501877 pred_loss=3.633281 reg=0.000e+00 (476s)
[queue] DONE F0__SpecialtyAndAdvancedMaterials__s2022 (186/285) wall=475.6s peak=904.9MB
[queue] START F1__SpecialtyAndAdvancedMaterials__s2022 (free 24598MiB)
[F1__SpecialtyAndAdvancedMaterials__s2022] epoch 1: val_mse=0.523770 pred_loss=2.711472 reg=0.000e+00 (51s)
[F1__SpecialtyAndAdvancedMaterials__s2022] epoch 2: val_mse=0.488766 pred_loss=1.714311 reg=0.000e+00 (98s)
[F1__SpecialtyAndAdvancedMaterials__s2022] epoch 3: val_mse=0.483363 pred_loss=2.702670 reg=0.000e+00 (145s)
[F1__SpecialtyAndAdvancedMaterials__s2022] epoch 4: val_mse=0.487545 pred_loss=2.063644 reg=0.000e+00 (193s)
[F1__SpecialtyAndAdvancedMaterials__s2022] epoch 5: val_mse=0.489887 pred_loss=1.654510 reg=0.000e+00 (240s)
[F1__SpecialtyAndAdvancedMaterials__s2022] epoch 6: val_mse=0.494824 pred_loss=1.461602 reg=0.000e+00 (287s)
[F1__SpecialtyAndAdvancedMaterials__s2022] epoch 7: val_mse=0.498874 pred_loss=1.834140 reg=0.000e+00 (334s)
[F1__SpecialtyAndAdvancedMaterials__s2022] epoch 8: val_mse=0.506570 pred_loss=2.360050 reg=0.000e+00 (381s)
[F1__SpecialtyAndAdvancedMaterials__s2022] epoch 9: val_mse=0.515527 pred_loss=2.544465 reg=0.000e+00 (429s)
[F1__SpecialtyAndAdvancedMaterials__s2022] epoch 10: val_mse=0.522738 pred_loss=2.190954 reg=0.000e+00 (476s)
[queue] DONE F1__SpecialtyAndAdvancedMaterials__s2022 (187/285) wall=475.7s peak=904.9MB
[queue] START F2__SpecialtyAndAdvancedMaterials__s2022 (free 24598MiB)
[F2__SpecialtyAndAdvancedMaterials__s2022] epoch 1: val_mse=0.528060 pred_loss=1.967944 reg=0.000e+00 (51s)
[F2__SpecialtyAndAdvancedMaterials__s2022] epoch 2: val_mse=0.492754 pred_loss=1.588047 reg=0.000e+00 (98s)
[F2__SpecialtyAndAdvancedMaterials__s2022] epoch 3: val_mse=0.485309 pred_loss=1.203205 reg=0.000e+00 (145s)
[F2__SpecialtyAndAdvancedMaterials__s2022] epoch 4: val_mse=0.490408 pred_loss=1.627191 reg=0.000e+00 (193s)
[F2__SpecialtyAndAdvancedMaterials__s2022] epoch 5: val_mse=0.493342 pred_loss=1.118610 reg=0.000e+00 (240s)
[F2__SpecialtyAndAdvancedMaterials__s2022] epoch 6: val_mse=0.498883 pred_loss=1.313645 reg=0.000e+00 (287s)
[F2__SpecialtyAndAdvancedMaterials__s2022] epoch 7: val_mse=0.501738 pred_loss=1.697426 reg=0.000e+00 (334s)
[F2__SpecialtyAndAdvancedMaterials__s2022] epoch 8: val_mse=0.510356 pred_loss=1.879457 reg=0.000e+00 (381s)
[F2__SpecialtyAndAdvancedMaterials__s2022] epoch 9: val_mse=0.517419 pred_loss=1.733499 reg=0.000e+00 (428s)
[F2__SpecialtyAndAdvancedMaterials__s2022] epoch 10: val_mse=0.523158 pred_loss=1.684342 reg=0.000e+00 (474s)
[queue] DONE F2__SpecialtyAndAdvancedMaterials__s2022 (188/285) wall=474.2s peak=904.9MB
[queue] START F3__SpecialtyAndAdvancedMaterials__s2022 (free 24598MiB)
[F3__SpecialtyAndAdvancedMaterials__s2022] epoch 1: val_mse=0.523818 pred_loss=2.711497 reg=5.434e-05 (58s)
[F3__SpecialtyAndAdvancedMaterials__s2022] epoch 2: val_mse=0.488851 pred_loss=1.714491 reg=3.128e-04 (113s)
[F3__SpecialtyAndAdvancedMaterials__s2022] epoch 3: val_mse=0.483403 pred_loss=2.703079 reg=7.064e-04 (167s)
[F3__SpecialtyAndAdvancedMaterials__s2022] epoch 4: val_mse=0.487427 pred_loss=2.064447 reg=1.150e-03 (210s)
[F3__SpecialtyAndAdvancedMaterials__s2022] epoch 5: val_mse=0.489559 pred_loss=1.655308 reg=1.604e-03 (251s)
[F3__SpecialtyAndAdvancedMaterials__s2022] epoch 6: val_mse=0.494255 pred_loss=1.462572 reg=2.022e-03 (289s)
[F3__SpecialtyAndAdvancedMaterials__s2022] epoch 7: val_mse=0.498002 pred_loss=1.835312 reg=2.445e-03 (328s)
[F3__SpecialtyAndAdvancedMaterials__s2022] epoch 8: val_mse=0.505363 pred_loss=2.362024 reg=2.780e-03 (366s)
[F3__SpecialtyAndAdvancedMaterials__s2022] epoch 9: val_mse=0.514004 pred_loss=2.546487 reg=3.148e-03 (407s)
[F3__SpecialtyAndAdvancedMaterials__s2022] epoch 10: val_mse=0.520809 pred_loss=2.192670 reg=3.511e-03 (454s)
[queue] DONE F3__SpecialtyAndAdvancedMaterials__s2022 (189/285) wall=453.7s peak=904.9MB
[queue] START F4__SpecialtyAndAdvancedMaterials__s2022 (free 21412MiB)
[F4__SpecialtyAndAdvancedMaterials__s2022] epoch 1: val_mse=0.528105 pred_loss=1.967964 reg=4.483e-05 (53s)
[F4__SpecialtyAndAdvancedMaterials__s2022] epoch 2: val_mse=0.492840 pred_loss=1.588212 reg=2.726e-04 (101s)
[F4__SpecialtyAndAdvancedMaterials__s2022] epoch 3: val_mse=0.485362 pred_loss=1.203599 reg=6.380e-04 (149s)
[F4__SpecialtyAndAdvancedMaterials__s2022] epoch 4: val_mse=0.490331 pred_loss=1.627884 reg=1.051e-03 (197s)
[F4__SpecialtyAndAdvancedMaterials__s2022] epoch 5: val_mse=0.493068 pred_loss=1.119429 reg=1.458e-03 (245s)
[F4__SpecialtyAndAdvancedMaterials__s2022] epoch 6: val_mse=0.498395 pred_loss=1.314586 reg=1.853e-03 (293s)
[F4__SpecialtyAndAdvancedMaterials__s2022] epoch 7: val_mse=0.501002 pred_loss=1.698491 reg=2.248e-03 (342s)
[F4__SpecialtyAndAdvancedMaterials__s2022] epoch 8: val_mse=0.509349 pred_loss=1.881307 reg=2.580e-03 (390s)
[F4__SpecialtyAndAdvancedMaterials__s2022] epoch 9: val_mse=0.516127 pred_loss=1.735248 reg=2.992e-03 (438s)
[F4__SpecialtyAndAdvancedMaterials__s2022] epoch 10: val_mse=0.521522 pred_loss=1.686001 reg=3.366e-03 (485s)
[queue] DONE F4__SpecialtyAndAdvancedMaterials__s2022 (190/285) wall=485.3s peak=904.9MB
[queue] START F0__SpecialtyAndAdvancedMaterials__s2023 (free 21412MiB)
[F0__SpecialtyAndAdvancedMaterials__s2023] epoch 1: val_mse=0.516969 pred_loss=1.693838 reg=0.000e+00 (44s)
[F0__SpecialtyAndAdvancedMaterials__s2023] epoch 2: val_mse=0.487972 pred_loss=3.232876 reg=0.000e+00 (83s)
[F0__SpecialtyAndAdvancedMaterials__s2023] epoch 3: val_mse=0.479811 pred_loss=2.533123 reg=0.000e+00 (124s)
[F0__SpecialtyAndAdvancedMaterials__s2023] epoch 4: val_mse=0.484596 pred_loss=4.587501 reg=0.000e+00 (164s)
[F0__SpecialtyAndAdvancedMaterials__s2023] epoch 5: val_mse=0.486625 pred_loss=2.494334 reg=0.000e+00 (205s)
[F0__SpecialtyAndAdvancedMaterials__s2023] epoch 6: val_mse=0.487734 pred_loss=2.546117 reg=0.000e+00 (245s)
[F0__SpecialtyAndAdvancedMaterials__s2023] epoch 7: val_mse=0.494547 pred_loss=3.234226 reg=0.000e+00 (285s)
[F0__SpecialtyAndAdvancedMaterials__s2023] epoch 8: val_mse=0.499138 pred_loss=2.458237 reg=0.000e+00 (325s)
[F0__SpecialtyAndAdvancedMaterials__s2023] epoch 9: val_mse=0.500969 pred_loss=3.612862 reg=0.000e+00 (366s)
[F0__SpecialtyAndAdvancedMaterials__s2023] epoch 10: val_mse=0.504027 pred_loss=3.337842 reg=0.000e+00 (407s)
[queue] DONE F0__SpecialtyAndAdvancedMaterials__s2023 (191/285) wall=406.6s peak=904.9MB
[queue] START F1__SpecialtyAndAdvancedMaterials__s2023 (free 21412MiB)
[F1__SpecialtyAndAdvancedMaterials__s2023] epoch 1: val_mse=0.513615 pred_loss=1.870599 reg=0.000e+00 (45s)
[F1__SpecialtyAndAdvancedMaterials__s2023] epoch 2: val_mse=0.483285 pred_loss=1.930103 reg=0.000e+00 (85s)
[F1__SpecialtyAndAdvancedMaterials__s2023] epoch 3: val_mse=0.478454 pred_loss=1.710132 reg=0.000e+00 (125s)
[F1__SpecialtyAndAdvancedMaterials__s2023] epoch 4: val_mse=0.489465 pred_loss=3.021138 reg=0.000e+00 (165s)
[F1__SpecialtyAndAdvancedMaterials__s2023] epoch 5: val_mse=0.493804 pred_loss=1.678239 reg=0.000e+00 (205s)
[F1__SpecialtyAndAdvancedMaterials__s2023] epoch 6: val_mse=0.499737 pred_loss=1.913170 reg=0.000e+00 (245s)
[F1__SpecialtyAndAdvancedMaterials__s2023] epoch 7: val_mse=0.509623 pred_loss=2.017388 reg=0.000e+00 (285s)
[F1__SpecialtyAndAdvancedMaterials__s2023] epoch 8: val_mse=0.516261 pred_loss=1.960083 reg=0.000e+00 (325s)
[F1__SpecialtyAndAdvancedMaterials__s2023] epoch 9: val_mse=0.522047 pred_loss=2.051702 reg=0.000e+00 (365s)
[F1__SpecialtyAndAdvancedMaterials__s2023] epoch 10: val_mse=0.522030 pred_loss=2.164787 reg=0.000e+00 (405s)
[queue] DONE F1__SpecialtyAndAdvancedMaterials__s2023 (192/285) wall=405.4s peak=904.9MB
[queue] START F2__SpecialtyAndAdvancedMaterials__s2023 (free 21412MiB)
[F2__SpecialtyAndAdvancedMaterials__s2023] epoch 1: val_mse=0.518168 pred_loss=1.745446 reg=0.000e+00 (44s)
[F2__SpecialtyAndAdvancedMaterials__s2023] epoch 2: val_mse=0.486799 pred_loss=1.405981 reg=0.000e+00 (85s)
[F2__SpecialtyAndAdvancedMaterials__s2023] epoch 3: val_mse=0.481095 pred_loss=1.423651 reg=0.000e+00 (125s)
[F2__SpecialtyAndAdvancedMaterials__s2023] epoch 4: val_mse=0.488304 pred_loss=2.269133 reg=0.000e+00 (166s)
[F2__SpecialtyAndAdvancedMaterials__s2023] epoch 5: val_mse=0.492344 pred_loss=1.522233 reg=0.000e+00 (206s)
[F2__SpecialtyAndAdvancedMaterials__s2023] epoch 6: val_mse=0.498382 pred_loss=1.643954 reg=0.000e+00 (246s)
[F2__SpecialtyAndAdvancedMaterials__s2023] epoch 7: val_mse=0.506770 pred_loss=1.956154 reg=0.000e+00 (287s)
[F2__SpecialtyAndAdvancedMaterials__s2023] epoch 8: val_mse=0.513187 pred_loss=1.784015 reg=0.000e+00 (327s)
[F2__SpecialtyAndAdvancedMaterials__s2023] epoch 9: val_mse=0.520332 pred_loss=1.307618 reg=0.000e+00 (368s)
[F2__SpecialtyAndAdvancedMaterials__s2023] epoch 10: val_mse=0.520075 pred_loss=1.488627 reg=0.000e+00 (409s)
[queue] DONE F2__SpecialtyAndAdvancedMaterials__s2023 (193/285) wall=408.9s peak=904.9MB
[queue] START F3__SpecialtyAndAdvancedMaterials__s2023 (free 21412MiB)
[F3__SpecialtyAndAdvancedMaterials__s2023] epoch 1: val_mse=0.513658 pred_loss=1.870624 reg=5.478e-05 (52s)
[F3__SpecialtyAndAdvancedMaterials__s2023] epoch 2: val_mse=0.483373 pred_loss=1.930281 reg=3.276e-04 (100s)
[F3__SpecialtyAndAdvancedMaterials__s2023] epoch 3: val_mse=0.478482 pred_loss=1.710532 reg=7.488e-04 (148s)
[F3__SpecialtyAndAdvancedMaterials__s2023] epoch 4: val_mse=0.489333 pred_loss=3.021888 reg=1.201e-03 (196s)
[F3__SpecialtyAndAdvancedMaterials__s2023] epoch 5: val_mse=0.493405 pred_loss=1.679124 reg=1.677e-03 (244s)
[F3__SpecialtyAndAdvancedMaterials__s2023] epoch 6: val_mse=0.499042 pred_loss=1.914416 reg=2.205e-03 (293s)
[F3__SpecialtyAndAdvancedMaterials__s2023] epoch 7: val_mse=0.508624 pred_loss=2.018236 reg=2.630e-03 (341s)
[F3__SpecialtyAndAdvancedMaterials__s2023] epoch 8: val_mse=0.514912 pred_loss=1.961124 reg=3.061e-03 (389s)
[F3__SpecialtyAndAdvancedMaterials__s2023] epoch 9: val_mse=0.520436 pred_loss=2.054167 reg=3.377e-03 (437s)
[F3__SpecialtyAndAdvancedMaterials__s2023] epoch 10: val_mse=0.520134 pred_loss=2.166294 reg=3.638e-03 (485s)
[queue] DONE F3__SpecialtyAndAdvancedMaterials__s2023 (194/285) wall=484.5s peak=904.9MB
[queue] START F4__SpecialtyAndAdvancedMaterials__s2023 (free 21412MiB)
[F4__SpecialtyAndAdvancedMaterials__s2023] epoch 1: val_mse=0.518210 pred_loss=1.745468 reg=4.706e-05 (52s)
[F4__SpecialtyAndAdvancedMaterials__s2023] epoch 2: val_mse=0.486891 pred_loss=1.406145 reg=2.944e-04 (100s)
[F4__SpecialtyAndAdvancedMaterials__s2023] epoch 3: val_mse=0.481140 pred_loss=1.424038 reg=6.802e-04 (147s)
[F4__SpecialtyAndAdvancedMaterials__s2023] epoch 4: val_mse=0.488228 pred_loss=2.269778 reg=1.080e-03 (196s)
[F4__SpecialtyAndAdvancedMaterials__s2023] epoch 5: val_mse=0.492056 pred_loss=1.523139 reg=1.518e-03 (244s)
[F4__SpecialtyAndAdvancedMaterials__s2023] epoch 6: val_mse=0.497862 pred_loss=1.644901 reg=1.987e-03 (292s)
[F4__SpecialtyAndAdvancedMaterials__s2023] epoch 7: val_mse=0.506028 pred_loss=1.957149 reg=2.387e-03 (340s)
[F4__SpecialtyAndAdvancedMaterials__s2023] epoch 8: val_mse=0.512138 pred_loss=1.785163 reg=2.829e-03 (388s)
[F4__SpecialtyAndAdvancedMaterials__s2023] epoch 9: val_mse=0.519067 pred_loss=1.309133 reg=3.177e-03 (436s)
[F4__SpecialtyAndAdvancedMaterials__s2023] epoch 10: val_mse=0.518559 pred_loss=1.490101 reg=3.402e-03 (485s)
[queue] DONE F4__SpecialtyAndAdvancedMaterials__s2023 (195/285) wall=484.9s peak=904.9MB
[queue] START F0__LivestockAndFoodProducts__s2021 (free 21412MiB)
[F0__LivestockAndFoodProducts__s2021] epoch 1: val_mse=0.809144 pred_loss=1.103123 reg=0.000e+00 (47s)
[F0__LivestockAndFoodProducts__s2021] epoch 2: val_mse=0.740677 pred_loss=0.996820 reg=0.000e+00 (89s)
[F0__LivestockAndFoodProducts__s2021] epoch 3: val_mse=0.724188 pred_loss=0.915420 reg=0.000e+00 (132s)
[F0__LivestockAndFoodProducts__s2021] epoch 4: val_mse=0.717195 pred_loss=0.864645 reg=0.000e+00 (175s)
[F0__LivestockAndFoodProducts__s2021] epoch 5: val_mse=0.707522 pred_loss=0.833117 reg=0.000e+00 (218s)
[F0__LivestockAndFoodProducts__s2021] epoch 6: val_mse=0.705662 pred_loss=0.888200 reg=0.000e+00 (261s)
[F0__LivestockAndFoodProducts__s2021] epoch 7: val_mse=0.711053 pred_loss=0.809938 reg=0.000e+00 (304s)
[F0__LivestockAndFoodProducts__s2021] epoch 8: val_mse=0.712101 pred_loss=0.825656 reg=0.000e+00 (346s)
[F0__LivestockAndFoodProducts__s2021] epoch 9: val_mse=0.706715 pred_loss=0.779855 reg=0.000e+00 (389s)
[F0__LivestockAndFoodProducts__s2021] epoch 10: val_mse=0.721798 pred_loss=0.803248 reg=0.000e+00 (432s)
[queue] DONE F0__LivestockAndFoodProducts__s2021 (196/285) wall=432.2s peak=904.9MB
[queue] START F1__LivestockAndFoodProducts__s2021 (free 21412MiB)
[F1__LivestockAndFoodProducts__s2021] epoch 1: val_mse=0.807388 pred_loss=1.163726 reg=0.000e+00 (47s)
[F1__LivestockAndFoodProducts__s2021] epoch 2: val_mse=0.737944 pred_loss=1.017118 reg=0.000e+00 (90s)
[F1__LivestockAndFoodProducts__s2021] epoch 3: val_mse=0.714933 pred_loss=0.973827 reg=0.000e+00 (133s)
[F1__LivestockAndFoodProducts__s2021] epoch 4: val_mse=0.706146 pred_loss=0.943592 reg=0.000e+00 (176s)
[F1__LivestockAndFoodProducts__s2021] epoch 5: val_mse=0.706587 pred_loss=0.894561 reg=0.000e+00 (219s)
[F1__LivestockAndFoodProducts__s2021] epoch 6: val_mse=0.706466 pred_loss=0.957198 reg=0.000e+00 (262s)
[F1__LivestockAndFoodProducts__s2021] epoch 7: val_mse=0.716829 pred_loss=0.870684 reg=0.000e+00 (305s)
[F1__LivestockAndFoodProducts__s2021] epoch 8: val_mse=0.722576 pred_loss=0.887687 reg=0.000e+00 (347s)
[F1__LivestockAndFoodProducts__s2021] epoch 9: val_mse=0.717714 pred_loss=0.871703 reg=0.000e+00 (390s)
[F1__LivestockAndFoodProducts__s2021] epoch 10: val_mse=0.719678 pred_loss=0.883836 reg=0.000e+00 (433s)
[queue] DONE F1__LivestockAndFoodProducts__s2021 (197/285) wall=433.5s peak=904.9MB
[queue] START F2__LivestockAndFoodProducts__s2021 (free 21412MiB)
[F2__LivestockAndFoodProducts__s2021] epoch 1: val_mse=0.805167 pred_loss=1.190091 reg=0.000e+00 (47s)
[F2__LivestockAndFoodProducts__s2021] epoch 2: val_mse=0.737979 pred_loss=1.035958 reg=0.000e+00 (90s)
[F2__LivestockAndFoodProducts__s2021] epoch 3: val_mse=0.712685 pred_loss=1.008223 reg=0.000e+00 (133s)
[F2__LivestockAndFoodProducts__s2021] epoch 4: val_mse=0.697719 pred_loss=0.964303 reg=0.000e+00 (176s)
[F2__LivestockAndFoodProducts__s2021] epoch 5: val_mse=0.696782 pred_loss=0.912633 reg=0.000e+00 (219s)
[F2__LivestockAndFoodProducts__s2021] epoch 6: val_mse=0.694888 pred_loss=1.045719 reg=0.000e+00 (262s)
[F2__LivestockAndFoodProducts__s2021] epoch 7: val_mse=0.699537 pred_loss=0.931235 reg=0.000e+00 (305s)
[F2__LivestockAndFoodProducts__s2021] epoch 8: val_mse=0.705101 pred_loss=0.938261 reg=0.000e+00 (348s)
[F2__LivestockAndFoodProducts__s2021] epoch 9: val_mse=0.701546 pred_loss=0.905386 reg=0.000e+00 (391s)
[F2__LivestockAndFoodProducts__s2021] epoch 10: val_mse=0.699071 pred_loss=0.906191 reg=0.000e+00 (434s)
[queue] DONE F2__LivestockAndFoodProducts__s2021 (198/285) wall=434.0s peak=904.9MB
[queue] START F3__LivestockAndFoodProducts__s2021 (free 21412MiB)
[F3__LivestockAndFoodProducts__s2021] epoch 1: val_mse=0.807474 pred_loss=1.163753 reg=5.848e-05 (55s)
[F3__LivestockAndFoodProducts__s2021] epoch 2: val_mse=0.738194 pred_loss=1.017310 reg=3.291e-04 (107s)
[F3__LivestockAndFoodProducts__s2021] epoch 3: val_mse=0.715314 pred_loss=0.974147 reg=6.817e-04 (158s)
[F3__LivestockAndFoodProducts__s2021] epoch 4: val_mse=0.706501 pred_loss=0.944121 reg=1.048e-03 (209s)
[F3__LivestockAndFoodProducts__s2021] epoch 5: val_mse=0.706882 pred_loss=0.895188 reg=1.387e-03 (260s)
[F3__LivestockAndFoodProducts__s2021] epoch 6: val_mse=0.706637 pred_loss=0.958025 reg=1.746e-03 (310s)
[F3__LivestockAndFoodProducts__s2021] epoch 7: val_mse=0.716881 pred_loss=0.871510 reg=2.087e-03 (362s)
[F3__LivestockAndFoodProducts__s2021] epoch 8: val_mse=0.722441 pred_loss=0.888698 reg=2.391e-03 (412s)
[F3__LivestockAndFoodProducts__s2021] epoch 9: val_mse=0.717421 pred_loss=0.872691 reg=2.681e-03 (463s)
[F3__LivestockAndFoodProducts__s2021] epoch 10: val_mse=0.719047 pred_loss=0.885036 reg=2.915e-03 (514s)
[queue] DONE F3__LivestockAndFoodProducts__s2021 (199/285) wall=514.5s peak=904.9MB
[queue] START F4__LivestockAndFoodProducts__s2021 (free 21412MiB)
[F4__LivestockAndFoodProducts__s2021] epoch 1: val_mse=0.805258 pred_loss=1.190117 reg=5.672e-05 (55s)
[F4__LivestockAndFoodProducts__s2021] epoch 2: val_mse=0.738251 pred_loss=1.036139 reg=3.114e-04 (106s)
[F4__LivestockAndFoodProducts__s2021] epoch 3: val_mse=0.713102 pred_loss=1.008496 reg=6.405e-04 (157s)
[F4__LivestockAndFoodProducts__s2021] epoch 4: val_mse=0.698136 pred_loss=0.964822 reg=9.715e-04 (208s)
[F4__LivestockAndFoodProducts__s2021] epoch 5: val_mse=0.697208 pred_loss=0.913119 reg=1.283e-03 (260s)
[F4__LivestockAndFoodProducts__s2021] epoch 6: val_mse=0.695226 pred_loss=1.046445 reg=1.581e-03 (311s)
[F4__LivestockAndFoodProducts__s2021] epoch 7: val_mse=0.699845 pred_loss=0.931892 reg=1.861e-03 (362s)
[F4__LivestockAndFoodProducts__s2021] epoch 8: val_mse=0.705269 pred_loss=0.939129 reg=2.119e-03 (414s)
[F4__LivestockAndFoodProducts__s2021] epoch 9: val_mse=0.701643 pred_loss=0.906292 reg=2.420e-03 (465s)
[F4__LivestockAndFoodProducts__s2021] epoch 10: val_mse=0.699056 pred_loss=0.907015 reg=2.598e-03 (516s)
[queue] DONE F4__LivestockAndFoodProducts__s2021 (200/285) wall=516.0s peak=904.9MB
[queue] START F0__LivestockAndFoodProducts__s2022 (free 21412MiB)
[F0__LivestockAndFoodProducts__s2022] epoch 1: val_mse=0.804650 pred_loss=1.153371 reg=0.000e+00 (47s)
[F0__LivestockAndFoodProducts__s2022] epoch 2: val_mse=0.741991 pred_loss=0.961892 reg=0.000e+00 (90s)
[F0__LivestockAndFoodProducts__s2022] epoch 3: val_mse=0.709147 pred_loss=0.949303 reg=0.000e+00 (133s)
[F0__LivestockAndFoodProducts__s2022] epoch 4: val_mse=0.700449 pred_loss=0.923466 reg=0.000e+00 (176s)
[F0__LivestockAndFoodProducts__s2022] epoch 5: val_mse=0.697883 pred_loss=0.879086 reg=0.000e+00 (219s)
[F0__LivestockAndFoodProducts__s2022] epoch 6: val_mse=0.706807 pred_loss=0.852691 reg=0.000e+00 (261s)
[F0__LivestockAndFoodProducts__s2022] epoch 7: val_mse=0.705735 pred_loss=0.797703 reg=0.000e+00 (304s)
[F0__LivestockAndFoodProducts__s2022] epoch 8: val_mse=0.698150 pred_loss=0.831494 reg=0.000e+00 (347s)
[F0__LivestockAndFoodProducts__s2022] epoch 9: val_mse=0.703368 pred_loss=0.809358 reg=0.000e+00 (390s)
[F0__LivestockAndFoodProducts__s2022] epoch 10: val_mse=0.706287 pred_loss=0.781300 reg=0.000e+00 (433s)
[queue] DONE F0__LivestockAndFoodProducts__s2022 (201/285) wall=433.5s peak=904.9MB
[queue] START F1__LivestockAndFoodProducts__s2022 (free 21412MiB)
[F1__LivestockAndFoodProducts__s2022] epoch 1: val_mse=0.805689 pred_loss=1.146306 reg=0.000e+00 (46s)
[F1__LivestockAndFoodProducts__s2022] epoch 2: val_mse=0.729398 pred_loss=0.956161 reg=0.000e+00 (89s)
[F1__LivestockAndFoodProducts__s2022] epoch 3: val_mse=0.704672 pred_loss=0.927058 reg=0.000e+00 (125s)
[F1__LivestockAndFoodProducts__s2022] epoch 4: val_mse=0.698625 pred_loss=0.941198 reg=0.000e+00 (158s)
[F1__LivestockAndFoodProducts__s2022] epoch 5: val_mse=0.700027 pred_loss=0.941367 reg=0.000e+00 (191s)
[F1__LivestockAndFoodProducts__s2022] epoch 6: val_mse=0.701890 pred_loss=0.891558 reg=0.000e+00 (224s)
[F1__LivestockAndFoodProducts__s2022] epoch 7: val_mse=0.706404 pred_loss=0.849755 reg=0.000e+00 (258s)
[F1__LivestockAndFoodProducts__s2022] epoch 8: val_mse=0.702777 pred_loss=0.880931 reg=0.000e+00 (291s)
[F1__LivestockAndFoodProducts__s2022] epoch 9: val_mse=0.706697 pred_loss=0.934849 reg=0.000e+00 (324s)
[F1__LivestockAndFoodProducts__s2022] epoch 10: val_mse=0.711382 pred_loss=0.924362 reg=0.000e+00 (357s)
[queue] DONE F1__LivestockAndFoodProducts__s2022 (202/285) wall=357.0s peak=904.9MB
[queue] START F2__LivestockAndFoodProducts__s2022 (free 28795MiB)
[F2__LivestockAndFoodProducts__s2022] epoch 1: val_mse=0.805891 pred_loss=1.149730 reg=0.000e+00 (37s)
[F2__LivestockAndFoodProducts__s2022] epoch 2: val_mse=0.731481 pred_loss=0.966108 reg=0.000e+00 (70s)
[F2__LivestockAndFoodProducts__s2022] epoch 3: val_mse=0.703133 pred_loss=0.962090 reg=0.000e+00 (103s)
[F2__LivestockAndFoodProducts__s2022] epoch 4: val_mse=0.692925 pred_loss=0.977895 reg=0.000e+00 (136s)
[F2__LivestockAndFoodProducts__s2022] epoch 5: val_mse=0.694206 pred_loss=0.974941 reg=0.000e+00 (170s)
[F2__LivestockAndFoodProducts__s2022] epoch 6: val_mse=0.694088 pred_loss=0.928728 reg=0.000e+00 (203s)
[F2__LivestockAndFoodProducts__s2022] epoch 7: val_mse=0.698823 pred_loss=0.886962 reg=0.000e+00 (236s)
[F2__LivestockAndFoodProducts__s2022] epoch 8: val_mse=0.692298 pred_loss=0.938708 reg=0.000e+00 (269s)
[F2__LivestockAndFoodProducts__s2022] epoch 9: val_mse=0.695339 pred_loss=0.977800 reg=0.000e+00 (303s)
[F2__LivestockAndFoodProducts__s2022] epoch 10: val_mse=0.697612 pred_loss=0.968872 reg=0.000e+00 (336s)
[queue] DONE F2__LivestockAndFoodProducts__s2022 (203/285) wall=335.9s peak=904.9MB
[queue] START F3__LivestockAndFoodProducts__s2022 (free 28795MiB)
[F3__LivestockAndFoodProducts__s2022] epoch 1: val_mse=0.805782 pred_loss=1.146340 reg=6.167e-05 (44s)
[F3__LivestockAndFoodProducts__s2022] epoch 2: val_mse=0.729659 pred_loss=0.956360 reg=3.402e-04 (84s)
[F3__LivestockAndFoodProducts__s2022] epoch 3: val_mse=0.705055 pred_loss=0.927379 reg=7.212e-04 (124s)
[F3__LivestockAndFoodProducts__s2022] epoch 4: val_mse=0.699028 pred_loss=0.941773 reg=1.070e-03 (164s)
[F3__LivestockAndFoodProducts__s2022] epoch 5: val_mse=0.700391 pred_loss=0.941938 reg=1.380e-03 (205s)
[F3__LivestockAndFoodProducts__s2022] epoch 6: val_mse=0.702175 pred_loss=0.892211 reg=1.629e-03 (245s)
[F3__LivestockAndFoodProducts__s2022] epoch 7: val_mse=0.706584 pred_loss=0.850614 reg=1.965e-03 (285s)
[F3__LivestockAndFoodProducts__s2022] epoch 8: val_mse=0.702717 pred_loss=0.882070 reg=2.265e-03 (326s)
[F3__LivestockAndFoodProducts__s2022] epoch 9: val_mse=0.706641 pred_loss=0.935623 reg=2.523e-03 (366s)
[F3__LivestockAndFoodProducts__s2022] epoch 10: val_mse=0.711181 pred_loss=0.925437 reg=2.740e-03 (406s)
[queue] DONE F3__LivestockAndFoodProducts__s2022 (204/285) wall=406.5s peak=904.9MB
[queue] START F4__LivestockAndFoodProducts__s2022 (free 28795MiB)
[F4__LivestockAndFoodProducts__s2022] epoch 1: val_mse=0.805989 pred_loss=1.149762 reg=5.960e-05 (44s)
[F4__LivestockAndFoodProducts__s2022] epoch 2: val_mse=0.731760 pred_loss=0.966287 reg=3.180e-04 (85s)
[F4__LivestockAndFoodProducts__s2022] epoch 3: val_mse=0.703542 pred_loss=0.962384 reg=6.639e-04 (125s)
[F4__LivestockAndFoodProducts__s2022] epoch 4: val_mse=0.693387 pred_loss=0.978393 reg=9.640e-04 (166s)
[F4__LivestockAndFoodProducts__s2022] epoch 5: val_mse=0.694692 pred_loss=0.975356 reg=1.218e-03 (206s)
[F4__LivestockAndFoodProducts__s2022] epoch 6: val_mse=0.694525 pred_loss=0.929385 reg=1.432e-03 (247s)
[F4__LivestockAndFoodProducts__s2022] epoch 7: val_mse=0.699193 pred_loss=0.887631 reg=1.733e-03 (288s)
[F4__LivestockAndFoodProducts__s2022] epoch 8: val_mse=0.692470 pred_loss=0.939748 reg=1.977e-03 (329s)
[F4__LivestockAndFoodProducts__s2022] epoch 9: val_mse=0.695544 pred_loss=0.978414 reg=2.208e-03 (369s)
[F4__LivestockAndFoodProducts__s2022] epoch 10: val_mse=0.697806 pred_loss=0.969717 reg=2.378e-03 (410s)
[queue] DONE F4__LivestockAndFoodProducts__s2022 (205/285) wall=409.7s peak=904.9MB
[queue] START F0__LivestockAndFoodProducts__s2023 (free 28795MiB)
[F0__LivestockAndFoodProducts__s2023] epoch 1: val_mse=0.805756 pred_loss=1.111545 reg=0.000e+00 (36s)
[F0__LivestockAndFoodProducts__s2023] epoch 2: val_mse=0.739295 pred_loss=0.999663 reg=0.000e+00 (70s)
[F0__LivestockAndFoodProducts__s2023] epoch 3: val_mse=0.722979 pred_loss=0.905462 reg=0.000e+00 (104s)
[F0__LivestockAndFoodProducts__s2023] epoch 4: val_mse=0.707025 pred_loss=0.925844 reg=0.000e+00 (144s)
[F0__LivestockAndFoodProducts__s2023] epoch 5: val_mse=0.703118 pred_loss=0.870251 reg=0.000e+00 (184s)
[F0__LivestockAndFoodProducts__s2023] epoch 6: val_mse=0.703415 pred_loss=0.816682 reg=0.000e+00 (225s)
[F0__LivestockAndFoodProducts__s2023] epoch 7: val_mse=0.699971 pred_loss=0.856642 reg=0.000e+00 (265s)
[F0__LivestockAndFoodProducts__s2023] epoch 8: val_mse=0.700418 pred_loss=0.843784 reg=0.000e+00 (306s)
[F0__LivestockAndFoodProducts__s2023] epoch 9: val_mse=0.703281 pred_loss=0.805174 reg=0.000e+00 (347s)
[F0__LivestockAndFoodProducts__s2023] epoch 10: val_mse=0.717253 pred_loss=0.791861 reg=0.000e+00 (388s)
[queue] DONE F0__LivestockAndFoodProducts__s2023 (206/285) wall=387.6s peak=904.9MB
[queue] START F1__LivestockAndFoodProducts__s2023 (free 26580MiB)
[F1__LivestockAndFoodProducts__s2023] epoch 1: val_mse=0.802664 pred_loss=1.163431 reg=0.000e+00 (45s)
[F1__LivestockAndFoodProducts__s2023] epoch 2: val_mse=0.738895 pred_loss=1.010285 reg=0.000e+00 (86s)
[F1__LivestockAndFoodProducts__s2023] epoch 3: val_mse=0.719157 pred_loss=1.008400 reg=0.000e+00 (127s)
[F1__LivestockAndFoodProducts__s2023] epoch 4: val_mse=0.708904 pred_loss=0.972214 reg=0.000e+00 (168s)
[F1__LivestockAndFoodProducts__s2023] epoch 5: val_mse=0.700561 pred_loss=0.973636 reg=0.000e+00 (226s)
[F1__LivestockAndFoodProducts__s2023] epoch 6: val_mse=0.703579 pred_loss=0.907926 reg=0.000e+00 (298s)
[F1__LivestockAndFoodProducts__s2023] epoch 7: val_mse=0.702443 pred_loss=0.910339 reg=0.000e+00 (354s)
[F1__LivestockAndFoodProducts__s2023] epoch 8: val_mse=0.704680 pred_loss=0.891008 reg=0.000e+00 (395s)
[F1__LivestockAndFoodProducts__s2023] epoch 9: val_mse=0.702958 pred_loss=0.880479 reg=0.000e+00 (436s)
[F1__LivestockAndFoodProducts__s2023] epoch 10: val_mse=0.717086 pred_loss=0.931210 reg=0.000e+00 (477s)
[queue] DONE F1__LivestockAndFoodProducts__s2023 (207/285) wall=477.3s peak=904.9MB
[queue] START F2__LivestockAndFoodProducts__s2023 (free 26580MiB)
[F2__LivestockAndFoodProducts__s2023] epoch 1: val_mse=0.802117 pred_loss=1.183402 reg=0.000e+00 (46s)
[F2__LivestockAndFoodProducts__s2023] epoch 2: val_mse=0.738112 pred_loss=1.024180 reg=0.000e+00 (87s)
[F2__LivestockAndFoodProducts__s2023] epoch 3: val_mse=0.716348 pred_loss=1.023042 reg=0.000e+00 (130s)
[F2__LivestockAndFoodProducts__s2023] epoch 4: val_mse=0.702269 pred_loss=1.010843 reg=0.000e+00 (188s)
[F2__LivestockAndFoodProducts__s2023] epoch 5: val_mse=0.692137 pred_loss=1.010174 reg=0.000e+00 (248s)
[F2__LivestockAndFoodProducts__s2023] epoch 6: val_mse=0.693874 pred_loss=0.939338 reg=0.000e+00 (307s)
[F2__LivestockAndFoodProducts__s2023] epoch 7: val_mse=0.692731 pred_loss=0.942594 reg=0.000e+00 (377s)
[F2__LivestockAndFoodProducts__s2023] epoch 8: val_mse=0.693527 pred_loss=0.935314 reg=0.000e+00 (455s)
[F2__LivestockAndFoodProducts__s2023] epoch 9: val_mse=0.689062 pred_loss=0.905201 reg=0.000e+00 (532s)
[F2__LivestockAndFoodProducts__s2023] epoch 10: val_mse=0.698614 pred_loss=0.951851 reg=0.000e+00 (609s)
[queue] DONE F2__LivestockAndFoodProducts__s2023 (208/285) wall=609.1s peak=904.9MB
[queue] START F3__LivestockAndFoodProducts__s2023 (free 18185MiB)
[F3__LivestockAndFoodProducts__s2023] epoch 1: val_mse=0.802747 pred_loss=1.163466 reg=5.909e-05 (90s)
[F3__LivestockAndFoodProducts__s2023] epoch 2: val_mse=0.739151 pred_loss=1.010450 reg=3.367e-04 (175s)
[F3__LivestockAndFoodProducts__s2023] epoch 3: val_mse=0.719552 pred_loss=1.008687 reg=6.814e-04 (259s)
[F3__LivestockAndFoodProducts__s2023] epoch 4: val_mse=0.709271 pred_loss=0.972723 reg=9.983e-04 (343s)
[F3__LivestockAndFoodProducts__s2023] epoch 5: val_mse=0.700806 pred_loss=0.974338 reg=1.363e-03 (428s)
[F3__LivestockAndFoodProducts__s2023] epoch 6: val_mse=0.703686 pred_loss=0.908597 reg=1.723e-03 (513s)
[F3__LivestockAndFoodProducts__s2023] epoch 7: val_mse=0.702478 pred_loss=0.911077 reg=2.018e-03 (598s)
[F3__LivestockAndFoodProducts__s2023] epoch 8: val_mse=0.704553 pred_loss=0.892045 reg=2.306e-03 (683s)
[F3__LivestockAndFoodProducts__s2023] epoch 9: val_mse=0.702704 pred_loss=0.881671 reg=2.630e-03 (767s)
[F3__LivestockAndFoodProducts__s2023] epoch 10: val_mse=0.716759 pred_loss=0.932416 reg=2.862e-03 (852s)
[queue] DONE F3__LivestockAndFoodProducts__s2023 (209/285) wall=851.8s peak=904.9MB
[queue] START F4__LivestockAndFoodProducts__s2023 (free 18185MiB)
[F4__LivestockAndFoodProducts__s2023] epoch 1: val_mse=0.802203 pred_loss=1.183435 reg=5.784e-05 (90s)
[F4__LivestockAndFoodProducts__s2023] epoch 2: val_mse=0.738389 pred_loss=1.024335 reg=3.119e-04 (174s)
[F4__LivestockAndFoodProducts__s2023] epoch 3: val_mse=0.716767 pred_loss=1.023314 reg=6.309e-04 (259s)
[F4__LivestockAndFoodProducts__s2023] epoch 4: val_mse=0.702686 pred_loss=1.011295 reg=9.288e-04 (343s)
[F4__LivestockAndFoodProducts__s2023] epoch 5: val_mse=0.692512 pred_loss=1.010777 reg=1.245e-03 (427s)
[F4__LivestockAndFoodProducts__s2023] epoch 6: val_mse=0.694154 pred_loss=0.939882 reg=1.555e-03 (512s)
[F4__LivestockAndFoodProducts__s2023] epoch 7: val_mse=0.692992 pred_loss=0.943197 reg=1.766e-03 (597s)
[F4__LivestockAndFoodProducts__s2023] epoch 8: val_mse=0.693707 pred_loss=0.936170 reg=2.010e-03 (678s)
[F4__LivestockAndFoodProducts__s2023] epoch 9: val_mse=0.689136 pred_loss=0.906026 reg=2.275e-03 (753s)
[F4__LivestockAndFoodProducts__s2023] epoch 10: val_mse=0.698657 pred_loss=0.952789 reg=2.452e-03 (828s)
[queue] DONE F4__LivestockAndFoodProducts__s2023 (210/285) wall=827.8s peak=904.9MB
[queue] START F0__RawMaterialsAndConstruction__s2021 (free 20400MiB)
[F0__RawMaterialsAndConstruction__s2021] epoch 1: val_mse=1.416907 pred_loss=0.978800 reg=0.000e+00 (94s)
[F0__RawMaterialsAndConstruction__s2021] epoch 2: val_mse=1.339234 pred_loss=0.916297 reg=0.000e+00 (182s)
[F0__RawMaterialsAndConstruction__s2021] epoch 3: val_mse=1.318586 pred_loss=0.881924 reg=0.000e+00 (271s)
[F0__RawMaterialsAndConstruction__s2021] epoch 4: val_mse=1.311294 pred_loss=0.878131 reg=0.000e+00 (359s)
[F0__RawMaterialsAndConstruction__s2021] epoch 5: val_mse=1.296282 pred_loss=0.861560 reg=0.000e+00 (448s)
[F0__RawMaterialsAndConstruction__s2021] epoch 6: val_mse=1.286370 pred_loss=0.902998 reg=0.000e+00 (536s)
[F0__RawMaterialsAndConstruction__s2021] epoch 7: val_mse=1.287298 pred_loss=0.843228 reg=0.000e+00 (624s)
[F0__RawMaterialsAndConstruction__s2021] epoch 8: val_mse=1.280916 pred_loss=0.842764 reg=0.000e+00 (694s)
[F0__RawMaterialsAndConstruction__s2021] epoch 9: val_mse=1.258768 pred_loss=0.801605 reg=0.000e+00 (759s)
[F0__RawMaterialsAndConstruction__s2021] epoch 10: val_mse=1.273137 pred_loss=0.798994 reg=0.000e+00 (825s)
[queue] DONE F0__RawMaterialsAndConstruction__s2021 (211/285) wall=825.0s peak=904.9MB
[queue] START F1__RawMaterialsAndConstruction__s2021 (free 19144MiB)
[F1__RawMaterialsAndConstruction__s2021] epoch 1: val_mse=1.405948 pred_loss=0.936409 reg=0.000e+00 (84s)
[F1__RawMaterialsAndConstruction__s2021] epoch 2: val_mse=1.328756 pred_loss=0.896023 reg=0.000e+00 (164s)
[F1__RawMaterialsAndConstruction__s2021] epoch 3: val_mse=1.298826 pred_loss=0.833772 reg=0.000e+00 (243s)
[F1__RawMaterialsAndConstruction__s2021] epoch 4: val_mse=1.280308 pred_loss=0.828779 reg=0.000e+00 (323s)
[F1__RawMaterialsAndConstruction__s2021] epoch 5: val_mse=1.272820 pred_loss=0.818744 reg=0.000e+00 (404s)
[F1__RawMaterialsAndConstruction__s2021] epoch 6: val_mse=1.255868 pred_loss=0.856592 reg=0.000e+00 (484s)
[F1__RawMaterialsAndConstruction__s2021] epoch 7: val_mse=1.250193 pred_loss=0.815614 reg=0.000e+00 (564s)
[F1__RawMaterialsAndConstruction__s2021] epoch 8: val_mse=1.254316 pred_loss=0.852856 reg=0.000e+00 (644s)
[F1__RawMaterialsAndConstruction__s2021] epoch 9: val_mse=1.231930 pred_loss=0.814014 reg=0.000e+00 (719s)
[F1__RawMaterialsAndConstruction__s2021] epoch 10: val_mse=1.239092 pred_loss=0.801810 reg=0.000e+00 (775s)
[queue] DONE F1__RawMaterialsAndConstruction__s2021 (212/285) wall=775.2s peak=904.9MB
[queue] START F2__RawMaterialsAndConstruction__s2021 (free 21448MiB)
[F2__RawMaterialsAndConstruction__s2021] epoch 1: val_mse=1.410689 pred_loss=0.949751 reg=0.000e+00 (60s)
[F2__RawMaterialsAndConstruction__s2021] epoch 2: val_mse=1.334503 pred_loss=0.919106 reg=0.000e+00 (116s)
[F2__RawMaterialsAndConstruction__s2021] epoch 3: val_mse=1.297266 pred_loss=0.850400 reg=0.000e+00 (173s)
[F2__RawMaterialsAndConstruction__s2021] epoch 4: val_mse=1.284976 pred_loss=0.851648 reg=0.000e+00 (230s)
[F2__RawMaterialsAndConstruction__s2021] epoch 5: val_mse=1.275207 pred_loss=0.862667 reg=0.000e+00 (286s)
[F2__RawMaterialsAndConstruction__s2021] epoch 6: val_mse=1.260848 pred_loss=0.881269 reg=0.000e+00 (343s)
[F2__RawMaterialsAndConstruction__s2021] epoch 7: val_mse=1.255400 pred_loss=0.851089 reg=0.000e+00 (399s)
[F2__RawMaterialsAndConstruction__s2021] epoch 8: val_mse=1.257754 pred_loss=0.893701 reg=0.000e+00 (456s)
[F2__RawMaterialsAndConstruction__s2021] epoch 9: val_mse=1.238550 pred_loss=0.836802 reg=0.000e+00 (512s)
[F2__RawMaterialsAndConstruction__s2021] epoch 10: val_mse=1.249048 pred_loss=0.831286 reg=0.000e+00 (568s)
[queue] DONE F2__RawMaterialsAndConstruction__s2021 (213/285) wall=568.4s peak=904.9MB
[queue] START F3__RawMaterialsAndConstruction__s2021 (free 21446MiB)
[F3__RawMaterialsAndConstruction__s2021] epoch 1: val_mse=1.406203 pred_loss=0.936448 reg=7.885e-05 (71s)
[F3__RawMaterialsAndConstruction__s2021] epoch 2: val_mse=1.329441 pred_loss=0.896211 reg=4.231e-04 (138s)
[F3__RawMaterialsAndConstruction__s2021] epoch 3: val_mse=1.299912 pred_loss=0.834066 reg=7.976e-04 (205s)
[F3__RawMaterialsAndConstruction__s2021] epoch 4: val_mse=1.281641 pred_loss=0.829153 reg=1.111e-03 (272s)
[F3__RawMaterialsAndConstruction__s2021] epoch 5: val_mse=1.274481 pred_loss=0.819222 reg=1.407e-03 (339s)
[F3__RawMaterialsAndConstruction__s2021] epoch 6: val_mse=1.257660 pred_loss=0.857261 reg=1.704e-03 (405s)
[F3__RawMaterialsAndConstruction__s2021] epoch 7: val_mse=1.252141 pred_loss=0.816294 reg=2.023e-03 (472s)
[F3__RawMaterialsAndConstruction__s2021] epoch 8: val_mse=1.256418 pred_loss=0.853716 reg=2.300e-03 (538s)
[F3__RawMaterialsAndConstruction__s2021] epoch 9: val_mse=1.234141 pred_loss=0.814814 reg=2.533e-03 (605s)
[F3__RawMaterialsAndConstruction__s2021] epoch 10: val_mse=1.241618 pred_loss=0.802721 reg=2.749e-03 (672s)
[queue] DONE F3__RawMaterialsAndConstruction__s2021 (214/285) wall=672.1s peak=904.9MB
[queue] START F4__RawMaterialsAndConstruction__s2021 (free 21446MiB)
[F4__RawMaterialsAndConstruction__s2021] epoch 1: val_mse=1.410946 pred_loss=0.949786 reg=7.069e-05 (71s)
[F4__RawMaterialsAndConstruction__s2021] epoch 2: val_mse=1.335196 pred_loss=0.919276 reg=3.742e-04 (139s)
[F4__RawMaterialsAndConstruction__s2021] epoch 3: val_mse=1.298342 pred_loss=0.850698 reg=7.240e-04 (206s)
[F4__RawMaterialsAndConstruction__s2021] epoch 4: val_mse=1.286377 pred_loss=0.851975 reg=1.023e-03 (274s)
[F4__RawMaterialsAndConstruction__s2021] epoch 5: val_mse=1.276893 pred_loss=0.863086 reg=1.262e-03 (341s)
[F4__RawMaterialsAndConstruction__s2021] epoch 6: val_mse=1.262717 pred_loss=0.881803 reg=1.504e-03 (408s)
[F4__RawMaterialsAndConstruction__s2021] epoch 7: val_mse=1.257449 pred_loss=0.851676 reg=1.746e-03 (475s)
[F4__RawMaterialsAndConstruction__s2021] epoch 8: val_mse=1.259940 pred_loss=0.894425 reg=1.986e-03 (542s)
[F4__RawMaterialsAndConstruction__s2021] epoch 9: val_mse=1.240863 pred_loss=0.837338 reg=2.150e-03 (610s)
[F4__RawMaterialsAndConstruction__s2021] epoch 10: val_mse=1.251573 pred_loss=0.831991 reg=2.319e-03 (677s)
[queue] DONE F4__RawMaterialsAndConstruction__s2021 (215/285) wall=676.8s peak=904.9MB
[queue] START F0__RawMaterialsAndConstruction__s2022 (free 20952MiB)
[F0__RawMaterialsAndConstruction__s2022] epoch 1: val_mse=1.424142 pred_loss=0.995955 reg=0.000e+00 (61s)
[F0__RawMaterialsAndConstruction__s2022] epoch 2: val_mse=1.346217 pred_loss=0.935471 reg=0.000e+00 (117s)
[F0__RawMaterialsAndConstruction__s2022] epoch 3: val_mse=1.310215 pred_loss=0.929865 reg=0.000e+00 (174s)
[F0__RawMaterialsAndConstruction__s2022] epoch 4: val_mse=1.303900 pred_loss=0.912136 reg=0.000e+00 (230s)
[F0__RawMaterialsAndConstruction__s2022] epoch 5: val_mse=1.309813 pred_loss=0.874178 reg=0.000e+00 (278s)
[F0__RawMaterialsAndConstruction__s2022] epoch 6: val_mse=1.279706 pred_loss=0.831562 reg=0.000e+00 (322s)
[F0__RawMaterialsAndConstruction__s2022] epoch 7: val_mse=1.283588 pred_loss=0.850947 reg=0.000e+00 (365s)
[F0__RawMaterialsAndConstruction__s2022] epoch 8: val_mse=1.267218 pred_loss=0.838844 reg=0.000e+00 (408s)
[F0__RawMaterialsAndConstruction__s2022] epoch 9: val_mse=1.277549 pred_loss=0.830099 reg=0.000e+00 (452s)
[F0__RawMaterialsAndConstruction__s2022] epoch 10: val_mse=1.275265 pred_loss=0.791962 reg=0.000e+00 (495s)
[queue] DONE F0__RawMaterialsAndConstruction__s2022 (216/285) wall=495.1s peak=904.9MB
[queue] START F1__RawMaterialsAndConstruction__s2022 (free 28595MiB)
[F1__RawMaterialsAndConstruction__s2022] epoch 1: val_mse=1.407380 pred_loss=0.951876 reg=0.000e+00 (47s)
[F1__RawMaterialsAndConstruction__s2022] epoch 2: val_mse=1.342553 pred_loss=0.899797 reg=0.000e+00 (90s)
[F1__RawMaterialsAndConstruction__s2022] epoch 3: val_mse=1.297896 pred_loss=0.880128 reg=0.000e+00 (134s)
[F1__RawMaterialsAndConstruction__s2022] epoch 4: val_mse=1.280584 pred_loss=0.856455 reg=0.000e+00 (177s)
[F1__RawMaterialsAndConstruction__s2022] epoch 5: val_mse=1.274929 pred_loss=0.837711 reg=0.000e+00 (220s)
[F1__RawMaterialsAndConstruction__s2022] epoch 6: val_mse=1.254300 pred_loss=0.813193 reg=0.000e+00 (264s)
[F1__RawMaterialsAndConstruction__s2022] epoch 7: val_mse=1.249795 pred_loss=0.822426 reg=0.000e+00 (312s)
[F1__RawMaterialsAndConstruction__s2022] epoch 8: val_mse=1.233906 pred_loss=0.835367 reg=0.000e+00 (356s)
[F1__RawMaterialsAndConstruction__s2022] epoch 9: val_mse=1.243447 pred_loss=0.826677 reg=0.000e+00 (400s)
[F1__RawMaterialsAndConstruction__s2022] epoch 10: val_mse=1.244019 pred_loss=0.807396 reg=0.000e+00 (443s)
[queue] DONE F1__RawMaterialsAndConstruction__s2022 (217/285) wall=443.0s peak=904.9MB
[queue] START F2__RawMaterialsAndConstruction__s2022 (free 27054MiB)
[F2__RawMaterialsAndConstruction__s2022] epoch 1: val_mse=1.415586 pred_loss=0.956063 reg=0.000e+00 (47s)
[F2__RawMaterialsAndConstruction__s2022] epoch 2: val_mse=1.353747 pred_loss=0.921541 reg=0.000e+00 (95s)
[F2__RawMaterialsAndConstruction__s2022] epoch 3: val_mse=1.303987 pred_loss=0.887954 reg=0.000e+00 (149s)
[F2__RawMaterialsAndConstruction__s2022] epoch 4: val_mse=1.289287 pred_loss=0.866898 reg=0.000e+00 (205s)
[F2__RawMaterialsAndConstruction__s2022] epoch 5: val_mse=1.280303 pred_loss=0.854371 reg=0.000e+00 (261s)
[F2__RawMaterialsAndConstruction__s2022] epoch 6: val_mse=1.261294 pred_loss=0.829518 reg=0.000e+00 (316s)
[F2__RawMaterialsAndConstruction__s2022] epoch 7: val_mse=1.254579 pred_loss=0.847065 reg=0.000e+00 (372s)
[F2__RawMaterialsAndConstruction__s2022] epoch 8: val_mse=1.242075 pred_loss=0.875252 reg=0.000e+00 (428s)
[F2__RawMaterialsAndConstruction__s2022] epoch 9: val_mse=1.252100 pred_loss=0.852749 reg=0.000e+00 (484s)
[F2__RawMaterialsAndConstruction__s2022] epoch 10: val_mse=1.251683 pred_loss=0.827196 reg=0.000e+00 (540s)
[queue] DONE F2__RawMaterialsAndConstruction__s2022 (218/285) wall=539.6s peak=904.9MB
[queue] START F3__RawMaterialsAndConstruction__s2022 (free 25530MiB)
[F3__RawMaterialsAndConstruction__s2022] epoch 1: val_mse=1.407625 pred_loss=0.951912 reg=7.866e-05 (74s)
[F3__RawMaterialsAndConstruction__s2022] epoch 2: val_mse=1.343237 pred_loss=0.899975 reg=3.770e-04 (151s)
[F3__RawMaterialsAndConstruction__s2022] epoch 3: val_mse=1.298928 pred_loss=0.880495 reg=7.547e-04 (227s)
[F3__RawMaterialsAndConstruction__s2022] epoch 4: val_mse=1.281871 pred_loss=0.856868 reg=1.144e-03 (304s)
[F3__RawMaterialsAndConstruction__s2022] epoch 5: val_mse=1.276556 pred_loss=0.838255 reg=1.487e-03 (380s)
[F3__RawMaterialsAndConstruction__s2022] epoch 6: val_mse=1.256042 pred_loss=0.813743 reg=1.782e-03 (463s)
[F3__RawMaterialsAndConstruction__s2022] epoch 7: val_mse=1.251685 pred_loss=0.823207 reg=2.078e-03 (553s)
[F3__RawMaterialsAndConstruction__s2022] epoch 8: val_mse=1.235928 pred_loss=0.836026 reg=2.335e-03 (643s)
[F3__RawMaterialsAndConstruction__s2022] epoch 9: val_mse=1.245754 pred_loss=0.827499 reg=2.527e-03 (734s)
[F3__RawMaterialsAndConstruction__s2022] epoch 10: val_mse=1.246480 pred_loss=0.808226 reg=2.728e-03 (822s)
[queue] DONE F3__RawMaterialsAndConstruction__s2022 (219/285) wall=821.9s peak=904.9MB
[queue] START F4__RawMaterialsAndConstruction__s2022 (free 21210MiB)
[F4__RawMaterialsAndConstruction__s2022] epoch 1: val_mse=1.415843 pred_loss=0.956094 reg=7.149e-05 (95s)
[F4__RawMaterialsAndConstruction__s2022] epoch 2: val_mse=1.354450 pred_loss=0.921703 reg=3.301e-04 (186s)
[F4__RawMaterialsAndConstruction__s2022] epoch 3: val_mse=1.305023 pred_loss=0.888287 reg=6.688e-04 (275s)
[F4__RawMaterialsAndConstruction__s2022] epoch 4: val_mse=1.290620 pred_loss=0.867236 reg=1.004e-03 (365s)
[F4__RawMaterialsAndConstruction__s2022] epoch 5: val_mse=1.281916 pred_loss=0.854853 reg=1.277e-03 (455s)
[F4__RawMaterialsAndConstruction__s2022] epoch 6: val_mse=1.263037 pred_loss=0.830023 reg=1.543e-03 (545s)
[F4__RawMaterialsAndConstruction__s2022] epoch 7: val_mse=1.256519 pred_loss=0.847708 reg=1.773e-03 (635s)
[F4__RawMaterialsAndConstruction__s2022] epoch 8: val_mse=1.244171 pred_loss=0.875756 reg=1.993e-03 (725s)
[F4__RawMaterialsAndConstruction__s2022] epoch 9: val_mse=1.254484 pred_loss=0.853455 reg=2.128e-03 (815s)
[F4__RawMaterialsAndConstruction__s2022] epoch 10: val_mse=1.254056 pred_loss=0.827914 reg=2.301e-03 (905s)
[queue] DONE F4__RawMaterialsAndConstruction__s2022 (220/285) wall=905.0s peak=904.9MB
[queue] START F0__RawMaterialsAndConstruction__s2023 (free 21210MiB)
[F0__RawMaterialsAndConstruction__s2023] epoch 1: val_mse=1.425735 pred_loss=1.008203 reg=0.000e+00 (85s)
[F0__RawMaterialsAndConstruction__s2023] epoch 2: val_mse=1.347233 pred_loss=0.934564 reg=0.000e+00 (165s)
[F0__RawMaterialsAndConstruction__s2023] epoch 3: val_mse=1.305572 pred_loss=0.930331 reg=0.000e+00 (245s)
[F0__RawMaterialsAndConstruction__s2023] epoch 4: val_mse=1.299475 pred_loss=0.875637 reg=0.000e+00 (325s)
[F0__RawMaterialsAndConstruction__s2023] epoch 5: val_mse=1.285897 pred_loss=0.851017 reg=0.000e+00 (405s)
[F0__RawMaterialsAndConstruction__s2023] epoch 6: val_mse=1.270760 pred_loss=0.846106 reg=0.000e+00 (475s)
[F0__RawMaterialsAndConstruction__s2023] epoch 7: val_mse=1.286907 pred_loss=0.847578 reg=0.000e+00 (542s)
[F0__RawMaterialsAndConstruction__s2023] epoch 8: val_mse=1.281554 pred_loss=0.844214 reg=0.000e+00 (608s)
[F0__RawMaterialsAndConstruction__s2023] epoch 9: val_mse=1.270873 pred_loss=0.804330 reg=0.000e+00 (674s)
[F0__RawMaterialsAndConstruction__s2023] epoch 10: val_mse=1.255587 pred_loss=0.827763 reg=0.000e+00 (740s)
[queue] DONE F0__RawMaterialsAndConstruction__s2023 (221/285) wall=740.4s peak=904.9MB
[queue] START F1__RawMaterialsAndConstruction__s2023 (free 23781MiB)
[F1__RawMaterialsAndConstruction__s2023] epoch 1: val_mse=1.418025 pred_loss=0.973028 reg=0.000e+00 (71s)
[F1__RawMaterialsAndConstruction__s2023] epoch 2: val_mse=1.334379 pred_loss=0.904365 reg=0.000e+00 (137s)
[F1__RawMaterialsAndConstruction__s2023] epoch 3: val_mse=1.303617 pred_loss=0.875543 reg=0.000e+00 (204s)
[F1__RawMaterialsAndConstruction__s2023] epoch 4: val_mse=1.270920 pred_loss=0.833781 reg=0.000e+00 (270s)
[F1__RawMaterialsAndConstruction__s2023] epoch 5: val_mse=1.266868 pred_loss=0.796042 reg=0.000e+00 (336s)
[F1__RawMaterialsAndConstruction__s2023] epoch 6: val_mse=1.256290 pred_loss=0.817999 reg=0.000e+00 (402s)
[F1__RawMaterialsAndConstruction__s2023] epoch 7: val_mse=1.248361 pred_loss=0.834784 reg=0.000e+00 (469s)
[F1__RawMaterialsAndConstruction__s2023] epoch 8: val_mse=1.252058 pred_loss=0.830954 reg=0.000e+00 (531s)
[F1__RawMaterialsAndConstruction__s2023] epoch 9: val_mse=1.259829 pred_loss=0.810808 reg=0.000e+00 (585s)
[F1__RawMaterialsAndConstruction__s2023] epoch 10: val_mse=1.242092 pred_loss=0.846540 reg=0.000e+00 (639s)
[queue] DONE F1__RawMaterialsAndConstruction__s2023 (222/285) wall=639.5s peak=904.9MB
[queue] START F2__RawMaterialsAndConstruction__s2023 (free 25924MiB)
[F2__RawMaterialsAndConstruction__s2023] epoch 1: val_mse=1.417677 pred_loss=0.981222 reg=0.000e+00 (58s)
[F2__RawMaterialsAndConstruction__s2023] epoch 2: val_mse=1.341881 pred_loss=0.923029 reg=0.000e+00 (112s)
[F2__RawMaterialsAndConstruction__s2023] epoch 3: val_mse=1.313974 pred_loss=0.894117 reg=0.000e+00 (161s)
[F2__RawMaterialsAndConstruction__s2023] epoch 4: val_mse=1.281963 pred_loss=0.861134 reg=0.000e+00 (205s)
[F2__RawMaterialsAndConstruction__s2023] epoch 5: val_mse=1.276161 pred_loss=0.833915 reg=0.000e+00 (249s)
[F2__RawMaterialsAndConstruction__s2023] epoch 6: val_mse=1.260422 pred_loss=0.843647 reg=0.000e+00 (293s)
[F2__RawMaterialsAndConstruction__s2023] epoch 7: val_mse=1.256048 pred_loss=0.863231 reg=0.000e+00 (337s)
[F2__RawMaterialsAndConstruction__s2023] epoch 8: val_mse=1.262361 pred_loss=0.849594 reg=0.000e+00 (381s)
[F2__RawMaterialsAndConstruction__s2023] epoch 9: val_mse=1.265042 pred_loss=0.829663 reg=0.000e+00 (425s)
[F2__RawMaterialsAndConstruction__s2023] epoch 10: val_mse=1.252897 pred_loss=0.881021 reg=0.000e+00 (469s)
[queue] DONE F2__RawMaterialsAndConstruction__s2023 (223/285) wall=469.5s peak=904.9MB
[queue] START F3__RawMaterialsAndConstruction__s2023 (free 28102MiB)
[F3__RawMaterialsAndConstruction__s2023] epoch 1: val_mse=1.418274 pred_loss=0.973068 reg=7.857e-05 (56s)
[F3__RawMaterialsAndConstruction__s2023] epoch 2: val_mse=1.335081 pred_loss=0.904532 reg=3.957e-04 (110s)
[F3__RawMaterialsAndConstruction__s2023] epoch 3: val_mse=1.304696 pred_loss=0.875879 reg=7.571e-04 (163s)
[F3__RawMaterialsAndConstruction__s2023] epoch 4: val_mse=1.272260 pred_loss=0.834224 reg=1.119e-03 (216s)
[F3__RawMaterialsAndConstruction__s2023] epoch 5: val_mse=1.268536 pred_loss=0.796515 reg=1.452e-03 (269s)
[F3__RawMaterialsAndConstruction__s2023] epoch 6: val_mse=1.258137 pred_loss=0.818658 reg=1.757e-03 (322s)
[F3__RawMaterialsAndConstruction__s2023] epoch 7: val_mse=1.250348 pred_loss=0.835476 reg=2.034e-03 (375s)
[F3__RawMaterialsAndConstruction__s2023] epoch 8: val_mse=1.254426 pred_loss=0.831721 reg=2.287e-03 (428s)
[F3__RawMaterialsAndConstruction__s2023] epoch 9: val_mse=1.262299 pred_loss=0.811589 reg=2.510e-03 (481s)
[F3__RawMaterialsAndConstruction__s2023] epoch 10: val_mse=1.244526 pred_loss=0.847352 reg=2.682e-03 (534s)
[queue] DONE F3__RawMaterialsAndConstruction__s2023 (224/285) wall=534.3s peak=904.9MB
[queue] START F4__RawMaterialsAndConstruction__s2023 (free 28102MiB)
[F4__RawMaterialsAndConstruction__s2023] epoch 1: val_mse=1.417925 pred_loss=0.981260 reg=7.223e-05 (57s)
[F4__RawMaterialsAndConstruction__s2023] epoch 2: val_mse=1.342591 pred_loss=0.923186 reg=3.566e-04 (110s)
[F4__RawMaterialsAndConstruction__s2023] epoch 3: val_mse=1.315022 pred_loss=0.894424 reg=6.686e-04 (163s)
[F4__RawMaterialsAndConstruction__s2023] epoch 4: val_mse=1.283305 pred_loss=0.861491 reg=9.932e-04 (216s)
[F4__RawMaterialsAndConstruction__s2023] epoch 5: val_mse=1.277833 pred_loss=0.834331 reg=1.272e-03 (269s)
[F4__RawMaterialsAndConstruction__s2023] epoch 6: val_mse=1.262288 pred_loss=0.844214 reg=1.547e-03 (322s)
[F4__RawMaterialsAndConstruction__s2023] epoch 7: val_mse=1.258011 pred_loss=0.863882 reg=1.783e-03 (375s)
[F4__RawMaterialsAndConstruction__s2023] epoch 8: val_mse=1.264749 pred_loss=0.850210 reg=2.014e-03 (427s)
[F4__RawMaterialsAndConstruction__s2023] epoch 9: val_mse=1.267415 pred_loss=0.830343 reg=2.197e-03 (481s)
[F4__RawMaterialsAndConstruction__s2023] epoch 10: val_mse=1.255373 pred_loss=0.881711 reg=2.363e-03 (533s)
[queue] DONE F4__RawMaterialsAndConstruction__s2023 (225/285) wall=533.5s peak=904.9MB
[queue] START F0__EnergyAndFuels__s2021 (free 28102MiB)
[F0__EnergyAndFuels__s2021] epoch 1: val_mse=1.189284 pred_loss=1.059373 reg=0.000e+00 (51s)
[F0__EnergyAndFuels__s2021] epoch 2: val_mse=1.098103 pred_loss=1.033998 reg=0.000e+00 (99s)
[F0__EnergyAndFuels__s2021] epoch 3: val_mse=1.060983 pred_loss=0.999338 reg=0.000e+00 (146s)
[F0__EnergyAndFuels__s2021] epoch 4: val_mse=1.041456 pred_loss=0.958266 reg=0.000e+00 (194s)
[F0__EnergyAndFuels__s2021] epoch 5: val_mse=1.024245 pred_loss=0.911085 reg=0.000e+00 (242s)
[F0__EnergyAndFuels__s2021] epoch 6: val_mse=1.029798 pred_loss=0.836008 reg=0.000e+00 (289s)
[F0__EnergyAndFuels__s2021] epoch 7: val_mse=1.021135 pred_loss=0.882472 reg=0.000e+00 (337s)
[F0__EnergyAndFuels__s2021] epoch 8: val_mse=1.020154 pred_loss=0.836173 reg=0.000e+00 (385s)
[F0__EnergyAndFuels__s2021] epoch 9: val_mse=1.013499 pred_loss=0.841639 reg=0.000e+00 (432s)
[F0__EnergyAndFuels__s2021] epoch 10: val_mse=1.020759 pred_loss=0.816471 reg=0.000e+00 (480s)
[queue] DONE F0__EnergyAndFuels__s2021 (226/285) wall=479.9s peak=904.9MB
[queue] START F1__EnergyAndFuels__s2021 (free 28102MiB)
[F1__EnergyAndFuels__s2021] epoch 1: val_mse=1.183708 pred_loss=0.976828 reg=0.000e+00 (51s)
[F1__EnergyAndFuels__s2021] epoch 2: val_mse=1.099565 pred_loss=0.923871 reg=0.000e+00 (99s)
[F1__EnergyAndFuels__s2021] epoch 3: val_mse=1.052574 pred_loss=0.898761 reg=0.000e+00 (146s)
[F1__EnergyAndFuels__s2021] epoch 4: val_mse=1.030840 pred_loss=0.926637 reg=0.000e+00 (194s)
[F1__EnergyAndFuels__s2021] epoch 5: val_mse=1.014735 pred_loss=0.862351 reg=0.000e+00 (241s)
[F1__EnergyAndFuels__s2021] epoch 6: val_mse=1.006993 pred_loss=0.814641 reg=0.000e+00 (288s)
[F1__EnergyAndFuels__s2021] epoch 7: val_mse=1.002175 pred_loss=0.838502 reg=0.000e+00 (336s)
[F1__EnergyAndFuels__s2021] epoch 8: val_mse=0.998667 pred_loss=0.810993 reg=0.000e+00 (383s)
[F1__EnergyAndFuels__s2021] epoch 9: val_mse=0.996588 pred_loss=0.830818 reg=0.000e+00 (431s)
[F1__EnergyAndFuels__s2021] epoch 10: val_mse=0.992676 pred_loss=0.787423 reg=0.000e+00 (478s)
[queue] DONE F1__EnergyAndFuels__s2021 (227/285) wall=478.1s peak=904.9MB
[queue] START F2__EnergyAndFuels__s2021 (free 28102MiB)
[F2__EnergyAndFuels__s2021] epoch 1: val_mse=1.188990 pred_loss=0.990308 reg=0.000e+00 (51s)
[F2__EnergyAndFuels__s2021] epoch 2: val_mse=1.105174 pred_loss=0.931499 reg=0.000e+00 (98s)
[F2__EnergyAndFuels__s2021] epoch 3: val_mse=1.056928 pred_loss=0.932731 reg=0.000e+00 (146s)
[F2__EnergyAndFuels__s2021] epoch 4: val_mse=1.035501 pred_loss=0.930718 reg=0.000e+00 (193s)
[F2__EnergyAndFuels__s2021] epoch 5: val_mse=1.019081 pred_loss=0.885276 reg=0.000e+00 (241s)
[F2__EnergyAndFuels__s2021] epoch 6: val_mse=1.013797 pred_loss=0.827203 reg=0.000e+00 (288s)
[F2__EnergyAndFuels__s2021] epoch 7: val_mse=1.009018 pred_loss=0.880552 reg=0.000e+00 (335s)
[F2__EnergyAndFuels__s2021] epoch 8: val_mse=1.004355 pred_loss=0.842624 reg=0.000e+00 (383s)
[F2__EnergyAndFuels__s2021] epoch 9: val_mse=1.003407 pred_loss=0.829177 reg=0.000e+00 (430s)
[F2__EnergyAndFuels__s2021] epoch 10: val_mse=0.995632 pred_loss=0.818594 reg=0.000e+00 (477s)
[queue] DONE F2__EnergyAndFuels__s2021 (228/285) wall=477.4s peak=904.9MB
[queue] START F3__EnergyAndFuels__s2021 (free 28102MiB)
[F3__EnergyAndFuels__s2021] epoch 1: val_mse=1.183960 pred_loss=0.976873 reg=1.103e-04 (60s)
[F3__EnergyAndFuels__s2021] epoch 2: val_mse=1.100283 pred_loss=0.924114 reg=4.925e-04 (117s)
[F3__EnergyAndFuels__s2021] epoch 3: val_mse=1.053550 pred_loss=0.899202 reg=9.642e-04 (174s)
[F3__EnergyAndFuels__s2021] epoch 4: val_mse=1.031902 pred_loss=0.927317 reg=1.442e-03 (231s)
[F3__EnergyAndFuels__s2021] epoch 5: val_mse=1.015799 pred_loss=0.863184 reg=1.936e-03 (289s)
[F3__EnergyAndFuels__s2021] epoch 6: val_mse=1.008300 pred_loss=0.815453 reg=2.343e-03 (346s)
[F3__EnergyAndFuels__s2021] epoch 7: val_mse=1.003630 pred_loss=0.839343 reg=2.617e-03 (403s)
[F3__EnergyAndFuels__s2021] epoch 8: val_mse=1.000304 pred_loss=0.812026 reg=2.918e-03 (460s)
[F3__EnergyAndFuels__s2021] epoch 9: val_mse=0.998253 pred_loss=0.832092 reg=3.212e-03 (517s)
[F3__EnergyAndFuels__s2021] epoch 10: val_mse=0.994443 pred_loss=0.788794 reg=3.475e-03 (574s)
[queue] DONE F3__EnergyAndFuels__s2021 (229/285) wall=574.1s peak=904.9MB
[queue] START F4__EnergyAndFuels__s2021 (free 28102MiB)
[F4__EnergyAndFuels__s2021] epoch 1: val_mse=1.189241 pred_loss=0.990352 reg=1.024e-04 (61s)
[F4__EnergyAndFuels__s2021] epoch 2: val_mse=1.105905 pred_loss=0.931722 reg=4.555e-04 (118s)
[F4__EnergyAndFuels__s2021] epoch 3: val_mse=1.057942 pred_loss=0.933151 reg=8.874e-04 (175s)
[F4__EnergyAndFuels__s2021] epoch 4: val_mse=1.036670 pred_loss=0.931295 reg=1.312e-03 (233s)
[F4__EnergyAndFuels__s2021] epoch 5: val_mse=1.020338 pred_loss=0.886008 reg=1.737e-03 (290s)
[F4__EnergyAndFuels__s2021] epoch 6: val_mse=1.015302 pred_loss=0.827899 reg=2.074e-03 (347s)
[F4__EnergyAndFuels__s2021] epoch 7: val_mse=1.010655 pred_loss=0.881271 reg=2.302e-03 (404s)
[F4__EnergyAndFuels__s2021] epoch 8: val_mse=1.006217 pred_loss=0.843537 reg=2.568e-03 (461s)
[F4__EnergyAndFuels__s2021] epoch 9: val_mse=1.005424 pred_loss=0.830121 reg=2.841e-03 (518s)
[F4__EnergyAndFuels__s2021] epoch 10: val_mse=0.997696 pred_loss=0.819620 reg=3.048e-03 (576s)
[queue] DONE F4__EnergyAndFuels__s2021 (230/285) wall=575.5s peak=904.9MB
[queue] START F0__EnergyAndFuels__s2022 (free 28102MiB)
[F0__EnergyAndFuels__s2022] epoch 1: val_mse=1.191334 pred_loss=1.124566 reg=0.000e+00 (51s)
[F0__EnergyAndFuels__s2022] epoch 2: val_mse=1.098450 pred_loss=1.008674 reg=0.000e+00 (98s)
[F0__EnergyAndFuels__s2022] epoch 3: val_mse=1.057626 pred_loss=1.002062 reg=0.000e+00 (146s)
[F0__EnergyAndFuels__s2022] epoch 4: val_mse=1.043714 pred_loss=0.894516 reg=0.000e+00 (193s)
[F0__EnergyAndFuels__s2022] epoch 5: val_mse=1.031956 pred_loss=0.929279 reg=0.000e+00 (241s)
[F0__EnergyAndFuels__s2022] epoch 6: val_mse=1.036740 pred_loss=0.943932 reg=0.000e+00 (288s)
[F0__EnergyAndFuels__s2022] epoch 7: val_mse=1.028032 pred_loss=0.902420 reg=0.000e+00 (335s)
[F0__EnergyAndFuels__s2022] epoch 8: val_mse=1.015526 pred_loss=0.891088 reg=0.000e+00 (383s)
[F0__EnergyAndFuels__s2022] epoch 9: val_mse=1.020467 pred_loss=0.919256 reg=0.000e+00 (430s)
[F0__EnergyAndFuels__s2022] epoch 10: val_mse=1.008103 pred_loss=0.863087 reg=0.000e+00 (477s)
[queue] DONE F0__EnergyAndFuels__s2022 (231/285) wall=477.4s peak=904.9MB
[queue] START F1__EnergyAndFuels__s2022 (free 28102MiB)
[F1__EnergyAndFuels__s2022] epoch 1: val_mse=1.183602 pred_loss=1.078896 reg=0.000e+00 (51s)
[F1__EnergyAndFuels__s2022] epoch 2: val_mse=1.088944 pred_loss=0.964621 reg=0.000e+00 (98s)
[F1__EnergyAndFuels__s2022] epoch 3: val_mse=1.044622 pred_loss=0.967867 reg=0.000e+00 (146s)
[F1__EnergyAndFuels__s2022] epoch 4: val_mse=1.029902 pred_loss=0.878023 reg=0.000e+00 (193s)
[F1__EnergyAndFuels__s2022] epoch 5: val_mse=1.013693 pred_loss=0.865324 reg=0.000e+00 (240s)
[F1__EnergyAndFuels__s2022] epoch 6: val_mse=1.014146 pred_loss=0.861783 reg=0.000e+00 (288s)
[F1__EnergyAndFuels__s2022] epoch 7: val_mse=1.003530 pred_loss=0.844607 reg=0.000e+00 (335s)
[F1__EnergyAndFuels__s2022] epoch 8: val_mse=1.000708 pred_loss=0.889390 reg=0.000e+00 (382s)
[F1__EnergyAndFuels__s2022] epoch 9: val_mse=0.997960 pred_loss=0.909919 reg=0.000e+00 (430s)
[F1__EnergyAndFuels__s2022] epoch 10: val_mse=0.996590 pred_loss=0.880012 reg=0.000e+00 (477s)
[queue] DONE F1__EnergyAndFuels__s2022 (232/285) wall=477.3s peak=904.9MB
[queue] START F2__EnergyAndFuels__s2022 (free 28102MiB)
[F2__EnergyAndFuels__s2022] epoch 1: val_mse=1.189510 pred_loss=1.067277 reg=0.000e+00 (51s)
[F2__EnergyAndFuels__s2022] epoch 2: val_mse=1.095654 pred_loss=0.977794 reg=0.000e+00 (99s)
[F2__EnergyAndFuels__s2022] epoch 3: val_mse=1.051058 pred_loss=0.973667 reg=0.000e+00 (146s)
[F2__EnergyAndFuels__s2022] epoch 4: val_mse=1.035779 pred_loss=0.883361 reg=0.000e+00 (193s)
[F2__EnergyAndFuels__s2022] epoch 5: val_mse=1.018269 pred_loss=0.884725 reg=0.000e+00 (240s)
[F2__EnergyAndFuels__s2022] epoch 6: val_mse=1.016221 pred_loss=0.891220 reg=0.000e+00 (287s)
[F2__EnergyAndFuels__s2022] epoch 7: val_mse=1.006118 pred_loss=0.868813 reg=0.000e+00 (334s)
[F2__EnergyAndFuels__s2022] epoch 8: val_mse=1.002205 pred_loss=0.896000 reg=0.000e+00 (382s)
[F2__EnergyAndFuels__s2022] epoch 9: val_mse=1.000094 pred_loss=0.915939 reg=0.000e+00 (429s)
[F2__EnergyAndFuels__s2022] epoch 10: val_mse=0.998725 pred_loss=0.904129 reg=0.000e+00 (476s)
[queue] DONE F2__EnergyAndFuels__s2022 (233/285) wall=476.5s peak=904.9MB
[queue] START F3__EnergyAndFuels__s2022 (free 28102MiB)
[F3__EnergyAndFuels__s2022] epoch 1: val_mse=1.183853 pred_loss=1.078947 reg=1.144e-04 (61s)
[F3__EnergyAndFuels__s2022] epoch 2: val_mse=1.089636 pred_loss=0.964900 reg=5.248e-04 (118s)
[F3__EnergyAndFuels__s2022] epoch 3: val_mse=1.045511 pred_loss=0.968375 reg=1.076e-03 (176s)
[F3__EnergyAndFuels__s2022] epoch 4: val_mse=1.030972 pred_loss=0.878631 reg=1.560e-03 (233s)
[F3__EnergyAndFuels__s2022] epoch 5: val_mse=1.014786 pred_loss=0.866133 reg=2.022e-03 (290s)
[F3__EnergyAndFuels__s2022] epoch 6: val_mse=1.015445 pred_loss=0.862583 reg=2.420e-03 (347s)
[F3__EnergyAndFuels__s2022] epoch 7: val_mse=1.004728 pred_loss=0.845774 reg=2.701e-03 (404s)
[F3__EnergyAndFuels__s2022] epoch 8: val_mse=1.001909 pred_loss=0.890699 reg=3.095e-03 (461s)
[F3__EnergyAndFuels__s2022] epoch 9: val_mse=0.999240 pred_loss=0.911312 reg=3.389e-03 (518s)
[F3__EnergyAndFuels__s2022] epoch 10: val_mse=0.997894 pred_loss=0.881601 reg=3.734e-03 (575s)
[queue] DONE F3__EnergyAndFuels__s2022 (234/285) wall=575.4s peak=904.9MB
[queue] START F4__EnergyAndFuels__s2022 (free 28102MiB)
[F4__EnergyAndFuels__s2022] epoch 1: val_mse=1.189756 pred_loss=1.067321 reg=1.081e-04 (61s)
[F4__EnergyAndFuels__s2022] epoch 2: val_mse=1.096348 pred_loss=0.978044 reg=4.833e-04 (118s)
[F4__EnergyAndFuels__s2022] epoch 3: val_mse=1.051975 pred_loss=0.974122 reg=9.802e-04 (175s)
[F4__EnergyAndFuels__s2022] epoch 4: val_mse=1.036928 pred_loss=0.883878 reg=1.408e-03 (233s)
[F4__EnergyAndFuels__s2022] epoch 5: val_mse=1.019492 pred_loss=0.885449 reg=1.799e-03 (291s)
[F4__EnergyAndFuels__s2022] epoch 6: val_mse=1.017725 pred_loss=0.891893 reg=2.146e-03 (348s)
[F4__EnergyAndFuels__s2022] epoch 7: val_mse=1.007665 pred_loss=0.869700 reg=2.365e-03 (406s)
[F4__EnergyAndFuels__s2022] epoch 8: val_mse=1.003883 pred_loss=0.896924 reg=2.663e-03 (463s)
[F4__EnergyAndFuels__s2022] epoch 9: val_mse=1.001792 pred_loss=0.917053 reg=2.904e-03 (521s)
[F4__EnergyAndFuels__s2022] epoch 10: val_mse=1.000462 pred_loss=0.905376 reg=3.198e-03 (578s)
[queue] DONE F4__EnergyAndFuels__s2022 (235/285) wall=578.2s peak=904.9MB
[queue] START F0__EnergyAndFuels__s2023 (free 28102MiB)
[F0__EnergyAndFuels__s2023] epoch 1: val_mse=1.189583 pred_loss=1.077571 reg=0.000e+00 (51s)
[F0__EnergyAndFuels__s2023] epoch 2: val_mse=1.095160 pred_loss=1.013648 reg=0.000e+00 (99s)
[F0__EnergyAndFuels__s2023] epoch 3: val_mse=1.047548 pred_loss=0.957516 reg=0.000e+00 (146s)
[F0__EnergyAndFuels__s2023] epoch 4: val_mse=1.038462 pred_loss=0.927240 reg=0.000e+00 (194s)
[F0__EnergyAndFuels__s2023] epoch 5: val_mse=1.027293 pred_loss=0.885130 reg=0.000e+00 (241s)
[F0__EnergyAndFuels__s2023] epoch 6: val_mse=1.023190 pred_loss=0.944554 reg=0.000e+00 (289s)
[F0__EnergyAndFuels__s2023] epoch 7: val_mse=1.022474 pred_loss=0.880968 reg=0.000e+00 (336s)
[F0__EnergyAndFuels__s2023] epoch 8: val_mse=1.023942 pred_loss=0.825638 reg=0.000e+00 (384s)
[F0__EnergyAndFuels__s2023] epoch 9: val_mse=1.018327 pred_loss=0.857218 reg=0.000e+00 (431s)
[F0__EnergyAndFuels__s2023] epoch 10: val_mse=1.004062 pred_loss=0.855025 reg=0.000e+00 (479s)
[queue] DONE F0__EnergyAndFuels__s2023 (236/285) wall=478.9s peak=904.9MB
[queue] START F1__EnergyAndFuels__s2023 (free 28102MiB)
[F1__EnergyAndFuels__s2023] epoch 1: val_mse=1.181103 pred_loss=0.972736 reg=0.000e+00 (51s)
[F1__EnergyAndFuels__s2023] epoch 2: val_mse=1.084154 pred_loss=0.967864 reg=0.000e+00 (99s)
[F1__EnergyAndFuels__s2023] epoch 3: val_mse=1.044015 pred_loss=0.956005 reg=0.000e+00 (146s)
[F1__EnergyAndFuels__s2023] epoch 4: val_mse=1.024508 pred_loss=0.912861 reg=0.000e+00 (193s)
[F1__EnergyAndFuels__s2023] epoch 5: val_mse=1.011963 pred_loss=0.837213 reg=0.000e+00 (241s)
[F1__EnergyAndFuels__s2023] epoch 6: val_mse=1.006189 pred_loss=0.885004 reg=0.000e+00 (288s)
[F1__EnergyAndFuels__s2023] epoch 7: val_mse=0.998678 pred_loss=0.830511 reg=0.000e+00 (336s)
[F1__EnergyAndFuels__s2023] epoch 8: val_mse=0.997431 pred_loss=0.801806 reg=0.000e+00 (383s)
[F1__EnergyAndFuels__s2023] epoch 9: val_mse=0.989793 pred_loss=0.830833 reg=0.000e+00 (430s)
[F1__EnergyAndFuels__s2023] epoch 10: val_mse=0.987155 pred_loss=0.842751 reg=0.000e+00 (478s)
[queue] DONE F1__EnergyAndFuels__s2023 (237/285) wall=477.7s peak=904.9MB
[queue] START F2__EnergyAndFuels__s2023 (free 28102MiB)
[F2__EnergyAndFuels__s2023] epoch 1: val_mse=1.186154 pred_loss=0.994332 reg=0.000e+00 (51s)
[F2__EnergyAndFuels__s2023] epoch 2: val_mse=1.091899 pred_loss=0.982891 reg=0.000e+00 (99s)
[F2__EnergyAndFuels__s2023] epoch 3: val_mse=1.052053 pred_loss=0.985346 reg=0.000e+00 (146s)
[F2__EnergyAndFuels__s2023] epoch 4: val_mse=1.030250 pred_loss=0.898842 reg=0.000e+00 (193s)
[F2__EnergyAndFuels__s2023] epoch 5: val_mse=1.015553 pred_loss=0.853197 reg=0.000e+00 (241s)
[F2__EnergyAndFuels__s2023] epoch 6: val_mse=1.014097 pred_loss=0.861617 reg=0.000e+00 (288s)
[F2__EnergyAndFuels__s2023] epoch 7: val_mse=1.004812 pred_loss=0.855787 reg=0.000e+00 (336s)
[F2__EnergyAndFuels__s2023] epoch 8: val_mse=1.000805 pred_loss=0.830939 reg=0.000e+00 (383s)
[F2__EnergyAndFuels__s2023] epoch 9: val_mse=0.993049 pred_loss=0.853257 reg=0.000e+00 (431s)
[F2__EnergyAndFuels__s2023] epoch 10: val_mse=0.990165 pred_loss=0.847676 reg=0.000e+00 (479s)
[queue] DONE F2__EnergyAndFuels__s2023 (238/285) wall=478.6s peak=904.9MB
[queue] START F3__EnergyAndFuels__s2023 (free 28102MiB)
[F3__EnergyAndFuels__s2023] epoch 1: val_mse=1.181330 pred_loss=0.972793 reg=1.072e-04 (61s)
[F3__EnergyAndFuels__s2023] epoch 2: val_mse=1.084799 pred_loss=0.968111 reg=5.582e-04 (118s)
[F3__EnergyAndFuels__s2023] epoch 3: val_mse=1.044971 pred_loss=0.956475 reg=1.037e-03 (175s)
[F3__EnergyAndFuels__s2023] epoch 4: val_mse=1.025576 pred_loss=0.913515 reg=1.529e-03 (232s)
[F3__EnergyAndFuels__s2023] epoch 5: val_mse=1.013161 pred_loss=0.837926 reg=2.013e-03 (288s)
[F3__EnergyAndFuels__s2023] epoch 6: val_mse=1.007570 pred_loss=0.885772 reg=2.382e-03 (343s)
[F3__EnergyAndFuels__s2023] epoch 7: val_mse=1.000123 pred_loss=0.831598 reg=2.661e-03 (397s)
[F3__EnergyAndFuels__s2023] epoch 8: val_mse=0.999159 pred_loss=0.802757 reg=2.969e-03 (451s)
[F3__EnergyAndFuels__s2023] epoch 9: val_mse=0.991629 pred_loss=0.831897 reg=3.220e-03 (505s)
[F3__EnergyAndFuels__s2023] epoch 10: val_mse=0.988939 pred_loss=0.844275 reg=3.472e-03 (562s)
[queue] DONE F3__EnergyAndFuels__s2023 (239/285) wall=561.6s peak=904.9MB
[queue] START F4__EnergyAndFuels__s2023 (free 28102MiB)
[F4__EnergyAndFuels__s2023] epoch 1: val_mse=1.186388 pred_loss=0.994384 reg=1.005e-04 (61s)
[F4__EnergyAndFuels__s2023] epoch 2: val_mse=1.092568 pred_loss=0.983111 reg=5.135e-04 (118s)
[F4__EnergyAndFuels__s2023] epoch 3: val_mse=1.053042 pred_loss=0.985768 reg=9.265e-04 (175s)
[F4__EnergyAndFuels__s2023] epoch 4: val_mse=1.031404 pred_loss=0.899404 reg=1.359e-03 (232s)
[F4__EnergyAndFuels__s2023] epoch 5: val_mse=1.016803 pred_loss=0.853876 reg=1.807e-03 (289s)
[F4__EnergyAndFuels__s2023] epoch 6: val_mse=1.015640 pred_loss=0.862255 reg=2.124e-03 (346s)
[F4__EnergyAndFuels__s2023] epoch 7: val_mse=1.006389 pred_loss=0.856716 reg=2.366e-03 (403s)
[F4__EnergyAndFuels__s2023] epoch 8: val_mse=1.002612 pred_loss=0.831777 reg=2.636e-03 (461s)
[F4__EnergyAndFuels__s2023] epoch 9: val_mse=0.995003 pred_loss=0.853942 reg=2.853e-03 (518s)
[F4__EnergyAndFuels__s2023] epoch 10: val_mse=0.992135 pred_loss=0.848738 reg=3.016e-03 (576s)
[queue] DONE F4__EnergyAndFuels__s2023 (240/285) wall=575.6s peak=904.9MB
[queue] START F0__CropsAndStaples__s2021 (free 28102MiB)
[F0__CropsAndStaples__s2021] epoch 1: val_mse=1.661158 pred_loss=0.968277 reg=0.000e+00 (54s)
[F0__CropsAndStaples__s2021] epoch 2: val_mse=1.578203 pred_loss=0.959245 reg=0.000e+00 (105s)
[F0__CropsAndStaples__s2021] epoch 3: val_mse=1.537854 pred_loss=0.881991 reg=0.000e+00 (155s)
[F0__CropsAndStaples__s2021] epoch 4: val_mse=1.512256 pred_loss=0.867133 reg=0.000e+00 (206s)
[F0__CropsAndStaples__s2021] epoch 5: val_mse=1.484003 pred_loss=0.895591 reg=0.000e+00 (257s)
[F0__CropsAndStaples__s2021] epoch 6: val_mse=1.470974 pred_loss=0.852464 reg=0.000e+00 (308s)
[F0__CropsAndStaples__s2021] epoch 7: val_mse=1.473650 pred_loss=0.842410 reg=0.000e+00 (359s)
[F0__CropsAndStaples__s2021] epoch 8: val_mse=1.471486 pred_loss=0.851895 reg=0.000e+00 (410s)
[F0__CropsAndStaples__s2021] epoch 9: val_mse=1.483705 pred_loss=0.810051 reg=0.000e+00 (461s)
[F0__CropsAndStaples__s2021] epoch 10: val_mse=1.491614 pred_loss=0.834828 reg=0.000e+00 (511s)
[queue] DONE F0__CropsAndStaples__s2021 (241/285) wall=511.4s peak=904.9MB
[queue] START F1__CropsAndStaples__s2021 (free 28102MiB)
[F1__CropsAndStaples__s2021] epoch 1: val_mse=1.630240 pred_loss=1.011732 reg=0.000e+00 (55s)
[F1__CropsAndStaples__s2021] epoch 2: val_mse=1.520212 pred_loss=0.908606 reg=0.000e+00 (105s)
[F1__CropsAndStaples__s2021] epoch 3: val_mse=1.465194 pred_loss=0.887218 reg=0.000e+00 (156s)
[F1__CropsAndStaples__s2021] epoch 4: val_mse=1.429032 pred_loss=0.868804 reg=0.000e+00 (206s)
[F1__CropsAndStaples__s2021] epoch 5: val_mse=1.400539 pred_loss=0.905786 reg=0.000e+00 (257s)
[F1__CropsAndStaples__s2021] epoch 6: val_mse=1.372969 pred_loss=0.837803 reg=0.000e+00 (308s)
[F1__CropsAndStaples__s2021] epoch 7: val_mse=1.377414 pred_loss=0.876811 reg=0.000e+00 (358s)
[F1__CropsAndStaples__s2021] epoch 8: val_mse=1.376848 pred_loss=0.870884 reg=0.000e+00 (409s)
[F1__CropsAndStaples__s2021] epoch 9: val_mse=1.371111 pred_loss=0.847452 reg=0.000e+00 (459s)
[F1__CropsAndStaples__s2021] epoch 10: val_mse=1.359294 pred_loss=0.933955 reg=0.000e+00 (510s)
[queue] DONE F1__CropsAndStaples__s2021 (242/285) wall=509.8s peak=904.9MB
[queue] START F2__CropsAndStaples__s2021 (free 28102MiB)
[F2__CropsAndStaples__s2021] epoch 1: val_mse=1.633687 pred_loss=1.041134 reg=0.000e+00 (54s)
[F2__CropsAndStaples__s2021] epoch 2: val_mse=1.530759 pred_loss=0.932700 reg=0.000e+00 (105s)
[F2__CropsAndStaples__s2021] epoch 3: val_mse=1.477673 pred_loss=0.908557 reg=0.000e+00 (155s)
[F2__CropsAndStaples__s2021] epoch 4: val_mse=1.440427 pred_loss=0.890386 reg=0.000e+00 (206s)
[F2__CropsAndStaples__s2021] epoch 5: val_mse=1.413710 pred_loss=0.938056 reg=0.000e+00 (260s)
[F2__CropsAndStaples__s2021] epoch 6: val_mse=1.384216 pred_loss=0.863275 reg=0.000e+00 (314s)
[F2__CropsAndStaples__s2021] epoch 7: val_mse=1.382820 pred_loss=0.924527 reg=0.000e+00 (369s)
[F2__CropsAndStaples__s2021] epoch 8: val_mse=1.381092 pred_loss=0.906048 reg=0.000e+00 (423s)
[F2__CropsAndStaples__s2021] epoch 9: val_mse=1.377646 pred_loss=0.871894 reg=0.000e+00 (478s)
[F2__CropsAndStaples__s2021] epoch 10: val_mse=1.358676 pred_loss=0.929324 reg=0.000e+00 (532s)
[queue] DONE F2__CropsAndStaples__s2021 (243/285) wall=532.2s peak=904.9MB
[queue] START F3__CropsAndStaples__s2021 (free 28102MiB)
[F3__CropsAndStaples__s2021] epoch 1: val_mse=1.630573 pred_loss=1.011778 reg=7.660e-05 (68s)
[F3__CropsAndStaples__s2021] epoch 2: val_mse=1.521388 pred_loss=0.908799 reg=3.813e-04 (132s)
[F3__CropsAndStaples__s2021] epoch 3: val_mse=1.467595 pred_loss=0.887535 reg=7.564e-04 (196s)
[F3__CropsAndStaples__s2021] epoch 4: val_mse=1.432443 pred_loss=0.869315 reg=1.082e-03 (260s)
[F3__CropsAndStaples__s2021] epoch 5: val_mse=1.404223 pred_loss=0.906369 reg=1.397e-03 (325s)
[F3__CropsAndStaples__s2021] epoch 6: val_mse=1.376979 pred_loss=0.838517 reg=1.744e-03 (389s)
[F3__CropsAndStaples__s2021] epoch 7: val_mse=1.382629 pred_loss=0.877651 reg=2.023e-03 (454s)
[F3__CropsAndStaples__s2021] epoch 8: val_mse=1.382720 pred_loss=0.871868 reg=2.240e-03 (518s)
[F3__CropsAndStaples__s2021] epoch 9: val_mse=1.377135 pred_loss=0.848382 reg=2.506e-03 (582s)
[F3__CropsAndStaples__s2021] epoch 10: val_mse=1.365723 pred_loss=0.935721 reg=2.684e-03 (646s)
[queue] DONE F3__CropsAndStaples__s2021 (244/285) wall=646.2s peak=904.9MB
[queue] START F4__CropsAndStaples__s2021 (free 28102MiB)
[F4__CropsAndStaples__s2021] epoch 1: val_mse=1.634006 pred_loss=1.041176 reg=6.990e-05 (68s)
[F4__CropsAndStaples__s2021] epoch 2: val_mse=1.531894 pred_loss=0.932867 reg=3.362e-04 (133s)
[F4__CropsAndStaples__s2021] epoch 3: val_mse=1.479990 pred_loss=0.908822 reg=6.805e-04 (197s)
[F4__CropsAndStaples__s2021] epoch 4: val_mse=1.443782 pred_loss=0.890783 reg=9.373e-04 (261s)
[F4__CropsAndStaples__s2021] epoch 5: val_mse=1.417599 pred_loss=0.938560 reg=1.192e-03 (325s)
[F4__CropsAndStaples__s2021] epoch 6: val_mse=1.388436 pred_loss=0.863944 reg=1.492e-03 (387s)
[F4__CropsAndStaples__s2021] epoch 7: val_mse=1.388089 pred_loss=0.925233 reg=1.750e-03 (451s)
[F4__CropsAndStaples__s2021] epoch 8: val_mse=1.387151 pred_loss=0.907004 reg=1.958e-03 (515s)
[F4__CropsAndStaples__s2021] epoch 9: val_mse=1.384185 pred_loss=0.872474 reg=2.212e-03 (579s)
[F4__CropsAndStaples__s2021] epoch 10: val_mse=1.365219 pred_loss=0.930490 reg=2.352e-03 (642s)
[queue] DONE F4__CropsAndStaples__s2021 (245/285) wall=642.5s peak=904.9MB
[queue] START F0__CropsAndStaples__s2022 (free 28100MiB)
[F0__CropsAndStaples__s2022] epoch 1: val_mse=1.660583 pred_loss=0.987942 reg=0.000e+00 (58s)
[F0__CropsAndStaples__s2022] epoch 2: val_mse=1.594389 pred_loss=0.937421 reg=0.000e+00 (112s)
[F0__CropsAndStaples__s2022] epoch 3: val_mse=1.534815 pred_loss=0.894834 reg=0.000e+00 (166s)
[F0__CropsAndStaples__s2022] epoch 4: val_mse=1.520236 pred_loss=0.900205 reg=0.000e+00 (220s)
[F0__CropsAndStaples__s2022] epoch 5: val_mse=1.491787 pred_loss=0.842011 reg=0.000e+00 (274s)
[F0__CropsAndStaples__s2022] epoch 6: val_mse=1.494741 pred_loss=0.862600 reg=0.000e+00 (329s)
[F0__CropsAndStaples__s2022] epoch 7: val_mse=1.493369 pred_loss=0.832848 reg=0.000e+00 (383s)
[F0__CropsAndStaples__s2022] epoch 8: val_mse=1.483866 pred_loss=0.821970 reg=0.000e+00 (438s)
[F0__CropsAndStaples__s2022] epoch 9: val_mse=1.490736 pred_loss=0.763935 reg=0.000e+00 (492s)
[F0__CropsAndStaples__s2022] epoch 10: val_mse=1.506513 pred_loss=0.851755 reg=0.000e+00 (546s)
[queue] DONE F0__CropsAndStaples__s2022 (246/285) wall=546.2s peak=904.9MB
[queue] START F1__CropsAndStaples__s2022 (free 28080MiB)
[F1__CropsAndStaples__s2022] epoch 1: val_mse=1.649213 pred_loss=0.984349 reg=0.000e+00 (58s)
[F1__CropsAndStaples__s2022] epoch 2: val_mse=1.548783 pred_loss=0.968391 reg=0.000e+00 (112s)
[F1__CropsAndStaples__s2022] epoch 3: val_mse=1.483655 pred_loss=0.891686 reg=0.000e+00 (166s)
[F1__CropsAndStaples__s2022] epoch 4: val_mse=1.459323 pred_loss=0.854535 reg=0.000e+00 (220s)
[F1__CropsAndStaples__s2022] epoch 5: val_mse=1.420468 pred_loss=0.951440 reg=0.000e+00 (274s)
[F1__CropsAndStaples__s2022] epoch 6: val_mse=1.413812 pred_loss=0.877200 reg=0.000e+00 (328s)
[F1__CropsAndStaples__s2022] epoch 7: val_mse=1.400565 pred_loss=0.880358 reg=0.000e+00 (382s)
[F1__CropsAndStaples__s2022] epoch 8: val_mse=1.397927 pred_loss=0.884350 reg=0.000e+00 (436s)
[F1__CropsAndStaples__s2022] epoch 9: val_mse=1.390959 pred_loss=0.823025 reg=0.000e+00 (491s)
[F1__CropsAndStaples__s2022] epoch 10: val_mse=1.393593 pred_loss=0.853908 reg=0.000e+00 (545s)
[queue] DONE F1__CropsAndStaples__s2022 (247/285) wall=544.5s peak=904.9MB
[queue] START F2__CropsAndStaples__s2022 (free 28080MiB)
[F2__CropsAndStaples__s2022] epoch 1: val_mse=1.651716 pred_loss=1.007587 reg=0.000e+00 (58s)
[F2__CropsAndStaples__s2022] epoch 2: val_mse=1.562232 pred_loss=0.968810 reg=0.000e+00 (112s)
[F2__CropsAndStaples__s2022] epoch 3: val_mse=1.498176 pred_loss=0.925381 reg=0.000e+00 (166s)
[F2__CropsAndStaples__s2022] epoch 4: val_mse=1.472318 pred_loss=0.891267 reg=0.000e+00 (220s)
[F2__CropsAndStaples__s2022] epoch 5: val_mse=1.435776 pred_loss=0.965358 reg=0.000e+00 (274s)
[F2__CropsAndStaples__s2022] epoch 6: val_mse=1.429518 pred_loss=0.920232 reg=0.000e+00 (328s)
[F2__CropsAndStaples__s2022] epoch 7: val_mse=1.418182 pred_loss=0.918519 reg=0.000e+00 (382s)
[F2__CropsAndStaples__s2022] epoch 8: val_mse=1.409028 pred_loss=0.880727 reg=0.000e+00 (436s)
[F2__CropsAndStaples__s2022] epoch 9: val_mse=1.395513 pred_loss=0.843829 reg=0.000e+00 (491s)
[F2__CropsAndStaples__s2022] epoch 10: val_mse=1.397462 pred_loss=0.875419 reg=0.000e+00 (546s)
[queue] DONE F2__CropsAndStaples__s2022 (248/285) wall=545.7s peak=904.9MB
[queue] START F3__CropsAndStaples__s2022 (free 28080MiB)
[F3__CropsAndStaples__s2022] epoch 1: val_mse=1.649517 pred_loss=0.984392 reg=6.565e-05 (68s)
[F3__CropsAndStaples__s2022] epoch 2: val_mse=1.549874 pred_loss=0.968569 reg=3.716e-04 (132s)
[F3__CropsAndStaples__s2022] epoch 3: val_mse=1.485629 pred_loss=0.892012 reg=7.474e-04 (196s)
[F3__CropsAndStaples__s2022] epoch 4: val_mse=1.462317 pred_loss=0.854930 reg=1.068e-03 (260s)
[F3__CropsAndStaples__s2022] epoch 5: val_mse=1.423904 pred_loss=0.952301 reg=1.405e-03 (324s)
[F3__CropsAndStaples__s2022] epoch 6: val_mse=1.417963 pred_loss=0.877873 reg=1.695e-03 (389s)
[F3__CropsAndStaples__s2022] epoch 7: val_mse=1.404834 pred_loss=0.881232 reg=1.956e-03 (453s)
[F3__CropsAndStaples__s2022] epoch 8: val_mse=1.402530 pred_loss=0.885526 reg=2.192e-03 (516s)
[F3__CropsAndStaples__s2022] epoch 9: val_mse=1.396313 pred_loss=0.824118 reg=2.517e-03 (580s)
[F3__CropsAndStaples__s2022] epoch 10: val_mse=1.399555 pred_loss=0.854932 reg=2.695e-03 (644s)
[queue] DONE F3__CropsAndStaples__s2022 (249/285) wall=643.7s peak=904.9MB
[queue] START F4__CropsAndStaples__s2022 (free 28080MiB)
[F4__CropsAndStaples__s2022] epoch 1: val_mse=1.652003 pred_loss=1.007625 reg=6.553e-05 (67s)
[F4__CropsAndStaples__s2022] epoch 2: val_mse=1.563257 pred_loss=0.968965 reg=3.341e-04 (131s)
[F4__CropsAndStaples__s2022] epoch 3: val_mse=1.500020 pred_loss=0.925688 reg=6.603e-04 (195s)
[F4__CropsAndStaples__s2022] epoch 4: val_mse=1.475178 pred_loss=0.891591 reg=9.569e-04 (259s)
[F4__CropsAndStaples__s2022] epoch 5: val_mse=1.439103 pred_loss=0.966146 reg=1.264e-03 (323s)
[F4__CropsAndStaples__s2022] epoch 6: val_mse=1.433664 pred_loss=0.920825 reg=1.512e-03 (387s)
[F4__CropsAndStaples__s2022] epoch 7: val_mse=1.422702 pred_loss=0.919265 reg=1.755e-03 (452s)
[F4__CropsAndStaples__s2022] epoch 8: val_mse=1.413645 pred_loss=0.881486 reg=1.959e-03 (515s)
[F4__CropsAndStaples__s2022] epoch 9: val_mse=1.400454 pred_loss=0.844743 reg=2.261e-03 (579s)
[F4__CropsAndStaples__s2022] epoch 10: val_mse=1.403058 pred_loss=0.876223 reg=2.423e-03 (643s)
[queue] DONE F4__CropsAndStaples__s2022 (250/285) wall=643.2s peak=904.9MB
[queue] START F0__CropsAndStaples__s2023 (free 28080MiB)
[F0__CropsAndStaples__s2023] epoch 1: val_mse=1.682149 pred_loss=1.052618 reg=0.000e+00 (44s)
[F0__CropsAndStaples__s2023] epoch 2: val_mse=1.608569 pred_loss=0.936127 reg=0.000e+00 (76s)
[F0__CropsAndStaples__s2023] epoch 3: val_mse=1.567173 pred_loss=0.920123 reg=0.000e+00 (107s)
[F0__CropsAndStaples__s2023] epoch 4: val_mse=1.519640 pred_loss=0.898877 reg=0.000e+00 (138s)
[F0__CropsAndStaples__s2023] epoch 5: val_mse=1.503951 pred_loss=0.919277 reg=0.000e+00 (169s)
[F0__CropsAndStaples__s2023] epoch 6: val_mse=1.489415 pred_loss=0.829593 reg=0.000e+00 (215s)
[F0__CropsAndStaples__s2023] epoch 7: val_mse=1.496543 pred_loss=0.861232 reg=0.000e+00 (265s)
[F0__CropsAndStaples__s2023] epoch 8: val_mse=1.506363 pred_loss=0.843936 reg=0.000e+00 (316s)
[F0__CropsAndStaples__s2023] epoch 9: val_mse=1.504283 pred_loss=0.783324 reg=0.000e+00 (366s)
[F0__CropsAndStaples__s2023] epoch 10: val_mse=1.493519 pred_loss=0.802149 reg=0.000e+00 (417s)
[queue] DONE F0__CropsAndStaples__s2023 (251/285) wall=416.6s peak=904.9MB
[queue] START F1__CropsAndStaples__s2023 (free 28082MiB)
[F1__CropsAndStaples__s2023] epoch 1: val_mse=1.628734 pred_loss=1.025620 reg=0.000e+00 (55s)
[F1__CropsAndStaples__s2023] epoch 2: val_mse=1.547004 pred_loss=0.915851 reg=0.000e+00 (105s)
[F1__CropsAndStaples__s2023] epoch 3: val_mse=1.488457 pred_loss=0.987315 reg=0.000e+00 (156s)
[F1__CropsAndStaples__s2023] epoch 4: val_mse=1.453603 pred_loss=0.883094 reg=0.000e+00 (206s)
[F1__CropsAndStaples__s2023] epoch 5: val_mse=1.417013 pred_loss=0.918012 reg=0.000e+00 (257s)
[F1__CropsAndStaples__s2023] epoch 6: val_mse=1.376692 pred_loss=0.921021 reg=0.000e+00 (308s)
[F1__CropsAndStaples__s2023] epoch 7: val_mse=1.364145 pred_loss=0.926835 reg=0.000e+00 (358s)
[F1__CropsAndStaples__s2023] epoch 8: val_mse=1.373857 pred_loss=0.907709 reg=0.000e+00 (409s)
[F1__CropsAndStaples__s2023] epoch 9: val_mse=1.362114 pred_loss=0.806114 reg=0.000e+00 (459s)
[F1__CropsAndStaples__s2023] epoch 10: val_mse=1.365328 pred_loss=0.843105 reg=0.000e+00 (510s)
[queue] DONE F1__CropsAndStaples__s2023 (252/285) wall=509.8s peak=904.9MB
[queue] START F2__CropsAndStaples__s2023 (free 28082MiB)
[F2__CropsAndStaples__s2023] epoch 1: val_mse=1.633309 pred_loss=1.026768 reg=0.000e+00 (54s)
[F2__CropsAndStaples__s2023] epoch 2: val_mse=1.555132 pred_loss=0.942031 reg=0.000e+00 (104s)
[F2__CropsAndStaples__s2023] epoch 3: val_mse=1.513397 pred_loss=1.004123 reg=0.000e+00 (155s)
[F2__CropsAndStaples__s2023] epoch 4: val_mse=1.470446 pred_loss=0.889038 reg=0.000e+00 (205s)
[F2__CropsAndStaples__s2023] epoch 5: val_mse=1.436864 pred_loss=0.950972 reg=0.000e+00 (256s)
[F2__CropsAndStaples__s2023] epoch 6: val_mse=1.391557 pred_loss=0.959780 reg=0.000e+00 (306s)
[F2__CropsAndStaples__s2023] epoch 7: val_mse=1.375318 pred_loss=0.950925 reg=0.000e+00 (357s)
[F2__CropsAndStaples__s2023] epoch 8: val_mse=1.385916 pred_loss=0.932708 reg=0.000e+00 (407s)
[F2__CropsAndStaples__s2023] epoch 9: val_mse=1.369845 pred_loss=0.829728 reg=0.000e+00 (458s)
[F2__CropsAndStaples__s2023] epoch 10: val_mse=1.373753 pred_loss=0.879409 reg=0.000e+00 (509s)
[queue] DONE F2__CropsAndStaples__s2023 (253/285) wall=509.5s peak=904.9MB
[queue] START F3__CropsAndStaples__s2023 (free 28082MiB)
[F3__CropsAndStaples__s2023] epoch 1: val_mse=1.629104 pred_loss=1.025658 reg=8.947e-05 (65s)
[F3__CropsAndStaples__s2023] epoch 2: val_mse=1.548213 pred_loss=0.916021 reg=3.748e-04 (126s)
[F3__CropsAndStaples__s2023] epoch 3: val_mse=1.490595 pred_loss=0.987751 reg=7.193e-04 (187s)
[F3__CropsAndStaples__s2023] epoch 4: val_mse=1.456678 pred_loss=0.883552 reg=1.080e-03 (248s)
[F3__CropsAndStaples__s2023] epoch 5: val_mse=1.420836 pred_loss=0.918628 reg=1.410e-03 (309s)
[F3__CropsAndStaples__s2023] epoch 6: val_mse=1.380891 pred_loss=0.922095 reg=1.721e-03 (369s)
[F3__CropsAndStaples__s2023] epoch 7: val_mse=1.368693 pred_loss=0.927982 reg=2.029e-03 (430s)
[F3__CropsAndStaples__s2023] epoch 8: val_mse=1.379164 pred_loss=0.908711 reg=2.262e-03 (491s)
[F3__CropsAndStaples__s2023] epoch 9: val_mse=1.367678 pred_loss=0.807541 reg=2.508e-03 (552s)
[F3__CropsAndStaples__s2023] epoch 10: val_mse=1.371231 pred_loss=0.844305 reg=2.739e-03 (613s)
[queue] DONE F3__CropsAndStaples__s2023 (254/285) wall=612.6s peak=904.9MB
[queue] START F4__CropsAndStaples__s2023 (free 28082MiB)
[F4__CropsAndStaples__s2023] epoch 1: val_mse=1.633661 pred_loss=1.026801 reg=8.161e-05 (64s)
[F4__CropsAndStaples__s2023] epoch 2: val_mse=1.556277 pred_loss=0.942169 reg=3.339e-04 (125s)
[F4__CropsAndStaples__s2023] epoch 3: val_mse=1.515428 pred_loss=1.004479 reg=6.045e-04 (186s)
[F4__CropsAndStaples__s2023] epoch 4: val_mse=1.473352 pred_loss=0.889425 reg=9.064e-04 (247s)
[F4__CropsAndStaples__s2023] epoch 5: val_mse=1.440644 pred_loss=0.951463 reg=1.207e-03 (309s)
[F4__CropsAndStaples__s2023] epoch 6: val_mse=1.395757 pred_loss=0.960617 reg=1.444e-03 (370s)
[F4__CropsAndStaples__s2023] epoch 7: val_mse=1.379918 pred_loss=0.951926 reg=1.731e-03 (431s)
[F4__CropsAndStaples__s2023] epoch 8: val_mse=1.391558 pred_loss=0.933316 reg=1.930e-03 (493s)
[F4__CropsAndStaples__s2023] epoch 9: val_mse=1.375843 pred_loss=0.830776 reg=2.127e-03 (554s)
[F4__CropsAndStaples__s2023] epoch 10: val_mse=1.380263 pred_loss=0.880260 reg=2.333e-03 (615s)
[queue] DONE F4__CropsAndStaples__s2023 (255/285) wall=614.8s peak=904.9MB
[queue] START F0__StrategicAndHighValueMaterials__s2021 (free 28082MiB)
[F0__StrategicAndHighValueMaterials__s2021] epoch 1: val_mse=32.459323 pred_loss=7.126158 reg=0.000e+00 (54s)
[F0__StrategicAndHighValueMaterials__s2021] epoch 2: val_mse=31.560605 pred_loss=7.022645 reg=0.000e+00 (105s)
[F0__StrategicAndHighValueMaterials__s2021] epoch 3: val_mse=30.912733 pred_loss=5.643010 reg=0.000e+00 (156s)
[F0__StrategicAndHighValueMaterials__s2021] epoch 4: val_mse=30.281252 pred_loss=8.192332 reg=0.000e+00 (207s)
[F0__StrategicAndHighValueMaterials__s2021] epoch 5: val_mse=29.516325 pred_loss=9.705451 reg=0.000e+00 (258s)
[F0__StrategicAndHighValueMaterials__s2021] epoch 6: val_mse=28.936758 pred_loss=7.364191 reg=0.000e+00 (308s)
[F0__StrategicAndHighValueMaterials__s2021] epoch 7: val_mse=28.363483 pred_loss=7.016088 reg=0.000e+00 (359s)
[F0__StrategicAndHighValueMaterials__s2021] epoch 8: val_mse=27.789641 pred_loss=7.535079 reg=0.000e+00 (409s)
[F0__StrategicAndHighValueMaterials__s2021] epoch 9: val_mse=27.109317 pred_loss=6.948457 reg=0.000e+00 (459s)
[F0__StrategicAndHighValueMaterials__s2021] epoch 10: val_mse=26.250000 pred_loss=5.305648 reg=0.000e+00 (510s)
[queue] DONE F0__StrategicAndHighValueMaterials__s2021 (256/285) wall=509.8s peak=904.9MB
[queue] START F1__StrategicAndHighValueMaterials__s2021 (free 28082MiB)
[F1__StrategicAndHighValueMaterials__s2021] epoch 1: val_mse=32.770757 pred_loss=2.076128 reg=0.000e+00 (54s)
[F1__StrategicAndHighValueMaterials__s2021] epoch 2: val_mse=32.455160 pred_loss=1.301556 reg=0.000e+00 (104s)
[F1__StrategicAndHighValueMaterials__s2021] epoch 3: val_mse=32.111911 pred_loss=1.697634 reg=0.000e+00 (155s)
[F1__StrategicAndHighValueMaterials__s2021] epoch 4: val_mse=31.753408 pred_loss=1.826218 reg=0.000e+00 (206s)
[F1__StrategicAndHighValueMaterials__s2021] epoch 5: val_mse=31.438510 pred_loss=1.559197 reg=0.000e+00 (257s)
[F1__StrategicAndHighValueMaterials__s2021] epoch 6: val_mse=31.118838 pred_loss=2.342993 reg=0.000e+00 (308s)
[F1__StrategicAndHighValueMaterials__s2021] epoch 7: val_mse=30.762188 pred_loss=1.804435 reg=0.000e+00 (359s)
[F1__StrategicAndHighValueMaterials__s2021] epoch 8: val_mse=30.425886 pred_loss=2.305682 reg=0.000e+00 (410s)
[F1__StrategicAndHighValueMaterials__s2021] epoch 9: val_mse=30.273488 pred_loss=2.067378 reg=0.000e+00 (460s)
[F1__StrategicAndHighValueMaterials__s2021] epoch 10: val_mse=29.967419 pred_loss=2.225987 reg=0.000e+00 (511s)
[queue] DONE F1__StrategicAndHighValueMaterials__s2021 (257/285) wall=511.3s peak=904.9MB
[queue] START F2__StrategicAndHighValueMaterials__s2021 (free 28082MiB)
[F2__StrategicAndHighValueMaterials__s2021] epoch 1: val_mse=32.867443 pred_loss=1.399946 reg=0.000e+00 (54s)
[F2__StrategicAndHighValueMaterials__s2021] epoch 2: val_mse=32.624575 pred_loss=1.198279 reg=0.000e+00 (105s)
[F2__StrategicAndHighValueMaterials__s2021] epoch 3: val_mse=32.344359 pred_loss=1.439208 reg=0.000e+00 (156s)
[F2__StrategicAndHighValueMaterials__s2021] epoch 4: val_mse=32.116282 pred_loss=1.660601 reg=0.000e+00 (206s)
[F2__StrategicAndHighValueMaterials__s2021] epoch 5: val_mse=31.874614 pred_loss=1.359617 reg=0.000e+00 (257s)
[F2__StrategicAndHighValueMaterials__s2021] epoch 6: val_mse=31.575412 pred_loss=1.973208 reg=0.000e+00 (308s)
[F2__StrategicAndHighValueMaterials__s2021] epoch 7: val_mse=31.291249 pred_loss=1.171419 reg=0.000e+00 (358s)
[F2__StrategicAndHighValueMaterials__s2021] epoch 8: val_mse=31.040327 pred_loss=1.702598 reg=0.000e+00 (409s)
[F2__StrategicAndHighValueMaterials__s2021] epoch 9: val_mse=30.894993 pred_loss=1.621072 reg=0.000e+00 (460s)
[F2__StrategicAndHighValueMaterials__s2021] epoch 10: val_mse=30.713141 pred_loss=1.198776 reg=0.000e+00 (511s)
[queue] DONE F2__StrategicAndHighValueMaterials__s2021 (258/285) wall=511.0s peak=904.9MB
[queue] START F3__StrategicAndHighValueMaterials__s2021 (free 28082MiB)
[F3__StrategicAndHighValueMaterials__s2021] epoch 1: val_mse=32.772454 pred_loss=2.076180 reg=1.012e-04 (65s)
[F3__StrategicAndHighValueMaterials__s2021] epoch 2: val_mse=32.460951 pred_loss=1.302037 reg=5.095e-04 (126s)
[F3__StrategicAndHighValueMaterials__s2021] epoch 3: val_mse=32.125657 pred_loss=1.698463 reg=9.393e-04 (188s)
[F3__StrategicAndHighValueMaterials__s2021] epoch 4: val_mse=31.779341 pred_loss=1.827827 reg=1.384e-03 (249s)
[F3__StrategicAndHighValueMaterials__s2021] epoch 5: val_mse=31.482002 pred_loss=1.561620 reg=1.792e-03 (310s)
[F3__StrategicAndHighValueMaterials__s2021] epoch 6: val_mse=31.180598 pred_loss=2.347804 reg=2.198e-03 (371s)
[F3__StrategicAndHighValueMaterials__s2021] epoch 7: val_mse=30.848443 pred_loss=1.809571 reg=2.599e-03 (432s)
[F3__StrategicAndHighValueMaterials__s2021] epoch 8: val_mse=30.536603 pred_loss=2.314339 reg=2.948e-03 (493s)
[F3__StrategicAndHighValueMaterials__s2021] epoch 9: val_mse=30.411082 pred_loss=2.077324 reg=3.259e-03 (554s)
[F3__StrategicAndHighValueMaterials__s2021] epoch 10: val_mse=30.127142 pred_loss=2.236308 reg=3.526e-03 (615s)
[queue] DONE F3__StrategicAndHighValueMaterials__s2021 (259/285) wall=614.9s peak=904.9MB
[queue] START F4__StrategicAndHighValueMaterials__s2021 (free 28082MiB)
[F4__StrategicAndHighValueMaterials__s2021] epoch 1: val_mse=32.868590 pred_loss=1.399994 reg=1.018e-04 (65s)
[F4__StrategicAndHighValueMaterials__s2021] epoch 2: val_mse=32.628659 pred_loss=1.198628 reg=5.112e-04 (127s)
[F4__StrategicAndHighValueMaterials__s2021] epoch 3: val_mse=32.354110 pred_loss=1.439852 reg=9.170e-04 (188s)
[F4__StrategicAndHighValueMaterials__s2021] epoch 4: val_mse=32.134530 pred_loss=1.661697 reg=1.330e-03 (250s)
[F4__StrategicAndHighValueMaterials__s2021] epoch 5: val_mse=31.904887 pred_loss=1.361143 reg=1.687e-03 (311s)
[F4__StrategicAndHighValueMaterials__s2021] epoch 6: val_mse=31.620644 pred_loss=1.976286 reg=2.059e-03 (372s)
[F4__StrategicAndHighValueMaterials__s2021] epoch 7: val_mse=31.355295 pred_loss=1.173630 reg=2.435e-03 (433s)
[F4__StrategicAndHighValueMaterials__s2021] epoch 8: val_mse=31.125777 pred_loss=1.706654 reg=2.726e-03 (494s)
[F4__StrategicAndHighValueMaterials__s2021] epoch 9: val_mse=31.003571 pred_loss=1.627308 reg=2.977e-03 (556s)
[F4__StrategicAndHighValueMaterials__s2021] epoch 10: val_mse=30.846097 pred_loss=1.202940 reg=3.177e-03 (617s)
[queue] DONE F4__StrategicAndHighValueMaterials__s2021 (260/285) wall=616.9s peak=904.9MB
[queue] START F0__StrategicAndHighValueMaterials__s2022 (free 28082MiB)
[F0__StrategicAndHighValueMaterials__s2022] epoch 1: val_mse=32.530808 pred_loss=5.350380 reg=0.000e+00 (55s)
[F0__StrategicAndHighValueMaterials__s2022] epoch 2: val_mse=31.950322 pred_loss=5.269578 reg=0.000e+00 (106s)
[F0__StrategicAndHighValueMaterials__s2022] epoch 3: val_mse=31.214886 pred_loss=8.384164 reg=0.000e+00 (157s)
[F0__StrategicAndHighValueMaterials__s2022] epoch 4: val_mse=30.482380 pred_loss=7.755371 reg=0.000e+00 (208s)
[F0__StrategicAndHighValueMaterials__s2022] epoch 5: val_mse=29.857577 pred_loss=7.468398 reg=0.000e+00 (259s)
[F0__StrategicAndHighValueMaterials__s2022] epoch 6: val_mse=29.403531 pred_loss=6.413173 reg=0.000e+00 (310s)
[F0__StrategicAndHighValueMaterials__s2022] epoch 7: val_mse=29.029407 pred_loss=4.934637 reg=0.000e+00 (361s)
[F0__StrategicAndHighValueMaterials__s2022] epoch 8: val_mse=28.571096 pred_loss=5.173092 reg=0.000e+00 (412s)
[F0__StrategicAndHighValueMaterials__s2022] epoch 9: val_mse=28.050405 pred_loss=6.616919 reg=0.000e+00 (462s)
[F0__StrategicAndHighValueMaterials__s2022] epoch 10: val_mse=27.065607 pred_loss=9.764012 reg=0.000e+00 (513s)
[queue] DONE F0__StrategicAndHighValueMaterials__s2022 (261/285) wall=512.9s peak=904.9MB
[queue] START F1__StrategicAndHighValueMaterials__s2022 (free 28082MiB)
[F1__StrategicAndHighValueMaterials__s2022] epoch 1: val_mse=32.831228 pred_loss=1.365290 reg=0.000e+00 (55s)
[F1__StrategicAndHighValueMaterials__s2022] epoch 2: val_mse=32.446116 pred_loss=1.574477 reg=0.000e+00 (105s)
[F1__StrategicAndHighValueMaterials__s2022] epoch 3: val_mse=32.234273 pred_loss=1.275193 reg=0.000e+00 (156s)
[F1__StrategicAndHighValueMaterials__s2022] epoch 4: val_mse=31.964470 pred_loss=2.078399 reg=0.000e+00 (207s)
[F1__StrategicAndHighValueMaterials__s2022] epoch 5: val_mse=31.604051 pred_loss=1.884487 reg=0.000e+00 (257s)
[F1__StrategicAndHighValueMaterials__s2022] epoch 6: val_mse=31.260770 pred_loss=2.016964 reg=0.000e+00 (308s)
[F1__StrategicAndHighValueMaterials__s2022] epoch 7: val_mse=30.949547 pred_loss=1.477770 reg=0.000e+00 (359s)
[F1__StrategicAndHighValueMaterials__s2022] epoch 8: val_mse=30.801515 pred_loss=1.040202 reg=0.000e+00 (409s)
[F1__StrategicAndHighValueMaterials__s2022] epoch 9: val_mse=30.550899 pred_loss=1.836861 reg=0.000e+00 (460s)
[F1__StrategicAndHighValueMaterials__s2022] epoch 10: val_mse=30.210772 pred_loss=1.978024 reg=0.000e+00 (511s)
[queue] DONE F1__StrategicAndHighValueMaterials__s2022 (262/285) wall=511.2s peak=904.9MB
[queue] START F2__StrategicAndHighValueMaterials__s2022 (free 28082MiB)
[F2__StrategicAndHighValueMaterials__s2022] epoch 1: val_mse=32.841386 pred_loss=1.270770 reg=0.000e+00 (55s)
[F2__StrategicAndHighValueMaterials__s2022] epoch 2: val_mse=32.488988 pred_loss=1.358313 reg=0.000e+00 (106s)
[F2__StrategicAndHighValueMaterials__s2022] epoch 3: val_mse=32.337799 pred_loss=1.200818 reg=0.000e+00 (156s)
[F2__StrategicAndHighValueMaterials__s2022] epoch 4: val_mse=32.050383 pred_loss=2.025508 reg=0.000e+00 (207s)
[F2__StrategicAndHighValueMaterials__s2022] epoch 5: val_mse=31.770071 pred_loss=1.283244 reg=0.000e+00 (258s)
[F2__StrategicAndHighValueMaterials__s2022] epoch 6: val_mse=31.533972 pred_loss=1.478201 reg=0.000e+00 (309s)
[F2__StrategicAndHighValueMaterials__s2022] epoch 7: val_mse=31.266837 pred_loss=1.236860 reg=0.000e+00 (360s)
[F2__StrategicAndHighValueMaterials__s2022] epoch 8: val_mse=31.154552 pred_loss=1.036277 reg=0.000e+00 (411s)
[F2__StrategicAndHighValueMaterials__s2022] epoch 9: val_mse=30.897836 pred_loss=1.803780 reg=0.000e+00 (461s)
[F2__StrategicAndHighValueMaterials__s2022] epoch 10: val_mse=30.657954 pred_loss=1.244751 reg=0.000e+00 (512s)
[queue] DONE F2__StrategicAndHighValueMaterials__s2022 (263/285) wall=512.3s peak=904.9MB
[queue] START F3__StrategicAndHighValueMaterials__s2022 (free 28082MiB)
[F3__StrategicAndHighValueMaterials__s2022] epoch 1: val_mse=32.832226 pred_loss=1.365355 reg=1.088e-04 (65s)
[F3__StrategicAndHighValueMaterials__s2022] epoch 2: val_mse=32.451133 pred_loss=1.574865 reg=4.755e-04 (127s)
[F3__StrategicAndHighValueMaterials__s2022] epoch 3: val_mse=32.247053 pred_loss=1.275888 reg=8.845e-04 (189s)
[F3__StrategicAndHighValueMaterials__s2022] epoch 4: val_mse=31.987492 pred_loss=2.080065 reg=1.304e-03 (251s)
[F3__StrategicAndHighValueMaterials__s2022] epoch 5: val_mse=31.641475 pred_loss=1.887112 reg=1.800e-03 (314s)
[F3__StrategicAndHighValueMaterials__s2022] epoch 6: val_mse=31.319202 pred_loss=2.020450 reg=2.202e-03 (376s)
[F3__StrategicAndHighValueMaterials__s2022] epoch 7: val_mse=31.032261 pred_loss=1.481727 reg=2.471e-03 (438s)
[F3__StrategicAndHighValueMaterials__s2022] epoch 8: val_mse=30.910106 pred_loss=1.042933 reg=2.740e-03 (500s)
[F3__StrategicAndHighValueMaterials__s2022] epoch 9: val_mse=30.682203 pred_loss=1.844534 reg=3.036e-03 (562s)
[F3__StrategicAndHighValueMaterials__s2022] epoch 10: val_mse=30.363143 pred_loss=1.988364 reg=3.370e-03 (624s)
[queue] DONE F3__StrategicAndHighValueMaterials__s2022 (264/285) wall=624.0s peak=904.9MB
[queue] START F4__StrategicAndHighValueMaterials__s2022 (free 28082MiB)
[F4__StrategicAndHighValueMaterials__s2022] epoch 1: val_mse=32.842370 pred_loss=1.270842 reg=1.158e-04 (66s)
[F4__StrategicAndHighValueMaterials__s2022] epoch 2: val_mse=32.493560 pred_loss=1.358669 reg=4.961e-04 (128s)
[F4__StrategicAndHighValueMaterials__s2022] epoch 3: val_mse=32.349072 pred_loss=1.201360 reg=8.921e-04 (190s)
[F4__StrategicAndHighValueMaterials__s2022] epoch 4: val_mse=32.070329 pred_loss=2.026877 reg=1.253e-03 (252s)
[F4__StrategicAndHighValueMaterials__s2022] epoch 5: val_mse=31.802715 pred_loss=1.284893 reg=1.713e-03 (314s)
[F4__StrategicAndHighValueMaterials__s2022] epoch 6: val_mse=31.583835 pred_loss=1.480518 reg=2.111e-03 (376s)
[F4__StrategicAndHighValueMaterials__s2022] epoch 7: val_mse=31.336875 pred_loss=1.239601 reg=2.339e-03 (438s)
[F4__StrategicAndHighValueMaterials__s2022] epoch 8: val_mse=31.246756 pred_loss=1.038489 reg=2.573e-03 (501s)
[F4__StrategicAndHighValueMaterials__s2022] epoch 9: val_mse=31.009012 pred_loss=1.810310 reg=2.832e-03 (563s)
[F4__StrategicAndHighValueMaterials__s2022] epoch 10: val_mse=30.792286 pred_loss=1.249902 reg=3.166e-03 (625s)
[queue] DONE F4__StrategicAndHighValueMaterials__s2022 (265/285) wall=625.2s peak=904.9MB
[queue] START F0__StrategicAndHighValueMaterials__s2023 (free 28082MiB)
[F0__StrategicAndHighValueMaterials__s2023] epoch 1: val_mse=32.241017 pred_loss=9.974810 reg=0.000e+00 (55s)
[F0__StrategicAndHighValueMaterials__s2023] epoch 2: val_mse=31.777619 pred_loss=5.660716 reg=0.000e+00 (105s)
[F0__StrategicAndHighValueMaterials__s2023] epoch 3: val_mse=31.153198 pred_loss=7.192887 reg=0.000e+00 (156s)
[F0__StrategicAndHighValueMaterials__s2023] epoch 4: val_mse=30.305008 pred_loss=8.394909 reg=0.000e+00 (207s)
[F0__StrategicAndHighValueMaterials__s2023] epoch 5: val_mse=29.956026 pred_loss=4.823425 reg=0.000e+00 (258s)
[F0__StrategicAndHighValueMaterials__s2023] epoch 6: val_mse=29.614898 pred_loss=4.259124 reg=0.000e+00 (308s)
[F0__StrategicAndHighValueMaterials__s2023] epoch 7: val_mse=29.053025 pred_loss=7.292353 reg=0.000e+00 (359s)
[F0__StrategicAndHighValueMaterials__s2023] epoch 8: val_mse=28.721958 pred_loss=5.250064 reg=0.000e+00 (410s)
[F0__StrategicAndHighValueMaterials__s2023] epoch 9: val_mse=28.225474 pred_loss=7.116368 reg=0.000e+00 (460s)
[F0__StrategicAndHighValueMaterials__s2023] epoch 10: val_mse=27.440152 pred_loss=6.986693 reg=0.000e+00 (511s)
[queue] DONE F0__StrategicAndHighValueMaterials__s2023 (266/285) wall=511.2s peak=904.9MB
[queue] START F1__StrategicAndHighValueMaterials__s2023 (free 28082MiB)
[F1__StrategicAndHighValueMaterials__s2023] epoch 1: val_mse=32.812887 pred_loss=1.351755 reg=0.000e+00 (55s)
[F1__StrategicAndHighValueMaterials__s2023] epoch 2: val_mse=32.566567 pred_loss=1.880197 reg=0.000e+00 (106s)
[F1__StrategicAndHighValueMaterials__s2023] epoch 3: val_mse=32.275398 pred_loss=1.712766 reg=0.000e+00 (157s)
[F1__StrategicAndHighValueMaterials__s2023] epoch 4: val_mse=31.874863 pred_loss=2.407934 reg=0.000e+00 (208s)
[F1__StrategicAndHighValueMaterials__s2023] epoch 5: val_mse=31.556863 pred_loss=1.506448 reg=0.000e+00 (259s)
[F1__StrategicAndHighValueMaterials__s2023] epoch 6: val_mse=31.151655 pred_loss=1.872320 reg=0.000e+00 (310s)
[F1__StrategicAndHighValueMaterials__s2023] epoch 7: val_mse=31.007263 pred_loss=1.052237 reg=0.000e+00 (361s)
[F1__StrategicAndHighValueMaterials__s2023] epoch 8: val_mse=30.894590 pred_loss=1.184355 reg=0.000e+00 (412s)
[F1__StrategicAndHighValueMaterials__s2023] epoch 9: val_mse=30.552212 pred_loss=1.727011 reg=0.000e+00 (462s)
[F1__StrategicAndHighValueMaterials__s2023] epoch 10: val_mse=30.217408 pred_loss=1.618696 reg=0.000e+00 (513s)
[queue] DONE F1__StrategicAndHighValueMaterials__s2023 (267/285) wall=513.2s peak=904.9MB
[queue] START F2__StrategicAndHighValueMaterials__s2023 (free 28082MiB)
[F2__StrategicAndHighValueMaterials__s2023] epoch 1: val_mse=32.826045 pred_loss=1.269327 reg=0.000e+00 (55s)
[F2__StrategicAndHighValueMaterials__s2023] epoch 2: val_mse=32.573377 pred_loss=1.845797 reg=0.000e+00 (105s)
[F2__StrategicAndHighValueMaterials__s2023] epoch 3: val_mse=32.373841 pred_loss=1.101070 reg=0.000e+00 (156s)
[F2__StrategicAndHighValueMaterials__s2023] epoch 4: val_mse=32.075313 pred_loss=2.019846 reg=0.000e+00 (207s)
[F2__StrategicAndHighValueMaterials__s2023] epoch 5: val_mse=31.823146 pred_loss=1.353377 reg=0.000e+00 (258s)
[F2__StrategicAndHighValueMaterials__s2023] epoch 6: val_mse=31.531570 pred_loss=1.798484 reg=0.000e+00 (309s)
[F2__StrategicAndHighValueMaterials__s2023] epoch 7: val_mse=31.371053 pred_loss=1.008793 reg=0.000e+00 (360s)
[F2__StrategicAndHighValueMaterials__s2023] epoch 8: val_mse=31.363315 pred_loss=1.108112 reg=0.000e+00 (411s)
[F2__StrategicAndHighValueMaterials__s2023] epoch 9: val_mse=31.053732 pred_loss=1.086321 reg=0.000e+00 (462s)
[F2__StrategicAndHighValueMaterials__s2023] epoch 10: val_mse=30.773175 pred_loss=1.464031 reg=0.000e+00 (513s)
[queue] DONE F2__StrategicAndHighValueMaterials__s2023 (268/285) wall=513.5s peak=904.9MB
[queue] START F3__StrategicAndHighValueMaterials__s2023 (free 28082MiB)
[F3__StrategicAndHighValueMaterials__s2023] epoch 1: val_mse=32.814093 pred_loss=1.351817 reg=1.119e-04 (66s)
[F3__StrategicAndHighValueMaterials__s2023] epoch 2: val_mse=32.571494 pred_loss=1.880572 reg=5.058e-04 (127s)
[F3__StrategicAndHighValueMaterials__s2023] epoch 3: val_mse=32.287404 pred_loss=1.713524 reg=9.897e-04 (189s)
[F3__StrategicAndHighValueMaterials__s2023] epoch 4: val_mse=31.897130 pred_loss=2.409893 reg=1.391e-03 (251s)
[F3__StrategicAndHighValueMaterials__s2023] epoch 5: val_mse=31.594117 pred_loss=1.509149 reg=1.763e-03 (313s)
[F3__StrategicAndHighValueMaterials__s2023] epoch 6: val_mse=31.209704 pred_loss=1.875779 reg=2.118e-03 (374s)
[F3__StrategicAndHighValueMaterials__s2023] epoch 7: val_mse=31.088444 pred_loss=1.054615 reg=2.503e-03 (436s)
[F3__StrategicAndHighValueMaterials__s2023] epoch 8: val_mse=31.001113 pred_loss=1.187836 reg=2.864e-03 (498s)
[F3__StrategicAndHighValueMaterials__s2023] epoch 9: val_mse=30.682583 pred_loss=1.733426 reg=3.165e-03 (561s)
[F3__StrategicAndHighValueMaterials__s2023] epoch 10: val_mse=30.369664 pred_loss=1.626924 reg=3.478e-03 (622s)
[queue] DONE F3__StrategicAndHighValueMaterials__s2023 (269/285) wall=622.5s peak=904.9MB
[queue] START F4__StrategicAndHighValueMaterials__s2023 (free 28082MiB)
[F4__StrategicAndHighValueMaterials__s2023] epoch 1: val_mse=32.827101 pred_loss=1.269384 reg=1.164e-04 (66s)
[F4__StrategicAndHighValueMaterials__s2023] epoch 2: val_mse=32.577777 pred_loss=1.846139 reg=5.074e-04 (127s)
[F4__StrategicAndHighValueMaterials__s2023] epoch 3: val_mse=32.383906 pred_loss=1.101617 reg=9.501e-04 (189s)
[F4__StrategicAndHighValueMaterials__s2023] epoch 4: val_mse=32.093899 pred_loss=2.021353 reg=1.315e-03 (251s)
[F4__StrategicAndHighValueMaterials__s2023] epoch 5: val_mse=31.853276 pred_loss=1.355223 reg=1.670e-03 (313s)
[F4__StrategicAndHighValueMaterials__s2023] epoch 6: val_mse=31.577998 pred_loss=1.801202 reg=1.979e-03 (375s)
[F4__StrategicAndHighValueMaterials__s2023] epoch 7: val_mse=31.436073 pred_loss=1.010570 reg=2.298e-03 (437s)
[F4__StrategicAndHighValueMaterials__s2023] epoch 8: val_mse=31.448208 pred_loss=1.110538 reg=2.600e-03 (499s)
[F4__StrategicAndHighValueMaterials__s2023] epoch 9: val_mse=31.160330 pred_loss=1.089328 reg=2.831e-03 (561s)
[F4__StrategicAndHighValueMaterials__s2023] epoch 10: val_mse=30.902255 pred_loss=1.469471 reg=3.099e-03 (623s)
[queue] DONE F4__StrategicAndHighValueMaterials__s2023 (270/285) wall=623.5s peak=904.9MB
[queue] START F0__Currency__s2021 (free 28082MiB)
[F0__Currency__s2021] epoch 1: val_mse=1.132211 pred_loss=1.009105 reg=0.000e+00 (59s)
[F0__Currency__s2021] epoch 2: val_mse=1.062722 pred_loss=0.875566 reg=0.000e+00 (114s)
[F0__Currency__s2021] epoch 3: val_mse=1.044589 pred_loss=0.840649 reg=0.000e+00 (169s)
[F0__Currency__s2021] epoch 4: val_mse=1.033863 pred_loss=0.737283 reg=0.000e+00 (224s)
[F0__Currency__s2021] epoch 5: val_mse=1.027973 pred_loss=0.793619 reg=0.000e+00 (279s)
[F0__Currency__s2021] epoch 6: val_mse=1.025548 pred_loss=0.794895 reg=0.000e+00 (334s)
[F0__Currency__s2021] epoch 7: val_mse=1.021934 pred_loss=0.772706 reg=0.000e+00 (388s)
[F0__Currency__s2021] epoch 8: val_mse=1.021681 pred_loss=0.789212 reg=0.000e+00 (443s)
[F0__Currency__s2021] epoch 9: val_mse=1.016312 pred_loss=0.775812 reg=0.000e+00 (498s)
[F0__Currency__s2021] epoch 10: val_mse=1.013197 pred_loss=0.753230 reg=0.000e+00 (553s)
[queue] DONE F0__Currency__s2021 (271/285) wall=552.7s peak=904.9MB
[queue] START F1__Currency__s2021 (free 28082MiB)
[F1__Currency__s2021] epoch 1: val_mse=1.146942 pred_loss=1.143628 reg=0.000e+00 (59s)
[F1__Currency__s2021] epoch 2: val_mse=1.075488 pred_loss=1.058220 reg=0.000e+00 (114s)
[F1__Currency__s2021] epoch 3: val_mse=1.062011 pred_loss=1.027633 reg=0.000e+00 (169s)
[F1__Currency__s2021] epoch 4: val_mse=1.056475 pred_loss=0.852979 reg=0.000e+00 (224s)
[F1__Currency__s2021] epoch 5: val_mse=1.051913 pred_loss=0.965494 reg=0.000e+00 (279s)
[F1__Currency__s2021] epoch 6: val_mse=1.054564 pred_loss=0.948095 reg=0.000e+00 (334s)
[F1__Currency__s2021] epoch 7: val_mse=1.058515 pred_loss=0.841348 reg=0.000e+00 (389s)
[F1__Currency__s2021] epoch 8: val_mse=1.056566 pred_loss=0.896718 reg=0.000e+00 (444s)
[F1__Currency__s2021] epoch 9: val_mse=1.056981 pred_loss=0.901430 reg=0.000e+00 (499s)
[F1__Currency__s2021] epoch 10: val_mse=1.056261 pred_loss=0.913524 reg=0.000e+00 (554s)
[queue] DONE F1__Currency__s2021 (272/285) wall=554.0s peak=904.9MB
[queue] START F2__Currency__s2021 (free 28082MiB)
[F2__Currency__s2021] epoch 1: val_mse=1.152709 pred_loss=1.107761 reg=0.000e+00 (59s)
[F2__Currency__s2021] epoch 2: val_mse=1.084421 pred_loss=1.017438 reg=0.000e+00 (114s)
[F2__Currency__s2021] epoch 3: val_mse=1.068755 pred_loss=1.008101 reg=0.000e+00 (169s)
[F2__Currency__s2021] epoch 4: val_mse=1.061349 pred_loss=0.864405 reg=0.000e+00 (224s)
[F2__Currency__s2021] epoch 5: val_mse=1.052880 pred_loss=0.971196 reg=0.000e+00 (279s)
[F2__Currency__s2021] epoch 6: val_mse=1.054537 pred_loss=0.925551 reg=0.000e+00 (334s)
[F2__Currency__s2021] epoch 7: val_mse=1.056830 pred_loss=0.847941 reg=0.000e+00 (390s)
[F2__Currency__s2021] epoch 8: val_mse=1.055603 pred_loss=0.927448 reg=0.000e+00 (445s)
[F2__Currency__s2021] epoch 9: val_mse=1.057549 pred_loss=0.912380 reg=0.000e+00 (500s)
[F2__Currency__s2021] epoch 10: val_mse=1.054666 pred_loss=0.911589 reg=0.000e+00 (555s)
[queue] DONE F2__Currency__s2021 (273/285) wall=555.0s peak=904.9MB
[queue] START F3__Currency__s2021 (free 28082MiB)
[F3__Currency__s2021] epoch 1: val_mse=1.147185 pred_loss=1.143700 reg=1.336e-04 (70s)
[F3__Currency__s2021] epoch 2: val_mse=1.075912 pred_loss=1.058616 reg=7.000e-04 (137s)
[F3__Currency__s2021] epoch 3: val_mse=1.062406 pred_loss=1.028181 reg=1.347e-03 (204s)
[F3__Currency__s2021] epoch 4: val_mse=1.056723 pred_loss=0.853794 reg=1.895e-03 (270s)
[F3__Currency__s2021] epoch 5: val_mse=1.051939 pred_loss=0.966518 reg=2.350e-03 (337s)
[F3__Currency__s2021] epoch 6: val_mse=1.054466 pred_loss=0.949285 reg=2.748e-03 (404s)
[F3__Currency__s2021] epoch 7: val_mse=1.058245 pred_loss=0.842798 reg=3.167e-03 (471s)
[F3__Currency__s2021] epoch 8: val_mse=1.056099 pred_loss=0.898687 reg=3.520e-03 (538s)
[F3__Currency__s2021] epoch 9: val_mse=1.056504 pred_loss=0.902907 reg=3.877e-03 (605s)
[F3__Currency__s2021] epoch 10: val_mse=1.055587 pred_loss=0.915602 reg=4.137e-03 (672s)
[queue] DONE F3__Currency__s2021 (274/285) wall=671.8s peak=904.9MB
[queue] START F4__Currency__s2021 (free 28082MiB)
[F4__Currency__s2021] epoch 1: val_mse=1.152950 pred_loss=1.107828 reg=1.240e-04 (70s)
[F4__Currency__s2021] epoch 2: val_mse=1.084910 pred_loss=1.017752 reg=6.351e-04 (137s)
[F4__Currency__s2021] epoch 3: val_mse=1.069312 pred_loss=1.008569 reg=1.175e-03 (203s)
[F4__Currency__s2021] epoch 4: val_mse=1.061843 pred_loss=0.865080 reg=1.619e-03 (270s)
[F4__Currency__s2021] epoch 5: val_mse=1.053211 pred_loss=0.972117 reg=2.003e-03 (337s)
[F4__Currency__s2021] epoch 6: val_mse=1.054768 pred_loss=0.926631 reg=2.363e-03 (404s)
[F4__Currency__s2021] epoch 7: val_mse=1.056850 pred_loss=0.849146 reg=2.756e-03 (471s)
[F4__Currency__s2021] epoch 8: val_mse=1.055562 pred_loss=0.929296 reg=3.068e-03 (538s)
[F4__Currency__s2021] epoch 9: val_mse=1.057536 pred_loss=0.913510 reg=3.340e-03 (604s)
[F4__Currency__s2021] epoch 10: val_mse=1.054361 pred_loss=0.913153 reg=3.476e-03 (671s)
[queue] DONE F4__Currency__s2021 (275/285) wall=671.1s peak=904.9MB
[queue] START F0__Currency__s2022 (free 28082MiB)
[F0__Currency__s2022] epoch 1: val_mse=1.128485 pred_loss=0.963709 reg=0.000e+00 (58s)
[F0__Currency__s2022] epoch 2: val_mse=1.066747 pred_loss=0.888934 reg=0.000e+00 (113s)
[F0__Currency__s2022] epoch 3: val_mse=1.045869 pred_loss=0.846872 reg=0.000e+00 (168s)
[F0__Currency__s2022] epoch 4: val_mse=1.036244 pred_loss=0.814073 reg=0.000e+00 (223s)
[F0__Currency__s2022] epoch 5: val_mse=1.030948 pred_loss=0.816913 reg=0.000e+00 (278s)
[F0__Currency__s2022] epoch 6: val_mse=1.028172 pred_loss=0.751790 reg=0.000e+00 (333s)
[F0__Currency__s2022] epoch 7: val_mse=1.026044 pred_loss=0.809145 reg=0.000e+00 (388s)
[F0__Currency__s2022] epoch 8: val_mse=1.018100 pred_loss=0.785613 reg=0.000e+00 (443s)
[F0__Currency__s2022] epoch 9: val_mse=1.014646 pred_loss=0.795910 reg=0.000e+00 (498s)
[F0__Currency__s2022] epoch 10: val_mse=1.015680 pred_loss=0.755142 reg=0.000e+00 (553s)
[queue] DONE F0__Currency__s2022 (276/285) wall=553.5s peak=904.9MB
[queue] START F1__Currency__s2022 (free 28082MiB)
[F1__Currency__s2022] epoch 1: val_mse=1.141031 pred_loss=1.083547 reg=0.000e+00 (59s)
[F1__Currency__s2022] epoch 2: val_mse=1.072948 pred_loss=1.094581 reg=0.000e+00 (113s)
[F1__Currency__s2022] epoch 3: val_mse=1.058799 pred_loss=1.012474 reg=0.000e+00 (168s)
[F1__Currency__s2022] epoch 4: val_mse=1.052542 pred_loss=1.015738 reg=0.000e+00 (223s)
[F1__Currency__s2022] epoch 5: val_mse=1.048883 pred_loss=0.962158 reg=0.000e+00 (278s)
[F1__Currency__s2022] epoch 6: val_mse=1.054146 pred_loss=0.914172 reg=0.000e+00 (333s)
[F1__Currency__s2022] epoch 7: val_mse=1.051841 pred_loss=0.969743 reg=0.000e+00 (387s)
[F1__Currency__s2022] epoch 8: val_mse=1.053775 pred_loss=0.843312 reg=0.000e+00 (442s)
[F1__Currency__s2022] epoch 9: val_mse=1.051171 pred_loss=0.940287 reg=0.000e+00 (497s)
[F1__Currency__s2022] epoch 10: val_mse=1.054203 pred_loss=0.899614 reg=0.000e+00 (552s)
[queue] DONE F1__Currency__s2022 (277/285) wall=551.7s peak=904.9MB
[queue] START F2__Currency__s2022 (free 28082MiB)
[F2__Currency__s2022] epoch 1: val_mse=1.150802 pred_loss=1.051624 reg=0.000e+00 (59s)
[F2__Currency__s2022] epoch 2: val_mse=1.081804 pred_loss=1.020058 reg=0.000e+00 (114s)
[F2__Currency__s2022] epoch 3: val_mse=1.063359 pred_loss=0.970660 reg=0.000e+00 (169s)
[F2__Currency__s2022] epoch 4: val_mse=1.055354 pred_loss=1.002791 reg=0.000e+00 (225s)
[F2__Currency__s2022] epoch 5: val_mse=1.049560 pred_loss=0.950343 reg=0.000e+00 (280s)
[F2__Currency__s2022] epoch 6: val_mse=1.052304 pred_loss=0.929137 reg=0.000e+00 (335s)
[F2__Currency__s2022] epoch 7: val_mse=1.050341 pred_loss=0.960571 reg=0.000e+00 (390s)
[F2__Currency__s2022] epoch 8: val_mse=1.051041 pred_loss=0.853718 reg=0.000e+00 (445s)
[F2__Currency__s2022] epoch 9: val_mse=1.049152 pred_loss=0.965662 reg=0.000e+00 (500s)
[F2__Currency__s2022] epoch 10: val_mse=1.051535 pred_loss=0.910612 reg=0.000e+00 (554s)
[queue] DONE F2__Currency__s2022 (278/285) wall=554.4s peak=904.9MB
[queue] START F3__Currency__s2022 (free 28082MiB)
[F3__Currency__s2022] epoch 1: val_mse=1.141294 pred_loss=1.083607 reg=1.372e-04 (70s)
[F3__Currency__s2022] epoch 2: val_mse=1.073381 pred_loss=1.094944 reg=6.628e-04 (137s)
[F3__Currency__s2022] epoch 3: val_mse=1.059189 pred_loss=1.013071 reg=1.304e-03 (203s)
[F3__Currency__s2022] epoch 4: val_mse=1.052759 pred_loss=1.016924 reg=1.854e-03 (270s)
[F3__Currency__s2022] epoch 5: val_mse=1.048895 pred_loss=0.963172 reg=2.334e-03 (337s)
[F3__Currency__s2022] epoch 6: val_mse=1.054072 pred_loss=0.915826 reg=2.698e-03 (404s)
[F3__Currency__s2022] epoch 7: val_mse=1.051564 pred_loss=0.971663 reg=3.081e-03 (471s)
[F3__Currency__s2022] epoch 8: val_mse=1.053301 pred_loss=0.845426 reg=3.519e-03 (538s)
[F3__Currency__s2022] epoch 9: val_mse=1.050522 pred_loss=0.942210 reg=3.881e-03 (605s)
[F3__Currency__s2022] epoch 10: val_mse=1.053532 pred_loss=0.901646 reg=4.186e-03 (671s)
[queue] DONE F3__Currency__s2022 (279/285) wall=671.4s peak=904.9MB
[queue] START F4__Currency__s2022 (free 28082MiB)
[F4__Currency__s2022] epoch 1: val_mse=1.151070 pred_loss=1.051678 reg=1.215e-04 (70s)
[F4__Currency__s2022] epoch 2: val_mse=1.082280 pred_loss=1.020402 reg=5.888e-04 (137s)
[F4__Currency__s2022] epoch 3: val_mse=1.063838 pred_loss=0.971238 reg=1.155e-03 (204s)
[F4__Currency__s2022] epoch 4: val_mse=1.055745 pred_loss=1.003746 reg=1.687e-03 (272s)
[F4__Currency__s2022] epoch 5: val_mse=1.049821 pred_loss=0.951106 reg=2.084e-03 (339s)
[F4__Currency__s2022] epoch 6: val_mse=1.052544 pred_loss=0.930542 reg=2.339e-03 (406s)
[F4__Currency__s2022] epoch 7: val_mse=1.050395 pred_loss=0.962163 reg=2.695e-03 (473s)
[F4__Currency__s2022] epoch 8: val_mse=1.050884 pred_loss=0.855258 reg=3.099e-03 (540s)
[F4__Currency__s2022] epoch 9: val_mse=1.048859 pred_loss=0.967506 reg=3.395e-03 (607s)
[F4__Currency__s2022] epoch 10: val_mse=1.051186 pred_loss=0.912269 reg=3.686e-03 (674s)
[queue] DONE F4__Currency__s2022 (280/285) wall=673.7s peak=904.9MB
[queue] START F0__Currency__s2023 (free 28082MiB)
[F0__Currency__s2023] epoch 1: val_mse=1.130396 pred_loss=0.991272 reg=0.000e+00 (59s)
[F0__Currency__s2023] epoch 2: val_mse=1.066962 pred_loss=0.884103 reg=0.000e+00 (113s)
[F0__Currency__s2023] epoch 3: val_mse=1.048241 pred_loss=0.772802 reg=0.000e+00 (168s)
[F0__Currency__s2023] epoch 4: val_mse=1.036202 pred_loss=0.766099 reg=0.000e+00 (223s)
[F0__Currency__s2023] epoch 5: val_mse=1.030785 pred_loss=0.783438 reg=0.000e+00 (278s)
[F0__Currency__s2023] epoch 6: val_mse=1.031809 pred_loss=0.760319 reg=0.000e+00 (333s)
[F0__Currency__s2023] epoch 7: val_mse=1.025300 pred_loss=0.774683 reg=0.000e+00 (388s)
[F0__Currency__s2023] epoch 8: val_mse=1.020612 pred_loss=0.731672 reg=0.000e+00 (443s)
[F0__Currency__s2023] epoch 9: val_mse=1.018102 pred_loss=0.788460 reg=0.000e+00 (498s)
[F0__Currency__s2023] epoch 10: val_mse=1.008559 pred_loss=0.743456 reg=0.000e+00 (553s)
[queue] DONE F0__Currency__s2023 (281/285) wall=553.2s peak=904.9MB
[queue] START F1__Currency__s2023 (free 28082MiB)
[F1__Currency__s2023] epoch 1: val_mse=1.144395 pred_loss=1.175068 reg=0.000e+00 (59s)
[F1__Currency__s2023] epoch 2: val_mse=1.074504 pred_loss=0.986657 reg=0.000e+00 (114s)
[F1__Currency__s2023] epoch 3: val_mse=1.064459 pred_loss=0.863980 reg=0.000e+00 (169s)
[F1__Currency__s2023] epoch 4: val_mse=1.059248 pred_loss=0.867626 reg=0.000e+00 (224s)
[F1__Currency__s2023] epoch 5: val_mse=1.055381 pred_loss=0.893438 reg=0.000e+00 (278s)
[F1__Currency__s2023] epoch 6: val_mse=1.060400 pred_loss=0.900879 reg=0.000e+00 (333s)
[F1__Currency__s2023] epoch 7: val_mse=1.058520 pred_loss=0.886344 reg=0.000e+00 (395s)
[F1__Currency__s2023] epoch 8: val_mse=1.062138 pred_loss=0.860751 reg=0.000e+00 (476s)
[F1__Currency__s2023] epoch 9: val_mse=1.056984 pred_loss=0.967539 reg=0.000e+00 (558s)
[F1__Currency__s2023] epoch 10: val_mse=1.053003 pred_loss=0.880527 reg=0.000e+00 (640s)
[queue] DONE F1__Currency__s2023 (282/285) wall=639.7s peak=904.9MB
[queue] START F2__Currency__s2023 (free 23922MiB)
[F2__Currency__s2023] epoch 1: val_mse=1.152211 pred_loss=1.149671 reg=0.000e+00 (86s)
[F2__Currency__s2023] epoch 2: val_mse=1.084306 pred_loss=0.991350 reg=0.000e+00 (173s)
[F2__Currency__s2023] epoch 3: val_mse=1.071599 pred_loss=0.879741 reg=0.000e+00 (284s)
[F2__Currency__s2023] epoch 4: val_mse=1.061078 pred_loss=0.873396 reg=0.000e+00 (396s)
[F2__Currency__s2023] epoch 5: val_mse=1.056185 pred_loss=0.919046 reg=0.000e+00 (512s)
[F2__Currency__s2023] epoch 6: val_mse=1.061312 pred_loss=0.932992 reg=0.000e+00 (640s)
[F2__Currency__s2023] epoch 7: val_mse=1.057371 pred_loss=0.894911 reg=0.000e+00 (756s)
[F2__Currency__s2023] epoch 8: val_mse=1.058595 pred_loss=0.869454 reg=0.000e+00 (838s)
[F2__Currency__s2023] epoch 9: val_mse=1.054082 pred_loss=0.957577 reg=0.000e+00 (920s)
[F2__Currency__s2023] epoch 10: val_mse=1.050453 pred_loss=0.905951 reg=0.000e+00 (1003s)
[queue] DONE F2__Currency__s2023 (283/285) wall=1002.6s peak=904.9MB
[queue] START F3__Currency__s2023 (free 23922MiB)
[F3__Currency__s2023] epoch 1: val_mse=1.144649 pred_loss=1.175143 reg=1.401e-04 (93s)
[F3__Currency__s2023] epoch 2: val_mse=1.074942 pred_loss=0.987022 reg=6.618e-04 (160s)
[F3__Currency__s2023] epoch 3: val_mse=1.064917 pred_loss=0.864449 reg=1.236e-03 (227s)
[F3__Currency__s2023] epoch 4: val_mse=1.059509 pred_loss=0.868607 reg=1.784e-03 (293s)
[F3__Currency__s2023] epoch 5: val_mse=1.055418 pred_loss=0.894230 reg=2.332e-03 (360s)
[F3__Currency__s2023] epoch 6: val_mse=1.060284 pred_loss=0.901864 reg=2.670e-03 (427s)
[F3__Currency__s2023] epoch 7: val_mse=1.058140 pred_loss=0.888338 reg=2.995e-03 (493s)
[F3__Currency__s2023] epoch 8: val_mse=1.061653 pred_loss=0.862426 reg=3.376e-03 (565s)
[F3__Currency__s2023] epoch 9: val_mse=1.056429 pred_loss=0.968896 reg=3.697e-03 (644s)
[F3__Currency__s2023] epoch 10: val_mse=1.052387 pred_loss=0.882327 reg=3.927e-03 (723s)
[queue] DONE F3__Currency__s2023 (284/285) wall=723.2s peak=904.9MB
[queue] START F4__Currency__s2023 (free 26952MiB)
[F4__Currency__s2023] epoch 1: val_mse=1.152475 pred_loss=1.149737 reg=1.239e-04 (84s)
[F4__Currency__s2023] epoch 2: val_mse=1.084800 pred_loss=0.991661 reg=5.666e-04 (163s)
[F4__Currency__s2023] epoch 3: val_mse=1.072170 pred_loss=0.880153 reg=1.052e-03 (230s)
[F4__Currency__s2023] epoch 4: val_mse=1.061516 pred_loss=0.874245 reg=1.544e-03 (298s)
[F4__Currency__s2023] epoch 5: val_mse=1.056545 pred_loss=0.919667 reg=2.024e-03 (365s)
[F4__Currency__s2023] epoch 6: val_mse=1.061586 pred_loss=0.933971 reg=2.290e-03 (440s)
[F4__Currency__s2023] epoch 7: val_mse=1.057393 pred_loss=0.896603 reg=2.628e-03 (527s)
[F4__Currency__s2023] epoch 8: val_mse=1.058449 pred_loss=0.870921 reg=2.956e-03 (613s)
[F4__Currency__s2023] epoch 9: val_mse=1.053948 pred_loss=0.958943 reg=3.227e-03 (710s)
[F4__Currency__s2023] epoch 10: val_mse=1.050216 pred_loss=0.907482 reg=3.411e-03 (811s)
[queue] DONE F4__Currency__s2023 (285/285) wall=811.0s peak=904.9MB
[queue] ALL 285/285 runs complete
[2026-09-30 09:57:14] === stage train rc=0
