var_key,sample_id
CropsAndStaples__barley_inr_t_96_12_12_10events,CropsAndStaples__barley_inr_t_96_12_12_10events__20250909T000000
CropsAndStaples__barley_inr_t_96_12_12_10events,CropsAndStaples__barley_inr_t_96_12_12_10events__20250925T000000
CropsAndStaples__barley_inr_t_96_12_12_10events,CropsAndStaples__barley_inr_t_96_12_12_10events__20251014T000000
CropsAndStaples__barley_inr_t_96_12_12_10events,CropsAndStaples__barley_inr_t_96_12_12_10events__20251103T000000
CropsAndStaples__barley_inr_t_96_12_12_10events,CropsAndStaples__barley_inr_t_96_12_12_10events__20251120T000000
CropsAndStaples__barley_inr_t_96_12_12_10events,CropsAndStaples__barley_inr_t_96_12_12_10events__20251208T000000
CropsAndStaples__barley_inr_t_96_12_12_10events,CropsAndStaples__barley_inr_t_96_12_12_10events__20251224T000000
CropsAndStaples__barley_inr_t_96_12_12_10events,CropsAndStaples__barley_inr_t_96_12_12_10events__20260112T000000
CropsAndStaples__barley_inr_t_96_12_12_10events,CropsAndStaples__barley_inr_t_96_12_12_10events__20260130T000000
CropsAndStaples__barley_inr_t_96_12_12_10events,CropsAndStaples__barley_inr_t_96_12_12_10events__20260216T000000
CropsAndStaples__barley_inr_t_96_12_12_10events,CropsAndStaples__barley_inr_t_96_12_12_10events__20260304T000000
CropsAndStaples__canola_cad_t_96_12_12_10events,CropsAndStaples__canola_cad_t_96_12_12_10events__20250811T000000
CropsAndStaples__canola_cad_t_96_12_12_10events,CropsAndStaples__canola_cad_t_96_12_12_10events__20250827T000000
CropsAndStaples__canola_cad_t_96_12_12_10events,CropsAndStaples__canola_cad_t_96_12_12_10events__20250912T000000
CropsAndStaples__canola_cad_t_96_12_12_10events,CropsAndStaples__canola_cad_t_96_12_12_10events__20251001T000000
CropsAndStaples__canola_cad_t_96_12_12_10events,CropsAndStaples__canola_cad_t_96_12_12_10events__20251017T000000
CropsAndStaples__canola_cad_t_96_12_12_10events,CropsAndStaples__canola_cad_t_96_12_12_10events__20251104T000000
CropsAndStaples__canola_cad_t_96_12_12_10events,CropsAndStaples__canola_cad_t_96_12_12_10events__20251121T000000
CropsAndStaples__canola_cad_t_96_12_12_10events,CropsAndStaples__canola_cad_t_96_12_12_10events__20251209T000000
CropsAndStaples__canola_cad_t_96_12_12_10events,CropsAndStaples__canola_cad_t_96_12_12_10events__20251225T000000
CropsAndStaples__canola_cad_t_96_12_12_10events,CropsAndStaples__canola_cad_t_96_12_12_10events__20260112T000000
CropsAndStaples__canola_cad_t_96_12_12_10events,CropsAndStaples__canola_cad_t_96_12_12_10events__20260128T000000
CropsAndStaples__canola_cad_t_96_12_12_10events,CropsAndStaples__canola_cad_t_96_12_12_10events__20260213T000000
CropsAndStaples__canola_cad_t_96_12_12_10events,CropsAndStaples__canola_cad_t_96_12_12_10events__20260303T000000
CropsAndStaples__cocoa_usd_t_96_12_12_10events,CropsAndStaples__cocoa_usd_t_96_12_12_10events__20250724T000000
CropsAndStaples__cocoa_usd_t_96_12_12_10events,CropsAndStaples__cocoa_usd_t_96_12_12_10events__20250811T000000
CropsAndStaples__cocoa_usd_t_96_12_12_10events,CropsAndStaples__cocoa_usd_t_96_12_12_10events__20250827T000000
CropsAndStaples__cocoa_usd_t_96_12_12_10events,CropsAndStaples__cocoa_usd_t_96_12_12_10events__20250915T000000
CropsAndStaples__cocoa_usd_t_96_12_12_10events,CropsAndStaples__cocoa_usd_t_96_12_12_10events__20251001T000000
CropsAndStaples__cocoa_usd_t_96_12_12_10events,CropsAndStaples__cocoa_usd_t_96_12_12_10events__20251017T000000
CropsAndStaples__cocoa_usd_t_96_12_12_10events,CropsAndStaples__cocoa_usd_t_96_12_12_10events__20251104T000000
CropsAndStaples__cocoa_usd_t_96_12_12_10events,CropsAndStaples__cocoa_usd_t_96_12_12_10events__20251120T000000
CropsAndStaples__cocoa_usd_t_96_12_12_10events,CropsAndStaples__cocoa_usd_t_96_12_12_10events__20251208T000000
CropsAndStaples__cocoa_usd_t_96_12_12_10events,CropsAndStaples__cocoa_usd_t_96_12_12_10events__20251224T000000
CropsAndStaples__cocoa_usd_t_96_12_12_10events,CropsAndStaples__cocoa_usd_t_96_12_12_10events__20260109T000000
CropsAndStaples__cocoa_usd_t_96_12_12_10events,CropsAndStaples__cocoa_usd_t_96_12_12_10events__20260127T000000
CropsAndStaples__cocoa_usd_t_96_12_12_10events,CropsAndStaples__cocoa_usd_t_96_12_12_10events__20260212T000000
CropsAndStaples__cocoa_usd_t_96_12_12_10events,CropsAndStaples__cocoa_usd_t_96_12_12_10events__20260302T000000
CropsAndStaples__cotton_usd_lbs_96_12_12_10events,CropsAndStaples__cotton_usd_lbs_96_12_12_10events__20250802T000000
CropsAndStaples__cotton_usd_lbs_96_12_12_10events,CropsAndStaples__cotton_usd_lbs_96_12_12_10events__20250816T000000
CropsAndStaples__cotton_usd_lbs_96_12_12_10events,CropsAndStaples__cotton_usd_lbs_96_12_12_10events__20250901T000000
CropsAndStaples__cotton_usd_lbs_96_12_12_10events,CropsAndStaples__cotton_usd_lbs_96_12_12_10events__20250916T000000
CropsAndStaples__cotton_usd_lbs_96_12_12_10events,CropsAndStaples__cotton_usd_lbs_96_12_12_10events__20251001T000000
CropsAndStaples__cotton_usd_lbs_96_12_12_10events,CropsAndStaples__cotton_usd_lbs_96_12_12_10events__20251017T000000
CropsAndStaples__cotton_usd_lbs_96_12_12_10events,CropsAndStaples__cotton_usd_lbs_96_12_12_10events__20251104T000000
CropsAndStaples__cotton_usd_lbs_96_12_12_10events,CropsAndStaples__cotton_usd_lbs_96_12_12_10events__20251120T000000
CropsAndStaples__cotton_usd_lbs_96_12_12_10events,CropsAndStaples__cotton_usd_lbs_96_12_12_10events__20251209T000000
CropsAndStaples__cotton_usd_lbs_96_12_12_10events,CropsAndStaples__cotton_usd_lbs_96_12_12_10events__20251225T000000
CropsAndStaples__cotton_usd_lbs_96_12_12_10events,CropsAndStaples__cotton_usd_lbs_96_12_12_10events__20260112T000000
CropsAndStaples__cotton_usd_lbs_96_12_12_10events,CropsAndStaples__cotton_usd_lbs_96_12_12_10events__20260128T000000
CropsAndStaples__cotton_usd_lbs_96_12_12_10events,CropsAndStaples__cotton_usd_lbs_96_12_12_10events__20260213T000000
CropsAndStaples__cotton_usd_lbs_96_12_12_10events,CropsAndStaples__cotton_usd_lbs_96_12_12_10events__20260303T000000
CropsAndStaples__diammonium_usd_t_96_12_12_10events,CropsAndStaples__diammonium_usd_t_96_12_12_10events__20250804T000000
CropsAndStaples__diammonium_usd_t_96_12_12_10events,CropsAndStaples__diammonium_usd_t_96_12_12_10events__20250820T000000
CropsAndStaples__diammonium_usd_t_96_12_12_10events,CropsAndStaples__diammonium_usd_t_96_12_12_10events__20250908T000000
CropsAndStaples__diammonium_usd_t_96_12_12_10events,CropsAndStaples__diammonium_usd_t_96_12_12_10events__20250924T000000
CropsAndStaples__diammonium_usd_t_96_12_12_10events,CropsAndStaples__diammonium_usd_t_96_12_12_10events__20251010T000000
CropsAndStaples__diammonium_usd_t_96_12_12_10events,CropsAndStaples__diammonium_usd_t_96_12_12_10events__20251028T000000
CropsAndStaples__diammonium_usd_t_96_12_12_10events,CropsAndStaples__diammonium_usd_t_96_12_12_10events__20251113T000000
CropsAndStaples__diammonium_usd_t_96_12_12_10events,CropsAndStaples__diammonium_usd_t_96_12_12_10events__20251202T000000
CropsAndStaples__diammonium_usd_t_96_12_12_10events,CropsAndStaples__diammonium_usd_t_96_12_12_10events__20251218T000000
CropsAndStaples__diammonium_usd_t_96_12_12_10events,CropsAndStaples__diammonium_usd_t_96_12_12_10events__20260107T000000
CropsAndStaples__diammonium_usd_t_96_12_12_10events,CropsAndStaples__diammonium_usd_t_96_12_12_10events__20260126T000000
CropsAndStaples__diammonium_usd_t_96_12_12_10events,CropsAndStaples__diammonium_usd_t_96_12_12_10events__20260211T000000
CropsAndStaples__diammonium_usd_t_96_12_12_10events,CropsAndStaples__diammonium_usd_t_96_12_12_10events__20260302T000000
CropsAndStaples__oat_usd_bu_96_12_12_10events,CropsAndStaples__oat_usd_bu_96_12_12_10events__20250805T000000
CropsAndStaples__oat_usd_bu_96_12_12_10events,CropsAndStaples__oat_usd_bu_96_12_12_10events__20250821T000000
CropsAndStaples__oat_usd_bu_96_12_12_10events,CropsAndStaples__oat_usd_bu_96_12_12_10events__20250908T000000
CropsAndStaples__oat_usd_bu_96_12_12_10events,CropsAndStaples__oat_usd_bu_96_12_12_10events__20250924T000000
CropsAndStaples__oat_usd_bu_96_12_12_10events,CropsAndStaples__oat_usd_bu_96_12_12_10events__20251010T000000
CropsAndStaples__oat_usd_bu_96_12_12_10events,CropsAndStaples__oat_usd_bu_96_12_12_10events__20251028T000000
CropsAndStaples__oat_usd_bu_96_12_12_10events,CropsAndStaples__oat_usd_bu_96_12_12_10events__20251113T000000
CropsAndStaples__oat_usd_bu_96_12_12_10events,CropsAndStaples__oat_usd_bu_96_12_12_10events__20251202T000000
CropsAndStaples__oat_usd_bu_96_12_12_10events,CropsAndStaples__oat_usd_bu_96_12_12_10events__20251218T000000
CropsAndStaples__oat_usd_bu_96_12_12_10events,CropsAndStaples__oat_usd_bu_96_12_12_10events__20260105T000000
CropsAndStaples__oat_usd_bu_96_12_12_10events,CropsAndStaples__oat_usd_bu_96_12_12_10events__20260121T000000
CropsAndStaples__oat_usd_bu_96_12_12_10events,CropsAndStaples__oat_usd_bu_96_12_12_10events__20260206T000000
CropsAndStaples__oat_usd_bu_96_12_12_10events,CropsAndStaples__oat_usd_bu_96_12_12_10events__20260224T000000
CropsAndStaples__oat_usd_bu_96_12_12_10events,CropsAndStaples__oat_usd_bu_96_12_12_10events__20260312T000000
CropsAndStaples__potatoes_eur_100kg_96_12_12_10events,CropsAndStaples__potatoes_eur_100kg_96_12_12_10events__20250721T000000
CropsAndStaples__potatoes_eur_100kg_96_12_12_10events,CropsAndStaples__potatoes_eur_100kg_96_12_12_10events__20250806T000000
CropsAndStaples__potatoes_eur_100kg_96_12_12_10events,CropsAndStaples__potatoes_eur_100kg_96_12_12_10events__20250822T000000
CropsAndStaples__potatoes_eur_100kg_96_12_12_10events,CropsAndStaples__potatoes_eur_100kg_96_12_12_10events__20250909T000000
CropsAndStaples__potatoes_eur_100kg_96_12_12_10events,CropsAndStaples__potatoes_eur_100kg_96_12_12_10events__20250925T000000
CropsAndStaples__potatoes_eur_100kg_96_12_12_10events,CropsAndStaples__potatoes_eur_100kg_96_12_12_10events__20251013T000000
CropsAndStaples__potatoes_eur_100kg_96_12_12_10events,CropsAndStaples__potatoes_eur_100kg_96_12_12_10events__20251029T000000
CropsAndStaples__potatoes_eur_100kg_96_12_12_10events,CropsAndStaples__potatoes_eur_100kg_96_12_12_10events__20251114T000000
CropsAndStaples__potatoes_eur_100kg_96_12_12_10events,CropsAndStaples__potatoes_eur_100kg_96_12_12_10events__20251202T000000
CropsAndStaples__potatoes_eur_100kg_96_12_12_10events,CropsAndStaples__potatoes_eur_100kg_96_12_12_10events__20251218T000000
CropsAndStaples__potatoes_eur_100kg_96_12_12_10events,CropsAndStaples__potatoes_eur_100kg_96_12_12_10events__20260108T000000
CropsAndStaples__potatoes_eur_100kg_96_12_12_10events,CropsAndStaples__potatoes_eur_100kg_96_12_12_10events__20260126T000000
CropsAndStaples__potatoes_eur_100kg_96_12_12_10events,CropsAndStaples__potatoes_eur_100kg_96_12_12_10events__20260211T000000
CropsAndStaples__potatoes_eur_100kg_96_12_12_10events,CropsAndStaples__potatoes_eur_100kg_96_12_12_10events__20260227T000000
CropsAndStaples__rice_usd_cwt_96_12_12_10events,CropsAndStaples__rice_usd_cwt_96_12_12_10events__20250611T000000
CropsAndStaples__rice_usd_cwt_96_12_12_10events,CropsAndStaples__rice_usd_cwt_96_12_12_10events__20250630T000000
CropsAndStaples__rice_usd_cwt_96_12_12_10events,CropsAndStaples__rice_usd_cwt_96_12_12_10events__20250717T000000
CropsAndStaples__rice_usd_cwt_96_12_12_10events,CropsAndStaples__rice_usd_cwt_96_12_12_10events__20250804T000000
CropsAndStaples__rice_usd_cwt_96_12_12_10events,CropsAndStaples__rice_usd_cwt_96_12_12_10events__20250820T000000
CropsAndStaples__rice_usd_cwt_96_12_12_10events,CropsAndStaples__rice_usd_cwt_96_12_12_10events__20250908T000000
CropsAndStaples__rice_usd_cwt_96_12_12_10events,CropsAndStaples__rice_usd_cwt_96_12_12_10events__20250924T000000
CropsAndStaples__rice_usd_cwt_96_12_12_10events,CropsAndStaples__rice_usd_cwt_96_12_12_10events__20251010T000000
CropsAndStaples__rice_usd_cwt_96_12_12_10events,CropsAndStaples__rice_usd_cwt_96_12_12_10events__20251028T000000
CropsAndStaples__rice_usd_cwt_96_12_12_10events,CropsAndStaples__rice_usd_cwt_96_12_12_10events__20251113T000000
CropsAndStaples__rice_usd_cwt_96_12_12_10events,CropsAndStaples__rice_usd_cwt_96_12_12_10events__20251201T000000
CropsAndStaples__rice_usd_cwt_96_12_12_10events,CropsAndStaples__rice_usd_cwt_96_12_12_10events__20251217T000000
CropsAndStaples__rice_usd_cwt_96_12_12_10events,CropsAndStaples__rice_usd_cwt_96_12_12_10events__20260105T000000
CropsAndStaples__rice_usd_cwt_96_12_12_10events,CropsAndStaples__rice_usd_cwt_96_12_12_10events__20260122T000000
CropsAndStaples__rice_usd_cwt_96_12_12_10events,CropsAndStaples__rice_usd_cwt_96_12_12_10events__20260209T000000
CropsAndStaples__rice_usd_cwt_96_12_12_10events,CropsAndStaples__rice_usd_cwt_96_12_12_10events__20260226T000000
CropsAndStaples__rice_usd_cwt_96_12_12_10events,CropsAndStaples__rice_usd_cwt_96_12_12_10events__20260316T000000
CropsAndStaples__sugar_usd_lbs_96_12_12_10events,CropsAndStaples__sugar_usd_lbs_96_12_12_10events__20250728T000000
CropsAndStaples__sugar_usd_lbs_96_12_12_10events,CropsAndStaples__sugar_usd_lbs_96_12_12_10events__20250813T000000
CropsAndStaples__sugar_usd_lbs_96_12_12_10events,CropsAndStaples__sugar_usd_lbs_96_12_12_10events__20250829T000000
CropsAndStaples__sugar_usd_lbs_96_12_12_10events,CropsAndStaples__sugar_usd_lbs_96_12_12_10events__20250916T000000
CropsAndStaples__sugar_usd_lbs_96_12_12_10events,CropsAndStaples__sugar_usd_lbs_96_12_12_10events__20251002T000000
CropsAndStaples__sugar_usd_lbs_96_12_12_10events,CropsAndStaples__sugar_usd_lbs_96_12_12_10events__20251020T000000
CropsAndStaples__sugar_usd_lbs_96_12_12_10events,CropsAndStaples__sugar_usd_lbs_96_12_12_10events__20251105T000000
CropsAndStaples__sugar_usd_lbs_96_12_12_10events,CropsAndStaples__sugar_usd_lbs_96_12_12_10events__20251121T000000
CropsAndStaples__sugar_usd_lbs_96_12_12_10events,CropsAndStaples__sugar_usd_lbs_96_12_12_10events__20251210T000000
CropsAndStaples__sugar_usd_lbs_96_12_12_10events,CropsAndStaples__sugar_usd_lbs_96_12_12_10events__20251229T000000
CropsAndStaples__sugar_usd_lbs_96_12_12_10events,CropsAndStaples__sugar_usd_lbs_96_12_12_10events__20260115T000000
CropsAndStaples__sugar_usd_lbs_96_12_12_10events,CropsAndStaples__sugar_usd_lbs_96_12_12_10events__20260202T000000
CropsAndStaples__sugar_usd_lbs_96_12_12_10events,CropsAndStaples__sugar_usd_lbs_96_12_12_10events__20260218T000000
CropsAndStaples__sugar_usd_lbs_96_12_12_10events,CropsAndStaples__sugar_usd_lbs_96_12_12_10events__20260306T000000
CropsAndStaples__urea_usd_t_96_12_12_10events,CropsAndStaples__urea_usd_t_96_12_12_10events__20250819T000000
CropsAndStaples__urea_usd_t_96_12_12_10events,CropsAndStaples__urea_usd_t_96_12_12_10events__20250905T000000
CropsAndStaples__urea_usd_t_96_12_12_10events,CropsAndStaples__urea_usd_t_96_12_12_10events__20250923T000000
CropsAndStaples__urea_usd_t_96_12_12_10events,CropsAndStaples__urea_usd_t_96_12_12_10events__20251009T000000
CropsAndStaples__urea_usd_t_96_12_12_10events,CropsAndStaples__urea_usd_t_96_12_12_10events__20251027T000000
CropsAndStaples__urea_usd_t_96_12_12_10events,CropsAndStaples__urea_usd_t_96_12_12_10events__20251112T000000
CropsAndStaples__urea_usd_t_96_12_12_10events,CropsAndStaples__urea_usd_t_96_12_12_10events__20251201T000000
CropsAndStaples__urea_usd_t_96_12_12_10events,CropsAndStaples__urea_usd_t_96_12_12_10events__20251217T000000
CropsAndStaples__urea_usd_t_96_12_12_10events,CropsAndStaples__urea_usd_t_96_12_12_10events__20260106T000000
CropsAndStaples__urea_usd_t_96_12_12_10events,CropsAndStaples__urea_usd_t_96_12_12_10events__20260123T000000
CropsAndStaples__urea_usd_t_96_12_12_10events,CropsAndStaples__urea_usd_t_96_12_12_10events__20260210T000000
CropsAndStaples__urea_usd_t_96_12_12_10events,CropsAndStaples__urea_usd_t_96_12_12_10events__20260227T000000
CropsAndStaples__wheat_usd_bu_96_12_12_10events,CropsAndStaples__wheat_usd_bu_96_12_12_10events__20250724T000000
CropsAndStaples__wheat_usd_bu_96_12_12_10events,CropsAndStaples__wheat_usd_bu_96_12_12_10events__20250811T000000
CropsAndStaples__wheat_usd_bu_96_12_12_10events,CropsAndStaples__wheat_usd_bu_96_12_12_10events__20250827T000000
CropsAndStaples__wheat_usd_bu_96_12_12_10events,CropsAndStaples__wheat_usd_bu_96_12_12_10events__20250912T000000
CropsAndStaples__wheat_usd_bu_96_12_12_10events,CropsAndStaples__wheat_usd_bu_96_12_12_10events__20250930T000000
CropsAndStaples__wheat_usd_bu_96_12_12_10events,CropsAndStaples__wheat_usd_bu_96_12_12_10events__20251016T000000
CropsAndStaples__wheat_usd_bu_96_12_12_10events,CropsAndStaples__wheat_usd_bu_96_12_12_10events__20251103T000000
CropsAndStaples__wheat_usd_bu_96_12_12_10events,CropsAndStaples__wheat_usd_bu_96_12_12_10events__20251119T000000
CropsAndStaples__wheat_usd_bu_96_12_12_10events,CropsAndStaples__wheat_usd_bu_96_12_12_10events__20251205T000000
CropsAndStaples__wheat_usd_bu_96_12_12_10events,CropsAndStaples__wheat_usd_bu_96_12_12_10events__20251223T000000
CropsAndStaples__wheat_usd_bu_96_12_12_10events,CropsAndStaples__wheat_usd_bu_96_12_12_10events__20260108T000000
CropsAndStaples__wheat_usd_bu_96_12_12_10events,CropsAndStaples__wheat_usd_bu_96_12_12_10events__20260126T000000
CropsAndStaples__wheat_usd_bu_96_12_12_10events,CropsAndStaples__wheat_usd_bu_96_12_12_10events__20260211T000000
CropsAndStaples__wheat_usd_bu_96_12_12_10events,CropsAndStaples__wheat_usd_bu_96_12_12_10events__20260227T000000
Currency__usdtoaud_exchangerate_96_12_12_10events,Currency__usdtoaud_exchangerate_96_12_12_10events__20250725T000000
Currency__usdtoaud_exchangerate_96_12_12_10events,Currency__usdtoaud_exchangerate_96_12_12_10events__20250812T000000
Currency__usdtoaud_exchangerate_96_12_12_10events,Currency__usdtoaud_exchangerate_96_12_12_10events__20250828T000000
Currency__usdtoaud_exchangerate_96_12_12_10events,Currency__usdtoaud_exchangerate_96_12_12_10events__20250915T000000
Currency__usdtoaud_exchangerate_96_12_12_10events,Currency__usdtoaud_exchangerate_96_12_12_10events__20251001T000000
Currency__usdtoaud_exchangerate_96_12_12_10events,Currency__usdtoaud_exchangerate_96_12_12_10events__20251017T000000
Currency__usdtoaud_exchangerate_96_12_12_10events,Currency__usdtoaud_exchangerate_96_12_12_10events__20251104T000000
Currency__usdtoaud_exchangerate_96_12_12_10events,Currency__usdtoaud_exchangerate_96_12_12_10events__20251120T000000
Currency__usdtoaud_exchangerate_96_12_12_10events,Currency__usdtoaud_exchangerate_96_12_12_10events__20251208T000000
Currency__usdtoaud_exchangerate_96_12_12_10events,Currency__usdtoaud_exchangerate_96_12_12_10events__20251224T000000
Currency__usdtoaud_exchangerate_96_12_12_10events,Currency__usdtoaud_exchangerate_96_12_12_10events__20260114T000000
Currency__usdtoaud_exchangerate_96_12_12_10events,Currency__usdtoaud_exchangerate_96_12_12_10events__20260130T000000
Currency__usdtoaud_exchangerate_96_12_12_10events,Currency__usdtoaud_exchangerate_96_12_12_10events__20260217T000000
Currency__usdtoaud_exchangerate_96_12_12_10events,Currency__usdtoaud_exchangerate_96_12_12_10events__20260305T000000
Currency__usdtobrl_exchangerate_96_12_12_10events,Currency__usdtobrl_exchangerate_96_12_12_10events__20250725T000000
Currency__usdtobrl_exchangerate_96_12_12_10events,Currency__usdtobrl_exchangerate_96_12_12_10events__20250812T000000
Currency__usdtobrl_exchangerate_96_12_12_10events,Currency__usdtobrl_exchangerate_96_12_12_10events__20250828T000000
Currency__usdtobrl_exchangerate_96_12_12_10events,Currency__usdtobrl_exchangerate_96_12_12_10events__20250915T000000
Currency__usdtobrl_exchangerate_96_12_12_10events,Currency__usdtobrl_exchangerate_96_12_12_10events__20251001T000000
Currency__usdtobrl_exchangerate_96_12_12_10events,Currency__usdtobrl_exchangerate_96_12_12_10events__20251017T000000
Currency__usdtobrl_exchangerate_96_12_12_10events,Currency__usdtobrl_exchangerate_96_12_12_10events__20251104T000000
Currency__usdtobrl_exchangerate_96_12_12_10events,Currency__usdtobrl_exchangerate_96_12_12_10events__20251120T000000
Currency__usdtobrl_exchangerate_96_12_12_10events,Currency__usdtobrl_exchangerate_96_12_12_10events__20251208T000000
Currency__usdtobrl_exchangerate_96_12_12_10events,Currency__usdtobrl_exchangerate_96_12_12_10events__20251224T000000
Currency__usdtobrl_exchangerate_96_12_12_10events,Currency__usdtobrl_exchangerate_96_12_12_10events__20260114T000000
Currency__usdtobrl_exchangerate_96_12_12_10events,Currency__usdtobrl_exchangerate_96_12_12_10events__20260130T000000
Currency__usdtobrl_exchangerate_96_12_12_10events,Currency__usdtobrl_exchangerate_96_12_12_10events__20260217T000000
Currency__usdtobrl_exchangerate_96_12_12_10events,Currency__usdtobrl_exchangerate_96_12_12_10events__20260305T000000
Currency__usdtocad_exchangerate_96_12_12_10events,Currency__usdtocad_exchangerate_96_12_12_10events__20250725T000000
Currency__usdtocad_exchangerate_96_12_12_10events,Currency__usdtocad_exchangerate_96_12_12_10events__20250812T000000
Currency__usdtocad_exchangerate_96_12_12_10events,Currency__usdtocad_exchangerate_96_12_12_10events__20250828T000000
Currency__usdtocad_exchangerate_96_12_12_10events,Currency__usdtocad_exchangerate_96_12_12_10events__20250915T000000
Currency__usdtocad_exchangerate_96_12_12_10events,Currency__usdtocad_exchangerate_96_12_12_10events__20251001T000000
Currency__usdtocad_exchangerate_96_12_12_10events,Currency__usdtocad_exchangerate_96_12_12_10events__20251017T000000
Currency__usdtocad_exchangerate_96_12_12_10events,Currency__usdtocad_exchangerate_96_12_12_10events__20251104T000000
Currency__usdtocad_exchangerate_96_12_12_10events,Currency__usdtocad_exchangerate_96_12_12_10events__20251120T000000
Currency__usdtocad_exchangerate_96_12_12_10events,Currency__usdtocad_exchangerate_96_12_12_10events__20251208T000000
Currency__usdtocad_exchangerate_96_12_12_10events,Currency__usdtocad_exchangerate_96_12_12_10events__20251224T000000
Currency__usdtocad_exchangerate_96_12_12_10events,Currency__usdtocad_exchangerate_96_12_12_10events__20260114T000000
Currency__usdtocad_exchangerate_96_12_12_10events,Currency__usdtocad_exchangerate_96_12_12_10events__20260130T000000
Currency__usdtocad_exchangerate_96_12_12_10events,Currency__usdtocad_exchangerate_96_12_12_10events__20260217T000000
Currency__usdtocad_exchangerate_96_12_12_10events,Currency__usdtocad_exchangerate_96_12_12_10events__20260305T000000
Currency__usdtochf_exchangerate_96_12_12_10events,Currency__usdtochf_exchangerate_96_12_12_10events__20250725T000000
Currency__usdtochf_exchangerate_96_12_12_10events,Currency__usdtochf_exchangerate_96_12_12_10events__20250812T000000
Currency__usdtochf_exchangerate_96_12_12_10events,Currency__usdtochf_exchangerate_96_12_12_10events__20250828T000000
Currency__usdtochf_exchangerate_96_12_12_10events,Currency__usdtochf_exchangerate_96_12_12_10events__20250915T000000
Currency__usdtochf_exchangerate_96_12_12_10events,Currency__usdtochf_exchangerate_96_12_12_10events__20251001T000000
Currency__usdtochf_exchangerate_96_12_12_10events,Currency__usdtochf_exchangerate_96_12_12_10events__20251017T000000
Currency__usdtochf_exchangerate_96_12_12_10events,Currency__usdtochf_exchangerate_96_12_12_10events__20251104T000000
Currency__usdtochf_exchangerate_96_12_12_10events,Currency__usdtochf_exchangerate_96_12_12_10events__20251120T000000
Currency__usdtochf_exchangerate_96_12_12_10events,Currency__usdtochf_exchangerate_96_12_12_10events__20251208T000000
Currency__usdtochf_exchangerate_96_12_12_10events,Currency__usdtochf_exchangerate_96_12_12_10events__20251224T000000
Currency__usdtochf_exchangerate_96_12_12_10events,Currency__usdtochf_exchangerate_96_12_12_10events__20260114T000000
Currency__usdtochf_exchangerate_96_12_12_10events,Currency__usdtochf_exchangerate_96_12_12_10events__20260130T000000
Currency__usdtochf_exchangerate_96_12_12_10events,Currency__usdtochf_exchangerate_96_12_12_10events__20260217T000000
Currency__usdtochf_exchangerate_96_12_12_10events,Currency__usdtochf_exchangerate_96_12_12_10events__20260305T000000
Currency__usdtogbp_exchangerate_96_12_12_10events,Currency__usdtogbp_exchangerate_96_12_12_10events__20250605T000000
Currency__usdtogbp_exchangerate_96_12_12_10events,Currency__usdtogbp_exchangerate_96_12_12_10events__20250623T000000
Currency__usdtogbp_exchangerate_96_12_12_10events,Currency__usdtogbp_exchangerate_96_12_12_10events__20250709T000000
Currency__usdtogbp_exchangerate_96_12_12_10events,Currency__usdtogbp_exchangerate_96_12_12_10events__20250725T000000
Currency__usdtogbp_exchangerate_96_12_12_10events,Currency__usdtogbp_exchangerate_96_12_12_10events__20250812T000000
Currency__usdtogbp_exchangerate_96_12_12_10events,Currency__usdtogbp_exchangerate_96_12_12_10events__20250828T000000
Currency__usdtogbp_exchangerate_96_12_12_10events,Currency__usdtogbp_exchangerate_96_12_12_10events__20250915T000000
Currency__usdtogbp_exchangerate_96_12_12_10events,Currency__usdtogbp_exchangerate_96_12_12_10events__20251001T000000
Currency__usdtogbp_exchangerate_96_12_12_10events,Currency__usdtogbp_exchangerate_96_12_12_10events__20251017T000000
Currency__usdtogbp_exchangerate_96_12_12_10events,Currency__usdtogbp_exchangerate_96_12_12_10events__20251104T000000
Currency__usdtogbp_exchangerate_96_12_12_10events,Currency__usdtogbp_exchangerate_96_12_12_10events__20251120T000000
Currency__usdtogbp_exchangerate_96_12_12_10events,Currency__usdtogbp_exchangerate_96_12_12_10events__20251208T000000
Currency__usdtogbp_exchangerate_96_12_12_10events,Currency__usdtogbp_exchangerate_96_12_12_10events__20251224T000000
Currency__usdtogbp_exchangerate_96_12_12_10events,Currency__usdtogbp_exchangerate_96_12_12_10events__20260114T000000
Currency__usdtogbp_exchangerate_96_12_12_10events,Currency__usdtogbp_exchangerate_96_12_12_10events__20260130T000000
Currency__usdtogbp_exchangerate_96_12_12_10events,Currency__usdtogbp_exchangerate_96_12_12_10events__20260217T000000
Currency__usdtogbp_exchangerate_96_12_12_10events,Currency__usdtogbp_exchangerate_96_12_12_10events__20260305T000000
Currency__usdtohkd_exchangerate_96_12_12_10events,Currency__usdtohkd_exchangerate_96_12_12_10events__20250605T000000
Currency__usdtohkd_exchangerate_96_12_12_10events,Currency__usdtohkd_exchangerate_96_12_12_10events__20250623T000000
Currency__usdtohkd_exchangerate_96_12_12_10events,Currency__usdtohkd_exchangerate_96_12_12_10events__20250709T000000
Currency__usdtohkd_exchangerate_96_12_12_10events,Currency__usdtohkd_exchangerate_96_12_12_10events__20250725T000000
Currency__usdtohkd_exchangerate_96_12_12_10events,Currency__usdtohkd_exchangerate_96_12_12_10events__20250812T000000
Currency__usdtohkd_exchangerate_96_12_12_10events,Currency__usdtohkd_exchangerate_96_12_12_10events__20250828T000000
Currency__usdtohkd_exchangerate_96_12_12_10events,Currency__usdtohkd_exchangerate_96_12_12_10events__20250915T000000
Currency__usdtohkd_exchangerate_96_12_12_10events,Currency__usdtohkd_exchangerate_96_12_12_10events__20251001T000000
Currency__usdtohkd_exchangerate_96_12_12_10events,Currency__usdtohkd_exchangerate_96_12_12_10events__20251017T000000
Currency__usdtohkd_exchangerate_96_12_12_10events,Currency__usdtohkd_exchangerate_96_12_12_10events__20251104T000000
Currency__usdtohkd_exchangerate_96_12_12_10events,Currency__usdtohkd_exchangerate_96_12_12_10events__20251120T000000
Currency__usdtohkd_exchangerate_96_12_12_10events,Currency__usdtohkd_exchangerate_96_12_12_10events__20251208T000000
Currency__usdtohkd_exchangerate_96_12_12_10events,Currency__usdtohkd_exchangerate_96_12_12_10events__20251224T000000
Currency__usdtohkd_exchangerate_96_12_12_10events,Currency__usdtohkd_exchangerate_96_12_12_10events__20260114T000000
Currency__usdtohkd_exchangerate_96_12_12_10events,Currency__usdtohkd_exchangerate_96_12_12_10events__20260130T000000
Currency__usdtohkd_exchangerate_96_12_12_10events,Currency__usdtohkd_exchangerate_96_12_12_10events__20260217T000000
Currency__usdtohkd_exchangerate_96_12_12_10events,Currency__usdtohkd_exchangerate_96_12_12_10events__20260305T000000
Currency__usdtoinr_exchangerate_96_12_12_10events,Currency__usdtoinr_exchangerate_96_12_12_10events__20250605T000000
Currency__usdtoinr_exchangerate_96_12_12_10events,Currency__usdtoinr_exchangerate_96_12_12_10events__20250623T000000
Currency__usdtoinr_exchangerate_96_12_12_10events,Currency__usdtoinr_exchangerate_96_12_12_10events__20250709T000000
Currency__usdtoinr_exchangerate_96_12_12_10events,Currency__usdtoinr_exchangerate_96_12_12_10events__20250725T000000
Currency__usdtoinr_exchangerate_96_12_12_10events,Currency__usdtoinr_exchangerate_96_12_12_10events__20250812T000000
Currency__usdtoinr_exchangerate_96_12_12_10events,Currency__usdtoinr_exchangerate_96_12_12_10events__20250828T000000
Currency__usdtoinr_exchangerate_96_12_12_10events,Currency__usdtoinr_exchangerate_96_12_12_10events__20250915T000000
Currency__usdtoinr_exchangerate_96_12_12_10events,Currency__usdtoinr_exchangerate_96_12_12_10events__20251001T000000
Currency__usdtoinr_exchangerate_96_12_12_10events,Currency__usdtoinr_exchangerate_96_12_12_10events__20251017T000000
Currency__usdtoinr_exchangerate_96_12_12_10events,Currency__usdtoinr_exchangerate_96_12_12_10events__20251104T000000
Currency__usdtoinr_exchangerate_96_12_12_10events,Currency__usdtoinr_exchangerate_96_12_12_10events__20251120T000000
Currency__usdtoinr_exchangerate_96_12_12_10events,Currency__usdtoinr_exchangerate_96_12_12_10events__20251208T000000
Currency__usdtoinr_exchangerate_96_12_12_10events,Currency__usdtoinr_exchangerate_96_12_12_10events__20251224T000000
Currency__usdtoinr_exchangerate_96_12_12_10events,Currency__usdtoinr_exchangerate_96_12_12_10events__20260114T000000
Currency__usdtoinr_exchangerate_96_12_12_10events,Currency__usdtoinr_exchangerate_96_12_12_10events__20260130T000000
Currency__usdtoinr_exchangerate_96_12_12_10events,Currency__usdtoinr_exchangerate_96_12_12_10events__20260217T000000
Currency__usdtoinr_exchangerate_96_12_12_10events,Currency__usdtoinr_exchangerate_96_12_12_10events__20260305T000000
Currency__usdtokrw_exchangerate_96_12_12_10events,Currency__usdtokrw_exchangerate_96_12_12_10events__20250725T000000
Currency__usdtokrw_exchangerate_96_12_12_10events,Currency__usdtokrw_exchangerate_96_12_12_10events__20250812T000000
Currency__usdtokrw_exchangerate_96_12_12_10events,Currency__usdtokrw_exchangerate_96_12_12_10events__20250828T000000
Currency__usdtokrw_exchangerate_96_12_12_10events,Currency__usdtokrw_exchangerate_96_12_12_10events__20250915T000000
Currency__usdtokrw_exchangerate_96_12_12_10events,Currency__usdtokrw_exchangerate_96_12_12_10events__20251001T000000
Currency__usdtokrw_exchangerate_96_12_12_10events,Currency__usdtokrw_exchangerate_96_12_12_10events__20251017T000000
Currency__usdtokrw_exchangerate_96_12_12_10events,Currency__usdtokrw_exchangerate_96_12_12_10events__20251104T000000
Currency__usdtokrw_exchangerate_96_12_12_10events,Currency__usdtokrw_exchangerate_96_12_12_10events__20251120T000000
Currency__usdtokrw_exchangerate_96_12_12_10events,Currency__usdtokrw_exchangerate_96_12_12_10events__20251208T000000
Currency__usdtokrw_exchangerate_96_12_12_10events,Currency__usdtokrw_exchangerate_96_12_12_10events__20251224T000000
Currency__usdtokrw_exchangerate_96_12_12_10events,Currency__usdtokrw_exchangerate_96_12_12_10events__20260114T000000
Currency__usdtokrw_exchangerate_96_12_12_10events,Currency__usdtokrw_exchangerate_96_12_12_10events__20260130T000000
Currency__usdtokrw_exchangerate_96_12_12_10events,Currency__usdtokrw_exchangerate_96_12_12_10events__20260217T000000
Currency__usdtokrw_exchangerate_96_12_12_10events,Currency__usdtokrw_exchangerate_96_12_12_10events__20260305T000000
Currency__usdtomxn_exchangerate_96_12_12_10events,Currency__usdtomxn_exchangerate_96_12_12_10events__20250605T000000
Currency__usdtomxn_exchangerate_96_12_12_10events,Currency__usdtomxn_exchangerate_96_12_12_10events__20250623T000000
Currency__usdtomxn_exchangerate_96_12_12_10events,Currency__usdtomxn_exchangerate_96_12_12_10events__20250709T000000
Currency__usdtomxn_exchangerate_96_12_12_10events,Currency__usdtomxn_exchangerate_96_12_12_10events__20250725T000000
Currency__usdtomxn_exchangerate_96_12_12_10events,Currency__usdtomxn_exchangerate_96_12_12_10events__20250812T000000
Currency__usdtomxn_exchangerate_96_12_12_10events,Currency__usdtomxn_exchangerate_96_12_12_10events__20250828T000000
Currency__usdtomxn_exchangerate_96_12_12_10events,Currency__usdtomxn_exchangerate_96_12_12_10events__20250915T000000
Currency__usdtomxn_exchangerate_96_12_12_10events,Currency__usdtomxn_exchangerate_96_12_12_10events__20251001T000000
Currency__usdtomxn_exchangerate_96_12_12_10events,Currency__usdtomxn_exchangerate_96_12_12_10events__20251017T000000
Currency__usdtomxn_exchangerate_96_12_12_10events,Currency__usdtomxn_exchangerate_96_12_12_10events__20251104T000000
Currency__usdtomxn_exchangerate_96_12_12_10events,Currency__usdtomxn_exchangerate_96_12_12_10events__20251120T000000
Currency__usdtomxn_exchangerate_96_12_12_10events,Currency__usdtomxn_exchangerate_96_12_12_10events__20251208T000000
Currency__usdtomxn_exchangerate_96_12_12_10events,Currency__usdtomxn_exchangerate_96_12_12_10events__20251224T000000
Currency__usdtomxn_exchangerate_96_12_12_10events,Currency__usdtomxn_exchangerate_96_12_12_10events__20260114T000000
Currency__usdtomxn_exchangerate_96_12_12_10events,Currency__usdtomxn_exchangerate_96_12_12_10events__20260130T000000
Currency__usdtomxn_exchangerate_96_12_12_10events,Currency__usdtomxn_exchangerate_96_12_12_10events__20260217T000000
Currency__usdtomxn_exchangerate_96_12_12_10events,Currency__usdtomxn_exchangerate_96_12_12_10events__20260305T000000
Currency__usdtosgd_exchangerate_96_12_12_10events,Currency__usdtosgd_exchangerate_96_12_12_10events__20250623T000000
Currency__usdtosgd_exchangerate_96_12_12_10events,Currency__usdtosgd_exchangerate_96_12_12_10events__20250709T000000
Currency__usdtosgd_exchangerate_96_12_12_10events,Currency__usdtosgd_exchangerate_96_12_12_10events__20250725T000000
Currency__usdtosgd_exchangerate_96_12_12_10events,Currency__usdtosgd_exchangerate_96_12_12_10events__20250812T000000
Currency__usdtosgd_exchangerate_96_12_12_10events,Currency__usdtosgd_exchangerate_96_12_12_10events__20250828T000000
Currency__usdtosgd_exchangerate_96_12_12_10events,Currency__usdtosgd_exchangerate_96_12_12_10events__20250915T000000
Currency__usdtosgd_exchangerate_96_12_12_10events,Currency__usdtosgd_exchangerate_96_12_12_10events__20251001T000000
Currency__usdtosgd_exchangerate_96_12_12_10events,Currency__usdtosgd_exchangerate_96_12_12_10events__20251017T000000
Currency__usdtosgd_exchangerate_96_12_12_10events,Currency__usdtosgd_exchangerate_96_12_12_10events__20251104T000000
Currency__usdtosgd_exchangerate_96_12_12_10events,Currency__usdtosgd_exchangerate_96_12_12_10events__20251120T000000
Currency__usdtosgd_exchangerate_96_12_12_10events,Currency__usdtosgd_exchangerate_96_12_12_10events__20251208T000000
Currency__usdtosgd_exchangerate_96_12_12_10events,Currency__usdtosgd_exchangerate_96_12_12_10events__20251224T000000
Currency__usdtosgd_exchangerate_96_12_12_10events,Currency__usdtosgd_exchangerate_96_12_12_10events__20260114T000000
Currency__usdtosgd_exchangerate_96_12_12_10events,Currency__usdtosgd_exchangerate_96_12_12_10events__20260130T000000
Currency__usdtosgd_exchangerate_96_12_12_10events,Currency__usdtosgd_exchangerate_96_12_12_10events__20260217T000000
Currency__usdtosgd_exchangerate_96_12_12_10events,Currency__usdtosgd_exchangerate_96_12_12_10events__20260305T000000
EnergyAndFuels__bitumen_cny_t_96_12_12_10events,EnergyAndFuels__bitumen_cny_t_96_12_12_10events__20250612T000000
EnergyAndFuels__bitumen_cny_t_96_12_12_10events,EnergyAndFuels__bitumen_cny_t_96_12_12_10events__20250630T000000
EnergyAndFuels__bitumen_cny_t_96_12_12_10events,EnergyAndFuels__bitumen_cny_t_96_12_12_10events__20250717T000000
EnergyAndFuels__bitumen_cny_t_96_12_12_10events,EnergyAndFuels__bitumen_cny_t_96_12_12_10events__20250804T000000
EnergyAndFuels__bitumen_cny_t_96_12_12_10events,EnergyAndFuels__bitumen_cny_t_96_12_12_10events__20250820T000000
EnergyAndFuels__bitumen_cny_t_96_12_12_10events,EnergyAndFuels__bitumen_cny_t_96_12_12_10events__20250905T000000
EnergyAndFuels__bitumen_cny_t_96_12_12_10events,EnergyAndFuels__bitumen_cny_t_96_12_12_10events__20250923T000000
EnergyAndFuels__bitumen_cny_t_96_12_12_10events,EnergyAndFuels__bitumen_cny_t_96_12_12_10events__20251016T000000
EnergyAndFuels__bitumen_cny_t_96_12_12_10events,EnergyAndFuels__bitumen_cny_t_96_12_12_10events__20251103T000000
EnergyAndFuels__bitumen_cny_t_96_12_12_10events,EnergyAndFuels__bitumen_cny_t_96_12_12_10events__20251119T000000
EnergyAndFuels__bitumen_cny_t_96_12_12_10events,EnergyAndFuels__bitumen_cny_t_96_12_12_10events__20251205T000000
EnergyAndFuels__bitumen_cny_t_96_12_12_10events,EnergyAndFuels__bitumen_cny_t_96_12_12_10events__20251223T000000
EnergyAndFuels__bitumen_cny_t_96_12_12_10events,EnergyAndFuels__bitumen_cny_t_96_12_12_10events__20260112T000000
EnergyAndFuels__bitumen_cny_t_96_12_12_10events,EnergyAndFuels__bitumen_cny_t_96_12_12_10events__20260128T000000
EnergyAndFuels__bitumen_cny_t_96_12_12_10events,EnergyAndFuels__bitumen_cny_t_96_12_12_10events__20260213T000000
EnergyAndFuels__bitumen_cny_t_96_12_12_10events,EnergyAndFuels__bitumen_cny_t_96_12_12_10events__20260311T000000
EnergyAndFuels__brent_usd_bbl_96_12_12_10events,EnergyAndFuels__brent_usd_bbl_96_12_12_10events__20250812T000000
EnergyAndFuels__brent_usd_bbl_96_12_12_10events,EnergyAndFuels__brent_usd_bbl_96_12_12_10events__20250828T000000
EnergyAndFuels__brent_usd_bbl_96_12_12_10events,EnergyAndFuels__brent_usd_bbl_96_12_12_10events__20250915T000000
EnergyAndFuels__brent_usd_bbl_96_12_12_10events,EnergyAndFuels__brent_usd_bbl_96_12_12_10events__20251001T000000
EnergyAndFuels__brent_usd_bbl_96_12_12_10events,EnergyAndFuels__brent_usd_bbl_96_12_12_10events__20251017T000000
EnergyAndFuels__brent_usd_bbl_96_12_12_10events,EnergyAndFuels__brent_usd_bbl_96_12_12_10events__20251104T000000
EnergyAndFuels__brent_usd_bbl_96_12_12_10events,EnergyAndFuels__brent_usd_bbl_96_12_12_10events__20251120T000000
EnergyAndFuels__brent_usd_bbl_96_12_12_10events,EnergyAndFuels__brent_usd_bbl_96_12_12_10events__20251208T000000
EnergyAndFuels__brent_usd_bbl_96_12_12_10events,EnergyAndFuels__brent_usd_bbl_96_12_12_10events__20251224T000000
EnergyAndFuels__brent_usd_bbl_96_12_12_10events,EnergyAndFuels__brent_usd_bbl_96_12_12_10events__20260112T000000
EnergyAndFuels__brent_usd_bbl_96_12_12_10events,EnergyAndFuels__brent_usd_bbl_96_12_12_10events__20260128T000000
EnergyAndFuels__brent_usd_bbl_96_12_12_10events,EnergyAndFuels__brent_usd_bbl_96_12_12_10events__20260213T000000
EnergyAndFuels__brent_usd_bbl_96_12_12_10events,EnergyAndFuels__brent_usd_bbl_96_12_12_10events__20260303T000000
EnergyAndFuels__coal_usd_t_96_12_12_10events,EnergyAndFuels__coal_usd_t_96_12_12_10events__20250612T000000
EnergyAndFuels__coal_usd_t_96_12_12_10events,EnergyAndFuels__coal_usd_t_96_12_12_10events__20250630T000000
EnergyAndFuels__coal_usd_t_96_12_12_10events,EnergyAndFuels__coal_usd_t_96_12_12_10events__20250716T000000
EnergyAndFuels__coal_usd_t_96_12_12_10events,EnergyAndFuels__coal_usd_t_96_12_12_10events__20250801T000000
EnergyAndFuels__coal_usd_t_96_12_12_10events,EnergyAndFuels__coal_usd_t_96_12_12_10events__20250819T000000
EnergyAndFuels__coal_usd_t_96_12_12_10events,EnergyAndFuels__coal_usd_t_96_12_12_10events__20250904T000000
EnergyAndFuels__coal_usd_t_96_12_12_10events,EnergyAndFuels__coal_usd_t_96_12_12_10events__20250922T000000
EnergyAndFuels__coal_usd_t_96_12_12_10events,EnergyAndFuels__coal_usd_t_96_12_12_10events__20251008T000000
EnergyAndFuels__coal_usd_t_96_12_12_10events,EnergyAndFuels__coal_usd_t_96_12_12_10events__20251024T000000
EnergyAndFuels__coal_usd_t_96_12_12_10events,EnergyAndFuels__coal_usd_t_96_12_12_10events__20251111T000000
EnergyAndFuels__coal_usd_t_96_12_12_10events,EnergyAndFuels__coal_usd_t_96_12_12_10events__20251127T000000
EnergyAndFuels__coal_usd_t_96_12_12_10events,EnergyAndFuels__coal_usd_t_96_12_12_10events__20251215T000000
EnergyAndFuels__coal_usd_t_96_12_12_10events,EnergyAndFuels__coal_usd_t_96_12_12_10events__20260102T000000
EnergyAndFuels__coal_usd_t_96_12_12_10events,EnergyAndFuels__coal_usd_t_96_12_12_10events__20260120T000000
EnergyAndFuels__coal_usd_t_96_12_12_10events,EnergyAndFuels__coal_usd_t_96_12_12_10events__20260205T000000
EnergyAndFuels__coal_usd_t_96_12_12_10events,EnergyAndFuels__coal_usd_t_96_12_12_10events__20260223T000000
EnergyAndFuels__coal_usd_t_96_12_12_10events,EnergyAndFuels__coal_usd_t_96_12_12_10events__20260311T000000
EnergyAndFuels__ethanol_usd_gal_96_12_12_10events,EnergyAndFuels__ethanol_usd_gal_96_12_12_10events__20250717T000000
EnergyAndFuels__ethanol_usd_gal_96_12_12_10events,EnergyAndFuels__ethanol_usd_gal_96_12_12_10events__20250804T000000
EnergyAndFuels__ethanol_usd_gal_96_12_12_10events,EnergyAndFuels__ethanol_usd_gal_96_12_12_10events__20250820T000000
EnergyAndFuels__ethanol_usd_gal_96_12_12_10events,EnergyAndFuels__ethanol_usd_gal_96_12_12_10events__20250908T000000
EnergyAndFuels__ethanol_usd_gal_96_12_12_10events,EnergyAndFuels__ethanol_usd_gal_96_12_12_10events__20250924T000000
EnergyAndFuels__ethanol_usd_gal_96_12_12_10events,EnergyAndFuels__ethanol_usd_gal_96_12_12_10events__20251010T000000
EnergyAndFuels__ethanol_usd_gal_96_12_12_10events,EnergyAndFuels__ethanol_usd_gal_96_12_12_10events__20251028T000000
EnergyAndFuels__ethanol_usd_gal_96_12_12_10events,EnergyAndFuels__ethanol_usd_gal_96_12_12_10events__20251113T000000
EnergyAndFuels__ethanol_usd_gal_96_12_12_10events,EnergyAndFuels__ethanol_usd_gal_96_12_12_10events__20251202T000000
EnergyAndFuels__ethanol_usd_gal_96_12_12_10events,EnergyAndFuels__ethanol_usd_gal_96_12_12_10events__20251218T000000
EnergyAndFuels__ethanol_usd_gal_96_12_12_10events,EnergyAndFuels__ethanol_usd_gal_96_12_12_10events__20260107T000000
EnergyAndFuels__ethanol_usd_gal_96_12_12_10events,EnergyAndFuels__ethanol_usd_gal_96_12_12_10events__20260126T000000
EnergyAndFuels__ethanol_usd_gal_96_12_12_10events,EnergyAndFuels__ethanol_usd_gal_96_12_12_10events__20260211T000000
EnergyAndFuels__ethanol_usd_gal_96_12_12_10events,EnergyAndFuels__ethanol_usd_gal_96_12_12_10events__20260302T000000
EnergyAndFuels__gasoline_usd_gal_96_12_12_10events,EnergyAndFuels__gasoline_usd_gal_96_12_12_10events__20250715T000000
EnergyAndFuels__gasoline_usd_gal_96_12_12_10events,EnergyAndFuels__gasoline_usd_gal_96_12_12_10events__20250731T000000
EnergyAndFuels__gasoline_usd_gal_96_12_12_10events,EnergyAndFuels__gasoline_usd_gal_96_12_12_10events__20250818T000000
EnergyAndFuels__gasoline_usd_gal_96_12_12_10events,EnergyAndFuels__gasoline_usd_gal_96_12_12_10events__20250903T000000
EnergyAndFuels__gasoline_usd_gal_96_12_12_10events,EnergyAndFuels__gasoline_usd_gal_96_12_12_10events__20250919T000000
EnergyAndFuels__gasoline_usd_gal_96_12_12_10events,EnergyAndFuels__gasoline_usd_gal_96_12_12_10events__20251007T000000
EnergyAndFuels__gasoline_usd_gal_96_12_12_10events,EnergyAndFuels__gasoline_usd_gal_96_12_12_10events__20251023T000000
EnergyAndFuels__gasoline_usd_gal_96_12_12_10events,EnergyAndFuels__gasoline_usd_gal_96_12_12_10events__20251110T000000
EnergyAndFuels__gasoline_usd_gal_96_12_12_10events,EnergyAndFuels__gasoline_usd_gal_96_12_12_10events__20251126T000000
EnergyAndFuels__gasoline_usd_gal_96_12_12_10events,EnergyAndFuels__gasoline_usd_gal_96_12_12_10events__20251212T000000
EnergyAndFuels__gasoline_usd_gal_96_12_12_10events,EnergyAndFuels__gasoline_usd_gal_96_12_12_10events__20251230T000000
EnergyAndFuels__gasoline_usd_gal_96_12_12_10events,EnergyAndFuels__gasoline_usd_gal_96_12_12_10events__20260115T000000
EnergyAndFuels__gasoline_usd_gal_96_12_12_10events,EnergyAndFuels__gasoline_usd_gal_96_12_12_10events__20260202T000000
EnergyAndFuels__gasoline_usd_gal_96_12_12_10events,EnergyAndFuels__gasoline_usd_gal_96_12_12_10events__20260218T000000
EnergyAndFuels__gasoline_usd_gal_96_12_12_10events,EnergyAndFuels__gasoline_usd_gal_96_12_12_10events__20260306T000000
EnergyAndFuels__methanol_cny_t_96_12_12_10events,EnergyAndFuels__methanol_cny_t_96_12_12_10events__20250815T000000
EnergyAndFuels__methanol_cny_t_96_12_12_10events,EnergyAndFuels__methanol_cny_t_96_12_12_10events__20250902T000000
EnergyAndFuels__methanol_cny_t_96_12_12_10events,EnergyAndFuels__methanol_cny_t_96_12_12_10events__20250918T000000
EnergyAndFuels__methanol_cny_t_96_12_12_10events,EnergyAndFuels__methanol_cny_t_96_12_12_10events__20251014T000000
EnergyAndFuels__methanol_cny_t_96_12_12_10events,EnergyAndFuels__methanol_cny_t_96_12_12_10events__20251030T000000
EnergyAndFuels__methanol_cny_t_96_12_12_10events,EnergyAndFuels__methanol_cny_t_96_12_12_10events__20251117T000000
EnergyAndFuels__methanol_cny_t_96_12_12_10events,EnergyAndFuels__methanol_cny_t_96_12_12_10events__20251203T000000
EnergyAndFuels__methanol_cny_t_96_12_12_10events,EnergyAndFuels__methanol_cny_t_96_12_12_10events__20251219T000000
EnergyAndFuels__methanol_cny_t_96_12_12_10events,EnergyAndFuels__methanol_cny_t_96_12_12_10events__20260108T000000
EnergyAndFuels__methanol_cny_t_96_12_12_10events,EnergyAndFuels__methanol_cny_t_96_12_12_10events__20260126T000000
EnergyAndFuels__methanol_cny_t_96_12_12_10events,EnergyAndFuels__methanol_cny_t_96_12_12_10events__20260211T000000
EnergyAndFuels__methanol_cny_t_96_12_12_10events,EnergyAndFuels__methanol_cny_t_96_12_12_10events__20260309T000000
EnergyAndFuels__naphtha_usd_t_96_12_12_10events,EnergyAndFuels__naphtha_usd_t_96_12_12_10events__20250804T000000
EnergyAndFuels__naphtha_usd_t_96_12_12_10events,EnergyAndFuels__naphtha_usd_t_96_12_12_10events__20250820T000000
EnergyAndFuels__naphtha_usd_t_96_12_12_10events,EnergyAndFuels__naphtha_usd_t_96_12_12_10events__20250908T000000
EnergyAndFuels__naphtha_usd_t_96_12_12_10events,EnergyAndFuels__naphtha_usd_t_96_12_12_10events__20250924T000000
EnergyAndFuels__naphtha_usd_t_96_12_12_10events,EnergyAndFuels__naphtha_usd_t_96_12_12_10events__20251010T000000
EnergyAndFuels__naphtha_usd_t_96_12_12_10events,EnergyAndFuels__naphtha_usd_t_96_12_12_10events__20251028T000000
EnergyAndFuels__naphtha_usd_t_96_12_12_10events,EnergyAndFuels__naphtha_usd_t_96_12_12_10events__20251113T000000
EnergyAndFuels__naphtha_usd_t_96_12_12_10events,EnergyAndFuels__naphtha_usd_t_96_12_12_10events__20251202T000000
EnergyAndFuels__naphtha_usd_t_96_12_12_10events,EnergyAndFuels__naphtha_usd_t_96_12_12_10events__20251218T000000
EnergyAndFuels__naphtha_usd_t_96_12_12_10events,EnergyAndFuels__naphtha_usd_t_96_12_12_10events__20260107T000000
EnergyAndFuels__naphtha_usd_t_96_12_12_10events,EnergyAndFuels__naphtha_usd_t_96_12_12_10events__20260126T000000
EnergyAndFuels__naphtha_usd_t_96_12_12_10events,EnergyAndFuels__naphtha_usd_t_96_12_12_10events__20260211T000000
EnergyAndFuels__naphtha_usd_t_96_12_12_10events,EnergyAndFuels__naphtha_usd_t_96_12_12_10events__20260302T000000
EnergyAndFuels__propane_usd_gal_96_12_12_10events,EnergyAndFuels__propane_usd_gal_96_12_12_10events__20250717T000000
EnergyAndFuels__propane_usd_gal_96_12_12_10events,EnergyAndFuels__propane_usd_gal_96_12_12_10events__20250804T000000
EnergyAndFuels__propane_usd_gal_96_12_12_10events,EnergyAndFuels__propane_usd_gal_96_12_12_10events__20250820T000000
EnergyAndFuels__propane_usd_gal_96_12_12_10events,EnergyAndFuels__propane_usd_gal_96_12_12_10events__20250908T000000
EnergyAndFuels__propane_usd_gal_96_12_12_10events,EnergyAndFuels__propane_usd_gal_96_12_12_10events__20250924T000000
EnergyAndFuels__propane_usd_gal_96_12_12_10events,EnergyAndFuels__propane_usd_gal_96_12_12_10events__20251010T000000
EnergyAndFuels__propane_usd_gal_96_12_12_10events,EnergyAndFuels__propane_usd_gal_96_12_12_10events__20251028T000000
EnergyAndFuels__propane_usd_gal_96_12_12_10events,EnergyAndFuels__propane_usd_gal_96_12_12_10events__20251113T000000
EnergyAndFuels__propane_usd_gal_96_12_12_10events,EnergyAndFuels__propane_usd_gal_96_12_12_10events__20251202T000000
EnergyAndFuels__propane_usd_gal_96_12_12_10events,EnergyAndFuels__propane_usd_gal_96_12_12_10events__20251218T000000
EnergyAndFuels__propane_usd_gal_96_12_12_10events,EnergyAndFuels__propane_usd_gal_96_12_12_10events__20260107T000000
EnergyAndFuels__propane_usd_gal_96_12_12_10events,EnergyAndFuels__propane_usd_gal_96_12_12_10events__20260126T000000
EnergyAndFuels__propane_usd_gal_96_12_12_10events,EnergyAndFuels__propane_usd_gal_96_12_12_10events__20260211T000000
EnergyAndFuels__propane_usd_gal_96_12_12_10events,EnergyAndFuels__propane_usd_gal_96_12_12_10events__20260302T000000
EnergyAndFuels__rapeseed_eur_t_96_12_12_10events,EnergyAndFuels__rapeseed_eur_t_96_12_12_10events__20250709T000000
EnergyAndFuels__rapeseed_eur_t_96_12_12_10events,EnergyAndFuels__rapeseed_eur_t_96_12_12_10events__20250725T000000
EnergyAndFuels__rapeseed_eur_t_96_12_12_10events,EnergyAndFuels__rapeseed_eur_t_96_12_12_10events__20250812T000000
EnergyAndFuels__rapeseed_eur_t_96_12_12_10events,EnergyAndFuels__rapeseed_eur_t_96_12_12_10events__20250828T000000
EnergyAndFuels__rapeseed_eur_t_96_12_12_10events,EnergyAndFuels__rapeseed_eur_t_96_12_12_10events__20250915T000000
EnergyAndFuels__rapeseed_eur_t_96_12_12_10events,EnergyAndFuels__rapeseed_eur_t_96_12_12_10events__20251001T000000
EnergyAndFuels__rapeseed_eur_t_96_12_12_10events,EnergyAndFuels__rapeseed_eur_t_96_12_12_10events__20251017T000000
EnergyAndFuels__rapeseed_eur_t_96_12_12_10events,EnergyAndFuels__rapeseed_eur_t_96_12_12_10events__20251104T000000
EnergyAndFuels__rapeseed_eur_t_96_12_12_10events,EnergyAndFuels__rapeseed_eur_t_96_12_12_10events__20251120T000000
EnergyAndFuels__rapeseed_eur_t_96_12_12_10events,EnergyAndFuels__rapeseed_eur_t_96_12_12_10events__20251208T000000
EnergyAndFuels__rapeseed_eur_t_96_12_12_10events,EnergyAndFuels__rapeseed_eur_t_96_12_12_10events__20251224T000000
EnergyAndFuels__rapeseed_eur_t_96_12_12_10events,EnergyAndFuels__rapeseed_eur_t_96_12_12_10events__20260109T000000
EnergyAndFuels__rapeseed_eur_t_96_12_12_10events,EnergyAndFuels__rapeseed_eur_t_96_12_12_10events__20260127T000000
EnergyAndFuels__rapeseed_eur_t_96_12_12_10events,EnergyAndFuels__rapeseed_eur_t_96_12_12_10events__20260212T000000
EnergyAndFuels__rapeseed_eur_t_96_12_12_10events,EnergyAndFuels__rapeseed_eur_t_96_12_12_10events__20260302T000000
EnergyAndFuels__uranium_usd_lbs_96_12_12_10events,EnergyAndFuels__uranium_usd_lbs_96_12_12_10events__20251008T000000
EnergyAndFuels__uranium_usd_lbs_96_12_12_10events,EnergyAndFuels__uranium_usd_lbs_96_12_12_10events__20251024T000000
EnergyAndFuels__uranium_usd_lbs_96_12_12_10events,EnergyAndFuels__uranium_usd_lbs_96_12_12_10events__20251111T000000
EnergyAndFuels__uranium_usd_lbs_96_12_12_10events,EnergyAndFuels__uranium_usd_lbs_96_12_12_10events__20251128T000000
EnergyAndFuels__uranium_usd_lbs_96_12_12_10events,EnergyAndFuels__uranium_usd_lbs_96_12_12_10events__20251216T000000
EnergyAndFuels__uranium_usd_lbs_96_12_12_10events,EnergyAndFuels__uranium_usd_lbs_96_12_12_10events__20260105T000000
EnergyAndFuels__uranium_usd_lbs_96_12_12_10events,EnergyAndFuels__uranium_usd_lbs_96_12_12_10events__20260122T000000
EnergyAndFuels__uranium_usd_lbs_96_12_12_10events,EnergyAndFuels__uranium_usd_lbs_96_12_12_10events__20260209T000000
EnergyAndFuels__uranium_usd_lbs_96_12_12_10events,EnergyAndFuels__uranium_usd_lbs_96_12_12_10events__20260226T000000
EnergyAndFuels__uranium_usd_lbs_96_12_12_10events,EnergyAndFuels__uranium_usd_lbs_96_12_12_10events__20260316T000000
LivestockAndFoodProducts__beef_brl_kg_96_12_12_10events,LivestockAndFoodProducts__beef_brl_kg_96_12_12_10events__20250722T000000
LivestockAndFoodProducts__beef_brl_kg_96_12_12_10events,LivestockAndFoodProducts__beef_brl_kg_96_12_12_10events__20250807T000000
LivestockAndFoodProducts__beef_brl_kg_96_12_12_10events,LivestockAndFoodProducts__beef_brl_kg_96_12_12_10events__20250825T000000
LivestockAndFoodProducts__beef_brl_kg_96_12_12_10events,LivestockAndFoodProducts__beef_brl_kg_96_12_12_10events__20250910T000000
LivestockAndFoodProducts__beef_brl_kg_96_12_12_10events,LivestockAndFoodProducts__beef_brl_kg_96_12_12_10events__20250926T000000
LivestockAndFoodProducts__beef_brl_kg_96_12_12_10events,LivestockAndFoodProducts__beef_brl_kg_96_12_12_10events__20251014T000000
LivestockAndFoodProducts__beef_brl_kg_96_12_12_10events,LivestockAndFoodProducts__beef_brl_kg_96_12_12_10events__20251030T000000
LivestockAndFoodProducts__beef_brl_kg_96_12_12_10events,LivestockAndFoodProducts__beef_brl_kg_96_12_12_10events__20251117T000000
LivestockAndFoodProducts__beef_brl_kg_96_12_12_10events,LivestockAndFoodProducts__beef_brl_kg_96_12_12_10events__20251204T000000
LivestockAndFoodProducts__beef_brl_kg_96_12_12_10events,LivestockAndFoodProducts__beef_brl_kg_96_12_12_10events__20251222T000000
LivestockAndFoodProducts__beef_brl_kg_96_12_12_10events,LivestockAndFoodProducts__beef_brl_kg_96_12_12_10events__20260113T000000
LivestockAndFoodProducts__beef_brl_kg_96_12_12_10events,LivestockAndFoodProducts__beef_brl_kg_96_12_12_10events__20260129T000000
LivestockAndFoodProducts__beef_brl_kg_96_12_12_10events,LivestockAndFoodProducts__beef_brl_kg_96_12_12_10events__20260218T000000
LivestockAndFoodProducts__beef_brl_kg_96_12_12_10events,LivestockAndFoodProducts__beef_brl_kg_96_12_12_10events__20260306T000000
LivestockAndFoodProducts__butter_eur_t_96_12_12_10events,LivestockAndFoodProducts__butter_eur_t_96_12_12_10events__20250905T000000
LivestockAndFoodProducts__butter_eur_t_96_12_12_10events,LivestockAndFoodProducts__butter_eur_t_96_12_12_10events__20250923T000000
LivestockAndFoodProducts__butter_eur_t_96_12_12_10events,LivestockAndFoodProducts__butter_eur_t_96_12_12_10events__20251009T000000
LivestockAndFoodProducts__butter_eur_t_96_12_12_10events,LivestockAndFoodProducts__butter_eur_t_96_12_12_10events__20251027T000000
LivestockAndFoodProducts__butter_eur_t_96_12_12_10events,LivestockAndFoodProducts__butter_eur_t_96_12_12_10events__20251112T000000
LivestockAndFoodProducts__butter_eur_t_96_12_12_10events,LivestockAndFoodProducts__butter_eur_t_96_12_12_10events__20251128T000000
LivestockAndFoodProducts__butter_eur_t_96_12_12_10events,LivestockAndFoodProducts__butter_eur_t_96_12_12_10events__20251216T000000
LivestockAndFoodProducts__butter_eur_t_96_12_12_10events,LivestockAndFoodProducts__butter_eur_t_96_12_12_10events__20260106T000000
LivestockAndFoodProducts__butter_eur_t_96_12_12_10events,LivestockAndFoodProducts__butter_eur_t_96_12_12_10events__20260122T000000
LivestockAndFoodProducts__butter_eur_t_96_12_12_10events,LivestockAndFoodProducts__butter_eur_t_96_12_12_10events__20260209T000000
LivestockAndFoodProducts__butter_eur_t_96_12_12_10events,LivestockAndFoodProducts__butter_eur_t_96_12_12_10events__20260225T000000
LivestockAndFoodProducts__butter_eur_t_96_12_12_10events,LivestockAndFoodProducts__butter_eur_t_96_12_12_10events__20260313T000000
LivestockAndFoodProducts__cheese_usd_lbs_96_12_12_10events,LivestockAndFoodProducts__cheese_usd_lbs_96_12_12_10events__20250814T000000
LivestockAndFoodProducts__cheese_usd_lbs_96_12_12_10events,LivestockAndFoodProducts__cheese_usd_lbs_96_12_12_10events__20250901T000000
LivestockAndFoodProducts__cheese_usd_lbs_96_12_12_10events,LivestockAndFoodProducts__cheese_usd_lbs_96_12_12_10events__20250917T000000
LivestockAndFoodProducts__cheese_usd_lbs_96_12_12_10events,LivestockAndFoodProducts__cheese_usd_lbs_96_12_12_10events__20251003T000000
LivestockAndFoodProducts__cheese_usd_lbs_96_12_12_10events,LivestockAndFoodProducts__cheese_usd_lbs_96_12_12_10events__20251021T000000
LivestockAndFoodProducts__cheese_usd_lbs_96_12_12_10events,LivestockAndFoodProducts__cheese_usd_lbs_96_12_12_10events__20251106T000000
LivestockAndFoodProducts__cheese_usd_lbs_96_12_12_10events,LivestockAndFoodProducts__cheese_usd_lbs_96_12_12_10events__20251124T000000
LivestockAndFoodProducts__cheese_usd_lbs_96_12_12_10events,LivestockAndFoodProducts__cheese_usd_lbs_96_12_12_10events__20251212T000000
LivestockAndFoodProducts__cheese_usd_lbs_96_12_12_10events,LivestockAndFoodProducts__cheese_usd_lbs_96_12_12_10events__20251230T000000
LivestockAndFoodProducts__cheese_usd_lbs_96_12_12_10events,LivestockAndFoodProducts__cheese_usd_lbs_96_12_12_10events__20260115T000000
LivestockAndFoodProducts__cheese_usd_lbs_96_12_12_10events,LivestockAndFoodProducts__cheese_usd_lbs_96_12_12_10events__20260202T000000
LivestockAndFoodProducts__cheese_usd_lbs_96_12_12_10events,LivestockAndFoodProducts__cheese_usd_lbs_96_12_12_10events__20260218T000000
LivestockAndFoodProducts__cheese_usd_lbs_96_12_12_10events,LivestockAndFoodProducts__cheese_usd_lbs_96_12_12_10events__20260306T000000
LivestockAndFoodProducts__coffee_usd_lbs_96_12_12_10events,LivestockAndFoodProducts__coffee_usd_lbs_96_12_12_10events__20250721T000000
LivestockAndFoodProducts__coffee_usd_lbs_96_12_12_10events,LivestockAndFoodProducts__coffee_usd_lbs_96_12_12_10events__20250806T000000
LivestockAndFoodProducts__coffee_usd_lbs_96_12_12_10events,LivestockAndFoodProducts__coffee_usd_lbs_96_12_12_10events__20250822T000000
LivestockAndFoodProducts__coffee_usd_lbs_96_12_12_10events,LivestockAndFoodProducts__coffee_usd_lbs_96_12_12_10events__20250909T000000
LivestockAndFoodProducts__coffee_usd_lbs_96_12_12_10events,LivestockAndFoodProducts__coffee_usd_lbs_96_12_12_10events__20250925T000000
LivestockAndFoodProducts__coffee_usd_lbs_96_12_12_10events,LivestockAndFoodProducts__coffee_usd_lbs_96_12_12_10events__20251013T000000
LivestockAndFoodProducts__coffee_usd_lbs_96_12_12_10events,LivestockAndFoodProducts__coffee_usd_lbs_96_12_12_10events__20251029T000000
LivestockAndFoodProducts__coffee_usd_lbs_96_12_12_10events,LivestockAndFoodProducts__coffee_usd_lbs_96_12_12_10events__20251114T000000
LivestockAndFoodProducts__coffee_usd_lbs_96_12_12_10events,LivestockAndFoodProducts__coffee_usd_lbs_96_12_12_10events__20251203T000000
LivestockAndFoodProducts__coffee_usd_lbs_96_12_12_10events,LivestockAndFoodProducts__coffee_usd_lbs_96_12_12_10events__20251219T000000
LivestockAndFoodProducts__coffee_usd_lbs_96_12_12_10events,LivestockAndFoodProducts__coffee_usd_lbs_96_12_12_10events__20260108T000000
LivestockAndFoodProducts__coffee_usd_lbs_96_12_12_10events,LivestockAndFoodProducts__coffee_usd_lbs_96_12_12_10events__20260126T000000
LivestockAndFoodProducts__coffee_usd_lbs_96_12_12_10events,LivestockAndFoodProducts__coffee_usd_lbs_96_12_12_10events__20260211T000000
LivestockAndFoodProducts__coffee_usd_lbs_96_12_12_10events,LivestockAndFoodProducts__coffee_usd_lbs_96_12_12_10events__20260227T000000
LivestockAndFoodProducts__corn_usd_bu_96_12_12_10events,LivestockAndFoodProducts__corn_usd_bu_96_12_12_10events__20250612T000000
LivestockAndFoodProducts__corn_usd_bu_96_12_12_10events,LivestockAndFoodProducts__corn_usd_bu_96_12_12_10events__20250630T000000
LivestockAndFoodProducts__corn_usd_bu_96_12_12_10events,LivestockAndFoodProducts__corn_usd_bu_96_12_12_10events__20250717T000000
LivestockAndFoodProducts__corn_usd_bu_96_12_12_10events,LivestockAndFoodProducts__corn_usd_bu_96_12_12_10events__20250804T000000
LivestockAndFoodProducts__corn_usd_bu_96_12_12_10events,LivestockAndFoodProducts__corn_usd_bu_96_12_12_10events__20250820T000000
LivestockAndFoodProducts__corn_usd_bu_96_12_12_10events,LivestockAndFoodProducts__corn_usd_bu_96_12_12_10events__20250905T000000
LivestockAndFoodProducts__corn_usd_bu_96_12_12_10events,LivestockAndFoodProducts__corn_usd_bu_96_12_12_10events__20250923T000000
LivestockAndFoodProducts__corn_usd_bu_96_12_12_10events,LivestockAndFoodProducts__corn_usd_bu_96_12_12_10events__20251009T000000
LivestockAndFoodProducts__corn_usd_bu_96_12_12_10events,LivestockAndFoodProducts__corn_usd_bu_96_12_12_10events__20251027T000000
LivestockAndFoodProducts__corn_usd_bu_96_12_12_10events,LivestockAndFoodProducts__corn_usd_bu_96_12_12_10events__20251112T000000
LivestockAndFoodProducts__corn_usd_bu_96_12_12_10events,LivestockAndFoodProducts__corn_usd_bu_96_12_12_10events__20251128T000000
LivestockAndFoodProducts__corn_usd_bu_96_12_12_10events,LivestockAndFoodProducts__corn_usd_bu_96_12_12_10events__20251216T000000
LivestockAndFoodProducts__corn_usd_bu_96_12_12_10events,LivestockAndFoodProducts__corn_usd_bu_96_12_12_10events__20260101T000000
LivestockAndFoodProducts__corn_usd_bu_96_12_12_10events,LivestockAndFoodProducts__corn_usd_bu_96_12_12_10events__20260119T000000
LivestockAndFoodProducts__corn_usd_bu_96_12_12_10events,LivestockAndFoodProducts__corn_usd_bu_96_12_12_10events__20260204T000000
LivestockAndFoodProducts__corn_usd_bu_96_12_12_10events,LivestockAndFoodProducts__corn_usd_bu_96_12_12_10events__20260220T000000
LivestockAndFoodProducts__corn_usd_bu_96_12_12_10events,LivestockAndFoodProducts__corn_usd_bu_96_12_12_10events__20260310T000000
LivestockAndFoodProducts__milk_usd_cwt_96_12_12_10events,LivestockAndFoodProducts__milk_usd_cwt_96_12_12_10events__20250805T000000
LivestockAndFoodProducts__milk_usd_cwt_96_12_12_10events,LivestockAndFoodProducts__milk_usd_cwt_96_12_12_10events__20250821T000000
LivestockAndFoodProducts__milk_usd_cwt_96_12_12_10events,LivestockAndFoodProducts__milk_usd_cwt_96_12_12_10events__20250909T000000
LivestockAndFoodProducts__milk_usd_cwt_96_12_12_10events,LivestockAndFoodProducts__milk_usd_cwt_96_12_12_10events__20250924T000000
LivestockAndFoodProducts__milk_usd_cwt_96_12_12_10events,LivestockAndFoodProducts__milk_usd_cwt_96_12_12_10events__20251009T000000
LivestockAndFoodProducts__milk_usd_cwt_96_12_12_10events,LivestockAndFoodProducts__milk_usd_cwt_96_12_12_10events__20251024T000000
LivestockAndFoodProducts__milk_usd_cwt_96_12_12_10events,LivestockAndFoodProducts__milk_usd_cwt_96_12_12_10events__20251110T000000
LivestockAndFoodProducts__milk_usd_cwt_96_12_12_10events,LivestockAndFoodProducts__milk_usd_cwt_96_12_12_10events__20251126T000000
LivestockAndFoodProducts__milk_usd_cwt_96_12_12_10events,LivestockAndFoodProducts__milk_usd_cwt_96_12_12_10events__20251212T000000
LivestockAndFoodProducts__milk_usd_cwt_96_12_12_10events,LivestockAndFoodProducts__milk_usd_cwt_96_12_12_10events__20251230T000000
LivestockAndFoodProducts__milk_usd_cwt_96_12_12_10events,LivestockAndFoodProducts__milk_usd_cwt_96_12_12_10events__20260114T000000
LivestockAndFoodProducts__milk_usd_cwt_96_12_12_10events,LivestockAndFoodProducts__milk_usd_cwt_96_12_12_10events__20260202T000000
LivestockAndFoodProducts__milk_usd_cwt_96_12_12_10events,LivestockAndFoodProducts__milk_usd_cwt_96_12_12_10events__20260219T000000
LivestockAndFoodProducts__milk_usd_cwt_96_12_12_10events,LivestockAndFoodProducts__milk_usd_cwt_96_12_12_10events__20260309T000000
LivestockAndFoodProducts__poultry_brl_kgs_96_12_12_10events,LivestockAndFoodProducts__poultry_brl_kgs_96_12_12_10events__20250722T000000
LivestockAndFoodProducts__poultry_brl_kgs_96_12_12_10events,LivestockAndFoodProducts__poultry_brl_kgs_96_12_12_10events__20250807T000000
LivestockAndFoodProducts__poultry_brl_kgs_96_12_12_10events,LivestockAndFoodProducts__poultry_brl_kgs_96_12_12_10events__20250825T000000
LivestockAndFoodProducts__poultry_brl_kgs_96_12_12_10events,LivestockAndFoodProducts__poultry_brl_kgs_96_12_12_10events__20250910T000000
LivestockAndFoodProducts__poultry_brl_kgs_96_12_12_10events,LivestockAndFoodProducts__poultry_brl_kgs_96_12_12_10events__20250926T000000
LivestockAndFoodProducts__poultry_brl_kgs_96_12_12_10events,LivestockAndFoodProducts__poultry_brl_kgs_96_12_12_10events__20251014T000000
LivestockAndFoodProducts__poultry_brl_kgs_96_12_12_10events,LivestockAndFoodProducts__poultry_brl_kgs_96_12_12_10events__20251030T000000
LivestockAndFoodProducts__poultry_brl_kgs_96_12_12_10events,LivestockAndFoodProducts__poultry_brl_kgs_96_12_12_10events__20251117T000000
LivestockAndFoodProducts__poultry_brl_kgs_96_12_12_10events,LivestockAndFoodProducts__poultry_brl_kgs_96_12_12_10events__20251204T000000
LivestockAndFoodProducts__poultry_brl_kgs_96_12_12_10events,LivestockAndFoodProducts__poultry_brl_kgs_96_12_12_10events__20251222T000000
LivestockAndFoodProducts__poultry_brl_kgs_96_12_12_10events,LivestockAndFoodProducts__poultry_brl_kgs_96_12_12_10events__20260113T000000
LivestockAndFoodProducts__poultry_brl_kgs_96_12_12_10events,LivestockAndFoodProducts__poultry_brl_kgs_96_12_12_10events__20260129T000000
LivestockAndFoodProducts__poultry_brl_kgs_96_12_12_10events,LivestockAndFoodProducts__poultry_brl_kgs_96_12_12_10events__20260218T000000
LivestockAndFoodProducts__poultry_brl_kgs_96_12_12_10events,LivestockAndFoodProducts__poultry_brl_kgs_96_12_12_10events__20260306T000000
LivestockAndFoodProducts__salmon_nok_kg_96_12_12_10events,LivestockAndFoodProducts__salmon_nok_kg_96_12_12_10events__20240903T000000
LivestockAndFoodProducts__salmon_nok_kg_96_12_12_10events,LivestockAndFoodProducts__salmon_nok_kg_96_12_12_10events__20240919T000000
LivestockAndFoodProducts__salmon_nok_kg_96_12_12_10events,LivestockAndFoodProducts__salmon_nok_kg_96_12_12_10events__20241007T000000
LivestockAndFoodProducts__salmon_nok_kg_96_12_12_10events,LivestockAndFoodProducts__salmon_nok_kg_96_12_12_10events__20241108T000000
LivestockAndFoodProducts__salmon_nok_kg_96_12_12_10events,LivestockAndFoodProducts__salmon_nok_kg_96_12_12_10events__20250131T000000
LivestockAndFoodProducts__salmon_nok_kg_96_12_12_10events,LivestockAndFoodProducts__salmon_nok_kg_96_12_12_10events__20250425T000000
LivestockAndFoodProducts__salmon_nok_kg_96_12_12_10events,LivestockAndFoodProducts__salmon_nok_kg_96_12_12_10events__20250718T000000
LivestockAndFoodProducts__salmon_nok_kg_96_12_12_10events,LivestockAndFoodProducts__salmon_nok_kg_96_12_12_10events__20251010T000000
LivestockAndFoodProducts__salmon_nok_kg_96_12_12_10events,LivestockAndFoodProducts__salmon_nok_kg_96_12_12_10events__20260102T000000
LivestockAndFoodProducts__soybeans_usd_bu_96_12_12_10events,LivestockAndFoodProducts__soybeans_usd_bu_96_12_12_10events__20250603T000000
LivestockAndFoodProducts__soybeans_usd_bu_96_12_12_10events,LivestockAndFoodProducts__soybeans_usd_bu_96_12_12_10events__20250619T000000
LivestockAndFoodProducts__soybeans_usd_bu_96_12_12_10events,LivestockAndFoodProducts__soybeans_usd_bu_96_12_12_10events__20250708T000000
LivestockAndFoodProducts__soybeans_usd_bu_96_12_12_10events,LivestockAndFoodProducts__soybeans_usd_bu_96_12_12_10events__20250724T000000
LivestockAndFoodProducts__soybeans_usd_bu_96_12_12_10events,LivestockAndFoodProducts__soybeans_usd_bu_96_12_12_10events__20250811T000000
LivestockAndFoodProducts__soybeans_usd_bu_96_12_12_10events,LivestockAndFoodProducts__soybeans_usd_bu_96_12_12_10events__20250827T000000
LivestockAndFoodProducts__soybeans_usd_bu_96_12_12_10events,LivestockAndFoodProducts__soybeans_usd_bu_96_12_12_10events__20250912T000000
LivestockAndFoodProducts__soybeans_usd_bu_96_12_12_10events,LivestockAndFoodProducts__soybeans_usd_bu_96_12_12_10events__20250930T000000
LivestockAndFoodProducts__soybeans_usd_bu_96_12_12_10events,LivestockAndFoodProducts__soybeans_usd_bu_96_12_12_10events__20251016T000000
LivestockAndFoodProducts__soybeans_usd_bu_96_12_12_10events,LivestockAndFoodProducts__soybeans_usd_bu_96_12_12_10events__20251103T000000
LivestockAndFoodProducts__soybeans_usd_bu_96_12_12_10events,LivestockAndFoodProducts__soybeans_usd_bu_96_12_12_10events__20251119T000000
LivestockAndFoodProducts__soybeans_usd_bu_96_12_12_10events,LivestockAndFoodProducts__soybeans_usd_bu_96_12_12_10events__20251205T000000
LivestockAndFoodProducts__soybeans_usd_bu_96_12_12_10events,LivestockAndFoodProducts__soybeans_usd_bu_96_12_12_10events__20251223T000000
LivestockAndFoodProducts__soybeans_usd_bu_96_12_12_10events,LivestockAndFoodProducts__soybeans_usd_bu_96_12_12_10events__20260108T000000
LivestockAndFoodProducts__soybeans_usd_bu_96_12_12_10events,LivestockAndFoodProducts__soybeans_usd_bu_96_12_12_10events__20260126T000000
LivestockAndFoodProducts__soybeans_usd_bu_96_12_12_10events,LivestockAndFoodProducts__soybeans_usd_bu_96_12_12_10events__20260211T000000
LivestockAndFoodProducts__soybeans_usd_bu_96_12_12_10events,LivestockAndFoodProducts__soybeans_usd_bu_96_12_12_10events__20260227T000000
LivestockAndFoodProducts__wool_aud_100kg_96_12_12_10events,LivestockAndFoodProducts__wool_aud_100kg_96_12_12_10events__20250730T000000
LivestockAndFoodProducts__wool_aud_100kg_96_12_12_10events,LivestockAndFoodProducts__wool_aud_100kg_96_12_12_10events__20250820T000000
LivestockAndFoodProducts__wool_aud_100kg_96_12_12_10events,LivestockAndFoodProducts__wool_aud_100kg_96_12_12_10events__20250910T000000
LivestockAndFoodProducts__wool_aud_100kg_96_12_12_10events,LivestockAndFoodProducts__wool_aud_100kg_96_12_12_10events__20250926T000000
LivestockAndFoodProducts__wool_aud_100kg_96_12_12_10events,LivestockAndFoodProducts__wool_aud_100kg_96_12_12_10events__20251014T000000
LivestockAndFoodProducts__wool_aud_100kg_96_12_12_10events,LivestockAndFoodProducts__wool_aud_100kg_96_12_12_10events__20251030T000000
LivestockAndFoodProducts__wool_aud_100kg_96_12_12_10events,LivestockAndFoodProducts__wool_aud_100kg_96_12_12_10events__20251117T000000
LivestockAndFoodProducts__wool_aud_100kg_96_12_12_10events,LivestockAndFoodProducts__wool_aud_100kg_96_12_12_10events__20251203T000000
LivestockAndFoodProducts__wool_aud_100kg_96_12_12_10events,LivestockAndFoodProducts__wool_aud_100kg_96_12_12_10events__20251219T000000
LivestockAndFoodProducts__wool_aud_100kg_96_12_12_10events,LivestockAndFoodProducts__wool_aud_100kg_96_12_12_10events__20260106T000000
LivestockAndFoodProducts__wool_aud_100kg_96_12_12_10events,LivestockAndFoodProducts__wool_aud_100kg_96_12_12_10events__20260122T000000
LivestockAndFoodProducts__wool_aud_100kg_96_12_12_10events,LivestockAndFoodProducts__wool_aud_100kg_96_12_12_10events__20260209T000000
LivestockAndFoodProducts__wool_aud_100kg_96_12_12_10events,LivestockAndFoodProducts__wool_aud_100kg_96_12_12_10events__20260225T000000
LivestockAndFoodProducts__wool_aud_100kg_96_12_12_10events,LivestockAndFoodProducts__wool_aud_100kg_96_12_12_10events__20260313T000000
RawMaterialsAndConstruction__aluminum_usd_t_96_12_12_10events,RawMaterialsAndConstruction__aluminum_usd_t_96_12_12_10events__20250918T000000
RawMaterialsAndConstruction__aluminum_usd_t_96_12_12_10events,RawMaterialsAndConstruction__aluminum_usd_t_96_12_12_10events__20251006T000000
RawMaterialsAndConstruction__aluminum_usd_t_96_12_12_10events,RawMaterialsAndConstruction__aluminum_usd_t_96_12_12_10events__20251022T000000
RawMaterialsAndConstruction__aluminum_usd_t_96_12_12_10events,RawMaterialsAndConstruction__aluminum_usd_t_96_12_12_10events__20251107T000000
RawMaterialsAndConstruction__aluminum_usd_t_96_12_12_10events,RawMaterialsAndConstruction__aluminum_usd_t_96_12_12_10events__20251125T000000
RawMaterialsAndConstruction__aluminum_usd_t_96_12_12_10events,RawMaterialsAndConstruction__aluminum_usd_t_96_12_12_10events__20251211T000000
RawMaterialsAndConstruction__aluminum_usd_t_96_12_12_10events,RawMaterialsAndConstruction__aluminum_usd_t_96_12_12_10events__20251231T000000
RawMaterialsAndConstruction__aluminum_usd_t_96_12_12_10events,RawMaterialsAndConstruction__aluminum_usd_t_96_12_12_10events__20260119T000000
RawMaterialsAndConstruction__aluminum_usd_t_96_12_12_10events,RawMaterialsAndConstruction__aluminum_usd_t_96_12_12_10events__20260204T000000
RawMaterialsAndConstruction__aluminum_usd_t_96_12_12_10events,RawMaterialsAndConstruction__aluminum_usd_t_96_12_12_10events__20260220T000000
RawMaterialsAndConstruction__aluminum_usd_t_96_12_12_10events,RawMaterialsAndConstruction__aluminum_usd_t_96_12_12_10events__20260310T000000
RawMaterialsAndConstruction__copper_usd_lbs_96_12_12_10events,RawMaterialsAndConstruction__copper_usd_lbs_96_12_12_10events__20250728T000000
RawMaterialsAndConstruction__copper_usd_lbs_96_12_12_10events,RawMaterialsAndConstruction__copper_usd_lbs_96_12_12_10events__20250813T000000
RawMaterialsAndConstruction__copper_usd_lbs_96_12_12_10events,RawMaterialsAndConstruction__copper_usd_lbs_96_12_12_10events__20250829T000000
RawMaterialsAndConstruction__copper_usd_lbs_96_12_12_10events,RawMaterialsAndConstruction__copper_usd_lbs_96_12_12_10events__20250916T000000
RawMaterialsAndConstruction__copper_usd_lbs_96_12_12_10events,RawMaterialsAndConstruction__copper_usd_lbs_96_12_12_10events__20251002T000000
RawMaterialsAndConstruction__copper_usd_lbs_96_12_12_10events,RawMaterialsAndConstruction__copper_usd_lbs_96_12_12_10events__20251020T000000
RawMaterialsAndConstruction__copper_usd_lbs_96_12_12_10events,RawMaterialsAndConstruction__copper_usd_lbs_96_12_12_10events__20251105T000000
RawMaterialsAndConstruction__copper_usd_lbs_96_12_12_10events,RawMaterialsAndConstruction__copper_usd_lbs_96_12_12_10events__20251121T000000
RawMaterialsAndConstruction__copper_usd_lbs_96_12_12_10events,RawMaterialsAndConstruction__copper_usd_lbs_96_12_12_10events__20251209T000000
RawMaterialsAndConstruction__copper_usd_lbs_96_12_12_10events,RawMaterialsAndConstruction__copper_usd_lbs_96_12_12_10events__20251225T000000
RawMaterialsAndConstruction__copper_usd_lbs_96_12_12_10events,RawMaterialsAndConstruction__copper_usd_lbs_96_12_12_10events__20260112T000000
RawMaterialsAndConstruction__copper_usd_lbs_96_12_12_10events,RawMaterialsAndConstruction__copper_usd_lbs_96_12_12_10events__20260128T000000
RawMaterialsAndConstruction__copper_usd_lbs_96_12_12_10events,RawMaterialsAndConstruction__copper_usd_lbs_96_12_12_10events__20260213T000000
RawMaterialsAndConstruction__copper_usd_lbs_96_12_12_10events,RawMaterialsAndConstruction__copper_usd_lbs_96_12_12_10events__20260303T000000
RawMaterialsAndConstruction__lead_usd_t_96_12_12_10events,RawMaterialsAndConstruction__lead_usd_t_96_12_12_10events__20250612T000000
RawMaterialsAndConstruction__lead_usd_t_96_12_12_10events,RawMaterialsAndConstruction__lead_usd_t_96_12_12_10events__20250630T000000
RawMaterialsAndConstruction__lead_usd_t_96_12_12_10events,RawMaterialsAndConstruction__lead_usd_t_96_12_12_10events__20250716T000000
RawMaterialsAndConstruction__lead_usd_t_96_12_12_10events,RawMaterialsAndConstruction__lead_usd_t_96_12_12_10events__20250801T000000
RawMaterialsAndConstruction__lead_usd_t_96_12_12_10events,RawMaterialsAndConstruction__lead_usd_t_96_12_12_10events__20250819T000000
RawMaterialsAndConstruction__lead_usd_t_96_12_12_10events,RawMaterialsAndConstruction__lead_usd_t_96_12_12_10events__20250905T000000
RawMaterialsAndConstruction__lead_usd_t_96_12_12_10events,RawMaterialsAndConstruction__lead_usd_t_96_12_12_10events__20250923T000000
RawMaterialsAndConstruction__lead_usd_t_96_12_12_10events,RawMaterialsAndConstruction__lead_usd_t_96_12_12_10events__20251009T000000
RawMaterialsAndConstruction__lead_usd_t_96_12_12_10events,RawMaterialsAndConstruction__lead_usd_t_96_12_12_10events__20251027T000000
RawMaterialsAndConstruction__lead_usd_t_96_12_12_10events,RawMaterialsAndConstruction__lead_usd_t_96_12_12_10events__20251112T000000
RawMaterialsAndConstruction__lead_usd_t_96_12_12_10events,RawMaterialsAndConstruction__lead_usd_t_96_12_12_10events__20251128T000000
RawMaterialsAndConstruction__lead_usd_t_96_12_12_10events,RawMaterialsAndConstruction__lead_usd_t_96_12_12_10events__20251216T000000
RawMaterialsAndConstruction__lead_usd_t_96_12_12_10events,RawMaterialsAndConstruction__lead_usd_t_96_12_12_10events__20260106T000000
RawMaterialsAndConstruction__lead_usd_t_96_12_12_10events,RawMaterialsAndConstruction__lead_usd_t_96_12_12_10events__20260122T000000
RawMaterialsAndConstruction__lead_usd_t_96_12_12_10events,RawMaterialsAndConstruction__lead_usd_t_96_12_12_10events__20260209T000000
RawMaterialsAndConstruction__lead_usd_t_96_12_12_10events,RawMaterialsAndConstruction__lead_usd_t_96_12_12_10events__20260225T000000
RawMaterialsAndConstruction__lead_usd_t_96_12_12_10events,RawMaterialsAndConstruction__lead_usd_t_96_12_12_10events__20260313T000000
RawMaterialsAndConstruction__lumber_usd_1000_board_feet_96_12_12_10events,RawMaterialsAndConstruction__lumber_usd_1000_board_feet_96_12_12_10events__20250722T000000
RawMaterialsAndConstruction__lumber_usd_1000_board_feet_96_12_12_10events,RawMaterialsAndConstruction__lumber_usd_1000_board_feet_96_12_12_10events__20250807T000000
RawMaterialsAndConstruction__lumber_usd_1000_board_feet_96_12_12_10events,RawMaterialsAndConstruction__lumber_usd_1000_board_feet_96_12_12_10events__20250825T000000
RawMaterialsAndConstruction__lumber_usd_1000_board_feet_96_12_12_10events,RawMaterialsAndConstruction__lumber_usd_1000_board_feet_96_12_12_10events__20250911T000000
RawMaterialsAndConstruction__lumber_usd_1000_board_feet_96_12_12_10events,RawMaterialsAndConstruction__lumber_usd_1000_board_feet_96_12_12_10events__20250929T000000
RawMaterialsAndConstruction__lumber_usd_1000_board_feet_96_12_12_10events,RawMaterialsAndConstruction__lumber_usd_1000_board_feet_96_12_12_10events__20251015T000000
RawMaterialsAndConstruction__lumber_usd_1000_board_feet_96_12_12_10events,RawMaterialsAndConstruction__lumber_usd_1000_board_feet_96_12_12_10events__20251031T000000
RawMaterialsAndConstruction__lumber_usd_1000_board_feet_96_12_12_10events,RawMaterialsAndConstruction__lumber_usd_1000_board_feet_96_12_12_10events__20251118T000000
RawMaterialsAndConstruction__lumber_usd_1000_board_feet_96_12_12_10events,RawMaterialsAndConstruction__lumber_usd_1000_board_feet_96_12_12_10events__20251205T000000
RawMaterialsAndConstruction__lumber_usd_1000_board_feet_96_12_12_10events,RawMaterialsAndConstruction__lumber_usd_1000_board_feet_96_12_12_10events__20251223T000000
RawMaterialsAndConstruction__lumber_usd_1000_board_feet_96_12_12_10events,RawMaterialsAndConstruction__lumber_usd_1000_board_feet_96_12_12_10events__20260109T000000
RawMaterialsAndConstruction__lumber_usd_1000_board_feet_96_12_12_10events,RawMaterialsAndConstruction__lumber_usd_1000_board_feet_96_12_12_10events__20260128T000000
RawMaterialsAndConstruction__lumber_usd_1000_board_feet_96_12_12_10events,RawMaterialsAndConstruction__lumber_usd_1000_board_feet_96_12_12_10events__20260213T000000
RawMaterialsAndConstruction__lumber_usd_1000_board_feet_96_12_12_10events,RawMaterialsAndConstruction__lumber_usd_1000_board_feet_96_12_12_10events__20260304T000000
RawMaterialsAndConstruction__polyethylene_cny_t_96_12_12_10events,RawMaterialsAndConstruction__polyethylene_cny_t_96_12_12_10events__20250828T000000
RawMaterialsAndConstruction__polyethylene_cny_t_96_12_12_10events,RawMaterialsAndConstruction__polyethylene_cny_t_96_12_12_10events__20250915T000000
RawMaterialsAndConstruction__polyethylene_cny_t_96_12_12_10events,RawMaterialsAndConstruction__polyethylene_cny_t_96_12_12_10events__20251009T000000
RawMaterialsAndConstruction__polyethylene_cny_t_96_12_12_10events,RawMaterialsAndConstruction__polyethylene_cny_t_96_12_12_10events__20251027T000000
RawMaterialsAndConstruction__polyethylene_cny_t_96_12_12_10events,RawMaterialsAndConstruction__polyethylene_cny_t_96_12_12_10events__20251112T000000
RawMaterialsAndConstruction__polyethylene_cny_t_96_12_12_10events,RawMaterialsAndConstruction__polyethylene_cny_t_96_12_12_10events__20251128T000000
RawMaterialsAndConstruction__polyethylene_cny_t_96_12_12_10events,RawMaterialsAndConstruction__polyethylene_cny_t_96_12_12_10events__20251216T000000
RawMaterialsAndConstruction__polyethylene_cny_t_96_12_12_10events,RawMaterialsAndConstruction__polyethylene_cny_t_96_12_12_10events__20260105T000000
RawMaterialsAndConstruction__polyethylene_cny_t_96_12_12_10events,RawMaterialsAndConstruction__polyethylene_cny_t_96_12_12_10events__20260121T000000
RawMaterialsAndConstruction__polyethylene_cny_t_96_12_12_10events,RawMaterialsAndConstruction__polyethylene_cny_t_96_12_12_10events__20260206T000000
RawMaterialsAndConstruction__polyethylene_cny_t_96_12_12_10events,RawMaterialsAndConstruction__polyethylene_cny_t_96_12_12_10events__20260304T000000
RawMaterialsAndConstruction__polypropylene_cny_t_96_12_12_10events,RawMaterialsAndConstruction__polypropylene_cny_t_96_12_12_10events__20250806T000000
RawMaterialsAndConstruction__polypropylene_cny_t_96_12_12_10events,RawMaterialsAndConstruction__polypropylene_cny_t_96_12_12_10events__20250822T000000
RawMaterialsAndConstruction__polypropylene_cny_t_96_12_12_10events,RawMaterialsAndConstruction__polypropylene_cny_t_96_12_12_10events__20250909T000000
RawMaterialsAndConstruction__polypropylene_cny_t_96_12_12_10events,RawMaterialsAndConstruction__polypropylene_cny_t_96_12_12_10events__20250925T000000
RawMaterialsAndConstruction__polypropylene_cny_t_96_12_12_10events,RawMaterialsAndConstruction__polypropylene_cny_t_96_12_12_10events__20251021T000000
RawMaterialsAndConstruction__polypropylene_cny_t_96_12_12_10events,RawMaterialsAndConstruction__polypropylene_cny_t_96_12_12_10events__20251106T000000
RawMaterialsAndConstruction__polypropylene_cny_t_96_12_12_10events,RawMaterialsAndConstruction__polypropylene_cny_t_96_12_12_10events__20251124T000000
RawMaterialsAndConstruction__polypropylene_cny_t_96_12_12_10events,RawMaterialsAndConstruction__polypropylene_cny_t_96_12_12_10events__20251210T000000
RawMaterialsAndConstruction__polypropylene_cny_t_96_12_12_10events,RawMaterialsAndConstruction__polypropylene_cny_t_96_12_12_10events__20251226T000000
RawMaterialsAndConstruction__polypropylene_cny_t_96_12_12_10events,RawMaterialsAndConstruction__polypropylene_cny_t_96_12_12_10events__20260115T000000
RawMaterialsAndConstruction__polypropylene_cny_t_96_12_12_10events,RawMaterialsAndConstruction__polypropylene_cny_t_96_12_12_10events__20260202T000000
RawMaterialsAndConstruction__polypropylene_cny_t_96_12_12_10events,RawMaterialsAndConstruction__polypropylene_cny_t_96_12_12_10events__20260226T000000
RawMaterialsAndConstruction__polypropylene_cny_t_96_12_12_10events,RawMaterialsAndConstruction__polypropylene_cny_t_96_12_12_10events__20260316T000000
RawMaterialsAndConstruction__rubber_usd_cents_kg_96_12_12_10events,RawMaterialsAndConstruction__rubber_usd_cents_kg_96_12_12_10events__20250814T000000
RawMaterialsAndConstruction__rubber_usd_cents_kg_96_12_12_10events,RawMaterialsAndConstruction__rubber_usd_cents_kg_96_12_12_10events__20250901T000000
RawMaterialsAndConstruction__rubber_usd_cents_kg_96_12_12_10events,RawMaterialsAndConstruction__rubber_usd_cents_kg_96_12_12_10events__20250917T000000
RawMaterialsAndConstruction__rubber_usd_cents_kg_96_12_12_10events,RawMaterialsAndConstruction__rubber_usd_cents_kg_96_12_12_10events__20251003T000000
RawMaterialsAndConstruction__rubber_usd_cents_kg_96_12_12_10events,RawMaterialsAndConstruction__rubber_usd_cents_kg_96_12_12_10events__20251022T000000
RawMaterialsAndConstruction__rubber_usd_cents_kg_96_12_12_10events,RawMaterialsAndConstruction__rubber_usd_cents_kg_96_12_12_10events__20251107T000000
RawMaterialsAndConstruction__rubber_usd_cents_kg_96_12_12_10events,RawMaterialsAndConstruction__rubber_usd_cents_kg_96_12_12_10events__20251125T000000
RawMaterialsAndConstruction__rubber_usd_cents_kg_96_12_12_10events,RawMaterialsAndConstruction__rubber_usd_cents_kg_96_12_12_10events__20251211T000000
RawMaterialsAndConstruction__rubber_usd_cents_kg_96_12_12_10events,RawMaterialsAndConstruction__rubber_usd_cents_kg_96_12_12_10events__20251230T000000
RawMaterialsAndConstruction__rubber_usd_cents_kg_96_12_12_10events,RawMaterialsAndConstruction__rubber_usd_cents_kg_96_12_12_10events__20260119T000000
RawMaterialsAndConstruction__rubber_usd_cents_kg_96_12_12_10events,RawMaterialsAndConstruction__rubber_usd_cents_kg_96_12_12_10events__20260204T000000
RawMaterialsAndConstruction__rubber_usd_cents_kg_96_12_12_10events,RawMaterialsAndConstruction__rubber_usd_cents_kg_96_12_12_10events__20260226T000000
RawMaterialsAndConstruction__rubber_usd_cents_kg_96_12_12_10events,RawMaterialsAndConstruction__rubber_usd_cents_kg_96_12_12_10events__20260316T000000
RawMaterialsAndConstruction__steel_cny_t_96_12_12_10events,RawMaterialsAndConstruction__steel_cny_t_96_12_12_10events__20250801T000000
RawMaterialsAndConstruction__steel_cny_t_96_12_12_10events,RawMaterialsAndConstruction__steel_cny_t_96_12_12_10events__20250819T000000
RawMaterialsAndConstruction__steel_cny_t_96_12_12_10events,RawMaterialsAndConstruction__steel_cny_t_96_12_12_10events__20250904T000000
RawMaterialsAndConstruction__steel_cny_t_96_12_12_10events,RawMaterialsAndConstruction__steel_cny_t_96_12_12_10events__20250922T000000
RawMaterialsAndConstruction__steel_cny_t_96_12_12_10events,RawMaterialsAndConstruction__steel_cny_t_96_12_12_10events__20251016T000000
RawMaterialsAndConstruction__steel_cny_t_96_12_12_10events,RawMaterialsAndConstruction__steel_cny_t_96_12_12_10events__20251103T000000
RawMaterialsAndConstruction__steel_cny_t_96_12_12_10events,RawMaterialsAndConstruction__steel_cny_t_96_12_12_10events__20251119T000000
RawMaterialsAndConstruction__steel_cny_t_96_12_12_10events,RawMaterialsAndConstruction__steel_cny_t_96_12_12_10events__20251205T000000
RawMaterialsAndConstruction__steel_cny_t_96_12_12_10events,RawMaterialsAndConstruction__steel_cny_t_96_12_12_10events__20251223T000000
RawMaterialsAndConstruction__steel_cny_t_96_12_12_10events,RawMaterialsAndConstruction__steel_cny_t_96_12_12_10events__20260112T000000
RawMaterialsAndConstruction__steel_cny_t_96_12_12_10events,RawMaterialsAndConstruction__steel_cny_t_96_12_12_10events__20260128T000000
RawMaterialsAndConstruction__steel_cny_t_96_12_12_10events,RawMaterialsAndConstruction__steel_cny_t_96_12_12_10events__20260213T000000
RawMaterialsAndConstruction__steel_cny_t_96_12_12_10events,RawMaterialsAndConstruction__steel_cny_t_96_12_12_10events__20260311T000000
RawMaterialsAndConstruction__tin_usd_t_96_12_12_10events,RawMaterialsAndConstruction__tin_usd_t_96_12_12_10events__20250804T000000
RawMaterialsAndConstruction__tin_usd_t_96_12_12_10events,RawMaterialsAndConstruction__tin_usd_t_96_12_12_10events__20250820T000000
RawMaterialsAndConstruction__tin_usd_t_96_12_12_10events,RawMaterialsAndConstruction__tin_usd_t_96_12_12_10events__20250908T000000
RawMaterialsAndConstruction__tin_usd_t_96_12_12_10events,RawMaterialsAndConstruction__tin_usd_t_96_12_12_10events__20250924T000000
RawMaterialsAndConstruction__tin_usd_t_96_12_12_10events,RawMaterialsAndConstruction__tin_usd_t_96_12_12_10events__20251010T000000
RawMaterialsAndConstruction__tin_usd_t_96_12_12_10events,RawMaterialsAndConstruction__tin_usd_t_96_12_12_10events__20251028T000000
RawMaterialsAndConstruction__tin_usd_t_96_12_12_10events,RawMaterialsAndConstruction__tin_usd_t_96_12_12_10events__20251113T000000
RawMaterialsAndConstruction__tin_usd_t_96_12_12_10events,RawMaterialsAndConstruction__tin_usd_t_96_12_12_10events__20251201T000000
RawMaterialsAndConstruction__tin_usd_t_96_12_12_10events,RawMaterialsAndConstruction__tin_usd_t_96_12_12_10events__20251217T000000
RawMaterialsAndConstruction__tin_usd_t_96_12_12_10events,RawMaterialsAndConstruction__tin_usd_t_96_12_12_10events__20260107T000000
RawMaterialsAndConstruction__tin_usd_t_96_12_12_10events,RawMaterialsAndConstruction__tin_usd_t_96_12_12_10events__20260123T000000
RawMaterialsAndConstruction__tin_usd_t_96_12_12_10events,RawMaterialsAndConstruction__tin_usd_t_96_12_12_10events__20260210T000000
RawMaterialsAndConstruction__tin_usd_t_96_12_12_10events,RawMaterialsAndConstruction__tin_usd_t_96_12_12_10events__20260226T000000
RawMaterialsAndConstruction__tin_usd_t_96_12_12_10events,RawMaterialsAndConstruction__tin_usd_t_96_12_12_10events__20260316T000000
RawMaterialsAndConstruction__zinc_usd_t_96_12_12_10events,RawMaterialsAndConstruction__zinc_usd_t_96_12_12_10events__20250814T000000
RawMaterialsAndConstruction__zinc_usd_t_96_12_12_10events,RawMaterialsAndConstruction__zinc_usd_t_96_12_12_10events__20250902T000000
RawMaterialsAndConstruction__zinc_usd_t_96_12_12_10events,RawMaterialsAndConstruction__zinc_usd_t_96_12_12_10events__20250918T000000
RawMaterialsAndConstruction__zinc_usd_t_96_12_12_10events,RawMaterialsAndConstruction__zinc_usd_t_96_12_12_10events__20251006T000000
RawMaterialsAndConstruction__zinc_usd_t_96_12_12_10events,RawMaterialsAndConstruction__zinc_usd_t_96_12_12_10events__20251022T000000
RawMaterialsAndConstruction__zinc_usd_t_96_12_12_10events,RawMaterialsAndConstruction__zinc_usd_t_96_12_12_10events__20251107T000000
RawMaterialsAndConstruction__zinc_usd_t_96_12_12_10events,RawMaterialsAndConstruction__zinc_usd_t_96_12_12_10events__20251125T000000
RawMaterialsAndConstruction__zinc_usd_t_96_12_12_10events,RawMaterialsAndConstruction__zinc_usd_t_96_12_12_10events__20251211T000000
RawMaterialsAndConstruction__zinc_usd_t_96_12_12_10events,RawMaterialsAndConstruction__zinc_usd_t_96_12_12_10events__20251231T000000
RawMaterialsAndConstruction__zinc_usd_t_96_12_12_10events,RawMaterialsAndConstruction__zinc_usd_t_96_12_12_10events__20260119T000000
RawMaterialsAndConstruction__zinc_usd_t_96_12_12_10events,RawMaterialsAndConstruction__zinc_usd_t_96_12_12_10events__20260204T000000
RawMaterialsAndConstruction__zinc_usd_t_96_12_12_10events,RawMaterialsAndConstruction__zinc_usd_t_96_12_12_10events__20260220T000000
RawMaterialsAndConstruction__zinc_usd_t_96_12_12_10events,RawMaterialsAndConstruction__zinc_usd_t_96_12_12_10events__20260310T000000
SpecialtyAndAdvancedMaterials__gallium_cny_kg_96_12_12_10events,SpecialtyAndAdvancedMaterials__gallium_cny_kg_96_12_12_10events__20250905T000000
SpecialtyAndAdvancedMaterials__gallium_cny_kg_96_12_12_10events,SpecialtyAndAdvancedMaterials__gallium_cny_kg_96_12_12_10events__20250923T000000
SpecialtyAndAdvancedMaterials__gallium_cny_kg_96_12_12_10events,SpecialtyAndAdvancedMaterials__gallium_cny_kg_96_12_12_10events__20251017T000000
SpecialtyAndAdvancedMaterials__gallium_cny_kg_96_12_12_10events,SpecialtyAndAdvancedMaterials__gallium_cny_kg_96_12_12_10events__20251104T000000
SpecialtyAndAdvancedMaterials__gallium_cny_kg_96_12_12_10events,SpecialtyAndAdvancedMaterials__gallium_cny_kg_96_12_12_10events__20251120T000000
SpecialtyAndAdvancedMaterials__gallium_cny_kg_96_12_12_10events,SpecialtyAndAdvancedMaterials__gallium_cny_kg_96_12_12_10events__20251208T000000
SpecialtyAndAdvancedMaterials__gallium_cny_kg_96_12_12_10events,SpecialtyAndAdvancedMaterials__gallium_cny_kg_96_12_12_10events__20251224T000000
SpecialtyAndAdvancedMaterials__gallium_cny_kg_96_12_12_10events,SpecialtyAndAdvancedMaterials__gallium_cny_kg_96_12_12_10events__20260113T000000
SpecialtyAndAdvancedMaterials__gallium_cny_kg_96_12_12_10events,SpecialtyAndAdvancedMaterials__gallium_cny_kg_96_12_12_10events__20260129T000000
SpecialtyAndAdvancedMaterials__gallium_cny_kg_96_12_12_10events,SpecialtyAndAdvancedMaterials__gallium_cny_kg_96_12_12_10events__20260224T000000
SpecialtyAndAdvancedMaterials__gallium_cny_kg_96_12_12_10events,SpecialtyAndAdvancedMaterials__gallium_cny_kg_96_12_12_10events__20260312T000000
SpecialtyAndAdvancedMaterials__germanium_cny_kg_96_12_12_10events,SpecialtyAndAdvancedMaterials__germanium_cny_kg_96_12_12_10events__20250804T000000
SpecialtyAndAdvancedMaterials__germanium_cny_kg_96_12_12_10events,SpecialtyAndAdvancedMaterials__germanium_cny_kg_96_12_12_10events__20250820T000000
SpecialtyAndAdvancedMaterials__germanium_cny_kg_96_12_12_10events,SpecialtyAndAdvancedMaterials__germanium_cny_kg_96_12_12_10events__20250908T000000
SpecialtyAndAdvancedMaterials__germanium_cny_kg_96_12_12_10events,SpecialtyAndAdvancedMaterials__germanium_cny_kg_96_12_12_10events__20250924T000000
SpecialtyAndAdvancedMaterials__germanium_cny_kg_96_12_12_10events,SpecialtyAndAdvancedMaterials__germanium_cny_kg_96_12_12_10events__20251020T000000
SpecialtyAndAdvancedMaterials__germanium_cny_kg_96_12_12_10events,SpecialtyAndAdvancedMaterials__germanium_cny_kg_96_12_12_10events__20251105T000000
SpecialtyAndAdvancedMaterials__germanium_cny_kg_96_12_12_10events,SpecialtyAndAdvancedMaterials__germanium_cny_kg_96_12_12_10events__20251121T000000
SpecialtyAndAdvancedMaterials__germanium_cny_kg_96_12_12_10events,SpecialtyAndAdvancedMaterials__germanium_cny_kg_96_12_12_10events__20251209T000000
SpecialtyAndAdvancedMaterials__germanium_cny_kg_96_12_12_10events,SpecialtyAndAdvancedMaterials__germanium_cny_kg_96_12_12_10events__20251225T000000
SpecialtyAndAdvancedMaterials__germanium_cny_kg_96_12_12_10events,SpecialtyAndAdvancedMaterials__germanium_cny_kg_96_12_12_10events__20260114T000000
SpecialtyAndAdvancedMaterials__germanium_cny_kg_96_12_12_10events,SpecialtyAndAdvancedMaterials__germanium_cny_kg_96_12_12_10events__20260130T000000
SpecialtyAndAdvancedMaterials__germanium_cny_kg_96_12_12_10events,SpecialtyAndAdvancedMaterials__germanium_cny_kg_96_12_12_10events__20260225T000000
SpecialtyAndAdvancedMaterials__germanium_cny_kg_96_12_12_10events,SpecialtyAndAdvancedMaterials__germanium_cny_kg_96_12_12_10events__20260313T000000
SpecialtyAndAdvancedMaterials__indium_cny_kg_96_12_12_10events,SpecialtyAndAdvancedMaterials__indium_cny_kg_96_12_12_10events__20250717T000000
SpecialtyAndAdvancedMaterials__indium_cny_kg_96_12_12_10events,SpecialtyAndAdvancedMaterials__indium_cny_kg_96_12_12_10events__20250804T000000
SpecialtyAndAdvancedMaterials__indium_cny_kg_96_12_12_10events,SpecialtyAndAdvancedMaterials__indium_cny_kg_96_12_12_10events__20250820T000000
SpecialtyAndAdvancedMaterials__indium_cny_kg_96_12_12_10events,SpecialtyAndAdvancedMaterials__indium_cny_kg_96_12_12_10events__20250905T000000
SpecialtyAndAdvancedMaterials__indium_cny_kg_96_12_12_10events,SpecialtyAndAdvancedMaterials__indium_cny_kg_96_12_12_10events__20250923T000000
SpecialtyAndAdvancedMaterials__indium_cny_kg_96_12_12_10events,SpecialtyAndAdvancedMaterials__indium_cny_kg_96_12_12_10events__20251017T000000
SpecialtyAndAdvancedMaterials__indium_cny_kg_96_12_12_10events,SpecialtyAndAdvancedMaterials__indium_cny_kg_96_12_12_10events__20251104T000000
SpecialtyAndAdvancedMaterials__indium_cny_kg_96_12_12_10events,SpecialtyAndAdvancedMaterials__indium_cny_kg_96_12_12_10events__20251120T000000
SpecialtyAndAdvancedMaterials__indium_cny_kg_96_12_12_10events,SpecialtyAndAdvancedMaterials__indium_cny_kg_96_12_12_10events__20251208T000000
SpecialtyAndAdvancedMaterials__indium_cny_kg_96_12_12_10events,SpecialtyAndAdvancedMaterials__indium_cny_kg_96_12_12_10events__20251224T000000
SpecialtyAndAdvancedMaterials__indium_cny_kg_96_12_12_10events,SpecialtyAndAdvancedMaterials__indium_cny_kg_96_12_12_10events__20260113T000000
SpecialtyAndAdvancedMaterials__indium_cny_kg_96_12_12_10events,SpecialtyAndAdvancedMaterials__indium_cny_kg_96_12_12_10events__20260129T000000
SpecialtyAndAdvancedMaterials__indium_cny_kg_96_12_12_10events,SpecialtyAndAdvancedMaterials__indium_cny_kg_96_12_12_10events__20260224T000000
SpecialtyAndAdvancedMaterials__indium_cny_kg_96_12_12_10events,SpecialtyAndAdvancedMaterials__indium_cny_kg_96_12_12_10events__20260312T000000
SpecialtyAndAdvancedMaterials__magnesium_cny_t_96_12_12_10events,SpecialtyAndAdvancedMaterials__magnesium_cny_t_96_12_12_10events__20250820T000000
SpecialtyAndAdvancedMaterials__magnesium_cny_t_96_12_12_10events,SpecialtyAndAdvancedMaterials__magnesium_cny_t_96_12_12_10events__20250905T000000
SpecialtyAndAdvancedMaterials__magnesium_cny_t_96_12_12_10events,SpecialtyAndAdvancedMaterials__magnesium_cny_t_96_12_12_10events__20250923T000000
SpecialtyAndAdvancedMaterials__magnesium_cny_t_96_12_12_10events,SpecialtyAndAdvancedMaterials__magnesium_cny_t_96_12_12_10events__20251017T000000
SpecialtyAndAdvancedMaterials__magnesium_cny_t_96_12_12_10events,SpecialtyAndAdvancedMaterials__magnesium_cny_t_96_12_12_10events__20251104T000000
SpecialtyAndAdvancedMaterials__magnesium_cny_t_96_12_12_10events,SpecialtyAndAdvancedMaterials__magnesium_cny_t_96_12_12_10events__20251120T000000
SpecialtyAndAdvancedMaterials__magnesium_cny_t_96_12_12_10events,SpecialtyAndAdvancedMaterials__magnesium_cny_t_96_12_12_10events__20251208T000000
SpecialtyAndAdvancedMaterials__magnesium_cny_t_96_12_12_10events,SpecialtyAndAdvancedMaterials__magnesium_cny_t_96_12_12_10events__20251224T000000
SpecialtyAndAdvancedMaterials__magnesium_cny_t_96_12_12_10events,SpecialtyAndAdvancedMaterials__magnesium_cny_t_96_12_12_10events__20260113T000000
SpecialtyAndAdvancedMaterials__magnesium_cny_t_96_12_12_10events,SpecialtyAndAdvancedMaterials__magnesium_cny_t_96_12_12_10events__20260129T000000
SpecialtyAndAdvancedMaterials__magnesium_cny_t_96_12_12_10events,SpecialtyAndAdvancedMaterials__magnesium_cny_t_96_12_12_10events__20260224T000000
SpecialtyAndAdvancedMaterials__magnesium_cny_t_96_12_12_10events,SpecialtyAndAdvancedMaterials__magnesium_cny_t_96_12_12_10events__20260312T000000
SpecialtyAndAdvancedMaterials__molybdenum_cny_kg_96_12_12_10events,SpecialtyAndAdvancedMaterials__molybdenum_cny_kg_96_12_12_10events__20251024T000000
SpecialtyAndAdvancedMaterials__molybdenum_cny_kg_96_12_12_10events,SpecialtyAndAdvancedMaterials__molybdenum_cny_kg_96_12_12_10events__20251111T000000
SpecialtyAndAdvancedMaterials__molybdenum_cny_kg_96_12_12_10events,SpecialtyAndAdvancedMaterials__molybdenum_cny_kg_96_12_12_10events__20251127T000000
SpecialtyAndAdvancedMaterials__molybdenum_cny_kg_96_12_12_10events,SpecialtyAndAdvancedMaterials__molybdenum_cny_kg_96_12_12_10events__20251215T000000
SpecialtyAndAdvancedMaterials__molybdenum_cny_kg_96_12_12_10events,SpecialtyAndAdvancedMaterials__molybdenum_cny_kg_96_12_12_10events__20251231T000000
SpecialtyAndAdvancedMaterials__molybdenum_cny_kg_96_12_12_10events,SpecialtyAndAdvancedMaterials__molybdenum_cny_kg_96_12_12_10events__20260120T000000
SpecialtyAndAdvancedMaterials__molybdenum_cny_kg_96_12_12_10events,SpecialtyAndAdvancedMaterials__molybdenum_cny_kg_96_12_12_10events__20260205T000000
SpecialtyAndAdvancedMaterials__molybdenum_cny_kg_96_12_12_10events,SpecialtyAndAdvancedMaterials__molybdenum_cny_kg_96_12_12_10events__20260303T000000
SpecialtyAndAdvancedMaterials__polyvinyl_cny_t_96_12_12_10events,SpecialtyAndAdvancedMaterials__polyvinyl_cny_t_96_12_12_10events__20250729T000000
SpecialtyAndAdvancedMaterials__polyvinyl_cny_t_96_12_12_10events,SpecialtyAndAdvancedMaterials__polyvinyl_cny_t_96_12_12_10events__20250814T000000
SpecialtyAndAdvancedMaterials__polyvinyl_cny_t_96_12_12_10events,SpecialtyAndAdvancedMaterials__polyvinyl_cny_t_96_12_12_10events__20250901T000000
SpecialtyAndAdvancedMaterials__polyvinyl_cny_t_96_12_12_10events,SpecialtyAndAdvancedMaterials__polyvinyl_cny_t_96_12_12_10events__20250917T000000
SpecialtyAndAdvancedMaterials__polyvinyl_cny_t_96_12_12_10events,SpecialtyAndAdvancedMaterials__polyvinyl_cny_t_96_12_12_10events__20251013T000000
SpecialtyAndAdvancedMaterials__polyvinyl_cny_t_96_12_12_10events,SpecialtyAndAdvancedMaterials__polyvinyl_cny_t_96_12_12_10events__20251029T000000
SpecialtyAndAdvancedMaterials__polyvinyl_cny_t_96_12_12_10events,SpecialtyAndAdvancedMaterials__polyvinyl_cny_t_96_12_12_10events__20251114T000000
SpecialtyAndAdvancedMaterials__polyvinyl_cny_t_96_12_12_10events,SpecialtyAndAdvancedMaterials__polyvinyl_cny_t_96_12_12_10events__20251202T000000
SpecialtyAndAdvancedMaterials__polyvinyl_cny_t_96_12_12_10events,SpecialtyAndAdvancedMaterials__polyvinyl_cny_t_96_12_12_10events__20251218T000000
SpecialtyAndAdvancedMaterials__polyvinyl_cny_t_96_12_12_10events,SpecialtyAndAdvancedMaterials__polyvinyl_cny_t_96_12_12_10events__20260107T000000
SpecialtyAndAdvancedMaterials__polyvinyl_cny_t_96_12_12_10events,SpecialtyAndAdvancedMaterials__polyvinyl_cny_t_96_12_12_10events__20260123T000000
SpecialtyAndAdvancedMaterials__polyvinyl_cny_t_96_12_12_10events,SpecialtyAndAdvancedMaterials__polyvinyl_cny_t_96_12_12_10events__20260210T000000
SpecialtyAndAdvancedMaterials__polyvinyl_cny_t_96_12_12_10events,SpecialtyAndAdvancedMaterials__polyvinyl_cny_t_96_12_12_10events__20260306T000000
SpecialtyAndAdvancedMaterials__tellurium_cny_kg_96_12_12_10events,SpecialtyAndAdvancedMaterials__tellurium_cny_kg_96_12_12_10events__20250804T000000
SpecialtyAndAdvancedMaterials__tellurium_cny_kg_96_12_12_10events,SpecialtyAndAdvancedMaterials__tellurium_cny_kg_96_12_12_10events__20250820T000000
SpecialtyAndAdvancedMaterials__tellurium_cny_kg_96_12_12_10events,SpecialtyAndAdvancedMaterials__tellurium_cny_kg_96_12_12_10events__20250908T000000
SpecialtyAndAdvancedMaterials__tellurium_cny_kg_96_12_12_10events,SpecialtyAndAdvancedMaterials__tellurium_cny_kg_96_12_12_10events__20250924T000000
SpecialtyAndAdvancedMaterials__tellurium_cny_kg_96_12_12_10events,SpecialtyAndAdvancedMaterials__tellurium_cny_kg_96_12_12_10events__20251020T000000
SpecialtyAndAdvancedMaterials__tellurium_cny_kg_96_12_12_10events,SpecialtyAndAdvancedMaterials__tellurium_cny_kg_96_12_12_10events__20251105T000000
SpecialtyAndAdvancedMaterials__tellurium_cny_kg_96_12_12_10events,SpecialtyAndAdvancedMaterials__tellurium_cny_kg_96_12_12_10events__20251121T000000
SpecialtyAndAdvancedMaterials__tellurium_cny_kg_96_12_12_10events,SpecialtyAndAdvancedMaterials__tellurium_cny_kg_96_12_12_10events__20251209T000000
SpecialtyAndAdvancedMaterials__tellurium_cny_kg_96_12_12_10events,SpecialtyAndAdvancedMaterials__tellurium_cny_kg_96_12_12_10events__20251225T000000
SpecialtyAndAdvancedMaterials__tellurium_cny_kg_96_12_12_10events,SpecialtyAndAdvancedMaterials__tellurium_cny_kg_96_12_12_10events__20260114T000000
SpecialtyAndAdvancedMaterials__tellurium_cny_kg_96_12_12_10events,SpecialtyAndAdvancedMaterials__tellurium_cny_kg_96_12_12_10events__20260130T000000
SpecialtyAndAdvancedMaterials__tellurium_cny_kg_96_12_12_10events,SpecialtyAndAdvancedMaterials__tellurium_cny_kg_96_12_12_10events__20260225T000000
SpecialtyAndAdvancedMaterials__tellurium_cny_kg_96_12_12_10events,SpecialtyAndAdvancedMaterials__tellurium_cny_kg_96_12_12_10events__20260313T000000
SpecialtyAndAdvancedMaterials__titanium_cny_kg_96_12_12_10events,SpecialtyAndAdvancedMaterials__titanium_cny_kg_96_12_12_10events__20251027T000000
SpecialtyAndAdvancedMaterials__titanium_cny_kg_96_12_12_10events,SpecialtyAndAdvancedMaterials__titanium_cny_kg_96_12_12_10events__20251112T000000
SpecialtyAndAdvancedMaterials__titanium_cny_kg_96_12_12_10events,SpecialtyAndAdvancedMaterials__titanium_cny_kg_96_12_12_10events__20251128T000000
SpecialtyAndAdvancedMaterials__titanium_cny_kg_96_12_12_10events,SpecialtyAndAdvancedMaterials__titanium_cny_kg_96_12_12_10events__20251216T000000
SpecialtyAndAdvancedMaterials__titanium_cny_kg_96_12_12_10events,SpecialtyAndAdvancedMaterials__titanium_cny_kg_96_12_12_10events__20260105T000000
SpecialtyAndAdvancedMaterials__titanium_cny_kg_96_12_12_10events,SpecialtyAndAdvancedMaterials__titanium_cny_kg_96_12_12_10events__20260121T000000
SpecialtyAndAdvancedMaterials__titanium_cny_kg_96_12_12_10events,SpecialtyAndAdvancedMaterials__titanium_cny_kg_96_12_12_10events__20260206T000000
SpecialtyAndAdvancedMaterials__titanium_cny_kg_96_12_12_10events,SpecialtyAndAdvancedMaterials__titanium_cny_kg_96_12_12_10events__20260304T000000
StrategicAndHighValueMaterials__cobalt_usd_t_96_12_12_10events,StrategicAndHighValueMaterials__cobalt_usd_t_96_12_12_10events__20250704T000000
StrategicAndHighValueMaterials__cobalt_usd_t_96_12_12_10events,StrategicAndHighValueMaterials__cobalt_usd_t_96_12_12_10events__20250722T000000
StrategicAndHighValueMaterials__cobalt_usd_t_96_12_12_10events,StrategicAndHighValueMaterials__cobalt_usd_t_96_12_12_10events__20250807T000000
StrategicAndHighValueMaterials__cobalt_usd_t_96_12_12_10events,StrategicAndHighValueMaterials__cobalt_usd_t_96_12_12_10events__20250826T000000
StrategicAndHighValueMaterials__cobalt_usd_t_96_12_12_10events,StrategicAndHighValueMaterials__cobalt_usd_t_96_12_12_10events__20250911T000000
StrategicAndHighValueMaterials__cobalt_usd_t_96_12_12_10events,StrategicAndHighValueMaterials__cobalt_usd_t_96_12_12_10events__20250929T000000
StrategicAndHighValueMaterials__cobalt_usd_t_96_12_12_10events,StrategicAndHighValueMaterials__cobalt_usd_t_96_12_12_10events__20251015T000000
StrategicAndHighValueMaterials__cobalt_usd_t_96_12_12_10events,StrategicAndHighValueMaterials__cobalt_usd_t_96_12_12_10events__20251031T000000
StrategicAndHighValueMaterials__cobalt_usd_t_96_12_12_10events,StrategicAndHighValueMaterials__cobalt_usd_t_96_12_12_10events__20251118T000000
StrategicAndHighValueMaterials__cobalt_usd_t_96_12_12_10events,StrategicAndHighValueMaterials__cobalt_usd_t_96_12_12_10events__20251204T000000
StrategicAndHighValueMaterials__cobalt_usd_t_96_12_12_10events,StrategicAndHighValueMaterials__cobalt_usd_t_96_12_12_10events__20251222T000000
StrategicAndHighValueMaterials__cobalt_usd_t_96_12_12_10events,StrategicAndHighValueMaterials__cobalt_usd_t_96_12_12_10events__20260112T000000
StrategicAndHighValueMaterials__cobalt_usd_t_96_12_12_10events,StrategicAndHighValueMaterials__cobalt_usd_t_96_12_12_10events__20260128T000000
StrategicAndHighValueMaterials__cobalt_usd_t_96_12_12_10events,StrategicAndHighValueMaterials__cobalt_usd_t_96_12_12_10events__20260213T000000
StrategicAndHighValueMaterials__cobalt_usd_t_96_12_12_10events,StrategicAndHighValueMaterials__cobalt_usd_t_96_12_12_10events__20260303T000000
StrategicAndHighValueMaterials__gold_usd_t_oz_96_12_12_10events,StrategicAndHighValueMaterials__gold_usd_t_oz_96_12_12_10events__20250804T000000
StrategicAndHighValueMaterials__gold_usd_t_oz_96_12_12_10events,StrategicAndHighValueMaterials__gold_usd_t_oz_96_12_12_10events__20250820T000000
StrategicAndHighValueMaterials__gold_usd_t_oz_96_12_12_10events,StrategicAndHighValueMaterials__gold_usd_t_oz_96_12_12_10events__20250905T000000
StrategicAndHighValueMaterials__gold_usd_t_oz_96_12_12_10events,StrategicAndHighValueMaterials__gold_usd_t_oz_96_12_12_10events__20250923T000000
StrategicAndHighValueMaterials__gold_usd_t_oz_96_12_12_10events,StrategicAndHighValueMaterials__gold_usd_t_oz_96_12_12_10events__20251009T000000
StrategicAndHighValueMaterials__gold_usd_t_oz_96_12_12_10events,StrategicAndHighValueMaterials__gold_usd_t_oz_96_12_12_10events__20251027T000000
StrategicAndHighValueMaterials__gold_usd_t_oz_96_12_12_10events,StrategicAndHighValueMaterials__gold_usd_t_oz_96_12_12_10events__20251112T000000
StrategicAndHighValueMaterials__gold_usd_t_oz_96_12_12_10events,StrategicAndHighValueMaterials__gold_usd_t_oz_96_12_12_10events__20251128T000000
StrategicAndHighValueMaterials__gold_usd_t_oz_96_12_12_10events,StrategicAndHighValueMaterials__gold_usd_t_oz_96_12_12_10events__20251216T000000
StrategicAndHighValueMaterials__gold_usd_t_oz_96_12_12_10events,StrategicAndHighValueMaterials__gold_usd_t_oz_96_12_12_10events__20260105T000000
StrategicAndHighValueMaterials__gold_usd_t_oz_96_12_12_10events,StrategicAndHighValueMaterials__gold_usd_t_oz_96_12_12_10events__20260121T000000
StrategicAndHighValueMaterials__gold_usd_t_oz_96_12_12_10events,StrategicAndHighValueMaterials__gold_usd_t_oz_96_12_12_10events__20260206T000000
StrategicAndHighValueMaterials__gold_usd_t_oz_96_12_12_10events,StrategicAndHighValueMaterials__gold_usd_t_oz_96_12_12_10events__20260224T000000
StrategicAndHighValueMaterials__gold_usd_t_oz_96_12_12_10events,StrategicAndHighValueMaterials__gold_usd_t_oz_96_12_12_10events__20260312T000000
StrategicAndHighValueMaterials__lithium_cny_t_96_12_12_10events,StrategicAndHighValueMaterials__lithium_cny_t_96_12_12_10events__20250616T000000
StrategicAndHighValueMaterials__lithium_cny_t_96_12_12_10events,StrategicAndHighValueMaterials__lithium_cny_t_96_12_12_10events__20250702T000000
StrategicAndHighValueMaterials__lithium_cny_t_96_12_12_10events,StrategicAndHighValueMaterials__lithium_cny_t_96_12_12_10events__20250718T000000
StrategicAndHighValueMaterials__lithium_cny_t_96_12_12_10events,StrategicAndHighValueMaterials__lithium_cny_t_96_12_12_10events__20250805T000000
StrategicAndHighValueMaterials__lithium_cny_t_96_12_12_10events,StrategicAndHighValueMaterials__lithium_cny_t_96_12_12_10events__20250821T000000
StrategicAndHighValueMaterials__lithium_cny_t_96_12_12_10events,StrategicAndHighValueMaterials__lithium_cny_t_96_12_12_10events__20250909T000000
StrategicAndHighValueMaterials__lithium_cny_t_96_12_12_10events,StrategicAndHighValueMaterials__lithium_cny_t_96_12_12_10events__20250925T000000
StrategicAndHighValueMaterials__lithium_cny_t_96_12_12_10events,StrategicAndHighValueMaterials__lithium_cny_t_96_12_12_10events__20251021T000000
StrategicAndHighValueMaterials__lithium_cny_t_96_12_12_10events,StrategicAndHighValueMaterials__lithium_cny_t_96_12_12_10events__20251106T000000
StrategicAndHighValueMaterials__lithium_cny_t_96_12_12_10events,StrategicAndHighValueMaterials__lithium_cny_t_96_12_12_10events__20251124T000000
StrategicAndHighValueMaterials__lithium_cny_t_96_12_12_10events,StrategicAndHighValueMaterials__lithium_cny_t_96_12_12_10events__20251210T000000
StrategicAndHighValueMaterials__lithium_cny_t_96_12_12_10events,StrategicAndHighValueMaterials__lithium_cny_t_96_12_12_10events__20251226T000000
StrategicAndHighValueMaterials__lithium_cny_t_96_12_12_10events,StrategicAndHighValueMaterials__lithium_cny_t_96_12_12_10events__20260115T000000
StrategicAndHighValueMaterials__lithium_cny_t_96_12_12_10events,StrategicAndHighValueMaterials__lithium_cny_t_96_12_12_10events__20260202T000000
StrategicAndHighValueMaterials__lithium_cny_t_96_12_12_10events,StrategicAndHighValueMaterials__lithium_cny_t_96_12_12_10events__20260226T000000
StrategicAndHighValueMaterials__lithium_cny_t_96_12_12_10events,StrategicAndHighValueMaterials__lithium_cny_t_96_12_12_10events__20260316T000000
StrategicAndHighValueMaterials__manganese_cny_mtu_96_12_12_10events,StrategicAndHighValueMaterials__manganese_cny_mtu_96_12_12_10events__20250814T000000
StrategicAndHighValueMaterials__manganese_cny_mtu_96_12_12_10events,StrategicAndHighValueMaterials__manganese_cny_mtu_96_12_12_10events__20250902T000000
StrategicAndHighValueMaterials__manganese_cny_mtu_96_12_12_10events,StrategicAndHighValueMaterials__manganese_cny_mtu_96_12_12_10events__20250918T000000
StrategicAndHighValueMaterials__manganese_cny_mtu_96_12_12_10events,StrategicAndHighValueMaterials__manganese_cny_mtu_96_12_12_10events__20251014T000000
StrategicAndHighValueMaterials__manganese_cny_mtu_96_12_12_10events,StrategicAndHighValueMaterials__manganese_cny_mtu_96_12_12_10events__20251030T000000
StrategicAndHighValueMaterials__manganese_cny_mtu_96_12_12_10events,StrategicAndHighValueMaterials__manganese_cny_mtu_96_12_12_10events__20251117T000000
StrategicAndHighValueMaterials__manganese_cny_mtu_96_12_12_10events,StrategicAndHighValueMaterials__manganese_cny_mtu_96_12_12_10events__20251203T000000
StrategicAndHighValueMaterials__manganese_cny_mtu_96_12_12_10events,StrategicAndHighValueMaterials__manganese_cny_mtu_96_12_12_10events__20251219T000000
StrategicAndHighValueMaterials__manganese_cny_mtu_96_12_12_10events,StrategicAndHighValueMaterials__manganese_cny_mtu_96_12_12_10events__20260108T000000
StrategicAndHighValueMaterials__manganese_cny_mtu_96_12_12_10events,StrategicAndHighValueMaterials__manganese_cny_mtu_96_12_12_10events__20260126T000000
StrategicAndHighValueMaterials__manganese_cny_mtu_96_12_12_10events,StrategicAndHighValueMaterials__manganese_cny_mtu_96_12_12_10events__20260211T000000
StrategicAndHighValueMaterials__manganese_cny_mtu_96_12_12_10events,StrategicAndHighValueMaterials__manganese_cny_mtu_96_12_12_10events__20260309T000000
StrategicAndHighValueMaterials__neodymium_cny_t_96_12_12_10events,StrategicAndHighValueMaterials__neodymium_cny_t_96_12_12_10events__20250527T000000
StrategicAndHighValueMaterials__neodymium_cny_t_96_12_12_10events,StrategicAndHighValueMaterials__neodymium_cny_t_96_12_12_10events__20250613T000000
StrategicAndHighValueMaterials__neodymium_cny_t_96_12_12_10events,StrategicAndHighValueMaterials__neodymium_cny_t_96_12_12_10events__20250701T000000
StrategicAndHighValueMaterials__neodymium_cny_t_96_12_12_10events,StrategicAndHighValueMaterials__neodymium_cny_t_96_12_12_10events__20250717T000000
StrategicAndHighValueMaterials__neodymium_cny_t_96_12_12_10events,StrategicAndHighValueMaterials__neodymium_cny_t_96_12_12_10events__20250804T000000
StrategicAndHighValueMaterials__neodymium_cny_t_96_12_12_10events,StrategicAndHighValueMaterials__neodymium_cny_t_96_12_12_10events__20250820T000000
StrategicAndHighValueMaterials__neodymium_cny_t_96_12_12_10events,StrategicAndHighValueMaterials__neodymium_cny_t_96_12_12_10events__20250908T000000
StrategicAndHighValueMaterials__neodymium_cny_t_96_12_12_10events,StrategicAndHighValueMaterials__neodymium_cny_t_96_12_12_10events__20250924T000000
StrategicAndHighValueMaterials__neodymium_cny_t_96_12_12_10events,StrategicAndHighValueMaterials__neodymium_cny_t_96_12_12_10events__20251020T000000
StrategicAndHighValueMaterials__neodymium_cny_t_96_12_12_10events,StrategicAndHighValueMaterials__neodymium_cny_t_96_12_12_10events__20251105T000000
StrategicAndHighValueMaterials__neodymium_cny_t_96_12_12_10events,StrategicAndHighValueMaterials__neodymium_cny_t_96_12_12_10events__20251121T000000
StrategicAndHighValueMaterials__neodymium_cny_t_96_12_12_10events,StrategicAndHighValueMaterials__neodymium_cny_t_96_12_12_10events__20251209T000000
StrategicAndHighValueMaterials__neodymium_cny_t_96_12_12_10events,StrategicAndHighValueMaterials__neodymium_cny_t_96_12_12_10events__20251225T000000
StrategicAndHighValueMaterials__neodymium_cny_t_96_12_12_10events,StrategicAndHighValueMaterials__neodymium_cny_t_96_12_12_10events__20260114T000000
StrategicAndHighValueMaterials__neodymium_cny_t_96_12_12_10events,StrategicAndHighValueMaterials__neodymium_cny_t_96_12_12_10events__20260130T000000
StrategicAndHighValueMaterials__neodymium_cny_t_96_12_12_10events,StrategicAndHighValueMaterials__neodymium_cny_t_96_12_12_10events__20260225T000000
StrategicAndHighValueMaterials__neodymium_cny_t_96_12_12_10events,StrategicAndHighValueMaterials__neodymium_cny_t_96_12_12_10events__20260313T000000
StrategicAndHighValueMaterials__nickel_usd_t_96_12_12_10events,StrategicAndHighValueMaterials__nickel_usd_t_96_12_12_10events__20250804T000000
StrategicAndHighValueMaterials__nickel_usd_t_96_12_12_10events,StrategicAndHighValueMaterials__nickel_usd_t_96_12_12_10events__20250820T000000
StrategicAndHighValueMaterials__nickel_usd_t_96_12_12_10events,StrategicAndHighValueMaterials__nickel_usd_t_96_12_12_10events__20250905T000000
StrategicAndHighValueMaterials__nickel_usd_t_96_12_12_10events,StrategicAndHighValueMaterials__nickel_usd_t_96_12_12_10events__20250923T000000
StrategicAndHighValueMaterials__nickel_usd_t_96_12_12_10events,StrategicAndHighValueMaterials__nickel_usd_t_96_12_12_10events__20251009T000000
StrategicAndHighValueMaterials__nickel_usd_t_96_12_12_10events,StrategicAndHighValueMaterials__nickel_usd_t_96_12_12_10events__20251027T000000
StrategicAndHighValueMaterials__nickel_usd_t_96_12_12_10events,StrategicAndHighValueMaterials__nickel_usd_t_96_12_12_10events__20251112T000000
StrategicAndHighValueMaterials__nickel_usd_t_96_12_12_10events,StrategicAndHighValueMaterials__nickel_usd_t_96_12_12_10events__20251128T000000
StrategicAndHighValueMaterials__nickel_usd_t_96_12_12_10events,StrategicAndHighValueMaterials__nickel_usd_t_96_12_12_10events__20251216T000000
StrategicAndHighValueMaterials__nickel_usd_t_96_12_12_10events,StrategicAndHighValueMaterials__nickel_usd_t_96_12_12_10events__20260101T000000
StrategicAndHighValueMaterials__nickel_usd_t_96_12_12_10events,StrategicAndHighValueMaterials__nickel_usd_t_96_12_12_10events__20260119T000000
StrategicAndHighValueMaterials__nickel_usd_t_96_12_12_10events,StrategicAndHighValueMaterials__nickel_usd_t_96_12_12_10events__20260204T000000
StrategicAndHighValueMaterials__nickel_usd_t_96_12_12_10events,StrategicAndHighValueMaterials__nickel_usd_t_96_12_12_10events__20260220T000000
StrategicAndHighValueMaterials__nickel_usd_t_96_12_12_10events,StrategicAndHighValueMaterials__nickel_usd_t_96_12_12_10events__20260310T000000
StrategicAndHighValueMaterials__palladium_usd_t_oz_96_12_12_10events,StrategicAndHighValueMaterials__palladium_usd_t_oz_96_12_12_10events__20250722T000000
StrategicAndHighValueMaterials__palladium_usd_t_oz_96_12_12_10events,StrategicAndHighValueMaterials__palladium_usd_t_oz_96_12_12_10events__20250807T000000
StrategicAndHighValueMaterials__palladium_usd_t_oz_96_12_12_10events,StrategicAndHighValueMaterials__palladium_usd_t_oz_96_12_12_10events__20250825T000000
StrategicAndHighValueMaterials__palladium_usd_t_oz_96_12_12_10events,StrategicAndHighValueMaterials__palladium_usd_t_oz_96_12_12_10events__20250910T000000
StrategicAndHighValueMaterials__palladium_usd_t_oz_96_12_12_10events,StrategicAndHighValueMaterials__palladium_usd_t_oz_96_12_12_10events__20250926T000000
StrategicAndHighValueMaterials__palladium_usd_t_oz_96_12_12_10events,StrategicAndHighValueMaterials__palladium_usd_t_oz_96_12_12_10events__20251014T000000
StrategicAndHighValueMaterials__palladium_usd_t_oz_96_12_12_10events,StrategicAndHighValueMaterials__palladium_usd_t_oz_96_12_12_10events__20251030T000000
StrategicAndHighValueMaterials__palladium_usd_t_oz_96_12_12_10events,StrategicAndHighValueMaterials__palladium_usd_t_oz_96_12_12_10events__20251117T000000
StrategicAndHighValueMaterials__palladium_usd_t_oz_96_12_12_10events,StrategicAndHighValueMaterials__palladium_usd_t_oz_96_12_12_10events__20251203T000000
StrategicAndHighValueMaterials__palladium_usd_t_oz_96_12_12_10events,StrategicAndHighValueMaterials__palladium_usd_t_oz_96_12_12_10events__20251219T000000
StrategicAndHighValueMaterials__palladium_usd_t_oz_96_12_12_10events,StrategicAndHighValueMaterials__palladium_usd_t_oz_96_12_12_10events__20260108T000000
StrategicAndHighValueMaterials__palladium_usd_t_oz_96_12_12_10events,StrategicAndHighValueMaterials__palladium_usd_t_oz_96_12_12_10events__20260126T000000
StrategicAndHighValueMaterials__palladium_usd_t_oz_96_12_12_10events,StrategicAndHighValueMaterials__palladium_usd_t_oz_96_12_12_10events__20260211T000000
StrategicAndHighValueMaterials__palladium_usd_t_oz_96_12_12_10events,StrategicAndHighValueMaterials__palladium_usd_t_oz_96_12_12_10events__20260227T000000
StrategicAndHighValueMaterials__platinum_usd_t_oz_96_12_12_10events,StrategicAndHighValueMaterials__platinum_usd_t_oz_96_12_12_10events__20250617T000000
StrategicAndHighValueMaterials__platinum_usd_t_oz_96_12_12_10events,StrategicAndHighValueMaterials__platinum_usd_t_oz_96_12_12_10events__20250703T000000
StrategicAndHighValueMaterials__platinum_usd_t_oz_96_12_12_10events,StrategicAndHighValueMaterials__platinum_usd_t_oz_96_12_12_10events__20250721T000000
StrategicAndHighValueMaterials__platinum_usd_t_oz_96_12_12_10events,StrategicAndHighValueMaterials__platinum_usd_t_oz_96_12_12_10events__20250806T000000
StrategicAndHighValueMaterials__platinum_usd_t_oz_96_12_12_10events,StrategicAndHighValueMaterials__platinum_usd_t_oz_96_12_12_10events__20250822T000000
StrategicAndHighValueMaterials__platinum_usd_t_oz_96_12_12_10events,StrategicAndHighValueMaterials__platinum_usd_t_oz_96_12_12_10events__20250909T000000
StrategicAndHighValueMaterials__platinum_usd_t_oz_96_12_12_10events,StrategicAndHighValueMaterials__platinum_usd_t_oz_96_12_12_10events__20250925T000000
StrategicAndHighValueMaterials__platinum_usd_t_oz_96_12_12_10events,StrategicAndHighValueMaterials__platinum_usd_t_oz_96_12_12_10events__20251013T000000
StrategicAndHighValueMaterials__platinum_usd_t_oz_96_12_12_10events,StrategicAndHighValueMaterials__platinum_usd_t_oz_96_12_12_10events__20251029T000000
StrategicAndHighValueMaterials__platinum_usd_t_oz_96_12_12_10events,StrategicAndHighValueMaterials__platinum_usd_t_oz_96_12_12_10events__20251114T000000
StrategicAndHighValueMaterials__platinum_usd_t_oz_96_12_12_10events,StrategicAndHighValueMaterials__platinum_usd_t_oz_96_12_12_10events__20251202T000000
StrategicAndHighValueMaterials__platinum_usd_t_oz_96_12_12_10events,StrategicAndHighValueMaterials__platinum_usd_t_oz_96_12_12_10events__20251218T000000
StrategicAndHighValueMaterials__platinum_usd_t_oz_96_12_12_10events,StrategicAndHighValueMaterials__platinum_usd_t_oz_96_12_12_10events__20260107T000000
StrategicAndHighValueMaterials__platinum_usd_t_oz_96_12_12_10events,StrategicAndHighValueMaterials__platinum_usd_t_oz_96_12_12_10events__20260123T000000
StrategicAndHighValueMaterials__platinum_usd_t_oz_96_12_12_10events,StrategicAndHighValueMaterials__platinum_usd_t_oz_96_12_12_10events__20260210T000000
StrategicAndHighValueMaterials__platinum_usd_t_oz_96_12_12_10events,StrategicAndHighValueMaterials__platinum_usd_t_oz_96_12_12_10events__20260226T000000
StrategicAndHighValueMaterials__platinum_usd_t_oz_96_12_12_10events,StrategicAndHighValueMaterials__platinum_usd_t_oz_96_12_12_10events__20260316T000000
StrategicAndHighValueMaterials__rhodium_usd_t_oz_96_12_12_10events,StrategicAndHighValueMaterials__rhodium_usd_t_oz_96_12_12_10events__20250805T000000
StrategicAndHighValueMaterials__rhodium_usd_t_oz_96_12_12_10events,StrategicAndHighValueMaterials__rhodium_usd_t_oz_96_12_12_10events__20250821T000000
StrategicAndHighValueMaterials__rhodium_usd_t_oz_96_12_12_10events,StrategicAndHighValueMaterials__rhodium_usd_t_oz_96_12_12_10events__20250908T000000
StrategicAndHighValueMaterials__rhodium_usd_t_oz_96_12_12_10events,StrategicAndHighValueMaterials__rhodium_usd_t_oz_96_12_12_10events__20250924T000000
StrategicAndHighValueMaterials__rhodium_usd_t_oz_96_12_12_10events,StrategicAndHighValueMaterials__rhodium_usd_t_oz_96_12_12_10events__20251010T000000
StrategicAndHighValueMaterials__rhodium_usd_t_oz_96_12_12_10events,StrategicAndHighValueMaterials__rhodium_usd_t_oz_96_12_12_10events__20251028T000000
StrategicAndHighValueMaterials__rhodium_usd_t_oz_96_12_12_10events,StrategicAndHighValueMaterials__rhodium_usd_t_oz_96_12_12_10events__20251113T000000
StrategicAndHighValueMaterials__rhodium_usd_t_oz_96_12_12_10events,StrategicAndHighValueMaterials__rhodium_usd_t_oz_96_12_12_10events__20251201T000000
StrategicAndHighValueMaterials__rhodium_usd_t_oz_96_12_12_10events,StrategicAndHighValueMaterials__rhodium_usd_t_oz_96_12_12_10events__20251217T000000
StrategicAndHighValueMaterials__rhodium_usd_t_oz_96_12_12_10events,StrategicAndHighValueMaterials__rhodium_usd_t_oz_96_12_12_10events__20260106T000000
StrategicAndHighValueMaterials__rhodium_usd_t_oz_96_12_12_10events,StrategicAndHighValueMaterials__rhodium_usd_t_oz_96_12_12_10events__20260122T000000
StrategicAndHighValueMaterials__rhodium_usd_t_oz_96_12_12_10events,StrategicAndHighValueMaterials__rhodium_usd_t_oz_96_12_12_10events__20260209T000000
StrategicAndHighValueMaterials__rhodium_usd_t_oz_96_12_12_10events,StrategicAndHighValueMaterials__rhodium_usd_t_oz_96_12_12_10events__20260225T000000
StrategicAndHighValueMaterials__rhodium_usd_t_oz_96_12_12_10events,StrategicAndHighValueMaterials__rhodium_usd_t_oz_96_12_12_10events__20260313T000000
StrategicAndHighValueMaterials__silver_usd_t_oz_96_12_12_10events,StrategicAndHighValueMaterials__silver_usd_t_oz_96_12_12_10events__20250801T000000
StrategicAndHighValueMaterials__silver_usd_t_oz_96_12_12_10events,StrategicAndHighValueMaterials__silver_usd_t_oz_96_12_12_10events__20250819T000000
StrategicAndHighValueMaterials__silver_usd_t_oz_96_12_12_10events,StrategicAndHighValueMaterials__silver_usd_t_oz_96_12_12_10events__20250904T000000
StrategicAndHighValueMaterials__silver_usd_t_oz_96_12_12_10events,StrategicAndHighValueMaterials__silver_usd_t_oz_96_12_12_10events__20250922T000000
StrategicAndHighValueMaterials__silver_usd_t_oz_96_12_12_10events,StrategicAndHighValueMaterials__silver_usd_t_oz_96_12_12_10events__20251008T000000
StrategicAndHighValueMaterials__silver_usd_t_oz_96_12_12_10events,StrategicAndHighValueMaterials__silver_usd_t_oz_96_12_12_10events__20251024T000000
StrategicAndHighValueMaterials__silver_usd_t_oz_96_12_12_10events,StrategicAndHighValueMaterials__silver_usd_t_oz_96_12_12_10events__20251111T000000
StrategicAndHighValueMaterials__silver_usd_t_oz_96_12_12_10events,StrategicAndHighValueMaterials__silver_usd_t_oz_96_12_12_10events__20251127T000000
StrategicAndHighValueMaterials__silver_usd_t_oz_96_12_12_10events,StrategicAndHighValueMaterials__silver_usd_t_oz_96_12_12_10events__20251215T000000
StrategicAndHighValueMaterials__silver_usd_t_oz_96_12_12_10events,StrategicAndHighValueMaterials__silver_usd_t_oz_96_12_12_10events__20251231T000000
StrategicAndHighValueMaterials__silver_usd_t_oz_96_12_12_10events,StrategicAndHighValueMaterials__silver_usd_t_oz_96_12_12_10events__20260116T000000
StrategicAndHighValueMaterials__silver_usd_t_oz_96_12_12_10events,StrategicAndHighValueMaterials__silver_usd_t_oz_96_12_12_10events__20260203T000000
StrategicAndHighValueMaterials__silver_usd_t_oz_96_12_12_10events,StrategicAndHighValueMaterials__silver_usd_t_oz_96_12_12_10events__20260219T000000
StrategicAndHighValueMaterials__silver_usd_t_oz_96_12_12_10events,StrategicAndHighValueMaterials__silver_usd_t_oz_96_12_12_10events__20260309T000000
arts__art_exhibitions_96_12_4_10events,arts__art_exhibitions_96_12_4_10events__20250803T000000
arts__art_exhibitions_96_12_4_10events,arts__art_exhibitions_96_12_4_10events__20250831T000000
arts__art_exhibitions_96_12_4_10events,arts__art_exhibitions_96_12_4_10events__20250928T000000
arts__art_exhibitions_96_12_4_10events,arts__art_exhibitions_96_12_4_10events__20251026T000000
arts__art_exhibitions_96_12_4_10events,arts__art_exhibitions_96_12_4_10events__20251123T000000
arts__art_exhibitions_96_12_4_10events,arts__art_exhibitions_96_12_4_10events__20251221T000000
arts__broadway_shows_96_12_4_10events,arts__broadway_shows_96_12_4_10events__20250803T000000
arts__broadway_shows_96_12_4_10events,arts__broadway_shows_96_12_4_10events__20250831T000000
arts__broadway_shows_96_12_4_10events,arts__broadway_shows_96_12_4_10events__20250928T000000
arts__broadway_shows_96_12_4_10events,arts__broadway_shows_96_12_4_10events__20251026T000000
arts__broadway_shows_96_12_4_10events,arts__broadway_shows_96_12_4_10events__20251123T000000
arts__broadway_shows_96_12_4_10events,arts__broadway_shows_96_12_4_10events__20251221T000000
arts__comic_con_96_12_4_10events,arts__comic_con_96_12_4_10events__20250803T000000
arts__comic_con_96_12_4_10events,arts__comic_con_96_12_4_10events__20250831T000000
arts__comic_con_96_12_4_10events,arts__comic_con_96_12_4_10events__20250928T000000
arts__comic_con_96_12_4_10events,arts__comic_con_96_12_4_10events__20251026T000000
arts__comic_con_96_12_4_10events,arts__comic_con_96_12_4_10events__20251123T000000
arts__comic_con_96_12_4_10events,arts__comic_con_96_12_4_10events__20251221T000000
arts__esports_96_12_4_10events,arts__esports_96_12_4_10events__20250803T000000
arts__esports_96_12_4_10events,arts__esports_96_12_4_10events__20250831T000000
arts__esports_96_12_4_10events,arts__esports_96_12_4_10events__20250928T000000
arts__esports_96_12_4_10events,arts__esports_96_12_4_10events__20251026T000000
arts__esports_96_12_4_10events,arts__esports_96_12_4_10events__20251123T000000
arts__esports_96_12_4_10events,arts__esports_96_12_4_10events__20251221T000000
arts__film_festivals_96_12_4_10events,arts__film_festivals_96_12_4_10events__20250803T000000
arts__film_festivals_96_12_4_10events,arts__film_festivals_96_12_4_10events__20250831T000000
arts__film_festivals_96_12_4_10events,arts__film_festivals_96_12_4_10events__20250928T000000
arts__film_festivals_96_12_4_10events,arts__film_festivals_96_12_4_10events__20251026T000000
arts__film_festivals_96_12_4_10events,arts__film_festivals_96_12_4_10events__20251123T000000
arts__film_festivals_96_12_4_10events,arts__film_festivals_96_12_4_10events__20251221T000000
arts__food_wine_festivals_96_12_4_10events,arts__food_wine_festivals_96_12_4_10events__20250119T000000
arts__food_wine_festivals_96_12_4_10events,arts__food_wine_festivals_96_12_4_10events__20250216T000000
arts__food_wine_festivals_96_12_4_10events,arts__food_wine_festivals_96_12_4_10events__20250316T000000
arts__food_wine_festivals_96_12_4_10events,arts__food_wine_festivals_96_12_4_10events__20250413T000000
arts__major_league_baseball_96_12_4_10events,arts__major_league_baseball_96_12_4_10events__20250803T000000
arts__major_league_baseball_96_12_4_10events,arts__major_league_baseball_96_12_4_10events__20250831T000000
arts__major_league_baseball_96_12_4_10events,arts__major_league_baseball_96_12_4_10events__20250928T000000
arts__major_league_baseball_96_12_4_10events,arts__major_league_baseball_96_12_4_10events__20251026T000000
arts__major_league_baseball_96_12_4_10events,arts__major_league_baseball_96_12_4_10events__20251123T000000
arts__major_league_baseball_96_12_4_10events,arts__major_league_baseball_96_12_4_10events__20251221T000000
arts__music_festivals_96_12_4_10events,arts__music_festivals_96_12_4_10events__20250803T000000
arts__music_festivals_96_12_4_10events,arts__music_festivals_96_12_4_10events__20250831T000000
arts__music_festivals_96_12_4_10events,arts__music_festivals_96_12_4_10events__20250928T000000
arts__music_festivals_96_12_4_10events,arts__music_festivals_96_12_4_10events__20251026T000000
arts__music_festivals_96_12_4_10events,arts__music_festivals_96_12_4_10events__20251123T000000
arts__music_festivals_96_12_4_10events,arts__music_festivals_96_12_4_10events__20251221T000000
arts__national_basketball_association_96_12_4_10events,arts__national_basketball_association_96_12_4_10events__20250803T000000
arts__national_basketball_association_96_12_4_10events,arts__national_basketball_association_96_12_4_10events__20250831T000000
arts__national_basketball_association_96_12_4_10events,arts__national_basketball_association_96_12_4_10events__20250928T000000
arts__national_basketball_association_96_12_4_10events,arts__national_basketball_association_96_12_4_10events__20251026T000000
arts__national_basketball_association_96_12_4_10events,arts__national_basketball_association_96_12_4_10events__20251123T000000
arts__national_basketball_association_96_12_4_10events,arts__national_basketball_association_96_12_4_10events__20251221T000000
arts__national_football_league_96_12_4_10events,arts__national_football_league_96_12_4_10events__20250803T000000
arts__national_football_league_96_12_4_10events,arts__national_football_league_96_12_4_10events__20250831T000000
arts__national_football_league_96_12_4_10events,arts__national_football_league_96_12_4_10events__20250928T000000
arts__national_football_league_96_12_4_10events,arts__national_football_league_96_12_4_10events__20251026T000000
arts__national_football_league_96_12_4_10events,arts__national_football_league_96_12_4_10events__20251123T000000
arts__national_football_league_96_12_4_10events,arts__national_football_league_96_12_4_10events__20251221T000000
climate__deforestation_96_12_4_10events,climate__deforestation_96_12_4_10events__20250803T000000
climate__deforestation_96_12_4_10events,climate__deforestation_96_12_4_10events__20250831T000000
climate__deforestation_96_12_4_10events,climate__deforestation_96_12_4_10events__20250928T000000
climate__deforestation_96_12_4_10events,climate__deforestation_96_12_4_10events__20251026T000000
climate__deforestation_96_12_4_10events,climate__deforestation_96_12_4_10events__20251123T000000
climate__deforestation_96_12_4_10events,climate__deforestation_96_12_4_10events__20251221T000000
climate__drought_96_12_4_10events,climate__drought_96_12_4_10events__20250803T000000
climate__drought_96_12_4_10events,climate__drought_96_12_4_10events__20250831T000000
climate__drought_96_12_4_10events,climate__drought_96_12_4_10events__20250928T000000
climate__drought_96_12_4_10events,climate__drought_96_12_4_10events__20251026T000000
climate__drought_96_12_4_10events,climate__drought_96_12_4_10events__20251123T000000
climate__drought_96_12_4_10events,climate__drought_96_12_4_10events__20251221T000000
climate__endangered_species_96_12_4_10events,climate__endangered_species_96_12_4_10events__20250803T000000
climate__endangered_species_96_12_4_10events,climate__endangered_species_96_12_4_10events__20250831T000000
climate__endangered_species_96_12_4_10events,climate__endangered_species_96_12_4_10events__20250928T000000
climate__endangered_species_96_12_4_10events,climate__endangered_species_96_12_4_10events__20251026T000000
climate__endangered_species_96_12_4_10events,climate__endangered_species_96_12_4_10events__20251123T000000
climate__endangered_species_96_12_4_10events,climate__endangered_species_96_12_4_10events__20251221T000000
climate__flooding_96_12_4_10events,climate__flooding_96_12_4_10events__20250803T000000
climate__flooding_96_12_4_10events,climate__flooding_96_12_4_10events__20250831T000000
climate__flooding_96_12_4_10events,climate__flooding_96_12_4_10events__20250928T000000
climate__flooding_96_12_4_10events,climate__flooding_96_12_4_10events__20251026T000000
climate__flooding_96_12_4_10events,climate__flooding_96_12_4_10events__20251123T000000
climate__flooding_96_12_4_10events,climate__flooding_96_12_4_10events__20251221T000000
climate__global_warming_96_12_4_10events,climate__global_warming_96_12_4_10events__20250803T000000
climate__global_warming_96_12_4_10events,climate__global_warming_96_12_4_10events__20250831T000000
climate__global_warming_96_12_4_10events,climate__global_warming_96_12_4_10events__20250928T000000
climate__global_warming_96_12_4_10events,climate__global_warming_96_12_4_10events__20251026T000000
climate__global_warming_96_12_4_10events,climate__global_warming_96_12_4_10events__20251123T000000
climate__global_warming_96_12_4_10events,climate__global_warming_96_12_4_10events__20251221T000000
climate__heatwave_96_12_4_10events,climate__heatwave_96_12_4_10events__20250803T000000
climate__heatwave_96_12_4_10events,climate__heatwave_96_12_4_10events__20250831T000000
climate__heatwave_96_12_4_10events,climate__heatwave_96_12_4_10events__20250928T000000
climate__heatwave_96_12_4_10events,climate__heatwave_96_12_4_10events__20251026T000000
climate__heatwave_96_12_4_10events,climate__heatwave_96_12_4_10events__20251123T000000
climate__heatwave_96_12_4_10events,climate__heatwave_96_12_4_10events__20251221T000000
climate__heavy_rainfall_96_12_4_10events,climate__heavy_rainfall_96_12_4_10events__20250803T000000
climate__heavy_rainfall_96_12_4_10events,climate__heavy_rainfall_96_12_4_10events__20250831T000000
climate__heavy_rainfall_96_12_4_10events,climate__heavy_rainfall_96_12_4_10events__20250928T000000
climate__heavy_rainfall_96_12_4_10events,climate__heavy_rainfall_96_12_4_10events__20251026T000000
climate__heavy_rainfall_96_12_4_10events,climate__heavy_rainfall_96_12_4_10events__20251123T000000
climate__heavy_rainfall_96_12_4_10events,climate__heavy_rainfall_96_12_4_10events__20251221T000000
climate__marine_pollution_96_12_4_10events,climate__marine_pollution_96_12_4_10events__20250803T000000
climate__marine_pollution_96_12_4_10events,climate__marine_pollution_96_12_4_10events__20250831T000000
climate__marine_pollution_96_12_4_10events,climate__marine_pollution_96_12_4_10events__20250928T000000
climate__marine_pollution_96_12_4_10events,climate__marine_pollution_96_12_4_10events__20251026T000000
climate__marine_pollution_96_12_4_10events,climate__marine_pollution_96_12_4_10events__20251123T000000
climate__marine_pollution_96_12_4_10events,climate__marine_pollution_96_12_4_10events__20251221T000000
climate__sustainable_fashion_96_12_4_10events,climate__sustainable_fashion_96_12_4_10events__20250803T000000
climate__sustainable_fashion_96_12_4_10events,climate__sustainable_fashion_96_12_4_10events__20250831T000000
climate__sustainable_fashion_96_12_4_10events,climate__sustainable_fashion_96_12_4_10events__20250928T000000
climate__sustainable_fashion_96_12_4_10events,climate__sustainable_fashion_96_12_4_10events__20251026T000000
climate__sustainable_fashion_96_12_4_10events,climate__sustainable_fashion_96_12_4_10events__20251123T000000
climate__sustainable_fashion_96_12_4_10events,climate__sustainable_fashion_96_12_4_10events__20251221T000000
climate__water_scarcity_96_12_4_10events,climate__water_scarcity_96_12_4_10events__20250803T000000
climate__water_scarcity_96_12_4_10events,climate__water_scarcity_96_12_4_10events__20250831T000000
climate__water_scarcity_96_12_4_10events,climate__water_scarcity_96_12_4_10events__20250928T000000
climate__water_scarcity_96_12_4_10events,climate__water_scarcity_96_12_4_10events__20251026T000000
climate__water_scarcity_96_12_4_10events,climate__water_scarcity_96_12_4_10events__20251123T000000
climate__water_scarcity_96_12_4_10events,climate__water_scarcity_96_12_4_10events__20251221T000000
economy__cost_of_living_96_12_4_10events,economy__cost_of_living_96_12_4_10events__20250803T000000
economy__cost_of_living_96_12_4_10events,economy__cost_of_living_96_12_4_10events__20250831T000000
economy__cost_of_living_96_12_4_10events,economy__cost_of_living_96_12_4_10events__20250928T000000
economy__cost_of_living_96_12_4_10events,economy__cost_of_living_96_12_4_10events__20251026T000000
economy__cost_of_living_96_12_4_10events,economy__cost_of_living_96_12_4_10events__20251123T000000
economy__cost_of_living_96_12_4_10events,economy__cost_of_living_96_12_4_10events__20251221T000000
economy__federal_budget_deficit_96_12_4_10events,economy__federal_budget_deficit_96_12_4_10events__20250803T000000
economy__federal_budget_deficit_96_12_4_10events,economy__federal_budget_deficit_96_12_4_10events__20250831T000000
economy__federal_budget_deficit_96_12_4_10events,economy__federal_budget_deficit_96_12_4_10events__20250928T000000
economy__federal_budget_deficit_96_12_4_10events,economy__federal_budget_deficit_96_12_4_10events__20251026T000000
economy__federal_budget_deficit_96_12_4_10events,economy__federal_budget_deficit_96_12_4_10events__20251123T000000
economy__federal_budget_deficit_96_12_4_10events,economy__federal_budget_deficit_96_12_4_10events__20251221T000000
economy__government_spending_96_12_4_10events,economy__government_spending_96_12_4_10events__20250803T000000
economy__government_spending_96_12_4_10events,economy__government_spending_96_12_4_10events__20250831T000000
economy__government_spending_96_12_4_10events,economy__government_spending_96_12_4_10events__20250928T000000
economy__government_spending_96_12_4_10events,economy__government_spending_96_12_4_10events__20251026T000000
economy__government_spending_96_12_4_10events,economy__government_spending_96_12_4_10events__20251123T000000
economy__government_spending_96_12_4_10events,economy__government_spending_96_12_4_10events__20251221T000000
economy__healthcare_costs_96_12_4_10events,economy__healthcare_costs_96_12_4_10events__20250803T000000
economy__healthcare_costs_96_12_4_10events,economy__healthcare_costs_96_12_4_10events__20250831T000000
economy__healthcare_costs_96_12_4_10events,economy__healthcare_costs_96_12_4_10events__20250928T000000
economy__healthcare_costs_96_12_4_10events,economy__healthcare_costs_96_12_4_10events__20251026T000000
economy__healthcare_costs_96_12_4_10events,economy__healthcare_costs_96_12_4_10events__20251123T000000
economy__healthcare_costs_96_12_4_10events,economy__healthcare_costs_96_12_4_10events__20251221T000000
economy__inflation_96_12_4_10events,economy__inflation_96_12_4_10events__20250803T000000
economy__inflation_96_12_4_10events,economy__inflation_96_12_4_10events__20250831T000000
economy__inflation_96_12_4_10events,economy__inflation_96_12_4_10events__20250928T000000
economy__inflation_96_12_4_10events,economy__inflation_96_12_4_10events__20251026T000000
economy__inflation_96_12_4_10events,economy__inflation_96_12_4_10events__20251123T000000
economy__inflation_96_12_4_10events,economy__inflation_96_12_4_10events__20251221T000000
economy__international_trade_96_12_4_10events,economy__international_trade_96_12_4_10events__20250803T000000
economy__international_trade_96_12_4_10events,economy__international_trade_96_12_4_10events__20250831T000000
economy__international_trade_96_12_4_10events,economy__international_trade_96_12_4_10events__20250928T000000
economy__international_trade_96_12_4_10events,economy__international_trade_96_12_4_10events__20251026T000000
economy__international_trade_96_12_4_10events,economy__international_trade_96_12_4_10events__20251123T000000
economy__international_trade_96_12_4_10events,economy__international_trade_96_12_4_10events__20251221T000000
economy__minimum_wage_96_12_4_10events,economy__minimum_wage_96_12_4_10events__20250803T000000
economy__minimum_wage_96_12_4_10events,economy__minimum_wage_96_12_4_10events__20250831T000000
economy__minimum_wage_96_12_4_10events,economy__minimum_wage_96_12_4_10events__20250928T000000
economy__minimum_wage_96_12_4_10events,economy__minimum_wage_96_12_4_10events__20251026T000000
economy__minimum_wage_96_12_4_10events,economy__minimum_wage_96_12_4_10events__20251123T000000
economy__minimum_wage_96_12_4_10events,economy__minimum_wage_96_12_4_10events__20251221T000000
economy__student_loans_96_12_4_10events,economy__student_loans_96_12_4_10events__20250803T000000
economy__student_loans_96_12_4_10events,economy__student_loans_96_12_4_10events__20250831T000000
economy__student_loans_96_12_4_10events,economy__student_loans_96_12_4_10events__20250928T000000
economy__student_loans_96_12_4_10events,economy__student_loans_96_12_4_10events__20251026T000000
economy__student_loans_96_12_4_10events,economy__student_loans_96_12_4_10events__20251123T000000
economy__student_loans_96_12_4_10events,economy__student_loans_96_12_4_10events__20251221T000000
economy__taxes_96_12_4_10events,economy__taxes_96_12_4_10events__20250803T000000
economy__taxes_96_12_4_10events,economy__taxes_96_12_4_10events__20250831T000000
economy__taxes_96_12_4_10events,economy__taxes_96_12_4_10events__20250928T000000
economy__taxes_96_12_4_10events,economy__taxes_96_12_4_10events__20251026T000000
economy__taxes_96_12_4_10events,economy__taxes_96_12_4_10events__20251123T000000
economy__taxes_96_12_4_10events,economy__taxes_96_12_4_10events__20251221T000000
economy__unemployment_rate_96_12_4_10events,economy__unemployment_rate_96_12_4_10events__20250803T000000
economy__unemployment_rate_96_12_4_10events,economy__unemployment_rate_96_12_4_10events__20250831T000000
economy__unemployment_rate_96_12_4_10events,economy__unemployment_rate_96_12_4_10events__20250928T000000
economy__unemployment_rate_96_12_4_10events,economy__unemployment_rate_96_12_4_10events__20251026T000000
economy__unemployment_rate_96_12_4_10events,economy__unemployment_rate_96_12_4_10events__20251123T000000
economy__unemployment_rate_96_12_4_10events,economy__unemployment_rate_96_12_4_10events__20251221T000000
electronic_technology__alphabet_96_12_4_10events,electronic_technology__alphabet_96_12_4_10events__20250803T000000
electronic_technology__alphabet_96_12_4_10events,electronic_technology__alphabet_96_12_4_10events__20250831T000000
electronic_technology__alphabet_96_12_4_10events,electronic_technology__alphabet_96_12_4_10events__20250928T000000
electronic_technology__alphabet_96_12_4_10events,electronic_technology__alphabet_96_12_4_10events__20251026T000000
electronic_technology__alphabet_96_12_4_10events,electronic_technology__alphabet_96_12_4_10events__20251123T000000
electronic_technology__alphabet_96_12_4_10events,electronic_technology__alphabet_96_12_4_10events__20251221T000000
electronic_technology__amazon_96_12_4_10events,electronic_technology__amazon_96_12_4_10events__20250803T000000
electronic_technology__amazon_96_12_4_10events,electronic_technology__amazon_96_12_4_10events__20250831T000000
electronic_technology__amazon_96_12_4_10events,electronic_technology__amazon_96_12_4_10events__20250928T000000
electronic_technology__amazon_96_12_4_10events,electronic_technology__amazon_96_12_4_10events__20251026T000000
electronic_technology__amazon_96_12_4_10events,electronic_technology__amazon_96_12_4_10events__20251123T000000
electronic_technology__amazon_96_12_4_10events,electronic_technology__amazon_96_12_4_10events__20251221T000000
electronic_technology__apple_inc_96_12_4_10events,electronic_technology__apple_inc_96_12_4_10events__20250803T000000
electronic_technology__apple_inc_96_12_4_10events,electronic_technology__apple_inc_96_12_4_10events__20250831T000000
electronic_technology__apple_inc_96_12_4_10events,electronic_technology__apple_inc_96_12_4_10events__20250928T000000
electronic_technology__apple_inc_96_12_4_10events,electronic_technology__apple_inc_96_12_4_10events__20251026T000000
electronic_technology__apple_inc_96_12_4_10events,electronic_technology__apple_inc_96_12_4_10events__20251123T000000
electronic_technology__apple_inc_96_12_4_10events,electronic_technology__apple_inc_96_12_4_10events__20251221T000000
electronic_technology__artificial_intelligence_96_12_4_10events,electronic_technology__artificial_intelligence_96_12_4_10events__20250803T000000
electronic_technology__artificial_intelligence_96_12_4_10events,electronic_technology__artificial_intelligence_96_12_4_10events__20250831T000000
electronic_technology__artificial_intelligence_96_12_4_10events,electronic_technology__artificial_intelligence_96_12_4_10events__20250928T000000
electronic_technology__artificial_intelligence_96_12_4_10events,electronic_technology__artificial_intelligence_96_12_4_10events__20251026T000000
electronic_technology__artificial_intelligence_96_12_4_10events,electronic_technology__artificial_intelligence_96_12_4_10events__20251123T000000
electronic_technology__artificial_intelligence_96_12_4_10events,electronic_technology__artificial_intelligence_96_12_4_10events__20251221T000000
electronic_technology__consumer_electronics_96_12_4_10events,electronic_technology__consumer_electronics_96_12_4_10events__20250803T000000
electronic_technology__consumer_electronics_96_12_4_10events,electronic_technology__consumer_electronics_96_12_4_10events__20250831T000000
electronic_technology__consumer_electronics_96_12_4_10events,electronic_technology__consumer_electronics_96_12_4_10events__20250928T000000
electronic_technology__consumer_electronics_96_12_4_10events,electronic_technology__consumer_electronics_96_12_4_10events__20251026T000000
electronic_technology__consumer_electronics_96_12_4_10events,electronic_technology__consumer_electronics_96_12_4_10events__20251123T000000
electronic_technology__consumer_electronics_96_12_4_10events,electronic_technology__consumer_electronics_96_12_4_10events__20251221T000000
electronic_technology__drones_96_12_4_10events,electronic_technology__drones_96_12_4_10events__20250803T000000
electronic_technology__drones_96_12_4_10events,electronic_technology__drones_96_12_4_10events__20250831T000000
electronic_technology__drones_96_12_4_10events,electronic_technology__drones_96_12_4_10events__20250928T000000
electronic_technology__drones_96_12_4_10events,electronic_technology__drones_96_12_4_10events__20251026T000000
electronic_technology__drones_96_12_4_10events,electronic_technology__drones_96_12_4_10events__20251123T000000
electronic_technology__drones_96_12_4_10events,electronic_technology__drones_96_12_4_10events__20251221T000000
electronic_technology__meta_platforms_96_12_4_10events,electronic_technology__meta_platforms_96_12_4_10events__20250803T000000
electronic_technology__meta_platforms_96_12_4_10events,electronic_technology__meta_platforms_96_12_4_10events__20250831T000000
electronic_technology__meta_platforms_96_12_4_10events,electronic_technology__meta_platforms_96_12_4_10events__20250928T000000
electronic_technology__meta_platforms_96_12_4_10events,electronic_technology__meta_platforms_96_12_4_10events__20251026T000000
electronic_technology__meta_platforms_96_12_4_10events,electronic_technology__meta_platforms_96_12_4_10events__20251123T000000
electronic_technology__meta_platforms_96_12_4_10events,electronic_technology__meta_platforms_96_12_4_10events__20251221T000000
electronic_technology__microsoft_96_12_4_10events,electronic_technology__microsoft_96_12_4_10events__20250803T000000
electronic_technology__microsoft_96_12_4_10events,electronic_technology__microsoft_96_12_4_10events__20250831T000000
electronic_technology__microsoft_96_12_4_10events,electronic_technology__microsoft_96_12_4_10events__20250928T000000
electronic_technology__microsoft_96_12_4_10events,electronic_technology__microsoft_96_12_4_10events__20251026T000000
electronic_technology__microsoft_96_12_4_10events,electronic_technology__microsoft_96_12_4_10events__20251123T000000
electronic_technology__microsoft_96_12_4_10events,electronic_technology__microsoft_96_12_4_10events__20251221T000000
electronic_technology__nvidia_96_12_4_10events,electronic_technology__nvidia_96_12_4_10events__20250803T000000
electronic_technology__nvidia_96_12_4_10events,electronic_technology__nvidia_96_12_4_10events__20250831T000000
electronic_technology__nvidia_96_12_4_10events,electronic_technology__nvidia_96_12_4_10events__20250928T000000
electronic_technology__nvidia_96_12_4_10events,electronic_technology__nvidia_96_12_4_10events__20251026T000000
electronic_technology__nvidia_96_12_4_10events,electronic_technology__nvidia_96_12_4_10events__20251123T000000
electronic_technology__nvidia_96_12_4_10events,electronic_technology__nvidia_96_12_4_10events__20251221T000000
electronic_technology__robotics_96_12_4_10events,electronic_technology__robotics_96_12_4_10events__20250803T000000
electronic_technology__robotics_96_12_4_10events,electronic_technology__robotics_96_12_4_10events__20250831T000000
electronic_technology__robotics_96_12_4_10events,electronic_technology__robotics_96_12_4_10events__20250928T000000
electronic_technology__robotics_96_12_4_10events,electronic_technology__robotics_96_12_4_10events__20251026T000000
electronic_technology__robotics_96_12_4_10events,electronic_technology__robotics_96_12_4_10events__20251123T000000
electronic_technology__robotics_96_12_4_10events,electronic_technology__robotics_96_12_4_10events__20251221T000000
finance__asset_management_96_12_4_10events,finance__asset_management_96_12_4_10events__20250803T000000
finance__asset_management_96_12_4_10events,finance__asset_management_96_12_4_10events__20250831T000000
finance__asset_management_96_12_4_10events,finance__asset_management_96_12_4_10events__20250928T000000
finance__asset_management_96_12_4_10events,finance__asset_management_96_12_4_10events__20251026T000000
finance__asset_management_96_12_4_10events,finance__asset_management_96_12_4_10events__20251123T000000
finance__asset_management_96_12_4_10events,finance__asset_management_96_12_4_10events__20251221T000000
finance__cryptocurrency_96_12_4_10events,finance__cryptocurrency_96_12_4_10events__20250803T000000
finance__cryptocurrency_96_12_4_10events,finance__cryptocurrency_96_12_4_10events__20250831T000000
finance__cryptocurrency_96_12_4_10events,finance__cryptocurrency_96_12_4_10events__20250928T000000
finance__cryptocurrency_96_12_4_10events,finance__cryptocurrency_96_12_4_10events__20251026T000000
finance__cryptocurrency_96_12_4_10events,finance__cryptocurrency_96_12_4_10events__20251123T000000
finance__cryptocurrency_96_12_4_10events,finance__cryptocurrency_96_12_4_10events__20251221T000000
finance__financial_regulation_96_12_4_10events,finance__financial_regulation_96_12_4_10events__20250803T000000
finance__financial_regulation_96_12_4_10events,finance__financial_regulation_96_12_4_10events__20250831T000000
finance__financial_regulation_96_12_4_10events,finance__financial_regulation_96_12_4_10events__20250928T000000
finance__financial_regulation_96_12_4_10events,finance__financial_regulation_96_12_4_10events__20251026T000000
finance__financial_regulation_96_12_4_10events,finance__financial_regulation_96_12_4_10events__20251123T000000
finance__financial_regulation_96_12_4_10events,finance__financial_regulation_96_12_4_10events__20251221T000000
finance__goldman_sachs_96_12_4_10events,finance__goldman_sachs_96_12_4_10events__20250803T000000
finance__goldman_sachs_96_12_4_10events,finance__goldman_sachs_96_12_4_10events__20250831T000000
finance__goldman_sachs_96_12_4_10events,finance__goldman_sachs_96_12_4_10events__20250928T000000
finance__goldman_sachs_96_12_4_10events,finance__goldman_sachs_96_12_4_10events__20251026T000000
finance__goldman_sachs_96_12_4_10events,finance__goldman_sachs_96_12_4_10events__20251123T000000
finance__goldman_sachs_96_12_4_10events,finance__goldman_sachs_96_12_4_10events__20251221T000000
finance__hedge_funds_96_12_4_10events,finance__hedge_funds_96_12_4_10events__20250803T000000
finance__hedge_funds_96_12_4_10events,finance__hedge_funds_96_12_4_10events__20250831T000000
finance__hedge_funds_96_12_4_10events,finance__hedge_funds_96_12_4_10events__20250928T000000
finance__hedge_funds_96_12_4_10events,finance__hedge_funds_96_12_4_10events__20251026T000000
finance__hedge_funds_96_12_4_10events,finance__hedge_funds_96_12_4_10events__20251123T000000
finance__hedge_funds_96_12_4_10events,finance__hedge_funds_96_12_4_10events__20251221T000000
finance__investment_banking_96_12_4_10events,finance__investment_banking_96_12_4_10events__20250803T000000
finance__investment_banking_96_12_4_10events,finance__investment_banking_96_12_4_10events__20250831T000000
finance__investment_banking_96_12_4_10events,finance__investment_banking_96_12_4_10events__20250928T000000
finance__investment_banking_96_12_4_10events,finance__investment_banking_96_12_4_10events__20251026T000000
finance__investment_banking_96_12_4_10events,finance__investment_banking_96_12_4_10events__20251123T000000
finance__investment_banking_96_12_4_10events,finance__investment_banking_96_12_4_10events__20251221T000000
finance__mortgage_rates_96_12_4_10events,finance__mortgage_rates_96_12_4_10events__20250803T000000
finance__mortgage_rates_96_12_4_10events,finance__mortgage_rates_96_12_4_10events__20250831T000000
finance__mortgage_rates_96_12_4_10events,finance__mortgage_rates_96_12_4_10events__20250928T000000
finance__mortgage_rates_96_12_4_10events,finance__mortgage_rates_96_12_4_10events__20251026T000000
finance__mortgage_rates_96_12_4_10events,finance__mortgage_rates_96_12_4_10events__20251123T000000
finance__mortgage_rates_96_12_4_10events,finance__mortgage_rates_96_12_4_10events__20251221T000000
finance__private_equity_96_12_4_10events,finance__private_equity_96_12_4_10events__20250803T000000
finance__private_equity_96_12_4_10events,finance__private_equity_96_12_4_10events__20250831T000000
finance__private_equity_96_12_4_10events,finance__private_equity_96_12_4_10events__20250928T000000
finance__private_equity_96_12_4_10events,finance__private_equity_96_12_4_10events__20251026T000000
finance__private_equity_96_12_4_10events,finance__private_equity_96_12_4_10events__20251123T000000
finance__private_equity_96_12_4_10events,finance__private_equity_96_12_4_10events__20251221T000000
finance__stock_market_96_12_4_10events,finance__stock_market_96_12_4_10events__20250803T000000
finance__stock_market_96_12_4_10events,finance__stock_market_96_12_4_10events__20250831T000000
finance__stock_market_96_12_4_10events,finance__stock_market_96_12_4_10events__20250928T000000
finance__stock_market_96_12_4_10events,finance__stock_market_96_12_4_10events__20251026T000000
finance__stock_market_96_12_4_10events,finance__stock_market_96_12_4_10events__20251123T000000
finance__stock_market_96_12_4_10events,finance__stock_market_96_12_4_10events__20251221T000000
finance__venture_capital_96_12_4_10events,finance__venture_capital_96_12_4_10events__20250803T000000
finance__venture_capital_96_12_4_10events,finance__venture_capital_96_12_4_10events__20250831T000000
finance__venture_capital_96_12_4_10events,finance__venture_capital_96_12_4_10events__20250928T000000
finance__venture_capital_96_12_4_10events,finance__venture_capital_96_12_4_10events__20251026T000000
finance__venture_capital_96_12_4_10events,finance__venture_capital_96_12_4_10events__20251123T000000
finance__venture_capital_96_12_4_10events,finance__venture_capital_96_12_4_10events__20251221T000000
pets__animal_migration_96_12_4_10events,pets__animal_migration_96_12_4_10events__20250803T000000
pets__animal_migration_96_12_4_10events,pets__animal_migration_96_12_4_10events__20250831T000000
pets__animal_migration_96_12_4_10events,pets__animal_migration_96_12_4_10events__20250928T000000
pets__animal_migration_96_12_4_10events,pets__animal_migration_96_12_4_10events__20251026T000000
pets__animal_migration_96_12_4_10events,pets__animal_migration_96_12_4_10events__20251123T000000
pets__animal_migration_96_12_4_10events,pets__animal_migration_96_12_4_10events__20251221T000000
pets__animal_rescue_96_12_4_10events,pets__animal_rescue_96_12_4_10events__20250803T000000
pets__animal_rescue_96_12_4_10events,pets__animal_rescue_96_12_4_10events__20250831T000000
pets__animal_rescue_96_12_4_10events,pets__animal_rescue_96_12_4_10events__20250928T000000
pets__animal_rescue_96_12_4_10events,pets__animal_rescue_96_12_4_10events__20251026T000000
pets__animal_rescue_96_12_4_10events,pets__animal_rescue_96_12_4_10events__20251123T000000
pets__animal_rescue_96_12_4_10events,pets__animal_rescue_96_12_4_10events__20251221T000000
pets__animal_welfare_96_12_4_10events,pets__animal_welfare_96_12_4_10events__20250803T000000
pets__animal_welfare_96_12_4_10events,pets__animal_welfare_96_12_4_10events__20250831T000000
pets__animal_welfare_96_12_4_10events,pets__animal_welfare_96_12_4_10events__20250928T000000
pets__animal_welfare_96_12_4_10events,pets__animal_welfare_96_12_4_10events__20251026T000000
pets__animal_welfare_96_12_4_10events,pets__animal_welfare_96_12_4_10events__20251123T000000
pets__animal_welfare_96_12_4_10events,pets__animal_welfare_96_12_4_10events__20251221T000000
pets__beekeeping_96_12_4_10events,pets__beekeeping_96_12_4_10events__20250803T000000
pets__beekeeping_96_12_4_10events,pets__beekeeping_96_12_4_10events__20250831T000000
pets__beekeeping_96_12_4_10events,pets__beekeeping_96_12_4_10events__20250928T000000
pets__beekeeping_96_12_4_10events,pets__beekeeping_96_12_4_10events__20251026T000000
pets__beekeeping_96_12_4_10events,pets__beekeeping_96_12_4_10events__20251123T000000
pets__beekeeping_96_12_4_10events,pets__beekeeping_96_12_4_10events__20251221T000000
pets__biodiversity_96_12_4_10events,pets__biodiversity_96_12_4_10events__20250803T000000
pets__biodiversity_96_12_4_10events,pets__biodiversity_96_12_4_10events__20250831T000000
pets__biodiversity_96_12_4_10events,pets__biodiversity_96_12_4_10events__20250928T000000
pets__biodiversity_96_12_4_10events,pets__biodiversity_96_12_4_10events__20251026T000000
pets__biodiversity_96_12_4_10events,pets__biodiversity_96_12_4_10events__20251123T000000
pets__biodiversity_96_12_4_10events,pets__biodiversity_96_12_4_10events__20251221T000000
pets__invasive_species_96_12_4_10events,pets__invasive_species_96_12_4_10events__20250803T000000
pets__invasive_species_96_12_4_10events,pets__invasive_species_96_12_4_10events__20250831T000000
pets__invasive_species_96_12_4_10events,pets__invasive_species_96_12_4_10events__20250928T000000
pets__invasive_species_96_12_4_10events,pets__invasive_species_96_12_4_10events__20251026T000000
pets__invasive_species_96_12_4_10events,pets__invasive_species_96_12_4_10events__20251123T000000
pets__invasive_species_96_12_4_10events,pets__invasive_species_96_12_4_10events__20251221T000000
pets__marine_life_96_12_4_10events,pets__marine_life_96_12_4_10events__20250803T000000
pets__marine_life_96_12_4_10events,pets__marine_life_96_12_4_10events__20250831T000000
pets__marine_life_96_12_4_10events,pets__marine_life_96_12_4_10events__20250928T000000
pets__marine_life_96_12_4_10events,pets__marine_life_96_12_4_10events__20251026T000000
pets__marine_life_96_12_4_10events,pets__marine_life_96_12_4_10events__20251123T000000
pets__marine_life_96_12_4_10events,pets__marine_life_96_12_4_10events__20251221T000000
pets__pest_control_96_12_4_10events,pets__pest_control_96_12_4_10events__20250803T000000
pets__pest_control_96_12_4_10events,pets__pest_control_96_12_4_10events__20250831T000000
pets__pest_control_96_12_4_10events,pets__pest_control_96_12_4_10events__20250928T000000
pets__pest_control_96_12_4_10events,pets__pest_control_96_12_4_10events__20251026T000000
pets__pest_control_96_12_4_10events,pets__pest_control_96_12_4_10events__20251123T000000
pets__pest_control_96_12_4_10events,pets__pest_control_96_12_4_10events__20251221T000000
pets__pet_adoption_96_12_4_10events,pets__pet_adoption_96_12_4_10events__20250803T000000
pets__pet_adoption_96_12_4_10events,pets__pet_adoption_96_12_4_10events__20250831T000000
pets__pet_adoption_96_12_4_10events,pets__pet_adoption_96_12_4_10events__20250928T000000
pets__pet_adoption_96_12_4_10events,pets__pet_adoption_96_12_4_10events__20251026T000000
pets__pet_adoption_96_12_4_10events,pets__pet_adoption_96_12_4_10events__20251123T000000
pets__pet_adoption_96_12_4_10events,pets__pet_adoption_96_12_4_10events__20251221T000000
pets__pet_health_96_12_4_10events,pets__pet_health_96_12_4_10events__20250803T000000
pets__pet_health_96_12_4_10events,pets__pet_health_96_12_4_10events__20250831T000000
pets__pet_health_96_12_4_10events,pets__pet_health_96_12_4_10events__20250928T000000
pets__pet_health_96_12_4_10events,pets__pet_health_96_12_4_10events__20251026T000000
pets__pet_health_96_12_4_10events,pets__pet_health_96_12_4_10events__20251123T000000
pets__pet_health_96_12_4_10events,pets__pet_health_96_12_4_10events__20251221T000000
public_health__air_pollution_96_12_4_10events,public_health__air_pollution_96_12_4_10events__20250803T000000
public_health__air_pollution_96_12_4_10events,public_health__air_pollution_96_12_4_10events__20250831T000000
public_health__air_pollution_96_12_4_10events,public_health__air_pollution_96_12_4_10events__20250928T000000
public_health__air_pollution_96_12_4_10events,public_health__air_pollution_96_12_4_10events__20251026T000000
public_health__air_pollution_96_12_4_10events,public_health__air_pollution_96_12_4_10events__20251123T000000
public_health__air_pollution_96_12_4_10events,public_health__air_pollution_96_12_4_10events__20251221T000000
public_health__climate_change_96_12_4_10events,public_health__climate_change_96_12_4_10events__20250803T000000
public_health__climate_change_96_12_4_10events,public_health__climate_change_96_12_4_10events__20250831T000000
public_health__climate_change_96_12_4_10events,public_health__climate_change_96_12_4_10events__20250928T000000
public_health__climate_change_96_12_4_10events,public_health__climate_change_96_12_4_10events__20251026T000000
public_health__climate_change_96_12_4_10events,public_health__climate_change_96_12_4_10events__20251123T000000
public_health__climate_change_96_12_4_10events,public_health__climate_change_96_12_4_10events__20251221T000000
public_health__diabetes_96_12_4_10events,public_health__diabetes_96_12_4_10events__20250803T000000
public_health__diabetes_96_12_4_10events,public_health__diabetes_96_12_4_10events__20250831T000000
public_health__diabetes_96_12_4_10events,public_health__diabetes_96_12_4_10events__20250928T000000
public_health__diabetes_96_12_4_10events,public_health__diabetes_96_12_4_10events__20251026T000000
public_health__diabetes_96_12_4_10events,public_health__diabetes_96_12_4_10events__20251123T000000
public_health__diabetes_96_12_4_10events,public_health__diabetes_96_12_4_10events__20251221T000000
public_health__drug_overdose_96_12_4_10events,public_health__drug_overdose_96_12_4_10events__20250803T000000
public_health__drug_overdose_96_12_4_10events,public_health__drug_overdose_96_12_4_10events__20250831T000000
public_health__drug_overdose_96_12_4_10events,public_health__drug_overdose_96_12_4_10events__20250928T000000
public_health__drug_overdose_96_12_4_10events,public_health__drug_overdose_96_12_4_10events__20251026T000000
public_health__drug_overdose_96_12_4_10events,public_health__drug_overdose_96_12_4_10events__20251123T000000
public_health__drug_overdose_96_12_4_10events,public_health__drug_overdose_96_12_4_10events__20251221T000000
public_health__food_safety_96_12_4_10events,public_health__food_safety_96_12_4_10events__20250803T000000
public_health__food_safety_96_12_4_10events,public_health__food_safety_96_12_4_10events__20250831T000000
public_health__food_safety_96_12_4_10events,public_health__food_safety_96_12_4_10events__20250928T000000
public_health__food_safety_96_12_4_10events,public_health__food_safety_96_12_4_10events__20251026T000000
public_health__food_safety_96_12_4_10events,public_health__food_safety_96_12_4_10events__20251123T000000
public_health__food_safety_96_12_4_10events,public_health__food_safety_96_12_4_10events__20251221T000000
public_health__hiv_aids_96_12_4_10events,public_health__hiv_aids_96_12_4_10events__20250803T000000
public_health__hiv_aids_96_12_4_10events,public_health__hiv_aids_96_12_4_10events__20250831T000000
public_health__hiv_aids_96_12_4_10events,public_health__hiv_aids_96_12_4_10events__20250928T000000
public_health__hiv_aids_96_12_4_10events,public_health__hiv_aids_96_12_4_10events__20251026T000000
public_health__hiv_aids_96_12_4_10events,public_health__hiv_aids_96_12_4_10events__20251123T000000
public_health__hiv_aids_96_12_4_10events,public_health__hiv_aids_96_12_4_10events__20251221T000000
public_health__infectious_disease_96_12_4_10events,public_health__infectious_disease_96_12_4_10events__20250803T000000
public_health__infectious_disease_96_12_4_10events,public_health__infectious_disease_96_12_4_10events__20250831T000000
public_health__infectious_disease_96_12_4_10events,public_health__infectious_disease_96_12_4_10events__20250928T000000
public_health__infectious_disease_96_12_4_10events,public_health__infectious_disease_96_12_4_10events__20251026T000000
public_health__infectious_disease_96_12_4_10events,public_health__infectious_disease_96_12_4_10events__20251123T000000
public_health__infectious_disease_96_12_4_10events,public_health__infectious_disease_96_12_4_10events__20251221T000000
public_health__mental_health_96_12_4_10events,public_health__mental_health_96_12_4_10events__20250803T000000
public_health__mental_health_96_12_4_10events,public_health__mental_health_96_12_4_10events__20250831T000000
public_health__mental_health_96_12_4_10events,public_health__mental_health_96_12_4_10events__20250928T000000
public_health__mental_health_96_12_4_10events,public_health__mental_health_96_12_4_10events__20251026T000000
public_health__mental_health_96_12_4_10events,public_health__mental_health_96_12_4_10events__20251123T000000
public_health__mental_health_96_12_4_10events,public_health__mental_health_96_12_4_10events__20251221T000000
public_health__obesity_96_12_4_10events,public_health__obesity_96_12_4_10events__20250803T000000
public_health__obesity_96_12_4_10events,public_health__obesity_96_12_4_10events__20250831T000000
public_health__obesity_96_12_4_10events,public_health__obesity_96_12_4_10events__20250928T000000
public_health__obesity_96_12_4_10events,public_health__obesity_96_12_4_10events__20251026T000000
public_health__obesity_96_12_4_10events,public_health__obesity_96_12_4_10events__20251123T000000
public_health__obesity_96_12_4_10events,public_health__obesity_96_12_4_10events__20251221T000000
public_health__opioid_crisis_96_12_4_10events,public_health__opioid_crisis_96_12_4_10events__20250803T000000
public_health__opioid_crisis_96_12_4_10events,public_health__opioid_crisis_96_12_4_10events__20250831T000000
public_health__opioid_crisis_96_12_4_10events,public_health__opioid_crisis_96_12_4_10events__20250928T000000
public_health__opioid_crisis_96_12_4_10events,public_health__opioid_crisis_96_12_4_10events__20251026T000000
public_health__opioid_crisis_96_12_4_10events,public_health__opioid_crisis_96_12_4_10events__20251123T000000
public_health__opioid_crisis_96_12_4_10events,public_health__opioid_crisis_96_12_4_10events__20251221T000000
public_policy__carbon_emissions_96_12_4_10events,public_policy__carbon_emissions_96_12_4_10events__20250803T000000
public_policy__carbon_emissions_96_12_4_10events,public_policy__carbon_emissions_96_12_4_10events__20250831T000000
public_policy__carbon_emissions_96_12_4_10events,public_policy__carbon_emissions_96_12_4_10events__20250928T000000
public_policy__carbon_emissions_96_12_4_10events,public_policy__carbon_emissions_96_12_4_10events__20251026T000000
public_policy__carbon_emissions_96_12_4_10events,public_policy__carbon_emissions_96_12_4_10events__20251123T000000
public_policy__carbon_emissions_96_12_4_10events,public_policy__carbon_emissions_96_12_4_10events__20251221T000000
public_policy__federal_reserve_96_12_4_10events,public_policy__federal_reserve_96_12_4_10events__20250803T000000
public_policy__federal_reserve_96_12_4_10events,public_policy__federal_reserve_96_12_4_10events__20250831T000000
public_policy__federal_reserve_96_12_4_10events,public_policy__federal_reserve_96_12_4_10events__20250928T000000
public_policy__federal_reserve_96_12_4_10events,public_policy__federal_reserve_96_12_4_10events__20251026T000000
public_policy__federal_reserve_96_12_4_10events,public_policy__federal_reserve_96_12_4_10events__20251123T000000
public_policy__federal_reserve_96_12_4_10events,public_policy__federal_reserve_96_12_4_10events__20251221T000000
public_policy__healthcare_policy_96_12_4_10events,public_policy__healthcare_policy_96_12_4_10events__20250803T000000
public_policy__healthcare_policy_96_12_4_10events,public_policy__healthcare_policy_96_12_4_10events__20250831T000000
public_policy__healthcare_policy_96_12_4_10events,public_policy__healthcare_policy_96_12_4_10events__20250928T000000
public_policy__healthcare_policy_96_12_4_10events,public_policy__healthcare_policy_96_12_4_10events__20251026T000000
public_policy__healthcare_policy_96_12_4_10events,public_policy__healthcare_policy_96_12_4_10events__20251123T000000
public_policy__healthcare_policy_96_12_4_10events,public_policy__healthcare_policy_96_12_4_10events__20251221T000000
public_policy__human_rights_96_12_4_10events,public_policy__human_rights_96_12_4_10events__20250803T000000
public_policy__human_rights_96_12_4_10events,public_policy__human_rights_96_12_4_10events__20250831T000000
public_policy__human_rights_96_12_4_10events,public_policy__human_rights_96_12_4_10events__20250928T000000
public_policy__human_rights_96_12_4_10events,public_policy__human_rights_96_12_4_10events__20251026T000000
public_policy__human_rights_96_12_4_10events,public_policy__human_rights_96_12_4_10events__20251123T000000
public_policy__human_rights_96_12_4_10events,public_policy__human_rights_96_12_4_10events__20251221T000000
public_policy__immigration_reform_96_12_4_10events,public_policy__immigration_reform_96_12_4_10events__20250803T000000
public_policy__immigration_reform_96_12_4_10events,public_policy__immigration_reform_96_12_4_10events__20250831T000000
public_policy__immigration_reform_96_12_4_10events,public_policy__immigration_reform_96_12_4_10events__20250928T000000
public_policy__immigration_reform_96_12_4_10events,public_policy__immigration_reform_96_12_4_10events__20251026T000000
public_policy__immigration_reform_96_12_4_10events,public_policy__immigration_reform_96_12_4_10events__20251123T000000
public_policy__immigration_reform_96_12_4_10events,public_policy__immigration_reform_96_12_4_10events__20251221T000000
public_policy__national_debt_96_12_4_10events,public_policy__national_debt_96_12_4_10events__20250803T000000
public_policy__national_debt_96_12_4_10events,public_policy__national_debt_96_12_4_10events__20250831T000000
public_policy__national_debt_96_12_4_10events,public_policy__national_debt_96_12_4_10events__20250928T000000
public_policy__national_debt_96_12_4_10events,public_policy__national_debt_96_12_4_10events__20251026T000000
public_policy__national_debt_96_12_4_10events,public_policy__national_debt_96_12_4_10events__20251123T000000
public_policy__national_debt_96_12_4_10events,public_policy__national_debt_96_12_4_10events__20251221T000000
public_policy__presidential_election_96_12_4_10events,public_policy__presidential_election_96_12_4_10events__20250803T000000
public_policy__presidential_election_96_12_4_10events,public_policy__presidential_election_96_12_4_10events__20250831T000000
public_policy__presidential_election_96_12_4_10events,public_policy__presidential_election_96_12_4_10events__20250928T000000
public_policy__presidential_election_96_12_4_10events,public_policy__presidential_election_96_12_4_10events__20251026T000000
public_policy__presidential_election_96_12_4_10events,public_policy__presidential_election_96_12_4_10events__20251123T000000
public_policy__presidential_election_96_12_4_10events,public_policy__presidential_election_96_12_4_10events__20251221T000000
public_policy__refugee_support_96_12_4_10events,public_policy__refugee_support_96_12_4_10events__20250803T000000
public_policy__refugee_support_96_12_4_10events,public_policy__refugee_support_96_12_4_10events__20250831T000000
public_policy__refugee_support_96_12_4_10events,public_policy__refugee_support_96_12_4_10events__20250928T000000
public_policy__refugee_support_96_12_4_10events,public_policy__refugee_support_96_12_4_10events__20251026T000000
public_policy__refugee_support_96_12_4_10events,public_policy__refugee_support_96_12_4_10events__20251123T000000
public_policy__refugee_support_96_12_4_10events,public_policy__refugee_support_96_12_4_10events__20251221T000000
public_policy__renewable_energy_96_12_4_10events,public_policy__renewable_energy_96_12_4_10events__20250803T000000
public_policy__renewable_energy_96_12_4_10events,public_policy__renewable_energy_96_12_4_10events__20250831T000000
public_policy__renewable_energy_96_12_4_10events,public_policy__renewable_energy_96_12_4_10events__20250928T000000
public_policy__renewable_energy_96_12_4_10events,public_policy__renewable_energy_96_12_4_10events__20251026T000000
public_policy__renewable_energy_96_12_4_10events,public_policy__renewable_energy_96_12_4_10events__20251123T000000
public_policy__renewable_energy_96_12_4_10events,public_policy__renewable_energy_96_12_4_10events__20251221T000000
public_policy__space_exploration_96_12_4_10events,public_policy__space_exploration_96_12_4_10events__20250803T000000
public_policy__space_exploration_96_12_4_10events,public_policy__space_exploration_96_12_4_10events__20250831T000000
public_policy__space_exploration_96_12_4_10events,public_policy__space_exploration_96_12_4_10events__20250928T000000
public_policy__space_exploration_96_12_4_10events,public_policy__space_exploration_96_12_4_10events__20251026T000000
public_policy__space_exploration_96_12_4_10events,public_policy__space_exploration_96_12_4_10events__20251123T000000
public_policy__space_exploration_96_12_4_10events,public_policy__space_exploration_96_12_4_10events__20251221T000000
public_policy__wildlife_conservation_96_12_4_10events,public_policy__wildlife_conservation_96_12_4_10events__20250803T000000
public_policy__wildlife_conservation_96_12_4_10events,public_policy__wildlife_conservation_96_12_4_10events__20250831T000000
public_policy__wildlife_conservation_96_12_4_10events,public_policy__wildlife_conservation_96_12_4_10events__20250928T000000
public_policy__wildlife_conservation_96_12_4_10events,public_policy__wildlife_conservation_96_12_4_10events__20251026T000000
public_policy__wildlife_conservation_96_12_4_10events,public_policy__wildlife_conservation_96_12_4_10events__20251123T000000
public_policy__wildlife_conservation_96_12_4_10events,public_policy__wildlife_conservation_96_12_4_10events__20251221T000000
science__cancer_research_96_12_4_10events,science__cancer_research_96_12_4_10events__20250803T000000
science__cancer_research_96_12_4_10events,science__cancer_research_96_12_4_10events__20250831T000000
science__cancer_research_96_12_4_10events,science__cancer_research_96_12_4_10events__20250928T000000
science__cancer_research_96_12_4_10events,science__cancer_research_96_12_4_10events__20251026T000000
science__cancer_research_96_12_4_10events,science__cancer_research_96_12_4_10events__20251123T000000
science__cancer_research_96_12_4_10events,science__cancer_research_96_12_4_10events__20251221T000000
science__data_breach_96_12_4_10events,science__data_breach_96_12_4_10events__20250803T000000
science__data_breach_96_12_4_10events,science__data_breach_96_12_4_10events__20250831T000000
science__data_breach_96_12_4_10events,science__data_breach_96_12_4_10events__20250928T000000
science__data_breach_96_12_4_10events,science__data_breach_96_12_4_10events__20251026T000000
science__data_breach_96_12_4_10events,science__data_breach_96_12_4_10events__20251123T000000
science__data_breach_96_12_4_10events,science__data_breach_96_12_4_10events__20251221T000000
science__earthquake_96_12_4_10events,science__earthquake_96_12_4_10events__20250803T000000
science__earthquake_96_12_4_10events,science__earthquake_96_12_4_10events__20250831T000000
science__earthquake_96_12_4_10events,science__earthquake_96_12_4_10events__20250928T000000
science__earthquake_96_12_4_10events,science__earthquake_96_12_4_10events__20251026T000000
science__earthquake_96_12_4_10events,science__earthquake_96_12_4_10events__20251123T000000
science__earthquake_96_12_4_10events,science__earthquake_96_12_4_10events__20251221T000000
science__food_recall_96_12_4_10events,science__food_recall_96_12_4_10events__20250803T000000
science__food_recall_96_12_4_10events,science__food_recall_96_12_4_10events__20250831T000000
science__food_recall_96_12_4_10events,science__food_recall_96_12_4_10events__20250928T000000
science__food_recall_96_12_4_10events,science__food_recall_96_12_4_10events__20251026T000000
science__food_recall_96_12_4_10events,science__food_recall_96_12_4_10events__20251123T000000
science__food_recall_96_12_4_10events,science__food_recall_96_12_4_10events__20251221T000000
science__gene_editing_96_12_4_10events,science__gene_editing_96_12_4_10events__20250803T000000
science__gene_editing_96_12_4_10events,science__gene_editing_96_12_4_10events__20250831T000000
science__gene_editing_96_12_4_10events,science__gene_editing_96_12_4_10events__20250928T000000
science__gene_editing_96_12_4_10events,science__gene_editing_96_12_4_10events__20251026T000000
science__gene_editing_96_12_4_10events,science__gene_editing_96_12_4_10events__20251123T000000
science__gene_editing_96_12_4_10events,science__gene_editing_96_12_4_10events__20251221T000000
science__meteor_shower_96_12_4_10events,science__meteor_shower_96_12_4_10events__20250803T000000
science__meteor_shower_96_12_4_10events,science__meteor_shower_96_12_4_10events__20250831T000000
science__meteor_shower_96_12_4_10events,science__meteor_shower_96_12_4_10events__20250928T000000
science__meteor_shower_96_12_4_10events,science__meteor_shower_96_12_4_10events__20251026T000000
science__meteor_shower_96_12_4_10events,science__meteor_shower_96_12_4_10events__20251123T000000
science__meteor_shower_96_12_4_10events,science__meteor_shower_96_12_4_10events__20251221T000000
science__nobel_prize_96_12_4_10events,science__nobel_prize_96_12_4_10events__20250803T000000
science__nobel_prize_96_12_4_10events,science__nobel_prize_96_12_4_10events__20250831T000000
science__nobel_prize_96_12_4_10events,science__nobel_prize_96_12_4_10events__20250928T000000
science__nobel_prize_96_12_4_10events,science__nobel_prize_96_12_4_10events__20251026T000000
science__nobel_prize_96_12_4_10events,science__nobel_prize_96_12_4_10events__20251123T000000
science__nobel_prize_96_12_4_10events,science__nobel_prize_96_12_4_10events__20251221T000000
science__quantum_computing_96_12_4_10events,science__quantum_computing_96_12_4_10events__20250803T000000
science__quantum_computing_96_12_4_10events,science__quantum_computing_96_12_4_10events__20250831T000000
science__quantum_computing_96_12_4_10events,science__quantum_computing_96_12_4_10events__20250928T000000
science__quantum_computing_96_12_4_10events,science__quantum_computing_96_12_4_10events__20251026T000000
science__quantum_computing_96_12_4_10events,science__quantum_computing_96_12_4_10events__20251123T000000
science__quantum_computing_96_12_4_10events,science__quantum_computing_96_12_4_10events__20251221T000000
science__vaccine_research_96_12_4_10events,science__vaccine_research_96_12_4_10events__20250803T000000
science__vaccine_research_96_12_4_10events,science__vaccine_research_96_12_4_10events__20250831T000000
science__vaccine_research_96_12_4_10events,science__vaccine_research_96_12_4_10events__20250928T000000
science__vaccine_research_96_12_4_10events,science__vaccine_research_96_12_4_10events__20251026T000000
science__vaccine_research_96_12_4_10events,science__vaccine_research_96_12_4_10events__20251123T000000
science__vaccine_research_96_12_4_10events,science__vaccine_research_96_12_4_10events__20251221T000000
science__volcanic_eruption_96_12_4_10events,science__volcanic_eruption_96_12_4_10events__20250803T000000
science__volcanic_eruption_96_12_4_10events,science__volcanic_eruption_96_12_4_10events__20250831T000000
science__volcanic_eruption_96_12_4_10events,science__volcanic_eruption_96_12_4_10events__20250928T000000
science__volcanic_eruption_96_12_4_10events,science__volcanic_eruption_96_12_4_10events__20251026T000000
science__volcanic_eruption_96_12_4_10events,science__volcanic_eruption_96_12_4_10events__20251123T000000
science__volcanic_eruption_96_12_4_10events,science__volcanic_eruption_96_12_4_10events__20251221T000000
shopping__air_conditioner_96_12_4_10events,shopping__air_conditioner_96_12_4_10events__20250803T000000
shopping__air_conditioner_96_12_4_10events,shopping__air_conditioner_96_12_4_10events__20250831T000000
shopping__air_conditioner_96_12_4_10events,shopping__air_conditioner_96_12_4_10events__20250928T000000
shopping__air_conditioner_96_12_4_10events,shopping__air_conditioner_96_12_4_10events__20251026T000000
shopping__air_conditioner_96_12_4_10events,shopping__air_conditioner_96_12_4_10events__20251123T000000
shopping__air_conditioner_96_12_4_10events,shopping__air_conditioner_96_12_4_10events__20251221T000000
shopping__back_to_school_96_12_4_10events,shopping__back_to_school_96_12_4_10events__20250803T000000
shopping__back_to_school_96_12_4_10events,shopping__back_to_school_96_12_4_10events__20250831T000000
shopping__back_to_school_96_12_4_10events,shopping__back_to_school_96_12_4_10events__20250928T000000
shopping__back_to_school_96_12_4_10events,shopping__back_to_school_96_12_4_10events__20251026T000000
shopping__back_to_school_96_12_4_10events,shopping__back_to_school_96_12_4_10events__20251123T000000
shopping__back_to_school_96_12_4_10events,shopping__back_to_school_96_12_4_10events__20251221T000000
shopping__black_friday_deals_96_12_4_10events,shopping__black_friday_deals_96_12_4_10events__20250803T000000
shopping__black_friday_deals_96_12_4_10events,shopping__black_friday_deals_96_12_4_10events__20250831T000000
shopping__black_friday_deals_96_12_4_10events,shopping__black_friday_deals_96_12_4_10events__20250928T000000
shopping__black_friday_deals_96_12_4_10events,shopping__black_friday_deals_96_12_4_10events__20251026T000000
shopping__black_friday_deals_96_12_4_10events,shopping__black_friday_deals_96_12_4_10events__20251123T000000
shopping__black_friday_deals_96_12_4_10events,shopping__black_friday_deals_96_12_4_10events__20251221T000000
shopping__christmas_gifts_96_12_4_10events,shopping__christmas_gifts_96_12_4_10events__20250803T000000
shopping__christmas_gifts_96_12_4_10events,shopping__christmas_gifts_96_12_4_10events__20250831T000000
shopping__christmas_gifts_96_12_4_10events,shopping__christmas_gifts_96_12_4_10events__20250928T000000
shopping__christmas_gifts_96_12_4_10events,shopping__christmas_gifts_96_12_4_10events__20251026T000000
shopping__christmas_gifts_96_12_4_10events,shopping__christmas_gifts_96_12_4_10events__20251123T000000
shopping__christmas_gifts_96_12_4_10events,shopping__christmas_gifts_96_12_4_10events__20251221T000000
shopping__fashion_week_96_12_4_10events,shopping__fashion_week_96_12_4_10events__20250803T000000
shopping__fashion_week_96_12_4_10events,shopping__fashion_week_96_12_4_10events__20250831T000000
shopping__fashion_week_96_12_4_10events,shopping__fashion_week_96_12_4_10events__20250928T000000
shopping__fashion_week_96_12_4_10events,shopping__fashion_week_96_12_4_10events__20251026T000000
shopping__fashion_week_96_12_4_10events,shopping__fashion_week_96_12_4_10events__20251123T000000
shopping__fashion_week_96_12_4_10events,shopping__fashion_week_96_12_4_10events__20251221T000000
shopping__flu_shot_96_12_4_10events,shopping__flu_shot_96_12_4_10events__20250803T000000
shopping__flu_shot_96_12_4_10events,shopping__flu_shot_96_12_4_10events__20250831T000000
shopping__flu_shot_96_12_4_10events,shopping__flu_shot_96_12_4_10events__20250928T000000
shopping__flu_shot_96_12_4_10events,shopping__flu_shot_96_12_4_10events__20251026T000000
shopping__flu_shot_96_12_4_10events,shopping__flu_shot_96_12_4_10events__20251123T000000
shopping__flu_shot_96_12_4_10events,shopping__flu_shot_96_12_4_10events__20251221T000000
shopping__halloween_costumes_96_12_4_10events,shopping__halloween_costumes_96_12_4_10events__20250803T000000
shopping__halloween_costumes_96_12_4_10events,shopping__halloween_costumes_96_12_4_10events__20250831T000000
shopping__halloween_costumes_96_12_4_10events,shopping__halloween_costumes_96_12_4_10events__20250928T000000
shopping__halloween_costumes_96_12_4_10events,shopping__halloween_costumes_96_12_4_10events__20251026T000000
shopping__halloween_costumes_96_12_4_10events,shopping__halloween_costumes_96_12_4_10events__20251123T000000
shopping__halloween_costumes_96_12_4_10events,shopping__halloween_costumes_96_12_4_10events__20251221T000000
shopping__organic_food_96_12_4_10events,shopping__organic_food_96_12_4_10events__20250803T000000
shopping__organic_food_96_12_4_10events,shopping__organic_food_96_12_4_10events__20250831T000000
shopping__organic_food_96_12_4_10events,shopping__organic_food_96_12_4_10events__20250928T000000
shopping__organic_food_96_12_4_10events,shopping__organic_food_96_12_4_10events__20251026T000000
shopping__organic_food_96_12_4_10events,shopping__organic_food_96_12_4_10events__20251123T000000
shopping__organic_food_96_12_4_10events,shopping__organic_food_96_12_4_10events__20251221T000000
shopping__ski_gear_96_12_4_10events,shopping__ski_gear_96_12_4_10events__20250803T000000
shopping__ski_gear_96_12_4_10events,shopping__ski_gear_96_12_4_10events__20250831T000000
shopping__ski_gear_96_12_4_10events,shopping__ski_gear_96_12_4_10events__20250928T000000
shopping__ski_gear_96_12_4_10events,shopping__ski_gear_96_12_4_10events__20251026T000000
shopping__ski_gear_96_12_4_10events,shopping__ski_gear_96_12_4_10events__20251123T000000
shopping__ski_gear_96_12_4_10events,shopping__ski_gear_96_12_4_10events__20251221T000000
shopping__tax_software_96_12_4_10events,shopping__tax_software_96_12_4_10events__20250803T000000
shopping__tax_software_96_12_4_10events,shopping__tax_software_96_12_4_10events__20250831T000000
shopping__tax_software_96_12_4_10events,shopping__tax_software_96_12_4_10events__20250928T000000
shopping__tax_software_96_12_4_10events,shopping__tax_software_96_12_4_10events__20251026T000000
shopping__tax_software_96_12_4_10events,shopping__tax_software_96_12_4_10events__20251123T000000
shopping__tax_software_96_12_4_10events,shopping__tax_software_96_12_4_10events__20251221T000000
society__affordable_housing_96_12_4_10events,society__affordable_housing_96_12_4_10events__20250803T000000
society__affordable_housing_96_12_4_10events,society__affordable_housing_96_12_4_10events__20250831T000000
society__affordable_housing_96_12_4_10events,society__affordable_housing_96_12_4_10events__20250928T000000
society__affordable_housing_96_12_4_10events,society__affordable_housing_96_12_4_10events__20251026T000000
society__affordable_housing_96_12_4_10events,society__affordable_housing_96_12_4_10events__20251123T000000
society__affordable_housing_96_12_4_10events,society__affordable_housing_96_12_4_10events__20251221T000000
society__cybersecurity_96_12_4_10events,society__cybersecurity_96_12_4_10events__20250803T000000
society__cybersecurity_96_12_4_10events,society__cybersecurity_96_12_4_10events__20250831T000000
society__cybersecurity_96_12_4_10events,society__cybersecurity_96_12_4_10events__20250928T000000
society__cybersecurity_96_12_4_10events,society__cybersecurity_96_12_4_10events__20251026T000000
society__cybersecurity_96_12_4_10events,society__cybersecurity_96_12_4_10events__20251123T000000
society__cybersecurity_96_12_4_10events,society__cybersecurity_96_12_4_10events__20251221T000000
society__data_privacy_96_12_4_10events,society__data_privacy_96_12_4_10events__20250803T000000
society__data_privacy_96_12_4_10events,society__data_privacy_96_12_4_10events__20250831T000000
society__data_privacy_96_12_4_10events,society__data_privacy_96_12_4_10events__20250928T000000
society__data_privacy_96_12_4_10events,society__data_privacy_96_12_4_10events__20251026T000000
society__data_privacy_96_12_4_10events,society__data_privacy_96_12_4_10events__20251123T000000
society__data_privacy_96_12_4_10events,society__data_privacy_96_12_4_10events__20251221T000000
society__domestic_violence_96_12_4_10events,society__domestic_violence_96_12_4_10events__20250803T000000
society__domestic_violence_96_12_4_10events,society__domestic_violence_96_12_4_10events__20250831T000000
society__domestic_violence_96_12_4_10events,society__domestic_violence_96_12_4_10events__20250928T000000
society__domestic_violence_96_12_4_10events,society__domestic_violence_96_12_4_10events__20251026T000000
society__domestic_violence_96_12_4_10events,society__domestic_violence_96_12_4_10events__20251123T000000
society__domestic_violence_96_12_4_10events,society__domestic_violence_96_12_4_10events__20251221T000000
society__gender_equality_96_12_4_10events,society__gender_equality_96_12_4_10events__20250803T000000
society__gender_equality_96_12_4_10events,society__gender_equality_96_12_4_10events__20250831T000000
society__gender_equality_96_12_4_10events,society__gender_equality_96_12_4_10events__20250928T000000
society__gender_equality_96_12_4_10events,society__gender_equality_96_12_4_10events__20251026T000000
society__gender_equality_96_12_4_10events,society__gender_equality_96_12_4_10events__20251123T000000
society__gender_equality_96_12_4_10events,society__gender_equality_96_12_4_10events__20251221T000000
society__homelessness_96_12_4_10events,society__homelessness_96_12_4_10events__20250803T000000
society__homelessness_96_12_4_10events,society__homelessness_96_12_4_10events__20250831T000000
society__homelessness_96_12_4_10events,society__homelessness_96_12_4_10events__20250928T000000
society__homelessness_96_12_4_10events,society__homelessness_96_12_4_10events__20251026T000000
society__homelessness_96_12_4_10events,society__homelessness_96_12_4_10events__20251123T000000
society__homelessness_96_12_4_10events,society__homelessness_96_12_4_10events__20251221T000000
society__income_inequality_96_12_4_10events,society__income_inequality_96_12_4_10events__20250803T000000
society__income_inequality_96_12_4_10events,society__income_inequality_96_12_4_10events__20250831T000000
society__income_inequality_96_12_4_10events,society__income_inequality_96_12_4_10events__20250928T000000
society__income_inequality_96_12_4_10events,society__income_inequality_96_12_4_10events__20251026T000000
society__income_inequality_96_12_4_10events,society__income_inequality_96_12_4_10events__20251123T000000
society__income_inequality_96_12_4_10events,society__income_inequality_96_12_4_10events__20251221T000000
society__infrastructure_spending_96_12_4_10events,society__infrastructure_spending_96_12_4_10events__20250803T000000
society__infrastructure_spending_96_12_4_10events,society__infrastructure_spending_96_12_4_10events__20250831T000000
society__infrastructure_spending_96_12_4_10events,society__infrastructure_spending_96_12_4_10events__20250928T000000
society__infrastructure_spending_96_12_4_10events,society__infrastructure_spending_96_12_4_10events__20251026T000000
society__infrastructure_spending_96_12_4_10events,society__infrastructure_spending_96_12_4_10events__20251123T000000
society__infrastructure_spending_96_12_4_10events,society__infrastructure_spending_96_12_4_10events__20251221T000000
society__protest_96_12_4_10events,society__protest_96_12_4_10events__20250803T000000
society__protest_96_12_4_10events,society__protest_96_12_4_10events__20250831T000000
society__protest_96_12_4_10events,society__protest_96_12_4_10events__20250928T000000
society__protest_96_12_4_10events,society__protest_96_12_4_10events__20251026T000000
society__protest_96_12_4_10events,society__protest_96_12_4_10events__20251123T000000
society__protest_96_12_4_10events,society__protest_96_12_4_10events__20251221T000000
society__wildfires_96_12_4_10events,society__wildfires_96_12_4_10events__20250803T000000
society__wildfires_96_12_4_10events,society__wildfires_96_12_4_10events__20250831T000000
society__wildfires_96_12_4_10events,society__wildfires_96_12_4_10events__20250928T000000
society__wildfires_96_12_4_10events,society__wildfires_96_12_4_10events__20251026T000000
society__wildfires_96_12_4_10events,society__wildfires_96_12_4_10events__20251123T000000
society__wildfires_96_12_4_10events,society__wildfires_96_12_4_10events__20251221T000000
traffic__air_travel_96_12_4_10events,traffic__air_travel_96_12_4_10events__20250803T000000
traffic__air_travel_96_12_4_10events,traffic__air_travel_96_12_4_10events__20250831T000000
traffic__air_travel_96_12_4_10events,traffic__air_travel_96_12_4_10events__20250928T000000
traffic__air_travel_96_12_4_10events,traffic__air_travel_96_12_4_10events__20251026T000000
traffic__air_travel_96_12_4_10events,traffic__air_travel_96_12_4_10events__20251123T000000
traffic__air_travel_96_12_4_10events,traffic__air_travel_96_12_4_10events__20251221T000000
traffic__autonomous_driving_96_12_4_10events,traffic__autonomous_driving_96_12_4_10events__20250803T000000
traffic__autonomous_driving_96_12_4_10events,traffic__autonomous_driving_96_12_4_10events__20250831T000000
traffic__autonomous_driving_96_12_4_10events,traffic__autonomous_driving_96_12_4_10events__20250928T000000
traffic__autonomous_driving_96_12_4_10events,traffic__autonomous_driving_96_12_4_10events__20251026T000000
traffic__autonomous_driving_96_12_4_10events,traffic__autonomous_driving_96_12_4_10events__20251123T000000
traffic__autonomous_driving_96_12_4_10events,traffic__autonomous_driving_96_12_4_10events__20251221T000000
traffic__electric_vehicle_96_12_4_10events,traffic__electric_vehicle_96_12_4_10events__20250803T000000
traffic__electric_vehicle_96_12_4_10events,traffic__electric_vehicle_96_12_4_10events__20250831T000000
traffic__electric_vehicle_96_12_4_10events,traffic__electric_vehicle_96_12_4_10events__20250928T000000
traffic__electric_vehicle_96_12_4_10events,traffic__electric_vehicle_96_12_4_10events__20251026T000000
traffic__electric_vehicle_96_12_4_10events,traffic__electric_vehicle_96_12_4_10events__20251123T000000
traffic__electric_vehicle_96_12_4_10events,traffic__electric_vehicle_96_12_4_10events__20251221T000000
traffic__formula_1_96_12_4_10events,traffic__formula_1_96_12_4_10events__20250803T000000
traffic__formula_1_96_12_4_10events,traffic__formula_1_96_12_4_10events__20250831T000000
traffic__formula_1_96_12_4_10events,traffic__formula_1_96_12_4_10events__20250928T000000
traffic__formula_1_96_12_4_10events,traffic__formula_1_96_12_4_10events__20251026T000000
traffic__formula_1_96_12_4_10events,traffic__formula_1_96_12_4_10events__20251123T000000
traffic__formula_1_96_12_4_10events,traffic__formula_1_96_12_4_10events__20251221T000000
traffic__gas_prices_96_12_4_10events,traffic__gas_prices_96_12_4_10events__20250803T000000
traffic__gas_prices_96_12_4_10events,traffic__gas_prices_96_12_4_10events__20250831T000000
traffic__gas_prices_96_12_4_10events,traffic__gas_prices_96_12_4_10events__20250928T000000
traffic__gas_prices_96_12_4_10events,traffic__gas_prices_96_12_4_10events__20251026T000000
traffic__gas_prices_96_12_4_10events,traffic__gas_prices_96_12_4_10events__20251123T000000
traffic__gas_prices_96_12_4_10events,traffic__gas_prices_96_12_4_10events__20251221T000000
traffic__rocket_launch_96_12_4_10events,traffic__rocket_launch_96_12_4_10events__20250803T000000
traffic__rocket_launch_96_12_4_10events,traffic__rocket_launch_96_12_4_10events__20250831T000000
traffic__rocket_launch_96_12_4_10events,traffic__rocket_launch_96_12_4_10events__20250928T000000
traffic__rocket_launch_96_12_4_10events,traffic__rocket_launch_96_12_4_10events__20251026T000000
traffic__rocket_launch_96_12_4_10events,traffic__rocket_launch_96_12_4_10events__20251123T000000
traffic__rocket_launch_96_12_4_10events,traffic__rocket_launch_96_12_4_10events__20251221T000000
traffic__tesla_96_12_4_10events,traffic__tesla_96_12_4_10events__20250803T000000
traffic__tesla_96_12_4_10events,traffic__tesla_96_12_4_10events__20250831T000000
traffic__tesla_96_12_4_10events,traffic__tesla_96_12_4_10events__20250928T000000
traffic__tesla_96_12_4_10events,traffic__tesla_96_12_4_10events__20251026T000000
traffic__tesla_96_12_4_10events,traffic__tesla_96_12_4_10events__20251123T000000
traffic__tesla_96_12_4_10events,traffic__tesla_96_12_4_10events__20251221T000000
traffic__tour_de_france_96_12_4_10events,traffic__tour_de_france_96_12_4_10events__20250803T000000
traffic__tour_de_france_96_12_4_10events,traffic__tour_de_france_96_12_4_10events__20250831T000000
traffic__tour_de_france_96_12_4_10events,traffic__tour_de_france_96_12_4_10events__20250928T000000
traffic__tour_de_france_96_12_4_10events,traffic__tour_de_france_96_12_4_10events__20251026T000000
traffic__tour_de_france_96_12_4_10events,traffic__tour_de_france_96_12_4_10events__20251123T000000
traffic__tour_de_france_96_12_4_10events,traffic__tour_de_france_96_12_4_10events__20251221T000000
traffic__traffic_insurance_96_12_4_10events,traffic__traffic_insurance_96_12_4_10events__20250803T000000
traffic__traffic_insurance_96_12_4_10events,traffic__traffic_insurance_96_12_4_10events__20250831T000000
traffic__traffic_insurance_96_12_4_10events,traffic__traffic_insurance_96_12_4_10events__20250928T000000
traffic__traffic_insurance_96_12_4_10events,traffic__traffic_insurance_96_12_4_10events__20251026T000000
traffic__traffic_insurance_96_12_4_10events,traffic__traffic_insurance_96_12_4_10events__20251123T000000
traffic__traffic_insurance_96_12_4_10events,traffic__traffic_insurance_96_12_4_10events__20251221T000000
traffic__used_car_96_12_4_10events,traffic__used_car_96_12_4_10events__20250803T000000
traffic__used_car_96_12_4_10events,traffic__used_car_96_12_4_10events__20250831T000000
traffic__used_car_96_12_4_10events,traffic__used_car_96_12_4_10events__20250928T000000
traffic__used_car_96_12_4_10events,traffic__used_car_96_12_4_10events__20251026T000000
traffic__used_car_96_12_4_10events,traffic__used_car_96_12_4_10events__20251123T000000
traffic__used_car_96_12_4_10events,traffic__used_car_96_12_4_10events__20251221T000000
