group,sample_ref,window_idx,channel_idx,abs_row_start,abs_row_end,t_start,t_end
ImageNet,ILSVRC2012_val_00048869.JPEG
ImageNet,ILSVRC2012_val_00013142.JPEG
ImageNet,ILSVRC2012_val_00025105.JPEG
ImageNet,ILSVRC2012_val_00006413.JPEG
ImageNet,ILSVRC2012_val_00014162.JPEG
ImageNet,ILSVRC2012_val_00043685.JPEG
ImageNet,ILSVRC2012_val_00008303.JPEG
ImageNet,ILSVRC2012_val_00034718.JPEG
ImageNet,ILSVRC2012_val_00009828.JPEG
ImageNet,ILSVRC2012_val_00001042.JPEG
ImageNet,ILSVRC2012_val_00038422.JPEG
ImageNet,ILSVRC2012_val_00033994.JPEG
ImageNet,ILSVRC2012_val_00020610.JPEG
ImageNet,ILSVRC2012_val_00047341.JPEG
ImageNet,ILSVRC2012_val_00016538.JPEG
ImageNet,ILSVRC2012_val_00004104.JPEG
ImageNet,ILSVRC2012_val_00030770.JPEG
ImageNet,ILSVRC2012_val_00044594.JPEG
ImageNet,ILSVRC2012_val_00010948.JPEG
ImageNet,ILSVRC2012_val_00000480.JPEG
ImageNet,ILSVRC2012_val_00034043.JPEG
ImageNet,ILSVRC2012_val_00012569.JPEG
ImageNet,ILSVRC2012_val_00035420.JPEG
ImageNet,ILSVRC2012_val_00023003.JPEG
ImageNet,ILSVRC2012_val_00034493.JPEG
ImageNet,ILSVRC2012_val_00018871.JPEG
ImageNet,ILSVRC2012_val_00005638.JPEG
ImageNet,ILSVRC2012_val_00005245.JPEG
ImageNet,ILSVRC2012_val_00002225.JPEG
ImageNet,ILSVRC2012_val_00043981.JPEG
ImageNet,ILSVRC2012_val_00001713.JPEG
ImageNet,ILSVRC2012_val_00006802.JPEG
ImageNet,ILSVRC2012_val_00009693.JPEG
ImageNet,ILSVRC2012_val_00008441.JPEG
ImageNet,ILSVRC2012_val_00018318.JPEG
ImageNet,ILSVRC2012_val_00002017.JPEG
ImageNet,ILSVRC2012_val_00022048.JPEG
ImageNet,ILSVRC2012_val_00004815.JPEG
ImageNet,ILSVRC2012_val_00025057.JPEG
ImageNet,ILSVRC2012_val_00001940.JPEG
ImageNet,ILSVRC2012_val_00037890.JPEG
ImageNet,ILSVRC2012_val_00021015.JPEG
ImageNet,ILSVRC2012_val_00007086.JPEG
ImageNet,ILSVRC2012_val_00045368.JPEG
ImageNet,ILSVRC2012_val_00036912.JPEG
ImageNet,ILSVRC2012_val_00000653.JPEG
ImageNet,ILSVRC2012_val_00017281.JPEG
ImageNet,ILSVRC2012_val_00012461.JPEG
ImageNet,ILSVRC2012_val_00047515.JPEG
ImageNet,ILSVRC2012_val_00042429.JPEG
ImageNet,ILSVRC2012_val_00003755.JPEG
ImageNet,ILSVRC2012_val_00004415.JPEG
ImageNet,ILSVRC2012_val_00013160.JPEG
ImageNet,ILSVRC2012_val_00028659.JPEG
ImageNet,ILSVRC2012_val_00009107.JPEG
ImageNet,ILSVRC2012_val_00039670.JPEG
ImageNet,ILSVRC2012_val_00022180.JPEG
ImageNet,ILSVRC2012_val_00049493.JPEG
ImageNet,ILSVRC2012_val_00015213.JPEG
ImageNet,ILSVRC2012_val_00045384.JPEG
ImageNet,ILSVRC2012_val_00034727.JPEG
ImageNet,ILSVRC2012_val_00000106.JPEG
ImageNet,ILSVRC2012_val_00044896.JPEG
ImageNet,ILSVRC2012_val_00018360.JPEG
ImageNet,ILSVRC2012_val_00019849.JPEG
ImageNet,ILSVRC2012_val_00023938.JPEG
ImageNet,ILSVRC2012_val_00038623.JPEG
ImageNet,ILSVRC2012_val_00002753.JPEG
ImageNet,ILSVRC2012_val_00036969.JPEG
ImageNet,ILSVRC2012_val_00036176.JPEG
ImageNet,ILSVRC2012_val_00032799.JPEG
ImageNet,ILSVRC2012_val_00026597.JPEG
ImageNet,ILSVRC2012_val_00001903.JPEG
ImageNet,ILSVRC2012_val_00001159.JPEG
ImageNet,ILSVRC2012_val_00041603.JPEG
ImageNet,ILSVRC2012_val_00019816.JPEG
ImageNet,ILSVRC2012_val_00044044.JPEG
ImageNet,ILSVRC2012_val_00037616.JPEG
ImageNet,ILSVRC2012_val_00047642.JPEG
ImageNet,ILSVRC2012_val_00039738.JPEG
ImageNet,ILSVRC2012_val_00015321.JPEG
ImageNet,ILSVRC2012_val_00017310.JPEG
ImageNet,ILSVRC2012_val_00028874.JPEG
ImageNet,ILSVRC2012_val_00006654.JPEG
ImageNet,ILSVRC2012_val_00026997.JPEG
ImageNet,ILSVRC2012_val_00047935.JPEG
ImageNet,ILSVRC2012_val_00041987.JPEG
ImageNet,ILSVRC2012_val_00037125.JPEG
ImageNet,ILSVRC2012_val_00011373.JPEG
ImageNet,ILSVRC2012_val_00033341.JPEG
ImageNet,ILSVRC2012_val_00021991.JPEG
ImageNet,ILSVRC2012_val_00022273.JPEG
ImageNet,ILSVRC2012_val_00027631.JPEG
ImageNet,ILSVRC2012_val_00001328.JPEG
ImageNet,ILSVRC2012_val_00017462.JPEG
ImageNet,ILSVRC2012_val_00045586.JPEG
ImageNet,ILSVRC2012_val_00047913.JPEG
ImageNet,ILSVRC2012_val_00023681.JPEG
ImageNet,ILSVRC2012_val_00028985.JPEG
ImageNet,ILSVRC2012_val_00046400.JPEG
ImageNet,ILSVRC2012_val_00016768.JPEG
ImageNet,ILSVRC2012_val_00016243.JPEG
ImageNet,ILSVRC2012_val_00028736.JPEG
ImageNet,ILSVRC2012_val_00030469.JPEG
ImageNet,ILSVRC2012_val_00010108.JPEG
ImageNet,ILSVRC2012_val_00019183.JPEG
ImageNet,ILSVRC2012_val_00046429.JPEG
ImageNet,ILSVRC2012_val_00025741.JPEG
ImageNet,ILSVRC2012_val_00033893.JPEG
ImageNet,ILSVRC2012_val_00011696.JPEG
ImageNet,ILSVRC2012_val_00009697.JPEG
ImageNet,ILSVRC2012_val_00012687.JPEG
ImageNet,ILSVRC2012_val_00000805.JPEG
ImageNet,ILSVRC2012_val_00049101.JPEG
ImageNet,ILSVRC2012_val_00008476.JPEG
ImageNet,ILSVRC2012_val_00017346.JPEG
ImageNet,ILSVRC2012_val_00011826.JPEG
ImageNet,ILSVRC2012_val_00016462.JPEG
ImageNet,ILSVRC2012_val_00038796.JPEG
ImageNet,ILSVRC2012_val_00005658.JPEG
ImageNet,ILSVRC2012_val_00006201.JPEG
ImageNet,ILSVRC2012_val_00030912.JPEG
ImageNet,ILSVRC2012_val_00027714.JPEG
ImageNet,ILSVRC2012_val_00025802.JPEG
ImageNet,ILSVRC2012_val_00017790.JPEG
ImageNet,ILSVRC2012_val_00005616.JPEG
ImageNet,ILSVRC2012_val_00003524.JPEG
ImageNet,ILSVRC2012_val_00020988.JPEG
ImageNet,ILSVRC2012_val_00012971.JPEG
ImageNet,ILSVRC2012_val_00041554.JPEG
ImageNet,ILSVRC2012_val_00015920.JPEG
ImageNet,ILSVRC2012_val_00005034.JPEG
ImageNet,ILSVRC2012_val_00012028.JPEG
ImageNet,ILSVRC2012_val_00035141.JPEG
ImageNet,ILSVRC2012_val_00020209.JPEG
ImageNet,ILSVRC2012_val_00002517.JPEG
ImageNet,ILSVRC2012_val_00049425.JPEG
ImageNet,ILSVRC2012_val_00030365.JPEG
ImageNet,ILSVRC2012_val_00012727.JPEG
ImageNet,ILSVRC2012_val_00012875.JPEG
ImageNet,ILSVRC2012_val_00047188.JPEG
ImageNet,ILSVRC2012_val_00018860.JPEG
ImageNet,ILSVRC2012_val_00022009.JPEG
ImageNet,ILSVRC2012_val_00044668.JPEG
ImageNet,ILSVRC2012_val_00004436.JPEG
ImageNet,ILSVRC2012_val_00017424.JPEG
ImageNet,ILSVRC2012_val_00008845.JPEG
ImageNet,ILSVRC2012_val_00033912.JPEG
ImageNet,ILSVRC2012_val_00021519.JPEG
ImageNet,ILSVRC2012_val_00035115.JPEG
ImageNet,ILSVRC2012_val_00034265.JPEG
ImageNet,ILSVRC2012_val_00026440.JPEG
ImageNet,ILSVRC2012_val_00027356.JPEG
ImageNet,ILSVRC2012_val_00032075.JPEG
ImageNet,ILSVRC2012_val_00012793.JPEG
ImageNet,ILSVRC2012_val_00043412.JPEG
ImageNet,ILSVRC2012_val_00033485.JPEG
ImageNet,ILSVRC2012_val_00024086.JPEG
ImageNet,ILSVRC2012_val_00005206.JPEG
ImageNet,ILSVRC2012_val_00015276.JPEG
ImageNet,ILSVRC2012_val_00014852.JPEG
ImageNet,ILSVRC2012_val_00035847.JPEG
ImageNet,ILSVRC2012_val_00003427.JPEG
ImageNet,ILSVRC2012_val_00007094.JPEG
ImageNet,ILSVRC2012_val_00025429.JPEG
ImageNet,ILSVRC2012_val_00041371.JPEG
ImageNet,ILSVRC2012_val_00042519.JPEG
ImageNet,ILSVRC2012_val_00004166.JPEG
ImageNet,ILSVRC2012_val_00037029.JPEG
ImageNet,ILSVRC2012_val_00017659.JPEG
ImageNet,ILSVRC2012_val_00049096.JPEG
ImageNet,ILSVRC2012_val_00026147.JPEG
ImageNet,ILSVRC2012_val_00043734.JPEG
ImageNet,ILSVRC2012_val_00011035.JPEG
ImageNet,ILSVRC2012_val_00029222.JPEG
ImageNet,ILSVRC2012_val_00015148.JPEG
ImageNet,ILSVRC2012_val_00035979.JPEG
ImageNet,ILSVRC2012_val_00032912.JPEG
ImageNet,ILSVRC2012_val_00040926.JPEG
ImageNet,ILSVRC2012_val_00006950.JPEG
ImageNet,ILSVRC2012_val_00001558.JPEG
ImageNet,ILSVRC2012_val_00014201.JPEG
ImageNet,ILSVRC2012_val_00028122.JPEG
ImageNet,ILSVRC2012_val_00036936.JPEG
ImageNet,ILSVRC2012_val_00027127.JPEG
ImageNet,ILSVRC2012_val_00045113.JPEG
ImageNet,ILSVRC2012_val_00003018.JPEG
ImageNet,ILSVRC2012_val_00044250.JPEG
ImageNet,ILSVRC2012_val_00043497.JPEG
ImageNet,ILSVRC2012_val_00027717.JPEG
ImageNet,ILSVRC2012_val_00021922.JPEG
ImageNet,ILSVRC2012_val_00045048.JPEG
ImageNet,ILSVRC2012_val_00019331.JPEG
ImageNet,ILSVRC2012_val_00018817.JPEG
ImageNet,ILSVRC2012_val_00011388.JPEG
ImageNet,ILSVRC2012_val_00040513.JPEG
ImageNet,ILSVRC2012_val_00006584.JPEG
ImageNet,ILSVRC2012_val_00043455.JPEG
ImageNet,ILSVRC2012_val_00027211.JPEG
ImageNet,ILSVRC2012_val_00021440.JPEG
ImageNet,ILSVRC2012_val_00005156.JPEG
ImageNet,ILSVRC2012_val_00001027.JPEG
ImageNet,ILSVRC2012_val_00024756.JPEG
ImageNet,ILSVRC2012_val_00014181.JPEG
ImageNet,ILSVRC2012_val_00006630.JPEG
ImageNet,ILSVRC2012_val_00036042.JPEG
ImageNet,ILSVRC2012_val_00029491.JPEG
ImageNet,ILSVRC2012_val_00038467.JPEG
ImageNet,ILSVRC2012_val_00029417.JPEG
ImageNet,ILSVRC2012_val_00043198.JPEG
ImageNet,ILSVRC2012_val_00003959.JPEG
ImageNet,ILSVRC2012_val_00008449.JPEG
ImageNet,ILSVRC2012_val_00034158.JPEG
ImageNet,ILSVRC2012_val_00039170.JPEG
ImageNet,ILSVRC2012_val_00019881.JPEG
ImageNet,ILSVRC2012_val_00019820.JPEG
ImageNet,ILSVRC2012_val_00026080.JPEG
ImageNet,ILSVRC2012_val_00020949.JPEG
ImageNet,ILSVRC2012_val_00024966.JPEG
ImageNet,ILSVRC2012_val_00041810.JPEG
ImageNet,ILSVRC2012_val_00046651.JPEG
ImageNet,ILSVRC2012_val_00016785.JPEG
ImageNet,ILSVRC2012_val_00036305.JPEG
ImageNet,ILSVRC2012_val_00026346.JPEG
ImageNet,ILSVRC2012_val_00001389.JPEG
ImageNet,ILSVRC2012_val_00044607.JPEG
ImageNet,ILSVRC2012_val_00020804.JPEG
ImageNet,ILSVRC2012_val_00031511.JPEG
ImageNet,ILSVRC2012_val_00021037.JPEG
ImageNet,ILSVRC2012_val_00001439.JPEG
ImageNet,ILSVRC2012_val_00017200.JPEG
ImageNet,ILSVRC2012_val_00044582.JPEG
ImageNet,ILSVRC2012_val_00007612.JPEG
ImageNet,ILSVRC2012_val_00008247.JPEG
ImageNet,ILSVRC2012_val_00016194.JPEG
ImageNet,ILSVRC2012_val_00037327.JPEG
ImageNet,ILSVRC2012_val_00024039.JPEG
ImageNet,ILSVRC2012_val_00018604.JPEG
ImageNet,ILSVRC2012_val_00036386.JPEG
ImageNet,ILSVRC2012_val_00039335.JPEG
ImageNet,ILSVRC2012_val_00040247.JPEG
ImageNet,ILSVRC2012_val_00026598.JPEG
ImageNet,ILSVRC2012_val_00009212.JPEG
ImageNet,ILSVRC2012_val_00028452.JPEG
ImageNet,ILSVRC2012_val_00011087.JPEG
ImageNet,ILSVRC2012_val_00016831.JPEG
ImageNet,ILSVRC2012_val_00025973.JPEG
ImageNet,ILSVRC2012_val_00013840.JPEG
ImageNet,ILSVRC2012_val_00014443.JPEG
ImageNet,ILSVRC2012_val_00013576.JPEG
ImageNet,ILSVRC2012_val_00002033.JPEG
ImageNet,ILSVRC2012_val_00043905.JPEG
ImageNet,ILSVRC2012_val_00012097.JPEG
ImageNet,ILSVRC2012_val_00029030.JPEG
ImageNet,ILSVRC2012_val_00010393.JPEG
ImageNet,ILSVRC2012_val_00030899.JPEG
ImageNet,ILSVRC2012_val_00037785.JPEG
ImageNet,ILSVRC2012_val_00028532.JPEG
ImageNet,ILSVRC2012_val_00022970.JPEG
ImageNet,ILSVRC2012_val_00022728.JPEG
ImageNet,ILSVRC2012_val_00010901.JPEG
ImageNet,ILSVRC2012_val_00006161.JPEG
ImageNet,ILSVRC2012_val_00009647.JPEG
ImageNet,ILSVRC2012_val_00042664.JPEG
ImageNet,ILSVRC2012_val_00028799.JPEG
ImageNet,ILSVRC2012_val_00040357.JPEG
ImageNet,ILSVRC2012_val_00007164.JPEG
ImageNet,ILSVRC2012_val_00049167.JPEG
ImageNet,ILSVRC2012_val_00024418.JPEG
ImageNet,ILSVRC2012_val_00020903.JPEG
ImageNet,ILSVRC2012_val_00004878.JPEG
ImageNet,ILSVRC2012_val_00013182.JPEG
ImageNet,ILSVRC2012_val_00007479.JPEG
ImageNet,ILSVRC2012_val_00033589.JPEG
ImageNet,ILSVRC2012_val_00008962.JPEG
ImageNet,ILSVRC2012_val_00037291.JPEG
ImageNet,ILSVRC2012_val_00029697.JPEG
ImageNet,ILSVRC2012_val_00041670.JPEG
ImageNet,ILSVRC2012_val_00033763.JPEG
ImageNet,ILSVRC2012_val_00005493.JPEG
ImageNet,ILSVRC2012_val_00021790.JPEG
ImageNet,ILSVRC2012_val_00047749.JPEG
ImageNet,ILSVRC2012_val_00031286.JPEG
ImageNet,ILSVRC2012_val_00028586.JPEG
ImageNet,ILSVRC2012_val_00019894.JPEG
ImageNet,ILSVRC2012_val_00030761.JPEG
ImageNet,ILSVRC2012_val_00016577.JPEG
ImageNet,ILSVRC2012_val_00043805.JPEG
ImageNet,ILSVRC2012_val_00006399.JPEG
ImageNet,ILSVRC2012_val_00007335.JPEG
ImageNet,ILSVRC2012_val_00035391.JPEG
ImageNet,ILSVRC2012_val_00027633.JPEG
ImageNet,ILSVRC2012_val_00000551.JPEG
ImageNet,ILSVRC2012_val_00041990.JPEG
ImageNet,ILSVRC2012_val_00015626.JPEG
ImageNet,ILSVRC2012_val_00042306.JPEG
ImageNet,ILSVRC2012_val_00009569.JPEG
ImageNet,ILSVRC2012_val_00006749.JPEG
ImageNet,ILSVRC2012_val_00015097.JPEG
ImageNet,ILSVRC2012_val_00019427.JPEG
ImageNet,ILSVRC2012_val_00029035.JPEG
ImageNet,ILSVRC2012_val_00023477.JPEG
ImageNet,ILSVRC2012_val_00036172.JPEG
ImageNet,ILSVRC2012_val_00015932.JPEG
ImageNet,ILSVRC2012_val_00046055.JPEG
ImageNet,ILSVRC2012_val_00042260.JPEG
ImageNet,ILSVRC2012_val_00013909.JPEG
ImageNet,ILSVRC2012_val_00001358.JPEG
ImageNet,ILSVRC2012_val_00020185.JPEG
ImageNet,ILSVRC2012_val_00001383.JPEG
ImageNet,ILSVRC2012_val_00043380.JPEG
ImageNet,ILSVRC2012_val_00011622.JPEG
ImageNet,ILSVRC2012_val_00030904.JPEG
ImageNet,ILSVRC2012_val_00044341.JPEG
ImageNet,ILSVRC2012_val_00038514.JPEG
ImageNet,ILSVRC2012_val_00021210.JPEG
ImageNet,ILSVRC2012_val_00036219.JPEG
ImageNet,ILSVRC2012_val_00046273.JPEG
ImageNet,ILSVRC2012_val_00019027.JPEG
ImageNet,ILSVRC2012_val_00010668.JPEG
ImageNet,ILSVRC2012_val_00030756.JPEG
ImageNet,ILSVRC2012_val_00018749.JPEG
ImageNet,ILSVRC2012_val_00010681.JPEG
ImageNet,ILSVRC2012_val_00044344.JPEG
ImageNet,ILSVRC2012_val_00013085.JPEG
ImageNet,ILSVRC2012_val_00020330.JPEG
ImageNet,ILSVRC2012_val_00000471.JPEG
ImageNet,ILSVRC2012_val_00000399.JPEG
ImageNet,ILSVRC2012_val_00042038.JPEG
ImageNet,ILSVRC2012_val_00013626.JPEG
ImageNet,ILSVRC2012_val_00033598.JPEG
ImageNet,ILSVRC2012_val_00045195.JPEG
ImageNet,ILSVRC2012_val_00005429.JPEG
ImageNet,ILSVRC2012_val_00003007.JPEG
ImageNet,ILSVRC2012_val_00027680.JPEG
ImageNet,ILSVRC2012_val_00002237.JPEG
ImageNet,ILSVRC2012_val_00022792.JPEG
ImageNet,ILSVRC2012_val_00012417.JPEG
ImageNet,ILSVRC2012_val_00033246.JPEG
ImageNet,ILSVRC2012_val_00037036.JPEG
ImageNet,ILSVRC2012_val_00015177.JPEG
ImageNet,ILSVRC2012_val_00049127.JPEG
ImageNet,ILSVRC2012_val_00015625.JPEG
ImageNet,ILSVRC2012_val_00006604.JPEG
ImageNet,ILSVRC2012_val_00030489.JPEG
ImageNet,ILSVRC2012_val_00048619.JPEG
ImageNet,ILSVRC2012_val_00011346.JPEG
ImageNet,ILSVRC2012_val_00008775.JPEG
ImageNet,ILSVRC2012_val_00049857.JPEG
ImageNet,ILSVRC2012_val_00015904.JPEG
ImageNet,ILSVRC2012_val_00035670.JPEG
ImageNet,ILSVRC2012_val_00049050.JPEG
ImageNet,ILSVRC2012_val_00007630.JPEG
ImageNet,ILSVRC2012_val_00011227.JPEG
ImageNet,ILSVRC2012_val_00006336.JPEG
ImageNet,ILSVRC2012_val_00031543.JPEG
ImageNet,ILSVRC2012_val_00035066.JPEG
ImageNet,ILSVRC2012_val_00009656.JPEG
ImageNet,ILSVRC2012_val_00003800.JPEG
ImageNet,ILSVRC2012_val_00026594.JPEG
ImageNet,ILSVRC2012_val_00046566.JPEG
ImageNet,ILSVRC2012_val_00004183.JPEG
ImageNet,ILSVRC2012_val_00030559.JPEG
ImageNet,ILSVRC2012_val_00001810.JPEG
ImageNet,ILSVRC2012_val_00044844.JPEG
ImageNet,ILSVRC2012_val_00015431.JPEG
ImageNet,ILSVRC2012_val_00039802.JPEG
ImageNet,ILSVRC2012_val_00038913.JPEG
ImageNet,ILSVRC2012_val_00017607.JPEG
ImageNet,ILSVRC2012_val_00005538.JPEG
ImageNet,ILSVRC2012_val_00024185.JPEG
ImageNet,ILSVRC2012_val_00044589.JPEG
ImageNet,ILSVRC2012_val_00015488.JPEG
ImageNet,ILSVRC2012_val_00020802.JPEG
ImageNet,ILSVRC2012_val_00022357.JPEG
ImageNet,ILSVRC2012_val_00009129.JPEG
ImageNet,ILSVRC2012_val_00012358.JPEG
ImageNet,ILSVRC2012_val_00044334.JPEG
ImageNet,ILSVRC2012_val_00024563.JPEG
ImageNet,ILSVRC2012_val_00027119.JPEG
ImageNet,ILSVRC2012_val_00013732.JPEG
ImageNet,ILSVRC2012_val_00040046.JPEG
ImageNet,ILSVRC2012_val_00038837.JPEG
ImageNet,ILSVRC2012_val_00014961.JPEG
ImageNet,ILSVRC2012_val_00048163.JPEG
ImageNet,ILSVRC2012_val_00010911.JPEG
ImageNet,ILSVRC2012_val_00031758.JPEG
ImageNet,ILSVRC2012_val_00027815.JPEG
ImageNet,ILSVRC2012_val_00049764.JPEG
ImageNet,ILSVRC2012_val_00039644.JPEG
ImageNet,ILSVRC2012_val_00017259.JPEG
ImageNet,ILSVRC2012_val_00027870.JPEG
ImageNet,ILSVRC2012_val_00026194.JPEG
ImageNet,ILSVRC2012_val_00041696.JPEG
ImageNet,ILSVRC2012_val_00011983.JPEG
ImageNet,ILSVRC2012_val_00032180.JPEG
ImageNet,ILSVRC2012_val_00015150.JPEG
ImageNet,ILSVRC2012_val_00027046.JPEG
ImageNet,ILSVRC2012_val_00002480.JPEG
ImageNet,ILSVRC2012_val_00012612.JPEG
ImageNet,ILSVRC2012_val_00023053.JPEG
ImageNet,ILSVRC2012_val_00043644.JPEG
ImageNet,ILSVRC2012_val_00046149.JPEG
ImageNet,ILSVRC2012_val_00006571.JPEG
ImageNet,ILSVRC2012_val_00002687.JPEG
ImageNet,ILSVRC2012_val_00036743.JPEG
ImageNet,ILSVRC2012_val_00006509.JPEG
ImageNet,ILSVRC2012_val_00031562.JPEG
ImageNet,ILSVRC2012_val_00033216.JPEG
ImageNet,ILSVRC2012_val_00042667.JPEG
ImageNet,ILSVRC2012_val_00042224.JPEG
ImageNet,ILSVRC2012_val_00021909.JPEG
ImageNet,ILSVRC2012_val_00009253.JPEG
ImageNet,ILSVRC2012_val_00034182.JPEG
ImageNet,ILSVRC2012_val_00029270.JPEG
ImageNet,ILSVRC2012_val_00045534.JPEG
ImageNet,ILSVRC2012_val_00041618.JPEG
ImageNet,ILSVRC2012_val_00048379.JPEG
ImageNet,ILSVRC2012_val_00014881.JPEG
ImageNet,ILSVRC2012_val_00042589.JPEG
ImageNet,ILSVRC2012_val_00006618.JPEG
ImageNet,ILSVRC2012_val_00028839.JPEG
ImageNet,ILSVRC2012_val_00035171.JPEG
ImageNet,ILSVRC2012_val_00049108.JPEG
ImageNet,ILSVRC2012_val_00047718.JPEG
ImageNet,ILSVRC2012_val_00009276.JPEG
ImageNet,ILSVRC2012_val_00002315.JPEG
ImageNet,ILSVRC2012_val_00021344.JPEG
ImageNet,ILSVRC2012_val_00040181.JPEG
ImageNet,ILSVRC2012_val_00033004.JPEG
ImageNet,ILSVRC2012_val_00017412.JPEG
ImageNet,ILSVRC2012_val_00022916.JPEG
ImageNet,ILSVRC2012_val_00025536.JPEG
ImageNet,ILSVRC2012_val_00037359.JPEG
ImageNet,ILSVRC2012_val_00027015.JPEG
ImageNet,ILSVRC2012_val_00001239.JPEG
ImageNet,ILSVRC2012_val_00040694.JPEG
ImageNet,ILSVRC2012_val_00002696.JPEG
ImageNet,ILSVRC2012_val_00019698.JPEG
ImageNet,ILSVRC2012_val_00006850.JPEG
ImageNet,ILSVRC2012_val_00004788.JPEG
ImageNet,ILSVRC2012_val_00031984.JPEG
ImageNet,ILSVRC2012_val_00045671.JPEG
ImageNet,ILSVRC2012_val_00025788.JPEG
ImageNet,ILSVRC2012_val_00014256.JPEG
ImageNet,ILSVRC2012_val_00019198.JPEG
ImageNet,ILSVRC2012_val_00011013.JPEG
ImageNet,ILSVRC2012_val_00010358.JPEG
ImageNet,ILSVRC2012_val_00022608.JPEG
ImageNet,ILSVRC2012_val_00035747.JPEG
ImageNet,ILSVRC2012_val_00015996.JPEG
ImageNet,ILSVRC2012_val_00023057.JPEG
ImageNet,ILSVRC2012_val_00027679.JPEG
ImageNet,ILSVRC2012_val_00040151.JPEG
ImageNet,ILSVRC2012_val_00011249.JPEG
ImageNet,ILSVRC2012_val_00020820.JPEG
ImageNet,ILSVRC2012_val_00037089.JPEG
ImageNet,ILSVRC2012_val_00015425.JPEG
ImageNet,ILSVRC2012_val_00044752.JPEG
ImageNet,ILSVRC2012_val_00028420.JPEG
ImageNet,ILSVRC2012_val_00039806.JPEG
ImageNet,ILSVRC2012_val_00020033.JPEG
ImageNet,ILSVRC2012_val_00029573.JPEG
ImageNet,ILSVRC2012_val_00040020.JPEG
ImageNet,ILSVRC2012_val_00047937.JPEG
ImageNet,ILSVRC2012_val_00040872.JPEG
ImageNet,ILSVRC2012_val_00030671.JPEG
ImageNet,ILSVRC2012_val_00031815.JPEG
ImageNet,ILSVRC2012_val_00031209.JPEG
ImageNet,ILSVRC2012_val_00013256.JPEG
ImageNet,ILSVRC2012_val_00043029.JPEG
ImageNet,ILSVRC2012_val_00000043.JPEG
ImageNet,ILSVRC2012_val_00048001.JPEG
ImageNet,ILSVRC2012_val_00017905.JPEG
ImageNet,ILSVRC2012_val_00047665.JPEG
ImageNet,ILSVRC2012_val_00048207.JPEG
ImageNet,ILSVRC2012_val_00043231.JPEG
ImageNet,ILSVRC2012_val_00028886.JPEG
ImageNet,ILSVRC2012_val_00045674.JPEG
ImageNet,ILSVRC2012_val_00013582.JPEG
ImageNet,ILSVRC2012_val_00032252.JPEG
ImageNet,ILSVRC2012_val_00017510.JPEG
ImageNet,ILSVRC2012_val_00011930.JPEG
ImageNet,ILSVRC2012_val_00043500.JPEG
ImageNet,ILSVRC2012_val_00043842.JPEG
ImageNet,ILSVRC2012_val_00001467.JPEG
ImageNet,ILSVRC2012_val_00029288.JPEG
ImageNet,ILSVRC2012_val_00017735.JPEG
ImageNet,ILSVRC2012_val_00009625.JPEG
ImageNet,ILSVRC2012_val_00007056.JPEG
ImageNet,ILSVRC2012_val_00014731.JPEG
ImageNet,ILSVRC2012_val_00025024.JPEG
ImageNet,ILSVRC2012_val_00029172.JPEG
ImageNet,ILSVRC2012_val_00022693.JPEG
ImageNet,ILSVRC2012_val_00021701.JPEG
ImageNet,ILSVRC2012_val_00003984.JPEG
ImageNet,ILSVRC2012_val_00021681.JPEG
ImageNet,ILSVRC2012_val_00017798.JPEG
ImageNet,ILSVRC2012_val_00045470.JPEG
ImageNet,ILSVRC2012_val_00006586.JPEG
ImageNet,ILSVRC2012_val_00031988.JPEG
ImageNet,ILSVRC2012_val_00046580.JPEG
ImageNet,ILSVRC2012_val_00044869.JPEG
ImageNet,ILSVRC2012_val_00000515.JPEG
ImageNet,ILSVRC2012_val_00029837.JPEG
ImageNet,ILSVRC2012_val_00007966.JPEG
ImageNet,ILSVRC2012_val_00034677.JPEG
ImageNet,ILSVRC2012_val_00046290.JPEG
ImageNet,ILSVRC2012_val_00010546.JPEG
ImageNet,ILSVRC2012_val_00014768.JPEG
ImageNet,ILSVRC2012_val_00021152.JPEG
ImageNet,ILSVRC2012_val_00019605.JPEG
ImageNet,ILSVRC2012_val_00016733.JPEG
ImageNet,ILSVRC2012_val_00003682.JPEG
ImageNet,ILSVRC2012_val_00001022.JPEG
ImageNet,ILSVRC2012_val_00040382.JPEG
ImageNet,ILSVRC2012_val_00040011.JPEG
ImageNet,ILSVRC2012_val_00013165.JPEG
ImageNet,ILSVRC2012_val_00007281.JPEG
ImageNet,ILSVRC2012_val_00041059.JPEG
ImageNet,ILSVRC2012_val_00012396.JPEG
ImageNet,ILSVRC2012_val_00035388.JPEG
ImageNet,ILSVRC2012_val_00030637.JPEG
ImageNet,ILSVRC2012_val_00000325.JPEG
ImageNet,ILSVRC2012_val_00008884.JPEG
ImageNet,ILSVRC2012_val_00031274.JPEG
ImageNet,ILSVRC2012_val_00028028.JPEG
ImageNet,ILSVRC2012_val_00046963.JPEG
ImageNet,ILSVRC2012_val_00015317.JPEG
ImageNet,ILSVRC2012_val_00048717.JPEG
ImageNet,ILSVRC2012_val_00049332.JPEG
ImageNet,ILSVRC2012_val_00007337.JPEG
ImageNet,ILSVRC2012_val_00045768.JPEG
ImageNet,ILSVRC2012_val_00015719.JPEG
ImageNet,ILSVRC2012_val_00046132.JPEG
ImageNet,ILSVRC2012_val_00027105.JPEG
ImageNet,ILSVRC2012_val_00008578.JPEG
ImageNet,ILSVRC2012_val_00022436.JPEG
ImageNet,ILSVRC2012_val_00011536.JPEG
ImageNet,ILSVRC2012_val_00043867.JPEG
ImageNet,ILSVRC2012_val_00007188.JPEG
ImageNet,ILSVRC2012_val_00012576.JPEG
ImageNet,ILSVRC2012_val_00037653.JPEG
ImageNet,ILSVRC2012_val_00031780.JPEG
ImageNet,ILSVRC2012_val_00010178.JPEG
ImageNet,ILSVRC2012_val_00012756.JPEG
ImageNet,ILSVRC2012_val_00009974.JPEG
ImageNet,ILSVRC2012_val_00026294.JPEG
ImageNet,ILSVRC2012_val_00021454.JPEG
ImageNet,ILSVRC2012_val_00021839.JPEG
ImageNet,ILSVRC2012_val_00046622.JPEG
ImageNet,ILSVRC2012_val_00008468.JPEG
ImageNet,ILSVRC2012_val_00003477.JPEG
ImageNet,ILSVRC2012_val_00024207.JPEG
ImageNet,ILSVRC2012_val_00025868.JPEG
ImageNet,ILSVRC2012_val_00002298.JPEG
ImageNet,ILSVRC2012_val_00029179.JPEG
ImageNet,ILSVRC2012_val_00020507.JPEG
ImageNet,ILSVRC2012_val_00016579.JPEG
ImageNet,ILSVRC2012_val_00035164.JPEG
ImageNet,ILSVRC2012_val_00027851.JPEG
ImageNet,ILSVRC2012_val_00022699.JPEG
ImageNet,ILSVRC2012_val_00042547.JPEG
ImageNet,ILSVRC2012_val_00025503.JPEG
ImageNet,ILSVRC2012_val_00001618.JPEG
ImageNet,ILSVRC2012_val_00029684.JPEG
ImageNet,ILSVRC2012_val_00036976.JPEG
ImageNet,ILSVRC2012_val_00011672.JPEG
ImageNet,ILSVRC2012_val_00018374.JPEG
ImageNet,ILSVRC2012_val_00048369.JPEG
ImageNet,ILSVRC2012_val_00041143.JPEG
ImageNet,ILSVRC2012_val_00002259.JPEG
ImageNet,ILSVRC2012_val_00006425.JPEG
ImageNet,ILSVRC2012_val_00040573.JPEG
ImageNet,ILSVRC2012_val_00021040.JPEG
ImageNet,ILSVRC2012_val_00026327.JPEG
ImageNet,ILSVRC2012_val_00006925.JPEG
ImageNet,ILSVRC2012_val_00014118.JPEG
ImageNet,ILSVRC2012_val_00010000.JPEG
ImageNet,ILSVRC2012_val_00022291.JPEG
ImageNet,ILSVRC2012_val_00015486.JPEG
ImageNet,ILSVRC2012_val_00015947.JPEG
ImageNet,ILSVRC2012_val_00030427.JPEG
ImageNet,ILSVRC2012_val_00024285.JPEG
ImageNet,ILSVRC2012_val_00049847.JPEG
ImageNet,ILSVRC2012_val_00044526.JPEG
ImageNet,ILSVRC2012_val_00003987.JPEG
ImageNet,ILSVRC2012_val_00002408.JPEG
ImageNet,ILSVRC2012_val_00001015.JPEG
ImageNet,ILSVRC2012_val_00039527.JPEG
ImageNet,ILSVRC2012_val_00049497.JPEG
ImageNet,ILSVRC2012_val_00018029.JPEG
ImageNet,ILSVRC2012_val_00000167.JPEG
ImageNet,ILSVRC2012_val_00028297.JPEG
ImageNet,ILSVRC2012_val_00020778.JPEG
ImageNet,ILSVRC2012_val_00028105.JPEG
ImageNet,ILSVRC2012_val_00000567.JPEG
ImageNet,ILSVRC2012_val_00013816.JPEG
ImageNet,ILSVRC2012_val_00041866.JPEG
ImageNet,ILSVRC2012_val_00048583.JPEG
ImageNet,ILSVRC2012_val_00012071.JPEG
ImageNet,ILSVRC2012_val_00040488.JPEG
ImageNet,ILSVRC2012_val_00037737.JPEG
ImageNet,ILSVRC2012_val_00017772.JPEG
ImageNet,ILSVRC2012_val_00020048.JPEG
ImageNet,ILSVRC2012_val_00029879.JPEG
ImageNet,ILSVRC2012_val_00021770.JPEG
ImageNet,ILSVRC2012_val_00032504.JPEG
ImageNet,ILSVRC2012_val_00036478.JPEG
ImageNet,ILSVRC2012_val_00036385.JPEG
ImageNet,ILSVRC2012_val_00011421.JPEG
ImageNet,ILSVRC2012_val_00009287.JPEG
ImageNet,ILSVRC2012_val_00018855.JPEG
ImageNet,ILSVRC2012_val_00006357.JPEG
ImageNet,ILSVRC2012_val_00013624.JPEG
ImageNet,ILSVRC2012_val_00000074.JPEG
ImageNet,ILSVRC2012_val_00041785.JPEG
ImageNet,ILSVRC2012_val_00032905.JPEG
ImageNet,ILSVRC2012_val_00013498.JPEG
ImageNet,ILSVRC2012_val_00033655.JPEG
ImageNet,ILSVRC2012_val_00025488.JPEG
ImageNet,ILSVRC2012_val_00037092.JPEG
ImageNet,ILSVRC2012_val_00040159.JPEG
ImageNet,ILSVRC2012_val_00003538.JPEG
ImageNet,ILSVRC2012_val_00037810.JPEG
ImageNet,ILSVRC2012_val_00013132.JPEG
ImageNet,ILSVRC2012_val_00003723.JPEG
ImageNet,ILSVRC2012_val_00031597.JPEG
ImageNet,ILSVRC2012_val_00018440.JPEG
ImageNet,ILSVRC2012_val_00039281.JPEG
ImageNet,ILSVRC2012_val_00017713.JPEG
ImageNet,ILSVRC2012_val_00023116.JPEG
ImageNet,ILSVRC2012_val_00017616.JPEG
ImageNet,ILSVRC2012_val_00006665.JPEG
ImageNet,ILSVRC2012_val_00007500.JPEG
ImageNet,ILSVRC2012_val_00005567.JPEG
ImageNet,ILSVRC2012_val_00035032.JPEG
ImageNet,ILSVRC2012_val_00023493.JPEG
ImageNet,ILSVRC2012_val_00025914.JPEG
ImageNet,ILSVRC2012_val_00041305.JPEG
ImageNet,ILSVRC2012_val_00019770.JPEG
ImageNet,ILSVRC2012_val_00021293.JPEG
ImageNet,ILSVRC2012_val_00002666.JPEG
ImageNet,ILSVRC2012_val_00023823.JPEG
ImageNet,ILSVRC2012_val_00048078.JPEG
ImageNet,ILSVRC2012_val_00008994.JPEG
ImageNet,ILSVRC2012_val_00020440.JPEG
ImageNet,ILSVRC2012_val_00022404.JPEG
ImageNet,ILSVRC2012_val_00034779.JPEG
ImageNet,ILSVRC2012_val_00046180.JPEG
ImageNet,ILSVRC2012_val_00030905.JPEG
ImageNet,ILSVRC2012_val_00043495.JPEG
ImageNet,ILSVRC2012_val_00022765.JPEG
ImageNet,ILSVRC2012_val_00016049.JPEG
ImageNet,ILSVRC2012_val_00007161.JPEG
ImageNet,ILSVRC2012_val_00049566.JPEG
ImageNet,ILSVRC2012_val_00020450.JPEG
ImageNet,ILSVRC2012_val_00033186.JPEG
ImageNet,ILSVRC2012_val_00016475.JPEG
ImageNet,ILSVRC2012_val_00016196.JPEG
ImageNet,ILSVRC2012_val_00006842.JPEG
ImageNet,ILSVRC2012_val_00029819.JPEG
ImageNet,ILSVRC2012_val_00000453.JPEG
ImageNet,ILSVRC2012_val_00015925.JPEG
ImageNet,ILSVRC2012_val_00036571.JPEG
ImageNet,ILSVRC2012_val_00040227.JPEG
ImageNet,ILSVRC2012_val_00040779.JPEG
ImageNet,ILSVRC2012_val_00027413.JPEG
ImageNet,ILSVRC2012_val_00013986.JPEG
ImageNet,ILSVRC2012_val_00029437.JPEG
ImageNet,ILSVRC2012_val_00018019.JPEG
ImageNet,ILSVRC2012_val_00035184.JPEG
ImageNet,ILSVRC2012_val_00045549.JPEG
ImageNet,ILSVRC2012_val_00043246.JPEG
ImageNet,ILSVRC2012_val_00008457.JPEG
ImageNet,ILSVRC2012_val_00031708.JPEG
ImageNet,ILSVRC2012_val_00030684.JPEG
ImageNet,ILSVRC2012_val_00035724.JPEG
ImageNet,ILSVRC2012_val_00047402.JPEG
ImageNet,ILSVRC2012_val_00001170.JPEG
ImageNet,ILSVRC2012_val_00012026.JPEG
ImageNet,ILSVRC2012_val_00043236.JPEG
ImageNet,ILSVRC2012_val_00014696.JPEG
ImageNet,ILSVRC2012_val_00022886.JPEG
ImageNet,ILSVRC2012_val_00005565.JPEG
ImageNet,ILSVRC2012_val_00015605.JPEG
ImageNet,ILSVRC2012_val_00025936.JPEG
ImageNet,ILSVRC2012_val_00023025.JPEG
ImageNet,ILSVRC2012_val_00043043.JPEG
ImageNet,ILSVRC2012_val_00036925.JPEG
ImageNet,ILSVRC2012_val_00027183.JPEG
ImageNet,ILSVRC2012_val_00001211.JPEG
ImageNet,ILSVRC2012_val_00049814.JPEG
ImageNet,ILSVRC2012_val_00015306.JPEG
ImageNet,ILSVRC2012_val_00004097.JPEG
ImageNet,ILSVRC2012_val_00026891.JPEG
ImageNet,ILSVRC2012_val_00023674.JPEG
ImageNet,ILSVRC2012_val_00040436.JPEG
ImageNet,ILSVRC2012_val_00011251.JPEG
ImageNet,ILSVRC2012_val_00016437.JPEG
ImageNet,ILSVRC2012_val_00044725.JPEG
ImageNet,ILSVRC2012_val_00025587.JPEG
ImageNet,ILSVRC2012_val_00014311.JPEG
ImageNet,ILSVRC2012_val_00010944.JPEG
ImageNet,ILSVRC2012_val_00010755.JPEG
ImageNet,ILSVRC2012_val_00006602.JPEG
ImageNet,ILSVRC2012_val_00004998.JPEG
ImageNet,ILSVRC2012_val_00045148.JPEG
ImageNet,ILSVRC2012_val_00004498.JPEG
ImageNet,ILSVRC2012_val_00006033.JPEG
ImageNet,ILSVRC2012_val_00046300.JPEG
ImageNet,ILSVRC2012_val_00035689.JPEG
ImageNet,ILSVRC2012_val_00032049.JPEG
ImageNet,ILSVRC2012_val_00032687.JPEG
ImageNet,ILSVRC2012_val_00039356.JPEG
ImageNet,ILSVRC2012_val_00010714.JPEG
ImageNet,ILSVRC2012_val_00030121.JPEG
ImageNet,ILSVRC2012_val_00017538.JPEG
ImageNet,ILSVRC2012_val_00025623.JPEG
ImageNet,ILSVRC2012_val_00026273.JPEG
ImageNet,ILSVRC2012_val_00023774.JPEG
ImageNet,ILSVRC2012_val_00035626.JPEG
ImageNet,ILSVRC2012_val_00045474.JPEG
ImageNet,ILSVRC2012_val_00042139.JPEG
ImageNet,ILSVRC2012_val_00023261.JPEG
ImageNet,ILSVRC2012_val_00013882.JPEG
ImageNet,ILSVRC2012_val_00031237.JPEG
ImageNet,ILSVRC2012_val_00038934.JPEG
ImageNet,ILSVRC2012_val_00028639.JPEG
ImageNet,ILSVRC2012_val_00031875.JPEG
ImageNet,ILSVRC2012_val_00045581.JPEG
ImageNet,ILSVRC2012_val_00025959.JPEG
ImageNet,ILSVRC2012_val_00038146.JPEG
ImageNet,ILSVRC2012_val_00032763.JPEG
ImageNet,ILSVRC2012_val_00043390.JPEG
ImageNet,ILSVRC2012_val_00036411.JPEG
ImageNet,ILSVRC2012_val_00039913.JPEG
ImageNet,ILSVRC2012_val_00016441.JPEG
ImageNet,ILSVRC2012_val_00042254.JPEG
ImageNet,ILSVRC2012_val_00006196.JPEG
ImageNet,ILSVRC2012_val_00010688.JPEG
ImageNet,ILSVRC2012_val_00009182.JPEG
ImageNet,ILSVRC2012_val_00047085.JPEG
ImageNet,ILSVRC2012_val_00034379.JPEG
ImageNet,ILSVRC2012_val_00028644.JPEG
ImageNet,ILSVRC2012_val_00002538.JPEG
ImageNet,ILSVRC2012_val_00026550.JPEG
ImageNet,ILSVRC2012_val_00015773.JPEG
ImageNet,ILSVRC2012_val_00030922.JPEG
ImageNet,ILSVRC2012_val_00007688.JPEG
ImageNet,ILSVRC2012_val_00017699.JPEG
ImageNet,ILSVRC2012_val_00046766.JPEG
ImageNet,ILSVRC2012_val_00019420.JPEG
ImageNet,ILSVRC2012_val_00012148.JPEG
ImageNet,ILSVRC2012_val_00023090.JPEG
ImageNet,ILSVRC2012_val_00038869.JPEG
ImageNet,ILSVRC2012_val_00006312.JPEG
ImageNet,ILSVRC2012_val_00017844.JPEG
ImageNet,ILSVRC2012_val_00018328.JPEG
ImageNet,ILSVRC2012_val_00041546.JPEG
ImageNet,ILSVRC2012_val_00010884.JPEG
ImageNet,ILSVRC2012_val_00021218.JPEG
ImageNet,ILSVRC2012_val_00033817.JPEG
ImageNet,ILSVRC2012_val_00014717.JPEG
ImageNet,ILSVRC2012_val_00020639.JPEG
ImageNet,ILSVRC2012_val_00007953.JPEG
ImageNet,ILSVRC2012_val_00044980.JPEG
ImageNet,ILSVRC2012_val_00032910.JPEG
ImageNet,ILSVRC2012_val_00023519.JPEG
ImageNet,ILSVRC2012_val_00032670.JPEG
ImageNet,ILSVRC2012_val_00039332.JPEG
ImageNet,ILSVRC2012_val_00004033.JPEG
ImageNet,ILSVRC2012_val_00017306.JPEG
ImageNet,ILSVRC2012_val_00001115.JPEG
ImageNet,ILSVRC2012_val_00017679.JPEG
ImageNet,ILSVRC2012_val_00007730.JPEG
ImageNet,ILSVRC2012_val_00039324.JPEG
ImageNet,ILSVRC2012_val_00029357.JPEG
ImageNet,ILSVRC2012_val_00029852.JPEG
ImageNet,ILSVRC2012_val_00016117.JPEG
ImageNet,ILSVRC2012_val_00014933.JPEG
ImageNet,ILSVRC2012_val_00049276.JPEG
ImageNet,ILSVRC2012_val_00031442.JPEG
ImageNet,ILSVRC2012_val_00009702.JPEG
ImageNet,ILSVRC2012_val_00013337.JPEG
ImageNet,ILSVRC2012_val_00036713.JPEG
ImageNet,ILSVRC2012_val_00035948.JPEG
ImageNet,ILSVRC2012_val_00039145.JPEG
ImageNet,ILSVRC2012_val_00015062.JPEG
ImageNet,ILSVRC2012_val_00015242.JPEG
ImageNet,ILSVRC2012_val_00032852.JPEG
ImageNet,ILSVRC2012_val_00035122.JPEG
ImageNet,ILSVRC2012_val_00021707.JPEG
ImageNet,ILSVRC2012_val_00011461.JPEG
ImageNet,ILSVRC2012_val_00023415.JPEG
ImageNet,ILSVRC2012_val_00027826.JPEG
ImageNet,ILSVRC2012_val_00023916.JPEG
ImageNet,ILSVRC2012_val_00013262.JPEG
ImageNet,ILSVRC2012_val_00047929.JPEG
ImageNet,ILSVRC2012_val_00013692.JPEG
ImageNet,ILSVRC2012_val_00046240.JPEG
ImageNet,ILSVRC2012_val_00026475.JPEG
ImageNet,ILSVRC2012_val_00028550.JPEG
ImageNet,ILSVRC2012_val_00007617.JPEG
ImageNet,ILSVRC2012_val_00024748.JPEG
ImageNet,ILSVRC2012_val_00006444.JPEG
ImageNet,ILSVRC2012_val_00017893.JPEG
ImageNet,ILSVRC2012_val_00016219.JPEG
ImageNet,ILSVRC2012_val_00008433.JPEG
ImageNet,ILSVRC2012_val_00032942.JPEG
ImageNet,ILSVRC2012_val_00042220.JPEG
ImageNet,ILSVRC2012_val_00045897.JPEG
ImageNet,ILSVRC2012_val_00010616.JPEG
ImageNet,ILSVRC2012_val_00011847.JPEG
ImageNet,ILSVRC2012_val_00007083.JPEG
ImageNet,ILSVRC2012_val_00004185.JPEG
ImageNet,ILSVRC2012_val_00042364.JPEG
ImageNet,ILSVRC2012_val_00021603.JPEG
ImageNet,ILSVRC2012_val_00013586.JPEG
ImageNet,ILSVRC2012_val_00039358.JPEG
ImageNet,ILSVRC2012_val_00001130.JPEG
ImageNet,ILSVRC2012_val_00048406.JPEG
ImageNet,ILSVRC2012_val_00021368.JPEG
ImageNet,ILSVRC2012_val_00013933.JPEG
ImageNet,ILSVRC2012_val_00033431.JPEG
ImageNet,ILSVRC2012_val_00021012.JPEG
ImageNet,ILSVRC2012_val_00030656.JPEG
ImageNet,ILSVRC2012_val_00036568.JPEG
ImageNet,ILSVRC2012_val_00045514.JPEG
ImageNet,ILSVRC2012_val_00014036.JPEG
ImageNet,ILSVRC2012_val_00003008.JPEG
ImageNet,ILSVRC2012_val_00040189.JPEG
ImageNet,ILSVRC2012_val_00029908.JPEG
ImageNet,ILSVRC2012_val_00011917.JPEG
ImageNet,ILSVRC2012_val_00010738.JPEG
ImageNet,ILSVRC2012_val_00008143.JPEG
ImageNet,ILSVRC2012_val_00036397.JPEG
ImageNet,ILSVRC2012_val_00035258.JPEG
ImageNet,ILSVRC2012_val_00033170.JPEG
ImageNet,ILSVRC2012_val_00001930.JPEG
ImageNet,ILSVRC2012_val_00010560.JPEG
ImageNet,ILSVRC2012_val_00041278.JPEG
ImageNet,ILSVRC2012_val_00018976.JPEG
ImageNet,ILSVRC2012_val_00038998.JPEG
ImageNet,ILSVRC2012_val_00012189.JPEG
ImageNet,ILSVRC2012_val_00025479.JPEG
ImageNet,ILSVRC2012_val_00024779.JPEG
ImageNet,ILSVRC2012_val_00024474.JPEG
ImageNet,ILSVRC2012_val_00044151.JPEG
ImageNet,ILSVRC2012_val_00009929.JPEG
ImageNet,ILSVRC2012_val_00023710.JPEG
ImageNet,ILSVRC2012_val_00032851.JPEG
ImageNet,ILSVRC2012_val_00034064.JPEG
ImageNet,ILSVRC2012_val_00041804.JPEG
ImageNet,ILSVRC2012_val_00001146.JPEG
ImageNet,ILSVRC2012_val_00002812.JPEG
ImageNet,ILSVRC2012_val_00035246.JPEG
ImageNet,ILSVRC2012_val_00020603.JPEG
ImageNet,ILSVRC2012_val_00025885.JPEG
ImageNet,ILSVRC2012_val_00006470.JPEG
ImageNet,ILSVRC2012_val_00038906.JPEG
ImageNet,ILSVRC2012_val_00032716.JPEG
ImageNet,ILSVRC2012_val_00036539.JPEG
ImageNet,ILSVRC2012_val_00041070.JPEG
ImageNet,ILSVRC2012_val_00013459.JPEG
ImageNet,ILSVRC2012_val_00013355.JPEG
ImageNet,ILSVRC2012_val_00044571.JPEG
ImageNet,ILSVRC2012_val_00002741.JPEG
ImageNet,ILSVRC2012_val_00026491.JPEG
ImageNet,ILSVRC2012_val_00008310.JPEG
ImageNet,ILSVRC2012_val_00047757.JPEG
ImageNet,ILSVRC2012_val_00033379.JPEG
ImageNet,ILSVRC2012_val_00031976.JPEG
ImageNet,ILSVRC2012_val_00045552.JPEG
ImageNet,ILSVRC2012_val_00035962.JPEG
ImageNet,ILSVRC2012_val_00046671.JPEG
ImageNet,ILSVRC2012_val_00020755.JPEG
ImageNet,ILSVRC2012_val_00037024.JPEG
ImageNet,ILSVRC2012_val_00048829.JPEG
ImageNet,ILSVRC2012_val_00012291.JPEG
ImageNet,ILSVRC2012_val_00012949.JPEG
ImageNet,ILSVRC2012_val_00041730.JPEG
ImageNet,ILSVRC2012_val_00024808.JPEG
ImageNet,ILSVRC2012_val_00036994.JPEG
ImageNet,ILSVRC2012_val_00012650.JPEG
ImageNet,ILSVRC2012_val_00039253.JPEG
ImageNet,ILSVRC2012_val_00029189.JPEG
ImageNet,ILSVRC2012_val_00047624.JPEG
ImageNet,ILSVRC2012_val_00002897.JPEG
ImageNet,ILSVRC2012_val_00036014.JPEG
ImageNet,ILSVRC2012_val_00028904.JPEG
ImageNet,ILSVRC2012_val_00047871.JPEG
ImageNet,ILSVRC2012_val_00003911.JPEG
ImageNet,ILSVRC2012_val_00012784.JPEG
ImageNet,ILSVRC2012_val_00022779.JPEG
ImageNet,ILSVRC2012_val_00020669.JPEG
ImageNet,ILSVRC2012_val_00035214.JPEG
ImageNet,ILSVRC2012_val_00033929.JPEG
ImageNet,ILSVRC2012_val_00026751.JPEG
ImageNet,ILSVRC2012_val_00049853.JPEG
ImageNet,ILSVRC2012_val_00049323.JPEG
ImageNet,ILSVRC2012_val_00029746.JPEG
ImageNet,ILSVRC2012_val_00018162.JPEG
ImageNet,ILSVRC2012_val_00043259.JPEG
ImageNet,ILSVRC2012_val_00031148.JPEG
ImageNet,ILSVRC2012_val_00030309.JPEG
ImageNet,ILSVRC2012_val_00001374.JPEG
ImageNet,ILSVRC2012_val_00039505.JPEG
ImageNet,ILSVRC2012_val_00007894.JPEG
ImageNet,ILSVRC2012_val_00013005.JPEG
ImageNet,ILSVRC2012_val_00040782.JPEG
ImageNet,ILSVRC2012_val_00013718.JPEG
ImageNet,ILSVRC2012_val_00034431.JPEG
ImageNet,ILSVRC2012_val_00024015.JPEG
ImageNet,ILSVRC2012_val_00021398.JPEG
ImageNet,ILSVRC2012_val_00020799.JPEG
ImageNet,ILSVRC2012_val_00009760.JPEG
ImageNet,ILSVRC2012_val_00001075.JPEG
ImageNet,ILSVRC2012_val_00010355.JPEG
ImageNet,ILSVRC2012_val_00022231.JPEG
ImageNet,ILSVRC2012_val_00045089.JPEG
ImageNet,ILSVRC2012_val_00022952.JPEG
ImageNet,ILSVRC2012_val_00044579.JPEG
ImageNet,ILSVRC2012_val_00013686.JPEG
ImageNet,ILSVRC2012_val_00040168.JPEG
ImageNet,ILSVRC2012_val_00020365.JPEG
ImageNet,ILSVRC2012_val_00045080.JPEG
ImageNet,ILSVRC2012_val_00018741.JPEG
ImageNet,ILSVRC2012_val_00026792.JPEG
ImageNet,ILSVRC2012_val_00011187.JPEG
ImageNet,ILSVRC2012_val_00025922.JPEG
ImageNet,ILSVRC2012_val_00043511.JPEG
ImageNet,ILSVRC2012_val_00043333.JPEG
ImageNet,ILSVRC2012_val_00038536.JPEG
ImageNet,ILSVRC2012_val_00045169.JPEG
ImageNet,ILSVRC2012_val_00018042.JPEG
ImageNet,ILSVRC2012_val_00032791.JPEG
ImageNet,ILSVRC2012_val_00001741.JPEG
ImageNet,ILSVRC2012_val_00037437.JPEG
ImageNet,ILSVRC2012_val_00010636.JPEG
ImageNet,ILSVRC2012_val_00002979.JPEG
ImageNet,ILSVRC2012_val_00031255.JPEG
ImageNet,ILSVRC2012_val_00016515.JPEG
ImageNet,ILSVRC2012_val_00029471.JPEG
ImageNet,ILSVRC2012_val_00044608.JPEG
ImageNet,ILSVRC2012_val_00017942.JPEG
ImageNet,ILSVRC2012_val_00001489.JPEG
ImageNet,ILSVRC2012_val_00001745.JPEG
ImageNet,ILSVRC2012_val_00017308.JPEG
ImageNet,ILSVRC2012_val_00038211.JPEG
ImageNet,ILSVRC2012_val_00018728.JPEG
ImageNet,ILSVRC2012_val_00041479.JPEG
ImageNet,ILSVRC2012_val_00029943.JPEG
ImageNet,ILSVRC2012_val_00009918.JPEG
ImageNet,ILSVRC2012_val_00020061.JPEG
ImageNet,ILSVRC2012_val_00029773.JPEG
ImageNet,ILSVRC2012_val_00029479.JPEG
ImageNet,ILSVRC2012_val_00025915.JPEG
ImageNet,ILSVRC2012_val_00024195.JPEG
ImageNet,ILSVRC2012_val_00042339.JPEG
ImageNet,ILSVRC2012_val_00037724.JPEG
ImageNet,ILSVRC2012_val_00003890.JPEG
ImageNet,ILSVRC2012_val_00041986.JPEG
ImageNet,ILSVRC2012_val_00020951.JPEG
ImageNet,ILSVRC2012_val_00022677.JPEG
ImageNet,ILSVRC2012_val_00036227.JPEG
ImageNet,ILSVRC2012_val_00001818.JPEG
ImageNet,ILSVRC2012_val_00017603.JPEG
ImageNet,ILSVRC2012_val_00037052.JPEG
ImageNet,ILSVRC2012_val_00019146.JPEG
ImageNet,ILSVRC2012_val_00038955.JPEG
ImageNet,ILSVRC2012_val_00037744.JPEG
ImageNet,ILSVRC2012_val_00006504.JPEG
ImageNet,ILSVRC2012_val_00013452.JPEG
ImageNet,ILSVRC2012_val_00030025.JPEG
ImageNet,ILSVRC2012_val_00009134.JPEG
ImageNet,ILSVRC2012_val_00011459.JPEG
ImageNet,ILSVRC2012_val_00032671.JPEG
ImageNet,ILSVRC2012_val_00004440.JPEG
ImageNet,ILSVRC2012_val_00016554.JPEG
ImageNet,ILSVRC2012_val_00019009.JPEG
ImageNet,ILSVRC2012_val_00045883.JPEG
ImageNet,ILSVRC2012_val_00018499.JPEG
ImageNet,ILSVRC2012_val_00023001.JPEG
ImageNet,ILSVRC2012_val_00003265.JPEG
ImageNet,ILSVRC2012_val_00043547.JPEG
ImageNet,ILSVRC2012_val_00014204.JPEG
ImageNet,ILSVRC2012_val_00004655.JPEG
ImageNet,ILSVRC2012_val_00039088.JPEG
ImageNet,ILSVRC2012_val_00025775.JPEG
ImageNet,ILSVRC2012_val_00025300.JPEG
ImageNet,ILSVRC2012_val_00008553.JPEG
ImageNet,ILSVRC2012_val_00040045.JPEG
ImageNet,ILSVRC2012_val_00022236.JPEG
ImageNet,ILSVRC2012_val_00025951.JPEG
ImageNet,ILSVRC2012_val_00017882.JPEG
ImageNet,ILSVRC2012_val_00038418.JPEG
ImageNet,ILSVRC2012_val_00037723.JPEG
ImageNet,ILSVRC2012_val_00024609.JPEG
ImageNet,ILSVRC2012_val_00026132.JPEG
ETTm1,HULL,4,1,43780,46083,2017-09-30 01:00:00,2017-10-24 00:45:00
ETTm1,MUFL,87,2,43863,46166,2017-09-30 21:45:00,2017-10-24 21:30:00
ETTm1,OT,214,6,43990,46293,2017-10-02 05:30:00,2017-10-26 05:15:00
ETTm1,LULL,234,5,44010,46313,2017-10-02 10:30:00,2017-10-26 10:15:00
ETTm1,LULL,259,5,44035,46338,2017-10-02 16:45:00,2017-10-26 16:30:00
ETTm1,LUFL,279,4,44055,46358,2017-10-02 21:45:00,2017-10-26 21:30:00
ETTm1,HULL,292,1,44068,46371,2017-10-03 01:00:00,2017-10-27 00:45:00
ETTm1,LULL,344,5,44120,46423,2017-10-03 14:00:00,2017-10-27 13:45:00
ETTm1,HUFL,361,0,44137,46440,2017-10-03 18:15:00,2017-10-27 18:00:00
ETTm1,LULL,425,5,44201,46504,2017-10-04 10:15:00,2017-10-28 10:00:00
ETTm1,LUFL,432,4,44208,46511,2017-10-04 12:00:00,2017-10-28 11:45:00
ETTm1,HUFL,478,0,44254,46557,2017-10-04 23:30:00,2017-10-28 23:15:00
ETTm1,OT,610,6,44386,46689,2017-10-06 08:30:00,2017-10-30 08:15:00
ETTm1,HULL,623,1,44399,46702,2017-10-06 11:45:00,2017-10-30 11:30:00
ETTm1,OT,645,6,44421,46724,2017-10-06 17:15:00,2017-10-30 17:00:00
ETTm1,OT,705,6,44481,46784,2017-10-07 08:15:00,2017-10-31 08:00:00
ETTm1,OT,711,6,44487,46790,2017-10-07 09:45:00,2017-10-31 09:30:00
ETTm1,HULL,729,1,44505,46808,2017-10-07 14:15:00,2017-10-31 14:00:00
ETTm1,HUFL,766,0,44542,46845,2017-10-07 23:30:00,2017-10-31 23:15:00
ETTm1,HUFL,874,0,44650,46953,2017-10-09 02:30:00,2017-11-02 02:15:00
ETTm1,MUFL,899,2,44675,46978,2017-10-09 08:45:00,2017-11-02 08:30:00
ETTm1,LUFL,919,4,44695,46998,2017-10-09 13:45:00,2017-11-02 13:30:00
ETTm1,MUFL,969,2,44745,47048,2017-10-10 02:15:00,2017-11-03 02:00:00
ETTm1,MUFL,978,2,44754,47057,2017-10-10 04:30:00,2017-11-03 04:15:00
ETTm1,MULL,1053,3,44829,47132,2017-10-10 23:15:00,2017-11-03 23:00:00
ETTm1,MULL,1077,3,44853,47156,2017-10-11 05:15:00,2017-11-04 05:00:00
ETTm1,MUFL,1097,2,44873,47176,2017-10-11 10:15:00,2017-11-04 10:00:00
ETTm1,LUFL,1101,4,44877,47180,2017-10-11 11:15:00,2017-11-04 11:00:00
ETTm1,HUFL,1114,0,44890,47193,2017-10-11 14:30:00,2017-11-04 14:15:00
ETTm1,MUFL,1120,2,44896,47199,2017-10-11 16:00:00,2017-11-04 15:45:00
ETTm1,HULL,1123,1,44899,47202,2017-10-11 16:45:00,2017-11-04 16:30:00
ETTm1,HUFL,1137,0,44913,47216,2017-10-11 20:15:00,2017-11-04 20:00:00
ETTm1,OT,1140,6,44916,47219,2017-10-11 21:00:00,2017-11-04 20:45:00
ETTm1,OT,1146,6,44922,47225,2017-10-11 22:30:00,2017-11-04 22:15:00
ETTm1,MULL,1149,3,44925,47228,2017-10-11 23:15:00,2017-11-04 23:00:00
ETTm1,MULL,1172,3,44948,47251,2017-10-12 05:00:00,2017-11-05 04:45:00
ETTm1,HUFL,1213,0,44989,47292,2017-10-12 15:15:00,2017-11-05 15:00:00
ETTm1,LULL,1228,5,45004,47307,2017-10-12 19:00:00,2017-11-05 18:45:00
ETTm1,HULL,1229,1,45005,47308,2017-10-12 19:15:00,2017-11-05 19:00:00
ETTm1,HUFL,1269,0,45045,47348,2017-10-13 05:15:00,2017-11-06 05:00:00
ETTm1,LUFL,1323,4,45099,47402,2017-10-13 18:45:00,2017-11-06 18:30:00
ETTm1,LUFL,1334,4,45110,47413,2017-10-13 21:30:00,2017-11-06 21:15:00
ETTm1,LUFL,1419,4,45195,47498,2017-10-14 18:45:00,2017-11-07 18:30:00
ETTm1,LUFL,1424,4,45200,47503,2017-10-14 20:00:00,2017-11-07 19:45:00
ETTm1,LUFL,1444,4,45220,47523,2017-10-15 01:00:00,2017-11-08 00:45:00
ETTm1,OT,1451,6,45227,47530,2017-10-15 02:45:00,2017-11-08 02:30:00
ETTm1,OT,1508,6,45284,47587,2017-10-15 17:00:00,2017-11-08 16:45:00
ETTm1,MULL,1577,3,45353,47656,2017-10-16 10:15:00,2017-11-09 10:00:00
ETTm1,OT,1663,6,45439,47742,2017-10-17 07:45:00,2017-11-10 07:30:00
ETTm1,HULL,1691,1,45467,47770,2017-10-17 14:45:00,2017-11-10 14:30:00
ETTm1,HUFL,1712,0,45488,47791,2017-10-17 20:00:00,2017-11-10 19:45:00
ETTm1,HULL,1746,1,45522,47825,2017-10-18 04:30:00,2017-11-11 04:15:00
ETTm1,HULL,1774,1,45550,47853,2017-10-18 11:30:00,2017-11-11 11:15:00
ETTm1,OT,1806,6,45582,47885,2017-10-18 19:30:00,2017-11-11 19:15:00
ETTm1,HULL,1818,1,45594,47897,2017-10-18 22:30:00,2017-11-11 22:15:00
ETTm1,HULL,1875,1,45651,47954,2017-10-19 12:45:00,2017-11-12 12:30:00
ETTm1,LULL,1989,5,45765,48068,2017-10-20 17:15:00,2017-11-13 17:00:00
ETTm1,OT,2006,6,45782,48085,2017-10-20 21:30:00,2017-11-13 21:15:00
ETTm1,MULL,2020,3,45796,48099,2017-10-21 01:00:00,2017-11-14 00:45:00
ETTm1,MUFL,2029,2,45805,48108,2017-10-21 03:15:00,2017-11-14 03:00:00
ETTm1,LUFL,2052,4,45828,48131,2017-10-21 09:00:00,2017-11-14 08:45:00
ETTm1,LUFL,2113,4,45889,48192,2017-10-22 00:15:00,2017-11-15 00:00:00
ETTm1,MULL,2258,3,46034,48337,2017-10-23 12:30:00,2017-11-16 12:15:00
ETTm1,HUFL,2263,0,46039,48342,2017-10-23 13:45:00,2017-11-16 13:30:00
ETTm1,LULL,2277,5,46053,48356,2017-10-23 17:15:00,2017-11-16 17:00:00
ETTm1,LULL,2278,5,46054,48357,2017-10-23 17:30:00,2017-11-16 17:15:00
ETTm1,MULL,2344,3,46120,48423,2017-10-24 10:00:00,2017-11-17 09:45:00
ETTm1,LULL,2405,5,46181,48484,2017-10-25 01:15:00,2017-11-18 01:00:00
ETTm1,HULL,2434,1,46210,48513,2017-10-25 08:30:00,2017-11-18 08:15:00
ETTm1,LULL,2465,5,46241,48544,2017-10-25 16:15:00,2017-11-18 16:00:00
ETTm1,LUFL,2509,4,46285,48588,2017-10-26 03:15:00,2017-11-19 03:00:00
ETTm1,OT,2545,6,46321,48624,2017-10-26 12:15:00,2017-11-19 12:00:00
ETTm1,LULL,2563,5,46339,48642,2017-10-26 16:45:00,2017-11-19 16:30:00
ETTm1,MUFL,2589,2,46365,48668,2017-10-26 23:15:00,2017-11-19 23:00:00
ETTm1,LULL,2603,5,46379,48682,2017-10-27 02:45:00,2017-11-20 02:30:00
ETTm1,OT,2612,6,46388,48691,2017-10-27 05:00:00,2017-11-20 04:45:00
ETTm1,HUFL,2615,0,46391,48694,2017-10-27 05:45:00,2017-11-20 05:30:00
ETTm1,OT,2649,6,46425,48728,2017-10-27 14:15:00,2017-11-20 14:00:00
ETTm1,OT,2663,6,46439,48742,2017-10-27 17:45:00,2017-11-20 17:30:00
ETTm1,HUFL,2683,0,46459,48762,2017-10-27 22:45:00,2017-11-20 22:30:00
ETTm1,LUFL,2703,4,46479,48782,2017-10-28 03:45:00,2017-11-21 03:30:00
ETTm1,MUFL,2718,2,46494,48797,2017-10-28 07:30:00,2017-11-21 07:15:00
ETTm1,LUFL,2790,4,46566,48869,2017-10-29 01:30:00,2017-11-22 01:15:00
ETTm1,MUFL,2885,2,46661,48964,2017-10-30 01:15:00,2017-11-23 01:00:00
ETTm1,MULL,2915,3,46691,48994,2017-10-30 08:45:00,2017-11-23 08:30:00
ETTm1,MULL,2921,3,46697,49000,2017-10-30 10:15:00,2017-11-23 10:00:00
ETTm1,LULL,3007,5,46783,49086,2017-10-31 07:45:00,2017-11-24 07:30:00
ETTm1,HUFL,3008,0,46784,49087,2017-10-31 08:00:00,2017-11-24 07:45:00
ETTm1,LULL,3021,5,46797,49100,2017-10-31 11:15:00,2017-11-24 11:00:00
ETTm1,OT,3112,6,46888,49191,2017-11-01 10:00:00,2017-11-25 09:45:00
ETTm1,LUFL,3136,4,46912,49215,2017-11-01 16:00:00,2017-11-25 15:45:00
ETTm1,HUFL,3162,0,46938,49241,2017-11-01 22:30:00,2017-11-25 22:15:00
ETTm1,MUFL,3190,2,46966,49269,2017-11-02 05:30:00,2017-11-26 05:15:00
ETTm1,LUFL,3262,4,47038,49341,2017-11-02 23:30:00,2017-11-26 23:15:00
ETTm1,HUFL,3329,0,47105,49408,2017-11-03 16:15:00,2017-11-27 16:00:00
ETTm1,LULL,3350,5,47126,49429,2017-11-03 21:30:00,2017-11-27 21:15:00
ETTm1,OT,3370,6,47146,49449,2017-11-04 02:30:00,2017-11-28 02:15:00
ETTm1,HULL,3373,1,47149,49452,2017-11-04 03:15:00,2017-11-28 03:00:00
ETTm1,LUFL,3455,4,47231,49534,2017-11-04 23:45:00,2017-11-28 23:30:00
ETTm1,MULL,3456,3,47232,49535,2017-11-05 00:00:00,2017-11-28 23:45:00
ETTm1,OT,3473,6,47249,49552,2017-11-05 04:15:00,2017-11-29 04:00:00
ETTm1,MULL,3549,3,47325,49628,2017-11-05 23:15:00,2017-11-29 23:00:00
ETTm1,MULL,3552,3,47328,49631,2017-11-06 00:00:00,2017-11-29 23:45:00
ETTm1,LULL,3572,5,47348,49651,2017-11-06 05:00:00,2017-11-30 04:45:00
ETTm1,LUFL,3751,4,47527,49830,2017-11-08 01:45:00,2017-12-02 01:30:00
ETTm1,HUFL,3758,0,47534,49837,2017-11-08 03:30:00,2017-12-02 03:15:00
ETTm1,HULL,3792,1,47568,49871,2017-11-08 12:00:00,2017-12-02 11:45:00
ETTm1,OT,3792,6,47568,49871,2017-11-08 12:00:00,2017-12-02 11:45:00
ETTm1,MUFL,3796,2,47572,49875,2017-11-08 13:00:00,2017-12-02 12:45:00
ETTm1,MULL,3802,3,47578,49881,2017-11-08 14:30:00,2017-12-02 14:15:00
ETTm1,MULL,3808,3,47584,49887,2017-11-08 16:00:00,2017-12-02 15:45:00
ETTm1,LULL,3842,5,47618,49921,2017-11-09 00:30:00,2017-12-03 00:15:00
ETTm1,LULL,3860,5,47636,49939,2017-11-09 05:00:00,2017-12-03 04:45:00
ETTm1,LULL,3936,5,47712,50015,2017-11-10 00:00:00,2017-12-03 23:45:00
ETTm1,MULL,4024,3,47800,50103,2017-11-10 22:00:00,2017-12-04 21:45:00
ETTm1,LULL,4088,5,47864,50167,2017-11-11 14:00:00,2017-12-05 13:45:00
ETTm1,OT,4093,6,47869,50172,2017-11-11 15:15:00,2017-12-05 15:00:00
ETTm1,HULL,4156,1,47932,50235,2017-11-12 07:00:00,2017-12-06 06:45:00
ETTm1,HUFL,4167,0,47943,50246,2017-11-12 09:45:00,2017-12-06 09:30:00
ETTm1,OT,4173,6,47949,50252,2017-11-12 11:15:00,2017-12-06 11:00:00
ETTm1,OT,4179,6,47955,50258,2017-11-12 12:45:00,2017-12-06 12:30:00
ETTm1,HUFL,4184,0,47960,50263,2017-11-12 14:00:00,2017-12-06 13:45:00
ETTm1,HULL,4198,1,47974,50277,2017-11-12 17:30:00,2017-12-06 17:15:00
ETTm1,HUFL,4236,0,48012,50315,2017-11-13 03:00:00,2017-12-07 02:45:00
ETTm1,HULL,4258,1,48034,50337,2017-11-13 08:30:00,2017-12-07 08:15:00
ETTm1,MULL,4347,3,48123,50426,2017-11-14 06:45:00,2017-12-08 06:30:00
ETTm1,HULL,4366,1,48142,50445,2017-11-14 11:30:00,2017-12-08 11:15:00
ETTm1,LULL,4421,5,48197,50500,2017-11-15 01:15:00,2017-12-09 01:00:00
ETTm1,MUFL,4709,2,48485,50788,2017-11-18 01:15:00,2017-12-12 01:00:00
ETTm1,MUFL,4754,2,48530,50833,2017-11-18 12:30:00,2017-12-12 12:15:00
ETTm1,LULL,4836,5,48612,50915,2017-11-19 09:00:00,2017-12-13 08:45:00
ETTm1,MULL,4966,3,48742,51045,2017-11-20 17:30:00,2017-12-14 17:15:00
ETTm1,HUFL,4987,0,48763,51066,2017-11-20 22:45:00,2017-12-14 22:30:00
ETTm1,MUFL,5022,2,48798,51101,2017-11-21 07:30:00,2017-12-15 07:15:00
ETTm1,OT,5065,6,48841,51144,2017-11-21 18:15:00,2017-12-15 18:00:00
ETTm1,HUFL,5099,0,48875,51178,2017-11-22 02:45:00,2017-12-16 02:30:00
ETTm1,OT,5173,6,48949,51252,2017-11-22 21:15:00,2017-12-16 21:00:00
ETTm1,HUFL,5213,0,48989,51292,2017-11-23 07:15:00,2017-12-17 07:00:00
ETTm1,MULL,5229,3,49005,51308,2017-11-23 11:15:00,2017-12-17 11:00:00
ETTm1,MUFL,5246,2,49022,51325,2017-11-23 15:30:00,2017-12-17 15:15:00
ETTm1,MUFL,5252,2,49028,51331,2017-11-23 17:00:00,2017-12-17 16:45:00
ETTm1,HUFL,5306,0,49082,51385,2017-11-24 06:30:00,2017-12-18 06:15:00
ETTm1,HULL,5361,1,49137,51440,2017-11-24 20:15:00,2017-12-18 20:00:00
ETTm1,HUFL,5387,0,49163,51466,2017-11-25 02:45:00,2017-12-19 02:30:00
ETTm1,HUFL,5395,0,49171,51474,2017-11-25 04:45:00,2017-12-19 04:30:00
ETTm1,OT,5402,6,49178,51481,2017-11-25 06:30:00,2017-12-19 06:15:00
ETTm1,HULL,5524,1,49300,51603,2017-11-26 13:00:00,2017-12-20 12:45:00
ETTm1,HULL,5560,1,49336,51639,2017-11-26 22:00:00,2017-12-20 21:45:00
ETTm1,OT,5589,6,49365,51668,2017-11-27 05:15:00,2017-12-21 05:00:00
ETTm1,MULL,5597,3,49373,51676,2017-11-27 07:15:00,2017-12-21 07:00:00
ETTm1,LUFL,5658,4,49434,51737,2017-11-27 22:30:00,2017-12-21 22:15:00
ETTm1,LUFL,5703,4,49479,51782,2017-11-28 09:45:00,2017-12-22 09:30:00
ETTm1,LUFL,5717,4,49493,51796,2017-11-28 13:15:00,2017-12-22 13:00:00
ETTm1,HULL,5763,1,49539,51842,2017-11-29 00:45:00,2017-12-23 00:30:00
ETTm1,MULL,5789,3,49565,51868,2017-11-29 07:15:00,2017-12-23 07:00:00
ETTm1,OT,5908,6,49684,51987,2017-11-30 13:00:00,2017-12-24 12:45:00
ETTm1,MULL,5923,3,49699,52002,2017-11-30 16:45:00,2017-12-24 16:30:00
ETTm1,MUFL,5986,2,49762,52065,2017-12-01 08:30:00,2017-12-25 08:15:00
ETTm1,OT,5988,6,49764,52067,2017-12-01 09:00:00,2017-12-25 08:45:00
ETTm1,MULL,6092,3,49868,52171,2017-12-02 11:00:00,2017-12-26 10:45:00
ETTm1,HUFL,6093,0,49869,52172,2017-12-02 11:15:00,2017-12-26 11:00:00
ETTm1,MUFL,6160,2,49936,52239,2017-12-03 04:00:00,2017-12-27 03:45:00
ETTm1,MULL,6173,3,49949,52252,2017-12-03 07:15:00,2017-12-27 07:00:00
ETTm1,HUFL,6288,0,50064,52367,2017-12-04 12:00:00,2017-12-28 11:45:00
ETTm1,MUFL,6291,2,50067,52370,2017-12-04 12:45:00,2017-12-28 12:30:00
ETTm1,HUFL,6309,0,50085,52388,2017-12-04 17:15:00,2017-12-28 17:00:00
ETTm1,LUFL,6365,4,50141,52444,2017-12-05 07:15:00,2017-12-29 07:00:00
ETTm1,HULL,6407,1,50183,52486,2017-12-05 17:45:00,2017-12-29 17:30:00
ETTm1,HULL,6458,1,50234,52537,2017-12-06 06:30:00,2017-12-30 06:15:00
ETTm1,HUFL,6491,0,50267,52570,2017-12-06 14:45:00,2017-12-30 14:30:00
ETTm1,LUFL,6504,4,50280,52583,2017-12-06 18:00:00,2017-12-30 17:45:00
ETTm1,LUFL,6570,4,50346,52649,2017-12-07 10:30:00,2017-12-31 10:15:00
ETTm1,LULL,6634,5,50410,52713,2017-12-08 02:30:00,2018-01-01 02:15:00
ETTm1,MULL,6651,3,50427,52730,2017-12-08 06:45:00,2018-01-01 06:30:00
ETTm1,LUFL,6699,4,50475,52778,2017-12-08 18:45:00,2018-01-01 18:30:00
ETTm1,HULL,6722,1,50498,52801,2017-12-09 00:30:00,2018-01-02 00:15:00
ETTm1,HUFL,6729,0,50505,52808,2017-12-09 02:15:00,2018-01-02 02:00:00
ETTm1,HUFL,6801,0,50577,52880,2017-12-09 20:15:00,2018-01-02 20:00:00
ETTm1,HUFL,6830,0,50606,52909,2017-12-10 03:30:00,2018-01-03 03:15:00
ETTm1,LUFL,6836,4,50612,52915,2017-12-10 05:00:00,2018-01-03 04:45:00
ETTm1,MULL,6839,3,50615,52918,2017-12-10 05:45:00,2018-01-03 05:30:00
ETTm1,MUFL,6924,2,50700,53003,2017-12-11 03:00:00,2018-01-04 02:45:00
ETTm1,LUFL,7006,4,50782,53085,2017-12-11 23:30:00,2018-01-04 23:15:00
ETTm1,LULL,7023,5,50799,53102,2017-12-12 03:45:00,2018-01-05 03:30:00
ETTm1,LULL,7097,5,50873,53176,2017-12-12 22:15:00,2018-01-05 22:00:00
ETTm1,OT,7164,6,50940,53243,2017-12-13 15:00:00,2018-01-06 14:45:00
ETTm1,MULL,7388,3,51164,53467,2017-12-15 23:00:00,2018-01-08 22:45:00
ETTm1,LULL,7394,5,51170,53473,2017-12-16 00:30:00,2018-01-09 00:15:00
ETTm1,HULL,7399,1,51175,53478,2017-12-16 01:45:00,2018-01-09 01:30:00
ETTm1,LULL,7407,5,51183,53486,2017-12-16 03:45:00,2018-01-09 03:30:00
ETTm1,HULL,7434,1,51210,53513,2017-12-16 10:30:00,2018-01-09 10:15:00
ETTm1,MULL,7435,3,51211,53514,2017-12-16 10:45:00,2018-01-09 10:30:00
ETTm1,LULL,7439,5,51215,53518,2017-12-16 11:45:00,2018-01-09 11:30:00
ETTm1,OT,7466,6,51242,53545,2017-12-16 18:30:00,2018-01-09 18:15:00
ETTm1,LUFL,7469,4,51245,53548,2017-12-16 19:15:00,2018-01-09 19:00:00
ETTm1,OT,7486,6,51262,53565,2017-12-16 23:30:00,2018-01-09 23:15:00
ETTm1,MUFL,7491,2,51267,53570,2017-12-17 00:45:00,2018-01-10 00:30:00
ETTm1,LULL,7525,5,51301,53604,2017-12-17 09:15:00,2018-01-10 09:00:00
ETTm1,LUFL,7563,4,51339,53642,2017-12-17 18:45:00,2018-01-10 18:30:00
ETTm1,OT,7582,6,51358,53661,2017-12-17 23:30:00,2018-01-10 23:15:00
ETTm1,HUFL,7594,0,51370,53673,2017-12-18 02:30:00,2018-01-11 02:15:00
ETTm1,MULL,7609,3,51385,53688,2017-12-18 06:15:00,2018-01-11 06:00:00
ETTm1,LULL,7665,5,51441,53744,2017-12-18 20:15:00,2018-01-11 20:00:00
ETTm1,LUFL,7682,4,51458,53761,2017-12-19 00:30:00,2018-01-12 00:15:00
ETTm1,OT,7699,6,51475,53778,2017-12-19 04:45:00,2018-01-12 04:30:00
ETTm1,HUFL,7765,0,51541,53844,2017-12-19 21:15:00,2018-01-12 21:00:00
ETTm1,LULL,7871,5,51647,53950,2017-12-20 23:45:00,2018-01-13 23:30:00
ETTm1,HUFL,7890,0,51666,53969,2017-12-21 04:30:00,2018-01-14 04:15:00
ETTm1,HULL,7902,1,51678,53981,2017-12-21 07:30:00,2018-01-14 07:15:00
ETTm1,OT,7919,6,51695,53998,2017-12-21 11:45:00,2018-01-14 11:30:00
ETTm1,MUFL,7957,2,51733,54036,2017-12-21 21:15:00,2018-01-14 21:00:00
ETTm1,HULL,7973,1,51749,54052,2017-12-22 01:15:00,2018-01-15 01:00:00
ETTm1,HUFL,8012,0,51788,54091,2017-12-22 11:00:00,2018-01-15 10:45:00
ETTm1,MUFL,8035,2,51811,54114,2017-12-22 16:45:00,2018-01-15 16:30:00
ETTm1,MUFL,8141,2,51917,54220,2017-12-23 19:15:00,2018-01-16 19:00:00
ETTm1,LULL,8253,5,52029,54332,2017-12-24 23:15:00,2018-01-17 23:00:00
ETTm1,HUFL,8336,0,52112,54415,2017-12-25 20:00:00,2018-01-18 19:45:00
ETTm1,MUFL,8361,2,52137,54440,2017-12-26 02:15:00,2018-01-19 02:00:00
ETTm1,LULL,8387,5,52163,54466,2017-12-26 08:45:00,2018-01-19 08:30:00
ETTm1,MULL,8510,3,52286,54589,2017-12-27 15:30:00,2018-01-20 15:15:00
ETTm1,MULL,8533,3,52309,54612,2017-12-27 21:15:00,2018-01-20 21:00:00
ETTm1,HULL,8542,1,52318,54621,2017-12-27 23:30:00,2018-01-20 23:15:00
ETTm1,HULL,8564,1,52340,54643,2017-12-28 05:00:00,2018-01-21 04:45:00
ETTm1,LULL,8583,5,52359,54662,2017-12-28 09:45:00,2018-01-21 09:30:00
ETTm1,LULL,8649,5,52425,54728,2017-12-29 02:15:00,2018-01-22 02:00:00
ETTm1,MUFL,8768,2,52544,54847,2017-12-30 08:00:00,2018-01-23 07:45:00
ETTm1,MULL,8779,3,52555,54858,2017-12-30 10:45:00,2018-01-23 10:30:00
ETTm1,OT,8795,6,52571,54874,2017-12-30 14:45:00,2018-01-23 14:30:00
ETTm1,MULL,8812,3,52588,54891,2017-12-30 19:00:00,2018-01-23 18:45:00
ETTm1,LUFL,8890,4,52666,54969,2017-12-31 14:30:00,2018-01-24 14:15:00
ETTm1,MUFL,9021,2,52797,55100,2018-01-01 23:15:00,2018-01-25 23:00:00
ETTm1,LULL,9043,5,52819,55122,2018-01-02 04:45:00,2018-01-26 04:30:00
ETTm1,LUFL,9048,4,52824,55127,2018-01-02 06:00:00,2018-01-26 05:45:00
ETTm1,MUFL,9094,2,52870,55173,2018-01-02 17:30:00,2018-01-26 17:15:00
ETTm1,HUFL,9114,0,52890,55193,2018-01-02 22:30:00,2018-01-26 22:15:00
ETTm1,HUFL,9127,0,52903,55206,2018-01-03 01:45:00,2018-01-27 01:30:00
ETTm1,LUFL,9193,4,52969,55272,2018-01-03 18:15:00,2018-01-27 18:00:00
ETTm1,OT,9237,6,53013,55316,2018-01-04 05:15:00,2018-01-28 05:00:00
ETTm1,MULL,9286,3,53062,55365,2018-01-04 17:30:00,2018-01-28 17:15:00
ETTm1,LUFL,9325,4,53101,55404,2018-01-05 03:15:00,2018-01-29 03:00:00
ETTm1,MUFL,9371,2,53147,55450,2018-01-05 14:45:00,2018-01-29 14:30:00
ETTm1,LUFL,9410,4,53186,55489,2018-01-06 00:30:00,2018-01-30 00:15:00
ETTm1,LULL,9424,5,53200,55503,2018-01-06 04:00:00,2018-01-30 03:45:00
ETTm1,LUFL,9496,4,53272,55575,2018-01-06 22:00:00,2018-01-30 21:45:00
ETTm1,LUFL,9534,4,53310,55613,2018-01-07 07:30:00,2018-01-31 07:15:00
ETTm1,LUFL,9572,4,53348,55651,2018-01-07 17:00:00,2018-01-31 16:45:00
ETTm1,OT,9577,6,53353,55656,2018-01-07 18:15:00,2018-01-31 18:00:00
ETTm1,MULL,9583,3,53359,55662,2018-01-07 19:45:00,2018-01-31 19:30:00
ETTm1,MUFL,9608,2,53384,55687,2018-01-08 02:00:00,2018-02-01 01:45:00
ETTm1,MUFL,9617,2,53393,55696,2018-01-08 04:15:00,2018-02-01 04:00:00
ETTm1,HUFL,9667,0,53443,55746,2018-01-08 16:45:00,2018-02-01 16:30:00
ETTm1,HULL,9746,1,53522,55825,2018-01-09 12:30:00,2018-02-02 12:15:00
ETTm1,LULL,9819,5,53595,55898,2018-01-10 06:45:00,2018-02-03 06:30:00
ETTm1,MUFL,9873,2,53649,55952,2018-01-10 20:15:00,2018-02-03 20:00:00
ETTm1,HULL,9912,1,53688,55991,2018-01-11 06:00:00,2018-02-04 05:45:00
ETTm1,MUFL,9949,2,53725,56028,2018-01-11 15:15:00,2018-02-04 15:00:00
ETTm1,HULL,9999,1,53775,56078,2018-01-12 03:45:00,2018-02-05 03:30:00
ETTm1,LULL,10023,5,53799,56102,2018-01-12 09:45:00,2018-02-05 09:30:00
ETTm1,MULL,10027,3,53803,56106,2018-01-12 10:45:00,2018-02-05 10:30:00
ETTm1,HULL,10044,1,53820,56123,2018-01-12 15:00:00,2018-02-05 14:45:00
ETTm1,HULL,10104,1,53880,56183,2018-01-13 06:00:00,2018-02-06 05:45:00
ETTm1,HULL,10117,1,53893,56196,2018-01-13 09:15:00,2018-02-06 09:00:00
ETTm1,HUFL,10123,0,53899,56202,2018-01-13 10:45:00,2018-02-06 10:30:00
ETTm1,MUFL,10159,2,53935,56238,2018-01-13 19:45:00,2018-02-06 19:30:00
ETTm1,HUFL,10190,0,53966,56269,2018-01-14 03:30:00,2018-02-07 03:15:00
ETTm1,OT,10256,6,54032,56335,2018-01-14 20:00:00,2018-02-07 19:45:00
ETTm1,HULL,10331,1,54107,56410,2018-01-15 14:45:00,2018-02-08 14:30:00
ETTm1,OT,10343,6,54119,56422,2018-01-15 17:45:00,2018-02-08 17:30:00
ETTm1,HUFL,10356,0,54132,56435,2018-01-15 21:00:00,2018-02-08 20:45:00
ETTm1,OT,10383,6,54159,56462,2018-01-16 03:45:00,2018-02-09 03:30:00
ETTm1,MUFL,10402,2,54178,56481,2018-01-16 08:30:00,2018-02-09 08:15:00
ETTm1,MULL,10469,3,54245,56548,2018-01-17 01:15:00,2018-02-10 01:00:00
ETTm1,HUFL,10475,0,54251,56554,2018-01-17 02:45:00,2018-02-10 02:30:00
ETTm1,OT,10548,6,54324,56627,2018-01-17 21:00:00,2018-02-10 20:45:00
ETTm1,MULL,10569,3,54345,56648,2018-01-18 02:15:00,2018-02-11 02:00:00
ETTm1,HULL,10577,1,54353,56656,2018-01-18 04:15:00,2018-02-11 04:00:00
ETTm1,MULL,10582,3,54358,56661,2018-01-18 05:30:00,2018-02-11 05:15:00
ETTm1,LULL,10619,5,54395,56698,2018-01-18 14:45:00,2018-02-11 14:30:00
ETTm1,MUFL,10748,2,54524,56827,2018-01-19 23:00:00,2018-02-12 22:45:00
ETTm1,OT,10753,6,54529,56832,2018-01-20 00:15:00,2018-02-13 00:00:00
ETTm1,LUFL,10775,4,54551,56854,2018-01-20 05:45:00,2018-02-13 05:30:00
ETTm1,HULL,10826,1,54602,56905,2018-01-20 18:30:00,2018-02-13 18:15:00
ETTm1,HUFL,10860,0,54636,56939,2018-01-21 03:00:00,2018-02-14 02:45:00
ETTm1,OT,11015,6,54791,57094,2018-01-22 17:45:00,2018-02-15 17:30:00
ETTm1,LULL,11049,5,54825,57128,2018-01-23 02:15:00,2018-02-16 02:00:00
ETTm1,OT,11066,6,54842,57145,2018-01-23 06:30:00,2018-02-16 06:15:00
ETTm1,MUFL,11111,2,54887,57190,2018-01-23 17:45:00,2018-02-16 17:30:00
ETTm1,MUFL,11126,2,54902,57205,2018-01-23 21:30:00,2018-02-16 21:15:00
ETTm1,MUFL,11127,2,54903,57206,2018-01-23 21:45:00,2018-02-16 21:30:00
ETTm1,LUFL,11145,4,54921,57224,2018-01-24 02:15:00,2018-02-17 02:00:00
ETTm1,LULL,11176,5,54952,57255,2018-01-24 10:00:00,2018-02-17 09:45:00
ETTm1,HUFL,11184,0,54960,57263,2018-01-24 12:00:00,2018-02-17 11:45:00
ETTm1,LUFL,11190,4,54966,57269,2018-01-24 13:30:00,2018-02-17 13:15:00
ETTm1,LUFL,11192,4,54968,57271,2018-01-24 14:00:00,2018-02-17 13:45:00
ETTm1,HULL,11235,1,55011,57314,2018-01-25 00:45:00,2018-02-18 00:30:00
ETTm1,LULL,11245,5,55021,57324,2018-01-25 03:15:00,2018-02-18 03:00:00
ETTm1,MULL,11267,3,55043,57346,2018-01-25 08:45:00,2018-02-18 08:30:00
ETTm1,MULL,11299,3,55075,57378,2018-01-25 16:45:00,2018-02-18 16:30:00
ETTm1,MULL,11402,3,55178,57481,2018-01-26 18:30:00,2018-02-19 18:15:00
ETTm1,HUFL,11421,0,55197,57500,2018-01-26 23:15:00,2018-02-19 23:00:00
Weather,p (mbar),1,0,38126,42157,2020-09-21 19:50:00,2020-10-19 19:40:00
Weather,max. wv (m/s),10,12,38135,42166,2020-09-21 21:20:00,2020-10-19 21:10:00
Weather,sh (g/kg),11,8,38136,42167,2020-09-21 21:30:00,2020-10-19 21:20:00
Weather,sh (g/kg),23,8,38148,42179,2020-09-21 23:30:00,2020-10-19 23:20:00
Weather,p (mbar),75,0,38200,42231,2020-09-22 08:10:00,2020-10-20 08:00:00
Weather,wd (deg),92,13,38217,42248,2020-09-22 11:00:00,2020-10-20 10:50:00
Weather,raining (s),93,15,38218,42249,2020-09-22 11:10:00,2020-10-20 11:00:00
Weather,rho (g/m**3),123,10,38248,42279,2020-09-22 16:10:00,2020-10-20 16:00:00
Weather,p (mbar),169,0,38294,42325,2020-09-22 23:50:00,2020-10-20 23:40:00
Weather,PAR (�mol/m�/s),180,17,38305,42336,2020-09-23 01:40:00,2020-10-21 01:30:00
Weather,Tdew (degC),217,3,38342,42373,2020-09-23 07:50:00,2020-10-21 07:40:00
Weather,rho (g/m**3),252,10,38377,42408,2020-09-23 13:40:00,2020-10-21 13:30:00
Weather,VPdef (mbar),310,7,38435,42466,2020-09-23 23:20:00,2020-10-21 23:10:00
Weather,Tlog (degC),336,19,38461,42492,2020-09-24 03:40:00,2020-10-22 03:30:00
Weather,OT,341,20,38466,42497,2020-09-24 04:30:00,2020-10-22 04:20:00
Weather,rh (%),357,4,38482,42513,2020-09-24 07:10:00,2020-10-22 07:00:00
Weather,Tpot (K),369,2,38494,42525,2020-09-24 09:10:00,2020-10-22 09:00:00
Weather,VPact (mbar),411,6,38536,42567,2020-09-24 16:10:00,2020-10-22 16:00:00
Weather,SWDR (W/m�),455,16,38580,42611,2020-09-24 23:30:00,2020-10-22 23:20:00
Weather,OT,501,20,38626,42657,2020-09-25 07:10:00,2020-10-23 07:00:00
Weather,Tpot (K),508,2,38633,42664,2020-09-25 08:20:00,2020-10-23 08:10:00
Weather,rain (mm),514,14,38639,42670,2020-09-25 09:20:00,2020-10-23 09:10:00
Weather,rain (mm),556,14,38681,42712,2020-09-25 16:20:00,2020-10-23 16:10:00
Weather,rain (mm),597,14,38722,42753,2020-09-25 23:10:00,2020-10-23 23:00:00
Weather,VPact (mbar),614,6,38739,42770,2020-09-26 02:00:00,2020-10-24 01:50:00
Weather,VPact (mbar),625,6,38750,42781,2020-09-26 03:50:00,2020-10-24 03:40:00
Weather,VPact (mbar),654,6,38779,42810,2020-09-26 08:40:00,2020-10-24 08:30:00
Weather,VPdef (mbar),672,7,38797,42828,2020-09-26 11:40:00,2020-10-24 11:30:00
Weather,rh (%),730,4,38855,42886,2020-09-26 21:20:00,2020-10-24 21:10:00
Weather,rh (%),739,4,38864,42895,2020-09-26 22:50:00,2020-10-24 22:40:00
Weather,OT,761,20,38886,42917,2020-09-27 02:30:00,2020-10-25 02:20:00
Weather,VPact (mbar),780,6,38905,42936,2020-09-27 05:40:00,2020-10-25 05:30:00
Weather,H2OC (mmol/mol),784,9,38909,42940,2020-09-27 06:20:00,2020-10-25 06:10:00
Weather,rain (mm),833,14,38958,42989,2020-09-27 14:30:00,2020-10-25 14:20:00
Weather,raining (s),887,15,39012,43043,2020-09-27 23:30:00,2020-10-25 23:20:00
Weather,VPmax (mbar),930,5,39055,43086,2020-09-28 06:40:00,2020-10-26 06:30:00
Weather,VPact (mbar),959,6,39084,43115,2020-09-28 11:30:00,2020-10-26 11:20:00
Weather,wv (m/s),1000,11,39125,43156,2020-09-28 18:20:00,2020-10-26 18:10:00
Weather,wv (m/s),1018,11,39143,43174,2020-09-28 21:20:00,2020-10-26 21:10:00
Weather,VPdef (mbar),1064,7,39189,43220,2020-09-29 05:00:00,2020-10-27 04:50:00
Weather,T (degC),1118,1,39243,43274,2020-09-29 14:00:00,2020-10-27 13:50:00
Weather,VPmax (mbar),1127,5,39252,43283,2020-09-29 15:30:00,2020-10-27 15:20:00
Weather,T (degC),1130,1,39255,43286,2020-09-29 16:00:00,2020-10-27 15:50:00
Weather,max. wv (m/s),1243,12,39368,43399,2020-09-30 10:50:00,2020-10-28 10:40:00
Weather,wv (m/s),1278,11,39403,43434,2020-09-30 16:40:00,2020-10-28 16:30:00
Weather,rho (g/m**3),1279,10,39404,43435,2020-09-30 16:50:00,2020-10-28 16:40:00
Weather,wd (deg),1285,13,39410,43441,2020-09-30 17:50:00,2020-10-28 17:40:00
Weather,wd (deg),1286,13,39411,43442,2020-09-30 18:00:00,2020-10-28 17:50:00
Weather,VPdef (mbar),1288,7,39413,43444,2020-09-30 18:20:00,2020-10-28 18:10:00
Weather,Tlog (degC),1288,19,39413,43444,2020-09-30 18:20:00,2020-10-28 18:10:00
Weather,max. PAR (�mol/m�/s),1320,18,39445,43476,2020-09-30 23:40:00,2020-10-28 23:30:00
Weather,H2OC (mmol/mol),1331,9,39456,43487,2020-10-01 01:30:00,2020-10-29 01:20:00
Weather,max. wv (m/s),1360,12,39485,43516,2020-10-01 06:20:00,2020-10-29 06:10:00
Weather,SWDR (W/m�),1414,16,39539,43570,2020-10-01 15:20:00,2020-10-29 15:10:00
Weather,p (mbar),1420,0,39545,43576,2020-10-01 16:20:00,2020-10-29 16:10:00
Weather,rho (g/m**3),1459,10,39584,43615,2020-10-01 22:50:00,2020-10-29 22:40:00
Weather,max. wv (m/s),1460,12,39585,43616,2020-10-01 23:00:00,2020-10-29 22:50:00
Weather,max. wv (m/s),1494,12,39619,43650,2020-10-02 04:40:00,2020-10-30 04:30:00
Weather,OT,1536,20,39661,43692,2020-10-02 11:40:00,2020-10-30 11:30:00
Weather,PAR (�mol/m�/s),1537,17,39662,43693,2020-10-02 11:50:00,2020-10-30 11:40:00
Weather,wv (m/s),1571,11,39696,43727,2020-10-02 17:30:00,2020-10-30 17:20:00
Weather,Tlog (degC),1592,19,39717,43748,2020-10-02 21:00:00,2020-10-30 20:50:00
Weather,OT,1616,20,39741,43772,2020-10-03 01:00:00,2020-10-31 00:50:00
Weather,VPmax (mbar),1617,5,39742,43773,2020-10-03 01:10:00,2020-10-31 01:00:00
Weather,VPact (mbar),1621,6,39746,43777,2020-10-03 01:50:00,2020-10-31 01:40:00
Weather,wv (m/s),1641,11,39766,43797,2020-10-03 05:10:00,2020-10-31 05:00:00
Weather,rh (%),1770,4,39895,43926,2020-10-04 02:40:00,2020-11-01 02:30:00
Weather,VPdef (mbar),1819,7,39944,43975,2020-10-04 10:50:00,2020-11-01 10:40:00
Weather,Tdew (degC),1887,3,40012,44043,2020-10-04 22:10:00,2020-11-01 22:00:00
Weather,SWDR (W/m�),1890,16,40015,44046,2020-10-04 22:40:00,2020-11-01 22:30:00
Weather,VPdef (mbar),1949,7,40074,44105,2020-10-05 08:30:00,2020-11-02 08:20:00
Weather,sh (g/kg),1961,8,40086,44117,2020-10-05 10:30:00,2020-11-02 10:20:00
Weather,rho (g/m**3),1962,10,40087,44118,2020-10-05 10:40:00,2020-11-02 10:30:00
Weather,raining (s),2019,15,40144,44175,2020-10-05 20:10:00,2020-11-02 20:00:00
Weather,rh (%),2055,4,40180,44211,2020-10-06 02:10:00,2020-11-03 02:00:00
Weather,T (degC),2228,1,40353,44384,2020-10-07 07:00:00,2020-11-04 06:50:00
Weather,wd (deg),2257,13,40382,44413,2020-10-07 11:50:00,2020-11-04 11:40:00
Weather,sh (g/kg),2263,8,40388,44419,2020-10-07 12:50:00,2020-11-04 12:40:00
Weather,H2OC (mmol/mol),2303,9,40428,44459,2020-10-07 19:30:00,2020-11-04 19:20:00
Weather,max. wv (m/s),2320,12,40445,44476,2020-10-07 22:20:00,2020-11-04 22:10:00
Weather,T (degC),2344,1,40469,44500,2020-10-08 02:20:00,2020-11-05 02:10:00
Weather,raining (s),2354,15,40479,44510,2020-10-08 04:00:00,2020-11-05 03:50:00
Weather,max. PAR (�mol/m�/s),2495,18,40620,44651,2020-10-09 03:30:00,2020-11-06 03:20:00
Weather,Tpot (K),2511,2,40636,44667,2020-10-09 06:10:00,2020-11-06 06:00:00
Weather,OT,2539,20,40664,44695,2020-10-09 10:50:00,2020-11-06 10:40:00
Weather,rh (%),2594,4,40719,44750,2020-10-09 20:00:00,2020-11-06 19:50:00
Weather,wv (m/s),2624,11,40749,44780,2020-10-10 01:00:00,2020-11-07 00:50:00
Weather,H2OC (mmol/mol),2703,9,40828,44859,2020-10-10 14:10:00,2020-11-07 14:00:00
Weather,wd (deg),2709,13,40834,44865,2020-10-10 15:10:00,2020-11-07 15:00:00
Weather,Tpot (K),2746,2,40871,44902,2020-10-10 21:20:00,2020-11-07 21:10:00
Weather,T (degC),2753,1,40878,44909,2020-10-10 22:30:00,2020-11-07 22:20:00
Weather,H2OC (mmol/mol),2785,9,40910,44941,2020-10-11 03:50:00,2020-11-08 03:40:00
Weather,rho (g/m**3),2788,10,40913,44944,2020-10-11 04:20:00,2020-11-08 04:10:00
Weather,VPmax (mbar),2797,5,40922,44953,2020-10-11 05:50:00,2020-11-08 05:40:00
Weather,OT,2872,20,40997,45028,2020-10-11 18:20:00,2020-11-08 18:10:00
Weather,wv (m/s),2943,11,41068,45099,2020-10-12 06:10:00,2020-11-09 06:00:00
Weather,wv (m/s),2947,11,41072,45103,2020-10-12 06:50:00,2020-11-09 06:40:00
Weather,rh (%),3024,4,41149,45180,2020-10-12 19:40:00,2020-11-09 19:30:00
Weather,Tlog (degC),3026,19,41151,45182,2020-10-12 20:00:00,2020-11-09 19:50:00
Weather,SWDR (W/m�),3028,16,41153,45184,2020-10-12 20:20:00,2020-11-09 20:10:00
Weather,H2OC (mmol/mol),3071,9,41196,45227,2020-10-13 03:30:00,2020-11-10 03:20:00
Weather,rh (%),3149,4,41274,45305,2020-10-13 16:30:00,2020-11-10 16:20:00
Weather,VPmax (mbar),3213,5,41338,45369,2020-10-14 03:10:00,2020-11-11 03:00:00
Weather,VPdef (mbar),3237,7,41362,45393,2020-10-14 07:10:00,2020-11-11 07:00:00
Weather,SWDR (W/m�),3273,16,41398,45429,2020-10-14 13:10:00,2020-11-11 13:00:00
Weather,max. PAR (�mol/m�/s),3297,18,41422,45453,2020-10-14 17:10:00,2020-11-11 17:00:00
Weather,H2OC (mmol/mol),3325,9,41450,45481,2020-10-14 21:50:00,2020-11-11 21:40:00
Weather,raining (s),3336,15,41461,45492,2020-10-14 23:40:00,2020-11-11 23:30:00
Weather,Tpot (K),3345,2,41470,45501,2020-10-15 01:10:00,2020-11-12 01:00:00
Weather,max. wv (m/s),3383,12,41508,45539,2020-10-15 07:30:00,2020-11-12 07:20:00
Weather,VPmax (mbar),3385,5,41510,45541,2020-10-15 07:50:00,2020-11-12 07:40:00
Weather,OT,3395,20,41520,45551,2020-10-15 09:30:00,2020-11-12 09:20:00
Weather,Tdew (degC),3525,3,41650,45681,2020-10-16 07:10:00,2020-11-13 07:00:00
Weather,sh (g/kg),3595,8,41720,45751,2020-10-16 18:50:00,2020-11-13 18:40:00
Weather,VPmax (mbar),3602,5,41727,45758,2020-10-16 20:00:00,2020-11-13 19:50:00
Weather,Tpot (K),3603,2,41728,45759,2020-10-16 20:10:00,2020-11-13 20:00:00
Weather,rain (mm),3642,14,41767,45798,2020-10-17 02:40:00,2020-11-14 02:30:00
Weather,Tlog (degC),3661,19,41786,45817,2020-10-17 05:50:00,2020-11-14 05:40:00
Weather,T (degC),3671,1,41796,45827,2020-10-17 07:30:00,2020-11-14 07:20:00
Weather,SWDR (W/m�),3722,16,41847,45878,2020-10-17 16:00:00,2020-11-14 15:50:00
Weather,T (degC),3729,1,41854,45885,2020-10-17 17:10:00,2020-11-14 17:00:00
Weather,raining (s),3737,15,41862,45893,2020-10-17 18:30:00,2020-11-14 18:20:00
Weather,Tdew (degC),3890,3,42015,46046,2020-10-18 20:00:00,2020-11-15 19:50:00
Weather,raining (s),3906,15,42031,46062,2020-10-18 22:40:00,2020-11-15 22:30:00
Weather,raining (s),3920,15,42045,46076,2020-10-19 01:00:00,2020-11-16 00:50:00
Weather,Tdew (degC),3934,3,42059,46090,2020-10-19 03:20:00,2020-11-16 03:10:00
Weather,Tpot (K),4016,2,42141,46172,2020-10-19 17:00:00,2020-11-16 16:50:00
Weather,Tpot (K),4037,2,42162,46193,2020-10-19 20:30:00,2020-11-16 20:20:00
Weather,max. wv (m/s),4041,12,42166,46197,2020-10-19 21:10:00,2020-11-16 21:00:00
Weather,raining (s),4044,15,42169,46200,2020-10-19 21:40:00,2020-11-16 21:30:00
Weather,wd (deg),4048,13,42173,46204,2020-10-19 22:20:00,2020-11-16 22:10:00
Weather,VPact (mbar),4060,6,42185,46216,2020-10-20 00:20:00,2020-11-17 00:10:00
Weather,Tdew (degC),4102,3,42227,46258,2020-10-20 07:20:00,2020-11-17 07:10:00
Weather,VPact (mbar),4137,6,42262,46293,2020-10-20 13:10:00,2020-11-17 13:00:00
Weather,rho (g/m**3),4187,10,42312,46343,2020-10-20 21:30:00,2020-11-17 21:20:00
Weather,wv (m/s),4223,11,42348,46379,2020-10-21 03:30:00,2020-11-18 03:20:00
Weather,VPmax (mbar),4327,5,42452,46483,2020-10-21 20:50:00,2020-11-18 20:40:00
Weather,Tlog (degC),4390,19,42515,46546,2020-10-22 07:20:00,2020-11-19 07:10:00
Weather,Tpot (K),4627,2,42752,46783,2020-10-23 22:50:00,2020-11-20 22:40:00
Weather,Tdew (degC),4630,3,42755,46786,2020-10-23 23:20:00,2020-11-20 23:10:00
Weather,rh (%),4683,4,42808,46839,2020-10-24 08:10:00,2020-11-21 08:00:00
Weather,rain (mm),4691,14,42816,46847,2020-10-24 09:30:00,2020-11-21 09:20:00
Weather,SWDR (W/m�),4691,16,42816,46847,2020-10-24 09:30:00,2020-11-21 09:20:00
Weather,max. wv (m/s),4693,12,42818,46849,2020-10-24 09:50:00,2020-11-21 09:40:00
Weather,wd (deg),4718,13,42843,46874,2020-10-24 14:00:00,2020-11-21 13:50:00
Weather,p (mbar),4820,0,42945,46976,2020-10-25 07:00:00,2020-11-22 06:50:00
Weather,T (degC),5064,1,43189,47220,2020-10-26 23:40:00,2020-11-23 23:30:00
Weather,Tpot (K),5088,2,43213,47244,2020-10-27 03:40:00,2020-11-24 03:30:00
Weather,wv (m/s),5094,11,43219,47250,2020-10-27 04:40:00,2020-11-24 04:30:00
Weather,wv (m/s),5096,11,43221,47252,2020-10-27 05:00:00,2020-11-24 04:50:00
Weather,sh (g/kg),5210,8,43335,47366,2020-10-28 00:00:00,2020-11-24 23:50:00
Weather,OT,5215,20,43340,47371,2020-10-28 00:50:00,2020-11-25 00:40:00
Weather,rain (mm),5274,14,43399,47430,2020-10-28 10:40:00,2020-11-25 10:30:00
Weather,VPmax (mbar),5285,5,43410,47441,2020-10-28 12:30:00,2020-11-25 12:20:00
Weather,H2OC (mmol/mol),5302,9,43427,47458,2020-10-28 15:20:00,2020-11-25 15:10:00
Weather,H2OC (mmol/mol),5338,9,43463,47494,2020-10-28 21:20:00,2020-11-25 21:10:00
Weather,OT,5361,20,43486,47517,2020-10-29 01:10:00,2020-11-26 01:00:00
Weather,VPdef (mbar),5381,7,43506,47537,2020-10-29 04:30:00,2020-11-26 04:20:00
Weather,H2OC (mmol/mol),5398,9,43523,47554,2020-10-29 07:20:00,2020-11-26 07:10:00
Weather,VPmax (mbar),5457,5,43582,47613,2020-10-29 17:10:00,2020-11-26 17:00:00
Weather,sh (g/kg),5620,8,43745,47776,2020-10-30 20:20:00,2020-11-27 20:10:00
Weather,p (mbar),5695,0,43820,47851,2020-10-31 08:50:00,2020-11-28 08:40:00
Weather,rain (mm),5750,14,43875,47906,2020-10-31 18:00:00,2020-11-28 17:50:00
Weather,p (mbar),5757,0,43882,47913,2020-10-31 19:10:00,2020-11-28 19:00:00
Weather,raining (s),5805,15,43930,47961,2020-11-01 03:10:00,2020-11-29 03:00:00
Weather,SWDR (W/m�),5844,16,43969,48000,2020-11-01 09:40:00,2020-11-29 09:30:00
Weather,T (degC),5847,1,43972,48003,2020-11-01 10:10:00,2020-11-29 10:00:00
Weather,Tlog (degC),5860,19,43985,48016,2020-11-01 12:20:00,2020-11-29 12:10:00
Weather,T (degC),5886,1,44011,48042,2020-11-01 16:40:00,2020-11-29 16:30:00
Weather,VPact (mbar),6011,6,44136,48167,2020-11-02 13:30:00,2020-11-30 13:20:00
Weather,PAR (�mol/m�/s),6066,17,44191,48222,2020-11-02 22:40:00,2020-11-30 22:30:00
Weather,wv (m/s),6072,11,44197,48228,2020-11-02 23:40:00,2020-11-30 23:30:00
Weather,VPact (mbar),6132,6,44257,48288,2020-11-03 09:40:00,2020-12-01 09:30:00
Weather,wv (m/s),6172,11,44297,48328,2020-11-03 16:20:00,2020-12-01 16:10:00
Weather,OT,6200,20,44325,48356,2020-11-03 21:00:00,2020-12-01 20:50:00
Weather,wd (deg),6204,13,44329,48360,2020-11-03 21:40:00,2020-12-01 21:30:00
Weather,max. wv (m/s),6234,12,44359,48390,2020-11-04 02:40:00,2020-12-02 02:30:00
Weather,rh (%),6235,4,44360,48391,2020-11-04 02:50:00,2020-12-02 02:40:00
Weather,PAR (�mol/m�/s),6237,17,44362,48393,2020-11-04 03:10:00,2020-12-02 03:00:00
Weather,VPmax (mbar),6253,5,44378,48409,2020-11-04 05:50:00,2020-12-02 05:40:00
Weather,wv (m/s),6260,11,44385,48416,2020-11-04 07:00:00,2020-12-02 06:50:00
Weather,rain (mm),6319,14,44444,48475,2020-11-04 16:50:00,2020-12-02 16:40:00
Weather,max. PAR (�mol/m�/s),6334,18,44459,48490,2020-11-04 19:20:00,2020-12-02 19:10:00
Weather,VPdef (mbar),6392,7,44517,48548,2020-11-05 05:00:00,2020-12-03 04:50:00
Weather,max. PAR (�mol/m�/s),6459,18,44584,48615,2020-11-05 16:10:00,2020-12-03 16:00:00
Weather,rh (%),6482,4,44607,48638,2020-11-05 20:00:00,2020-12-03 19:50:00
Weather,rh (%),6517,4,44642,48673,2020-11-06 01:50:00,2020-12-04 01:40:00
Weather,raining (s),6560,15,44685,48716,2020-11-06 09:00:00,2020-12-04 08:50:00
Weather,rh (%),6588,4,44713,48744,2020-11-06 13:40:00,2020-12-04 13:30:00
Weather,OT,6616,20,44741,48772,2020-11-06 18:20:00,2020-12-04 18:10:00
Weather,H2OC (mmol/mol),6628,9,44753,48784,2020-11-06 20:20:00,2020-12-04 20:10:00
Weather,wv (m/s),6696,11,44821,48852,2020-11-07 07:40:00,2020-12-05 07:30:00
Weather,Tlog (degC),6736,19,44861,48892,2020-11-07 14:20:00,2020-12-05 14:10:00
Weather,Tdew (degC),6752,3,44877,48908,2020-11-07 17:00:00,2020-12-05 16:50:00
Weather,max. PAR (�mol/m�/s),6836,18,44961,48992,2020-11-08 07:00:00,2020-12-06 06:50:00
Weather,Tpot (K),6887,2,45012,49043,2020-11-08 15:30:00,2020-12-06 15:20:00
Weather,PAR (�mol/m�/s),6898,17,45023,49054,2020-11-08 17:20:00,2020-12-06 17:10:00
Weather,H2OC (mmol/mol),6902,9,45027,49058,2020-11-08 18:00:00,2020-12-06 17:50:00
Weather,VPmax (mbar),6958,5,45083,49114,2020-11-09 03:20:00,2020-12-07 03:10:00
Weather,wd (deg),6984,13,45109,49140,2020-11-09 07:40:00,2020-12-07 07:30:00
Weather,sh (g/kg),7044,8,45169,49200,2020-11-09 17:40:00,2020-12-07 17:30:00
Weather,p (mbar),7054,0,45179,49210,2020-11-09 19:20:00,2020-12-07 19:10:00
Weather,rh (%),7119,4,45244,49275,2020-11-10 06:10:00,2020-12-08 06:00:00
Weather,VPact (mbar),7161,6,45286,49317,2020-11-10 13:10:00,2020-12-08 13:00:00
Weather,Tdew (degC),7176,3,45301,49332,2020-11-10 15:40:00,2020-12-08 15:30:00
Weather,rain (mm),7260,14,45385,49416,2020-11-11 05:40:00,2020-12-09 05:30:00
Weather,Tpot (K),7290,2,45415,49446,2020-11-11 10:40:00,2020-12-09 10:30:00
Weather,raining (s),7298,15,45423,49454,2020-11-11 12:00:00,2020-12-09 11:50:00
Weather,Tpot (K),7322,2,45447,49478,2020-11-11 16:00:00,2020-12-09 15:50:00
Weather,T (degC),7376,1,45501,49532,2020-11-12 01:00:00,2020-12-10 00:50:00
Weather,wd (deg),7382,13,45507,49538,2020-11-12 02:00:00,2020-12-10 01:50:00
Weather,wv (m/s),7414,11,45539,49570,2020-11-12 07:20:00,2020-12-10 07:10:00
Weather,VPact (mbar),7462,6,45587,49618,2020-11-12 15:20:00,2020-12-10 15:10:00
Weather,Tdew (degC),7465,3,45590,49621,2020-11-12 15:50:00,2020-12-10 15:40:00
Weather,VPmax (mbar),7489,5,45614,49645,2020-11-12 19:50:00,2020-12-10 19:40:00
Weather,Tpot (K),7523,2,45648,49679,2020-11-13 01:30:00,2020-12-11 01:20:00
Weather,wd (deg),7632,13,45757,49788,2020-11-13 19:40:00,2020-12-11 19:30:00
Weather,wd (deg),7700,13,45825,49856,2020-11-14 07:00:00,2020-12-12 06:50:00
Weather,max. PAR (�mol/m�/s),7809,18,45934,49965,2020-11-15 01:10:00,2020-12-13 01:00:00
Weather,wv (m/s),7835,11,45960,49991,2020-11-15 05:30:00,2020-12-13 05:20:00
Weather,sh (g/kg),7851,8,45976,50007,2020-11-15 08:10:00,2020-12-13 08:00:00
Weather,VPact (mbar),7888,6,46013,50044,2020-11-15 14:20:00,2020-12-13 14:10:00
Weather,rh (%),7963,4,46088,50119,2020-11-16 02:50:00,2020-12-14 02:40:00
Weather,Tpot (K),7982,2,46107,50138,2020-11-16 06:00:00,2020-12-14 05:50:00
Weather,Tlog (degC),7983,19,46108,50139,2020-11-16 06:10:00,2020-12-14 06:00:00
Weather,rho (g/m**3),8000,10,46125,50156,2020-11-16 09:00:00,2020-12-14 08:50:00
Weather,rh (%),8033,4,46158,50189,2020-11-16 14:30:00,2020-12-14 14:20:00
Weather,VPact (mbar),8096,6,46221,50252,2020-11-17 01:00:00,2020-12-15 00:50:00
Weather,Tlog (degC),8126,19,46251,50282,2020-11-17 06:00:00,2020-12-15 05:50:00
Weather,OT,8144,20,46269,50300,2020-11-17 09:00:00,2020-12-15 08:50:00
Weather,Tlog (degC),8157,19,46282,50313,2020-11-17 11:10:00,2020-12-15 11:00:00
Weather,p (mbar),8172,0,46297,50328,2020-11-17 13:40:00,2020-12-15 13:30:00
Weather,T (degC),8172,1,46297,50328,2020-11-17 13:40:00,2020-12-15 13:30:00
Weather,Tpot (K),8287,2,46412,50443,2020-11-18 08:50:00,2020-12-16 08:40:00
Weather,VPdef (mbar),8288,7,46413,50444,2020-11-18 09:00:00,2020-12-16 08:50:00
Weather,Tlog (degC),8349,19,46474,50505,2020-11-18 19:10:00,2020-12-16 19:00:00
Weather,wd (deg),8352,13,46477,50508,2020-11-18 19:40:00,2020-12-16 19:30:00
Weather,max. wv (m/s),8390,12,46515,50546,2020-11-19 02:00:00,2020-12-17 01:50:00
Weather,raining (s),8430,15,46555,50586,2020-11-19 08:40:00,2020-12-17 08:30:00
Weather,VPact (mbar),8437,6,46562,50593,2020-11-19 09:50:00,2020-12-17 09:40:00
Weather,T (degC),8449,1,46574,50605,2020-11-19 11:50:00,2020-12-17 11:40:00
Weather,VPmax (mbar),8471,5,46596,50627,2020-11-19 15:30:00,2020-12-17 15:20:00
Weather,VPact (mbar),8592,6,46717,50748,2020-11-20 11:40:00,2020-12-18 11:30:00
Weather,T (degC),8593,1,46718,50749,2020-11-20 11:50:00,2020-12-18 11:40:00
Weather,Tdew (degC),8678,3,46803,50834,2020-11-21 02:00:00,2020-12-19 01:50:00
Weather,rain (mm),8684,14,46809,50840,2020-11-21 03:00:00,2020-12-19 02:50:00
Weather,sh (g/kg),8724,8,46849,50880,2020-11-21 09:40:00,2020-12-19 09:30:00
Weather,SWDR (W/m�),8743,16,46868,50899,2020-11-21 12:50:00,2020-12-19 12:40:00
Weather,p (mbar),8752,0,46877,50908,2020-11-21 14:20:00,2020-12-19 14:10:00
Weather,rh (%),8804,4,46929,50960,2020-11-21 23:00:00,2020-12-19 22:50:00
Weather,wd (deg),8812,13,46937,50968,2020-11-22 00:20:00,2020-12-20 00:10:00
Weather,Tpot (K),8834,2,46959,50990,2020-11-22 04:00:00,2020-12-20 03:50:00
Weather,OT,8881,20,47006,51037,2020-11-22 11:50:00,2020-12-20 11:40:00
Weather,T (degC),8887,1,47012,51043,2020-11-22 12:50:00,2020-12-20 12:40:00
Weather,rain (mm),8922,14,47047,51078,2020-11-22 18:40:00,2020-12-20 18:30:00
Weather,Tdew (degC),9012,3,47137,51168,2020-11-23 09:40:00,2020-12-21 09:30:00
Weather,H2OC (mmol/mol),9017,9,47142,51173,2020-11-23 10:30:00,2020-12-21 10:20:00
Weather,raining (s),9119,15,47244,51275,2020-11-24 03:30:00,2020-12-22 03:20:00
Weather,H2OC (mmol/mol),9181,9,47306,51337,2020-11-24 13:50:00,2020-12-22 13:40:00
Weather,T (degC),9209,1,47334,51365,2020-11-24 18:30:00,2020-12-22 18:20:00
Weather,VPact (mbar),9218,6,47343,51374,2020-11-24 20:00:00,2020-12-22 19:50:00
Weather,sh (g/kg),9312,8,47437,51468,2020-11-25 11:40:00,2020-12-23 11:30:00
Weather,T (degC),9323,1,47448,51479,2020-11-25 13:30:00,2020-12-23 13:20:00
Weather,Tpot (K),9346,2,47471,51502,2020-11-25 17:20:00,2020-12-23 17:10:00
Weather,H2OC (mmol/mol),9442,9,47567,51598,2020-11-26 09:20:00,2020-12-24 09:10:00
Weather,VPmax (mbar),9443,5,47568,51599,2020-11-26 09:30:00,2020-12-24 09:20:00
Weather,raining (s),9464,15,47589,51620,2020-11-26 13:00:00,2020-12-24 12:50:00
Weather,raining (s),9547,15,47672,51703,2020-11-27 02:50:00,2020-12-25 02:40:00
Weather,OT,9592,20,47717,51748,2020-11-27 10:20:00,2020-12-25 10:10:00
Weather,sh (g/kg),9598,8,47723,51754,2020-11-27 11:20:00,2020-12-25 11:10:00
Weather,max. wv (m/s),9602,12,47727,51758,2020-11-27 12:00:00,2020-12-25 11:50:00
Weather,VPmax (mbar),9714,5,47839,51870,2020-11-28 06:40:00,2020-12-26 06:30:00
Weather,max. PAR (�mol/m�/s),9742,18,47867,51898,2020-11-28 11:20:00,2020-12-26 11:10:00
Weather,max. PAR (�mol/m�/s),9749,18,47874,51905,2020-11-28 12:30:00,2020-12-26 12:20:00
Weather,rh (%),9758,4,47883,51914,2020-11-28 14:00:00,2020-12-26 13:50:00
Weather,T (degC),9767,1,47892,51923,2020-11-28 15:30:00,2020-12-26 15:20:00
Weather,rho (g/m**3),9783,10,47908,51939,2020-11-28 18:10:00,2020-12-26 18:00:00
Weather,H2OC (mmol/mol),9827,9,47952,51983,2020-11-29 01:30:00,2020-12-27 01:20:00
Weather,Tpot (K),9879,2,48004,52035,2020-11-29 10:10:00,2020-12-27 10:00:00
Weather,Tlog (degC),9881,19,48006,52037,2020-11-29 10:30:00,2020-12-27 10:20:00
Weather,VPmax (mbar),9914,5,48039,52070,2020-11-29 16:00:00,2020-12-27 15:50:00
Weather,rain (mm),9931,14,48056,52087,2020-11-29 18:50:00,2020-12-27 18:40:00
Weather,OT,9951,20,48076,52107,2020-11-29 22:10:00,2020-12-27 22:00:00
Weather,VPdef (mbar),9998,7,48123,52154,2020-11-30 06:00:00,2020-12-28 05:50:00
Weather,Tpot (K),10011,2,48136,52167,2020-11-30 08:10:00,2020-12-28 08:00:00
Weather,raining (s),10051,15,48176,52207,2020-11-30 14:50:00,2020-12-28 14:40:00
Weather,rh (%),10083,4,48208,52239,2020-11-30 20:10:00,2020-12-28 20:00:00
Weather,sh (g/kg),10122,8,48247,52278,2020-12-01 02:40:00,2020-12-29 02:30:00
Weather,max. PAR (�mol/m�/s),10138,18,48263,52294,2020-12-01 05:20:00,2020-12-29 05:10:00
Weather,VPmax (mbar),10153,5,48278,52309,2020-12-01 07:50:00,2020-12-29 07:40:00
Weather,sh (g/kg),10155,8,48280,52311,2020-12-01 08:10:00,2020-12-29 08:00:00
Weather,OT,10161,20,48286,52317,2020-12-01 09:10:00,2020-12-29 09:00:00
Weather,SWDR (W/m�),10176,16,48301,52332,2020-12-01 11:40:00,2020-12-29 11:30:00
Weather,raining (s),10195,15,48320,52351,2020-12-01 14:50:00,2020-12-29 14:40:00
Weather,VPmax (mbar),10201,5,48326,52357,2020-12-01 15:50:00,2020-12-29 15:40:00
Weather,VPdef (mbar),10270,7,48395,52426,2020-12-02 03:20:00,2020-12-30 03:10:00
Weather,rho (g/m**3),10271,10,48396,52427,2020-12-02 03:30:00,2020-12-30 03:20:00
Weather,Tdew (degC),10291,3,48416,52447,2020-12-02 06:50:00,2020-12-30 06:40:00
Weather,rh (%),10414,4,48539,52570,2020-12-03 03:20:00,2020-12-31 03:10:00
Weather,H2OC (mmol/mol),10425,9,48550,52581,2020-12-03 05:10:00,2020-12-31 05:00:00
Electricity,141,11,141,18175,21054,2018-07-28 09:00:00,2018-11-25 08:00:00
Electricity,132,16,132,18180,21059,2018-07-28 14:00:00,2018-11-25 13:00:00
Electricity,176,37,176,18201,21080,2018-07-29 11:00:00,2018-11-26 10:00:00
Electricity,185,44,185,18208,21087,2018-07-29 18:00:00,2018-11-26 17:00:00
Electricity,290,64,290,18228,21107,2018-07-30 14:00:00,2018-11-27 13:00:00
Electricity,173,91,173,18255,21134,2018-07-31 17:00:00,2018-11-28 16:00:00
Electricity,23,122,23,18286,21165,2018-08-02 00:00:00,2018-11-29 23:00:00
Electricity,84,153,84,18317,21196,2018-08-03 07:00:00,2018-12-01 06:00:00
Electricity,202,170,202,18334,21213,2018-08-04 00:00:00,2018-12-01 23:00:00
Electricity,29,187,29,18351,21230,2018-08-04 17:00:00,2018-12-02 16:00:00
Electricity,250,196,250,18360,21239,2018-08-05 02:00:00,2018-12-03 01:00:00
Electricity,154,222,154,18386,21265,2018-08-06 04:00:00,2018-12-04 03:00:00
Electricity,62,243,62,18407,21286,2018-08-07 01:00:00,2018-12-05 00:00:00
Electricity,293,259,293,18423,21302,2018-08-07 17:00:00,2018-12-05 16:00:00
Electricity,137,266,137,18430,21309,2018-08-08 00:00:00,2018-12-05 23:00:00
Electricity,44,275,44,18439,21318,2018-08-08 09:00:00,2018-12-06 08:00:00
Electricity,195,315,195,18479,21358,2018-08-10 01:00:00,2018-12-08 00:00:00
Electricity,129,321,129,18485,21364,2018-08-10 07:00:00,2018-12-08 06:00:00
Electricity,97,328,97,18492,21371,2018-08-10 14:00:00,2018-12-08 13:00:00
Electricity,206,330,206,18494,21373,2018-08-10 16:00:00,2018-12-08 15:00:00
Electricity,131,332,131,18496,21375,2018-08-10 18:00:00,2018-12-08 17:00:00
Electricity,13,358,13,18522,21401,2018-08-11 20:00:00,2018-12-09 19:00:00
Electricity,259,373,259,18537,21416,2018-08-12 11:00:00,2018-12-10 10:00:00
Electricity,28,377,28,18541,21420,2018-08-12 15:00:00,2018-12-10 14:00:00
Electricity,238,391,238,18555,21434,2018-08-13 05:00:00,2018-12-11 04:00:00
Electricity,308,413,308,18577,21456,2018-08-14 03:00:00,2018-12-12 02:00:00
Electricity,155,477,155,18641,21520,2018-08-16 19:00:00,2018-12-14 18:00:00
Electricity,0,558,0,18722,21601,2018-08-20 04:00:00,2018-12-18 03:00:00
Electricity,238,575,238,18739,21618,2018-08-20 21:00:00,2018-12-18 20:00:00
Electricity,29,599,29,18763,21642,2018-08-21 21:00:00,2018-12-19 20:00:00
Electricity,231,657,231,18821,21700,2018-08-24 07:00:00,2018-12-22 06:00:00
Electricity,260,689,260,18853,21732,2018-08-25 15:00:00,2018-12-23 14:00:00
Electricity,308,693,308,18857,21736,2018-08-25 19:00:00,2018-12-23 18:00:00
Electricity,64,694,64,18858,21737,2018-08-25 20:00:00,2018-12-23 19:00:00
Electricity,47,704,47,18868,21747,2018-08-26 06:00:00,2018-12-24 05:00:00
Electricity,67,706,67,18870,21749,2018-08-26 08:00:00,2018-12-24 07:00:00
Electricity,284,730,284,18894,21773,2018-08-27 08:00:00,2018-12-25 07:00:00
Electricity,5,739,5,18903,21782,2018-08-27 17:00:00,2018-12-25 16:00:00
Electricity,116,772,116,18936,21815,2018-08-29 02:00:00,2018-12-27 01:00:00
Electricity,225,773,225,18937,21816,2018-08-29 03:00:00,2018-12-27 02:00:00
Electricity,51,785,51,18949,21828,2018-08-29 15:00:00,2018-12-27 14:00:00
Electricity,85,810,85,18974,21853,2018-08-30 16:00:00,2018-12-28 15:00:00
Electricity,85,812,85,18976,21855,2018-08-30 18:00:00,2018-12-28 17:00:00
Electricity,62,814,62,18978,21857,2018-08-30 20:00:00,2018-12-28 19:00:00
Electricity,83,824,83,18988,21867,2018-08-31 06:00:00,2018-12-29 05:00:00
Electricity,299,841,299,19005,21884,2018-08-31 23:00:00,2018-12-29 22:00:00
Electricity,119,849,119,19013,21892,2018-09-01 07:00:00,2018-12-30 06:00:00
Electricity,80,858,80,19022,21901,2018-09-01 16:00:00,2018-12-30 15:00:00
Electricity,119,880,119,19044,21923,2018-09-02 14:00:00,2018-12-31 13:00:00
Electricity,157,898,157,19062,21941,2018-09-03 08:00:00,2019-01-01 07:00:00
Electricity,313,900,313,19064,21943,2018-09-03 10:00:00,2019-01-01 09:00:00
Electricity,19,904,19,19068,21947,2018-09-03 14:00:00,2019-01-01 13:00:00
Electricity,249,978,249,19142,22021,2018-09-06 16:00:00,2019-01-04 15:00:00
Electricity,82,996,82,19160,22039,2018-09-07 10:00:00,2019-01-05 09:00:00
Electricity,283,1036,283,19200,22079,2018-09-09 02:00:00,2019-01-07 01:00:00
Electricity,162,1042,162,19206,22085,2018-09-09 08:00:00,2019-01-07 07:00:00
Electricity,263,1060,263,19224,22103,2018-09-10 02:00:00,2019-01-08 01:00:00
Electricity,199,1066,199,19230,22109,2018-09-10 08:00:00,2019-01-08 07:00:00
Electricity,261,1102,261,19266,22145,2018-09-11 20:00:00,2019-01-09 19:00:00
Electricity,73,1149,73,19313,22192,2018-09-13 19:00:00,2019-01-11 18:00:00
Electricity,122,1152,122,19316,22195,2018-09-13 22:00:00,2019-01-11 21:00:00
Electricity,192,1249,192,19413,22292,2018-09-17 23:00:00,2019-01-15 22:00:00
Electricity,188,1277,188,19441,22320,2018-09-19 03:00:00,2019-01-17 02:00:00
Electricity,218,1289,218,19453,22332,2018-09-19 15:00:00,2019-01-17 14:00:00
Electricity,156,1297,156,19461,22340,2018-09-19 23:00:00,2019-01-17 22:00:00
Electricity,44,1317,44,19481,22360,2018-09-20 19:00:00,2019-01-18 18:00:00
Electricity,117,1322,117,19486,22365,2018-09-21 00:00:00,2019-01-18 23:00:00
Electricity,236,1327,236,19491,22370,2018-09-21 05:00:00,2019-01-19 04:00:00
Electricity,107,1367,107,19531,22410,2018-09-22 21:00:00,2019-01-20 20:00:00
Electricity,119,1373,119,19537,22416,2018-09-23 03:00:00,2019-01-21 02:00:00
Electricity,187,1389,187,19553,22432,2018-09-23 19:00:00,2019-01-21 18:00:00
Electricity,282,1393,282,19557,22436,2018-09-23 23:00:00,2019-01-21 22:00:00
Electricity,318,1399,318,19563,22442,2018-09-24 05:00:00,2019-01-22 04:00:00
Electricity,282,1417,282,19581,22460,2018-09-24 23:00:00,2019-01-22 22:00:00
Electricity,222,1477,222,19641,22520,2018-09-27 11:00:00,2019-01-25 10:00:00
Electricity,261,1486,261,19650,22529,2018-09-27 20:00:00,2019-01-25 19:00:00
Electricity,91,1494,91,19658,22537,2018-09-28 04:00:00,2019-01-26 03:00:00
Electricity,32,1497,32,19661,22540,2018-09-28 07:00:00,2019-01-26 06:00:00
Electricity,163,1497,163,19661,22540,2018-09-28 07:00:00,2019-01-26 06:00:00
Electricity,222,1513,222,19677,22556,2018-09-28 23:00:00,2019-01-26 22:00:00
Electricity,274,1519,274,19683,22562,2018-09-29 05:00:00,2019-01-27 04:00:00
Electricity,236,1522,236,19686,22565,2018-09-29 08:00:00,2019-01-27 07:00:00
Electricity,264,1551,264,19715,22594,2018-09-30 13:00:00,2019-01-28 12:00:00
Electricity,311,1552,311,19716,22595,2018-09-30 14:00:00,2019-01-28 13:00:00
Electricity,151,1587,151,19751,22630,2018-10-02 01:00:00,2019-01-30 00:00:00
Electricity,63,1620,63,19784,22663,2018-10-03 10:00:00,2019-01-31 09:00:00
Electricity,60,1623,60,19787,22666,2018-10-03 13:00:00,2019-01-31 12:00:00
Electricity,266,1635,266,19799,22678,2018-10-04 01:00:00,2019-02-01 00:00:00
Electricity,OT,1675,320,19839,22718,2018-10-05 17:00:00,2019-02-02 16:00:00
Electricity,265,1692,265,19856,22735,2018-10-06 10:00:00,2019-02-03 09:00:00
Electricity,28,1700,28,19864,22743,2018-10-06 18:00:00,2019-02-03 17:00:00
Electricity,302,1703,302,19867,22746,2018-10-06 21:00:00,2019-02-03 20:00:00
Electricity,300,1714,300,19878,22757,2018-10-07 08:00:00,2019-02-04 07:00:00
Electricity,129,1770,129,19934,22813,2018-10-09 16:00:00,2019-02-06 15:00:00
Electricity,271,1785,271,19949,22828,2018-10-10 07:00:00,2019-02-07 06:00:00
Electricity,3,1787,3,19951,22830,2018-10-10 09:00:00,2019-02-07 08:00:00
Electricity,140,1822,140,19986,22865,2018-10-11 20:00:00,2019-02-08 19:00:00
Electricity,255,1823,255,19987,22866,2018-10-11 21:00:00,2019-02-08 20:00:00
Electricity,15,1849,15,20013,22892,2018-10-12 23:00:00,2019-02-09 22:00:00
Electricity,49,1880,49,20044,22923,2018-10-14 06:00:00,2019-02-11 05:00:00
Electricity,116,1899,116,20063,22942,2018-10-15 01:00:00,2019-02-12 00:00:00
Electricity,97,1925,97,20089,22968,2018-10-16 03:00:00,2019-02-13 02:00:00
Electricity,141,1936,141,20100,22979,2018-10-16 14:00:00,2019-02-13 13:00:00
Electricity,29,1937,29,20101,22980,2018-10-16 15:00:00,2019-02-13 14:00:00
Electricity,225,1950,225,20114,22993,2018-10-17 04:00:00,2019-02-14 03:00:00
Electricity,304,1983,304,20147,23026,2018-10-18 13:00:00,2019-02-15 12:00:00
Electricity,311,1999,311,20163,23042,2018-10-19 05:00:00,2019-02-16 04:00:00
Electricity,215,2043,215,20207,23086,2018-10-21 01:00:00,2019-02-18 00:00:00
Electricity,276,2052,276,20216,23095,2018-10-21 10:00:00,2019-02-18 09:00:00
Electricity,29,2062,29,20226,23105,2018-10-21 20:00:00,2019-02-18 19:00:00
Electricity,189,2075,189,20239,23118,2018-10-22 09:00:00,2019-02-19 08:00:00
Electricity,294,2084,294,20248,23127,2018-10-22 18:00:00,2019-02-19 17:00:00
Electricity,174,2086,174,20250,23129,2018-10-22 20:00:00,2019-02-19 19:00:00
Electricity,2,2096,2,20260,23139,2018-10-23 06:00:00,2019-02-20 05:00:00
Electricity,254,2119,254,20283,23162,2018-10-24 05:00:00,2019-02-21 04:00:00
Electricity,47,2142,47,20306,23185,2018-10-25 04:00:00,2019-02-22 03:00:00
Electricity,179,2155,179,20319,23198,2018-10-25 17:00:00,2019-02-22 16:00:00
Electricity,259,2155,259,20319,23198,2018-10-25 17:00:00,2019-02-22 16:00:00
Electricity,55,2168,55,20332,23211,2018-10-26 06:00:00,2019-02-23 05:00:00
Electricity,194,2171,194,20335,23214,2018-10-26 09:00:00,2019-02-23 08:00:00
Electricity,23,2186,23,20350,23229,2018-10-27 00:00:00,2019-02-23 23:00:00
Electricity,249,2192,249,20356,23235,2018-10-27 06:00:00,2019-02-24 05:00:00
Electricity,182,2203,182,20367,23246,2018-10-27 17:00:00,2019-02-24 16:00:00
Electricity,251,2312,251,20476,23355,2018-11-01 06:00:00,2019-03-01 05:00:00
Electricity,288,2314,288,20478,23357,2018-11-01 08:00:00,2019-03-01 07:00:00
Electricity,23,2316,23,20480,23359,2018-11-01 10:00:00,2019-03-01 09:00:00
Electricity,303,2340,303,20504,23383,2018-11-02 10:00:00,2019-03-02 09:00:00
Electricity,242,2352,242,20516,23395,2018-11-02 22:00:00,2019-03-02 21:00:00
Electricity,187,2369,187,20533,23412,2018-11-03 15:00:00,2019-03-03 14:00:00
Electricity,109,2408,109,20572,23451,2018-11-05 06:00:00,2019-03-05 05:00:00
Electricity,169,2439,169,20603,23482,2018-11-06 13:00:00,2019-03-06 12:00:00
Electricity,73,2484,73,20648,23527,2018-11-08 10:00:00,2019-03-08 09:00:00
Electricity,287,2486,287,20650,23529,2018-11-08 12:00:00,2019-03-08 11:00:00
Electricity,20,2502,20,20666,23545,2018-11-09 04:00:00,2019-03-09 03:00:00
Electricity,228,2512,228,20676,23555,2018-11-09 14:00:00,2019-03-09 13:00:00
Electricity,103,2540,103,20704,23583,2018-11-10 18:00:00,2019-03-10 17:00:00
Electricity,216,2545,216,20709,23588,2018-11-10 23:00:00,2019-03-10 22:00:00
Electricity,23,2567,23,20731,23610,2018-11-11 21:00:00,2019-03-11 20:00:00
Electricity,90,2569,90,20733,23612,2018-11-11 23:00:00,2019-03-11 22:00:00
Electricity,94,2570,94,20734,23613,2018-11-12 00:00:00,2019-03-11 23:00:00
Electricity,189,2577,189,20741,23620,2018-11-12 07:00:00,2019-03-12 06:00:00
Electricity,47,2600,47,20764,23643,2018-11-13 06:00:00,2019-03-13 05:00:00
Electricity,317,2621,317,20785,23664,2018-11-14 03:00:00,2019-03-14 02:00:00
Electricity,54,2634,54,20798,23677,2018-11-14 16:00:00,2019-03-14 15:00:00
Electricity,151,2664,151,20828,23707,2018-11-15 22:00:00,2019-03-15 21:00:00
Electricity,211,2685,211,20849,23728,2018-11-16 19:00:00,2019-03-16 18:00:00
Electricity,129,2690,129,20854,23733,2018-11-17 00:00:00,2019-03-16 23:00:00
Electricity,61,2734,61,20898,23777,2018-11-18 20:00:00,2019-03-18 19:00:00
Electricity,117,2759,117,20923,23802,2018-11-19 21:00:00,2019-03-19 20:00:00
Electricity,121,2761,121,20925,23804,2018-11-19 23:00:00,2019-03-19 22:00:00
Electricity,205,2789,205,20953,23832,2018-11-21 03:00:00,2019-03-21 02:00:00
Electricity,78,2799,78,20963,23842,2018-11-21 13:00:00,2019-03-21 12:00:00
Electricity,6,2819,6,20983,23862,2018-11-22 09:00:00,2019-03-22 08:00:00
Electricity,185,2819,185,20983,23862,2018-11-22 09:00:00,2019-03-22 08:00:00
Electricity,270,2837,270,21001,23880,2018-11-23 03:00:00,2019-03-23 02:00:00
Electricity,27,2840,27,21004,23883,2018-11-23 06:00:00,2019-03-23 05:00:00
Electricity,173,2882,173,21046,23925,2018-11-25 00:00:00,2019-03-24 23:00:00
Electricity,167,2901,167,21065,23944,2018-11-25 19:00:00,2019-03-25 18:00:00
Electricity,293,2903,293,21067,23946,2018-11-25 21:00:00,2019-03-25 20:00:00
Electricity,141,2904,141,21068,23947,2018-11-25 22:00:00,2019-03-25 21:00:00
Electricity,225,2905,225,21069,23948,2018-11-25 23:00:00,2019-03-25 22:00:00
Electricity,261,2909,261,21073,23952,2018-11-26 03:00:00,2019-03-26 02:00:00
Electricity,261,2920,261,21084,23963,2018-11-26 14:00:00,2019-03-26 13:00:00
Electricity,39,2928,39,21092,23971,2018-11-26 22:00:00,2019-03-26 21:00:00
Electricity,109,2957,109,21121,24000,2018-11-28 03:00:00,2019-03-28 02:00:00
Electricity,110,2974,110,21138,24017,2018-11-28 20:00:00,2019-03-28 19:00:00
Electricity,43,2991,43,21155,24034,2018-11-29 13:00:00,2019-03-29 12:00:00
Electricity,273,3048,273,21212,24091,2018-12-01 22:00:00,2019-03-31 21:00:00
Electricity,54,3102,54,21266,24145,2018-12-04 04:00:00,2019-04-03 03:00:00
Electricity,214,3105,214,21269,24148,2018-12-04 07:00:00,2019-04-03 06:00:00
Electricity,299,3106,299,21270,24149,2018-12-04 08:00:00,2019-04-03 07:00:00
Electricity,147,3107,147,21271,24150,2018-12-04 09:00:00,2019-04-03 08:00:00
Electricity,23,3121,23,21285,24164,2018-12-04 23:00:00,2019-04-03 22:00:00
Electricity,308,3128,308,21292,24171,2018-12-05 06:00:00,2019-04-04 05:00:00
Electricity,149,3183,149,21347,24226,2018-12-07 13:00:00,2019-04-06 12:00:00
Electricity,191,3189,191,21353,24232,2018-12-07 19:00:00,2019-04-06 18:00:00
Electricity,242,3200,242,21364,24243,2018-12-08 06:00:00,2019-04-07 05:00:00
Electricity,132,3227,132,21391,24270,2018-12-09 09:00:00,2019-04-08 08:00:00
Electricity,48,3242,48,21406,24285,2018-12-10 00:00:00,2019-04-08 23:00:00
Electricity,117,3279,117,21443,24322,2018-12-11 13:00:00,2019-04-10 12:00:00
Electricity,282,3299,282,21463,24342,2018-12-12 09:00:00,2019-04-11 08:00:00
Electricity,27,3329,27,21493,24372,2018-12-13 15:00:00,2019-04-12 14:00:00
Electricity,106,3335,106,21499,24378,2018-12-13 21:00:00,2019-04-12 20:00:00
Electricity,4,3354,4,21518,24397,2018-12-14 16:00:00,2019-04-13 15:00:00
Electricity,210,3390,210,21554,24433,2018-12-16 04:00:00,2019-04-15 03:00:00
Electricity,242,3410,242,21574,24453,2018-12-17 00:00:00,2019-04-15 23:00:00
Electricity,97,3416,97,21580,24459,2018-12-17 06:00:00,2019-04-16 05:00:00
Electricity,29,3425,29,21589,24468,2018-12-17 15:00:00,2019-04-16 14:00:00
Electricity,265,3437,265,21601,24480,2018-12-18 03:00:00,2019-04-17 02:00:00
Electricity,79,3439,79,21603,24482,2018-12-18 05:00:00,2019-04-17 04:00:00
Electricity,182,3451,182,21615,24494,2018-12-18 17:00:00,2019-04-17 16:00:00
Electricity,188,3475,188,21639,24518,2018-12-19 17:00:00,2019-04-18 16:00:00
Electricity,29,3478,29,21642,24521,2018-12-19 20:00:00,2019-04-18 19:00:00
Electricity,4,3534,4,21698,24577,2018-12-22 04:00:00,2019-04-21 03:00:00
Electricity,83,3537,83,21701,24580,2018-12-22 07:00:00,2019-04-21 06:00:00
Electricity,220,3537,220,21701,24580,2018-12-22 07:00:00,2019-04-21 06:00:00
Electricity,247,3538,247,21702,24581,2018-12-22 08:00:00,2019-04-21 07:00:00
Electricity,5,3564,5,21728,24607,2018-12-23 10:00:00,2019-04-22 09:00:00
Electricity,115,3578,115,21742,24621,2018-12-24 00:00:00,2019-04-22 23:00:00
Electricity,212,3590,212,21754,24633,2018-12-24 12:00:00,2019-04-23 11:00:00
Electricity,6,3628,6,21792,24671,2018-12-26 02:00:00,2019-04-25 01:00:00
Electricity,45,3648,45,21812,24691,2018-12-26 22:00:00,2019-04-25 21:00:00
Electricity,170,3679,170,21843,24722,2018-12-28 05:00:00,2019-04-27 04:00:00
Electricity,293,3685,293,21849,24728,2018-12-28 11:00:00,2019-04-27 10:00:00
Electricity,140,3691,140,21855,24734,2018-12-28 17:00:00,2019-04-27 16:00:00
Electricity,239,3713,239,21877,24756,2018-12-29 15:00:00,2019-04-28 14:00:00
Electricity,163,3761,163,21925,24804,2018-12-31 15:00:00,2019-04-30 14:00:00
Electricity,232,3764,232,21928,24807,2018-12-31 18:00:00,2019-04-30 17:00:00
Electricity,212,3769,212,21933,24812,2018-12-31 23:00:00,2019-04-30 22:00:00
Electricity,4,3770,4,21934,24813,2019-01-01 00:00:00,2019-04-30 23:00:00
Electricity,16,3773,16,21937,24816,2019-01-01 03:00:00,2019-05-01 02:00:00
Electricity,97,3823,97,21987,24866,2019-01-03 05:00:00,2019-05-03 04:00:00
Electricity,128,3835,128,21999,24878,2019-01-03 17:00:00,2019-05-03 16:00:00
Electricity,1,3856,1,22020,24899,2019-01-04 14:00:00,2019-05-04 13:00:00
Electricity,159,3864,159,22028,24907,2019-01-04 22:00:00,2019-05-04 21:00:00
Electricity,32,3925,32,22089,24968,2019-01-07 11:00:00,2019-05-07 10:00:00
Electricity,23,3942,23,22106,24985,2019-01-08 04:00:00,2019-05-08 03:00:00
Electricity,196,3958,196,22122,25001,2019-01-08 20:00:00,2019-05-08 19:00:00
Electricity,264,3961,264,22125,25004,2019-01-08 23:00:00,2019-05-08 22:00:00
Electricity,22,3969,22,22133,25012,2019-01-09 07:00:00,2019-05-09 06:00:00
Electricity,190,3996,190,22160,25039,2019-01-10 10:00:00,2019-05-10 09:00:00
Electricity,189,3997,189,22161,25040,2019-01-10 11:00:00,2019-05-10 10:00:00
Electricity,233,3998,233,22162,25041,2019-01-10 12:00:00,2019-05-10 11:00:00
Electricity,223,4005,223,22169,25048,2019-01-10 19:00:00,2019-05-10 18:00:00
Electricity,6,4063,6,22227,25106,2019-01-13 05:00:00,2019-05-13 04:00:00
Electricity,223,4075,223,22239,25118,2019-01-13 17:00:00,2019-05-13 16:00:00
Electricity,99,4077,99,22241,25120,2019-01-13 19:00:00,2019-05-13 18:00:00
Electricity,138,4084,138,22248,25127,2019-01-14 02:00:00,2019-05-14 01:00:00
Electricity,119,4085,119,22249,25128,2019-01-14 03:00:00,2019-05-14 02:00:00
Electricity,28,4095,28,22259,25138,2019-01-14 13:00:00,2019-05-14 12:00:00
Electricity,6,4139,6,22303,25182,2019-01-16 09:00:00,2019-05-16 08:00:00
Electricity,77,4165,77,22329,25208,2019-01-17 11:00:00,2019-05-17 10:00:00
Electricity,151,4176,151,22340,25219,2019-01-17 22:00:00,2019-05-17 21:00:00
Electricity,256,4191,256,22355,25234,2019-01-18 13:00:00,2019-05-18 12:00:00
Electricity,154,4198,154,22362,25241,2019-01-18 20:00:00,2019-05-18 19:00:00
Electricity,78,4200,78,22364,25243,2019-01-18 22:00:00,2019-05-18 21:00:00
Electricity,96,4203,96,22367,25246,2019-01-19 01:00:00,2019-05-19 00:00:00
Electricity,248,4203,248,22367,25246,2019-01-19 01:00:00,2019-05-19 00:00:00
Electricity,162,4236,162,22400,25279,2019-01-20 10:00:00,2019-05-20 09:00:00
Electricity,276,4241,276,22405,25284,2019-01-20 15:00:00,2019-05-20 14:00:00
Electricity,276,4268,276,22432,25311,2019-01-21 18:00:00,2019-05-21 17:00:00
Electricity,153,4273,153,22437,25316,2019-01-21 23:00:00,2019-05-21 22:00:00
Electricity,28,4304,28,22468,25347,2019-01-23 06:00:00,2019-05-23 05:00:00
Electricity,117,4315,117,22479,25358,2019-01-23 17:00:00,2019-05-23 16:00:00
Electricity,71,4323,71,22487,25366,2019-01-24 01:00:00,2019-05-24 00:00:00
Electricity,294,4336,294,22500,25379,2019-01-24 14:00:00,2019-05-24 13:00:00
Electricity,179,4337,179,22501,25380,2019-01-24 15:00:00,2019-05-24 14:00:00
Electricity,228,4341,228,22505,25384,2019-01-24 19:00:00,2019-05-24 18:00:00
Electricity,107,4366,107,22530,25409,2019-01-25 20:00:00,2019-05-25 19:00:00
Electricity,3,4407,3,22571,25450,2019-01-27 13:00:00,2019-05-27 12:00:00
Electricity,231,4416,231,22580,25459,2019-01-27 22:00:00,2019-05-27 21:00:00
Electricity,280,4435,280,22599,25478,2019-01-28 17:00:00,2019-05-28 16:00:00
Electricity,161,4464,161,22628,25507,2019-01-29 22:00:00,2019-05-29 21:00:00
Electricity,316,4470,316,22634,25513,2019-01-30 04:00:00,2019-05-30 03:00:00
Electricity,245,4501,245,22665,25544,2019-01-31 11:00:00,2019-05-31 10:00:00
Electricity,165,4530,165,22694,25573,2019-02-01 16:00:00,2019-06-01 15:00:00
Electricity,225,4539,225,22703,25582,2019-02-02 01:00:00,2019-06-02 00:00:00
Electricity,3,4552,3,22716,25595,2019-02-02 14:00:00,2019-06-02 13:00:00
Electricity,242,4562,242,22726,25605,2019-02-03 00:00:00,2019-06-02 23:00:00
Electricity,117,4564,117,22728,25607,2019-02-03 02:00:00,2019-06-03 01:00:00
Electricity,92,4567,92,22731,25610,2019-02-03 05:00:00,2019-06-03 04:00:00
Electricity,65,4571,65,22735,25614,2019-02-03 09:00:00,2019-06-03 08:00:00
Electricity,292,4586,292,22750,25629,2019-02-04 00:00:00,2019-06-03 23:00:00
Electricity,39,4593,39,22757,25636,2019-02-04 07:00:00,2019-06-04 06:00:00
Electricity,247,4599,247,22763,25642,2019-02-04 13:00:00,2019-06-04 12:00:00
Electricity,164,4607,164,22771,25650,2019-02-04 21:00:00,2019-06-04 20:00:00
Electricity,177,4670,177,22834,25713,2019-02-07 12:00:00,2019-06-07 11:00:00
Electricity,96,4679,96,22843,25722,2019-02-07 21:00:00,2019-06-07 20:00:00
Electricity,17,4707,17,22871,25750,2019-02-09 01:00:00,2019-06-09 00:00:00
Electricity,260,4707,260,22871,25750,2019-02-09 01:00:00,2019-06-09 00:00:00
Electricity,145,4727,145,22891,25770,2019-02-09 21:00:00,2019-06-09 20:00:00
Electricity,268,4747,268,22911,25790,2019-02-10 17:00:00,2019-06-10 16:00:00
Electricity,107,4760,107,22924,25803,2019-02-11 06:00:00,2019-06-11 05:00:00
Electricity,241,4780,241,22944,25823,2019-02-12 02:00:00,2019-06-12 01:00:00
Electricity,30,4782,30,22946,25825,2019-02-12 04:00:00,2019-06-12 03:00:00
Electricity,235,4804,235,22968,25847,2019-02-13 02:00:00,2019-06-13 01:00:00
Electricity,200,4821,200,22985,25864,2019-02-13 19:00:00,2019-06-13 18:00:00
Electricity,157,4829,157,22993,25872,2019-02-14 03:00:00,2019-06-14 02:00:00
Electricity,249,4834,249,22998,25877,2019-02-14 08:00:00,2019-06-14 07:00:00
Electricity,305,4851,305,23015,25894,2019-02-15 01:00:00,2019-06-15 00:00:00
Electricity,148,4880,148,23044,25923,2019-02-16 06:00:00,2019-06-16 05:00:00
Electricity,247,4905,247,23069,25948,2019-02-17 07:00:00,2019-06-17 06:00:00
Electricity,203,4912,203,23076,25955,2019-02-17 14:00:00,2019-06-17 13:00:00
Electricity,45,4941,45,23105,25984,2019-02-18 19:00:00,2019-06-18 18:00:00
Electricity,7,4956,7,23120,25999,2019-02-19 10:00:00,2019-06-19 09:00:00
Electricity,15,4960,15,23124,26003,2019-02-19 14:00:00,2019-06-19 13:00:00
Electricity,191,4982,191,23146,26025,2019-02-20 12:00:00,2019-06-20 11:00:00
Electricity,22,4988,22,23152,26031,2019-02-20 18:00:00,2019-06-20 17:00:00
Electricity,243,5015,243,23179,26058,2019-02-21 21:00:00,2019-06-21 20:00:00
Electricity,104,5018,104,23182,26061,2019-02-22 00:00:00,2019-06-21 23:00:00
Electricity,80,5020,80,23184,26063,2019-02-22 02:00:00,2019-06-22 01:00:00
Electricity,180,5062,180,23226,26105,2019-02-23 20:00:00,2019-06-23 19:00:00
Electricity,315,5069,315,23233,26112,2019-02-24 03:00:00,2019-06-24 02:00:00
Electricity,265,5080,265,23244,26123,2019-02-24 14:00:00,2019-06-24 13:00:00
Electricity,274,5093,274,23257,26136,2019-02-25 03:00:00,2019-06-25 02:00:00
Electricity,241,5100,241,23264,26143,2019-02-25 10:00:00,2019-06-25 09:00:00
Electricity,158,5124,158,23288,26167,2019-02-26 10:00:00,2019-06-26 09:00:00
Electricity,70,5126,70,23290,26169,2019-02-26 12:00:00,2019-06-26 11:00:00
Electricity,127,5145,127,23309,26188,2019-02-27 07:00:00,2019-06-27 06:00:00
Electricity,22,5150,22,23314,26193,2019-02-27 12:00:00,2019-06-27 11:00:00
