var_key,sample_id,mean_cos_d_10nn,std_mse_P1,std_mae_P1
CropsAndStaples__barley_inr_t_96_12_12_10events,CropsAndStaples__barley_inr_t_96_12_12_10events__20250909T000000,0.25271317,3.4759682927404736,0.7440764245326572
CropsAndStaples__barley_inr_t_96_12_12_10events,CropsAndStaples__barley_inr_t_96_12_12_10events__20250925T000000,0.25388728,3.4759682927404736,0.7440764245326572
CropsAndStaples__barley_inr_t_96_12_12_10events,CropsAndStaples__barley_inr_t_96_12_12_10events__20251014T000000,0.24697934,3.4759682927404736,0.7440764245326572
CropsAndStaples__barley_inr_t_96_12_12_10events,CropsAndStaples__barley_inr_t_96_12_12_10events__20251103T000000,0.24960558,3.4759682927404736,0.7440764245326572
CropsAndStaples__barley_inr_t_96_12_12_10events,CropsAndStaples__barley_inr_t_96_12_12_10events__20251120T000000,0.24337472,3.4759682927404736,0.7440764245326572
CropsAndStaples__barley_inr_t_96_12_12_10events,CropsAndStaples__barley_inr_t_96_12_12_10events__20251208T000000,0.25851449,3.4759682927404736,0.7440764245326572
CropsAndStaples__barley_inr_t_96_12_12_10events,CropsAndStaples__barley_inr_t_96_12_12_10events__20251224T000000,0.25857706,3.4759682927404736,0.7440764245326572
CropsAndStaples__barley_inr_t_96_12_12_10events,CropsAndStaples__barley_inr_t_96_12_12_10events__20260112T000000,0.26991866,3.4759682927404736,0.7440764245326572
CropsAndStaples__barley_inr_t_96_12_12_10events,CropsAndStaples__barley_inr_t_96_12_12_10events__20260130T000000,0.26295742,3.4759682927404736,0.7440764245326572
CropsAndStaples__barley_inr_t_96_12_12_10events,CropsAndStaples__barley_inr_t_96_12_12_10events__20260216T000000,0.25139409,3.4759682927404736,0.7440764245326572
CropsAndStaples__barley_inr_t_96_12_12_10events,CropsAndStaples__barley_inr_t_96_12_12_10events__20260304T000000,0.23571820,3.4759682927404736,0.7440764245326572
CropsAndStaples__canola_cad_t_96_12_12_10events,CropsAndStaples__canola_cad_t_96_12_12_10events__20250811T000000,0.27364464,0.8241238606794686,0.7031170286493155
CropsAndStaples__canola_cad_t_96_12_12_10events,CropsAndStaples__canola_cad_t_96_12_12_10events__20250827T000000,0.28689579,0.8241238606794686,0.7031170286493155
CropsAndStaples__canola_cad_t_96_12_12_10events,CropsAndStaples__canola_cad_t_96_12_12_10events__20250912T000000,0.26439663,0.8241238606794686,0.7031170286493155
CropsAndStaples__canola_cad_t_96_12_12_10events,CropsAndStaples__canola_cad_t_96_12_12_10events__20251001T000000,0.26899253,0.8241238606794686,0.7031170286493155
CropsAndStaples__canola_cad_t_96_12_12_10events,CropsAndStaples__canola_cad_t_96_12_12_10events__20251017T000000,0.25659102,0.8241238606794686,0.7031170286493155
CropsAndStaples__canola_cad_t_96_12_12_10events,CropsAndStaples__canola_cad_t_96_12_12_10events__20251104T000000,0.27087668,0.8241238606794686,0.7031170286493155
CropsAndStaples__canola_cad_t_96_12_12_10events,CropsAndStaples__canola_cad_t_96_12_12_10events__20251121T000000,0.26397125,0.8241238606794686,0.7031170286493155
CropsAndStaples__canola_cad_t_96_12_12_10events,CropsAndStaples__canola_cad_t_96_12_12_10events__20251209T000000,0.26265405,0.8241238606794686,0.7031170286493155
CropsAndStaples__canola_cad_t_96_12_12_10events,CropsAndStaples__canola_cad_t_96_12_12_10events__20251225T000000,0.28098356,0.8241238606794686,0.7031170286493155
CropsAndStaples__canola_cad_t_96_12_12_10events,CropsAndStaples__canola_cad_t_96_12_12_10events__20260112T000000,0.27290134,0.8241238606794686,0.7031170286493155
CropsAndStaples__canola_cad_t_96_12_12_10events,CropsAndStaples__canola_cad_t_96_12_12_10events__20260128T000000,0.28430811,0.8241238606794686,0.7031170286493155
CropsAndStaples__canola_cad_t_96_12_12_10events,CropsAndStaples__canola_cad_t_96_12_12_10events__20260213T000000,0.26417899,0.8241238606794686,0.7031170286493155
CropsAndStaples__canola_cad_t_96_12_12_10events,CropsAndStaples__canola_cad_t_96_12_12_10events__20260303T000000,0.26078254,0.8241238606794686,0.7031170286493155
CropsAndStaples__cocoa_usd_t_96_12_12_10events,CropsAndStaples__cocoa_usd_t_96_12_12_10events__20250724T000000,0.27645759,1.0197253640943151,0.7171253369382146
CropsAndStaples__cocoa_usd_t_96_12_12_10events,CropsAndStaples__cocoa_usd_t_96_12_12_10events__20250811T000000,0.26512891,1.0197253640943151,0.7171253369382146
CropsAndStaples__cocoa_usd_t_96_12_12_10events,CropsAndStaples__cocoa_usd_t_96_12_12_10events__20250827T000000,0.27491089,1.0197253640943151,0.7171253369382146
CropsAndStaples__cocoa_usd_t_96_12_12_10events,CropsAndStaples__cocoa_usd_t_96_12_12_10events__20250915T000000,0.26565786,1.0197253640943151,0.7171253369382146
CropsAndStaples__cocoa_usd_t_96_12_12_10events,CropsAndStaples__cocoa_usd_t_96_12_12_10events__20251001T000000,0.26937802,1.0197253640943151,0.7171253369382146
CropsAndStaples__cocoa_usd_t_96_12_12_10events,CropsAndStaples__cocoa_usd_t_96_12_12_10events__20251017T000000,0.26999014,1.0197253640943151,0.7171253369382146
CropsAndStaples__cocoa_usd_t_96_12_12_10events,CropsAndStaples__cocoa_usd_t_96_12_12_10events__20251104T000000,0.26200610,1.0197253640943151,0.7171253369382146
CropsAndStaples__cocoa_usd_t_96_12_12_10events,CropsAndStaples__cocoa_usd_t_96_12_12_10events__20251120T000000,0.26576565,1.0197253640943151,0.7171253369382146
CropsAndStaples__cocoa_usd_t_96_12_12_10events,CropsAndStaples__cocoa_usd_t_96_12_12_10events__20251208T000000,0.26333604,1.0197253640943151,0.7171253369382146
CropsAndStaples__cocoa_usd_t_96_12_12_10events,CropsAndStaples__cocoa_usd_t_96_12_12_10events__20251224T000000,0.26399628,1.0197253640943151,0.7171253369382146
CropsAndStaples__cocoa_usd_t_96_12_12_10events,CropsAndStaples__cocoa_usd_t_96_12_12_10events__20260109T000000,0.27120471,1.0197253640943151,0.7171253369382146
CropsAndStaples__cocoa_usd_t_96_12_12_10events,CropsAndStaples__cocoa_usd_t_96_12_12_10events__20260127T000000,0.27433908,1.0197253640943151,0.7171253369382146
CropsAndStaples__cocoa_usd_t_96_12_12_10events,CropsAndStaples__cocoa_usd_t_96_12_12_10events__20260212T000000,0.27236756,1.0197253640943151,0.7171253369382146
CropsAndStaples__cocoa_usd_t_96_12_12_10events,CropsAndStaples__cocoa_usd_t_96_12_12_10events__20260302T000000,0.26586368,1.0197253640943151,0.7171253369382146
CropsAndStaples__cotton_usd_lbs_96_12_12_10events,CropsAndStaples__cotton_usd_lbs_96_12_12_10events__20250802T000000,0.28802018,1.1566945716420576,0.7408887731703702
CropsAndStaples__cotton_usd_lbs_96_12_12_10events,CropsAndStaples__cotton_usd_lbs_96_12_12_10events__20250816T000000,0.29160638,1.1566945716420576,0.7408887731703702
CropsAndStaples__cotton_usd_lbs_96_12_12_10events,CropsAndStaples__cotton_usd_lbs_96_12_12_10events__20250901T000000,0.29094441,1.1566945716420576,0.7408887731703702
CropsAndStaples__cotton_usd_lbs_96_12_12_10events,CropsAndStaples__cotton_usd_lbs_96_12_12_10events__20250916T000000,0.29056909,1.1566945716420576,0.7408887731703702
CropsAndStaples__cotton_usd_lbs_96_12_12_10events,CropsAndStaples__cotton_usd_lbs_96_12_12_10events__20251001T000000,0.28949048,1.1566945716420576,0.7408887731703702
CropsAndStaples__cotton_usd_lbs_96_12_12_10events,CropsAndStaples__cotton_usd_lbs_96_12_12_10events__20251017T000000,0.29455729,1.1566945716420576,0.7408887731703702
CropsAndStaples__cotton_usd_lbs_96_12_12_10events,CropsAndStaples__cotton_usd_lbs_96_12_12_10events__20251104T000000,0.27755250,1.1566945716420576,0.7408887731703702
CropsAndStaples__cotton_usd_lbs_96_12_12_10events,CropsAndStaples__cotton_usd_lbs_96_12_12_10events__20251120T000000,0.28156774,1.1566945716420576,0.7408887731703702
CropsAndStaples__cotton_usd_lbs_96_12_12_10events,CropsAndStaples__cotton_usd_lbs_96_12_12_10events__20251209T000000,0.28205483,1.1566945716420576,0.7408887731703702
CropsAndStaples__cotton_usd_lbs_96_12_12_10events,CropsAndStaples__cotton_usd_lbs_96_12_12_10events__20251225T000000,0.27313568,1.1566945716420576,0.7408887731703702
CropsAndStaples__cotton_usd_lbs_96_12_12_10events,CropsAndStaples__cotton_usd_lbs_96_12_12_10events__20260112T000000,0.29361333,1.1566945716420576,0.7408887731703702
CropsAndStaples__cotton_usd_lbs_96_12_12_10events,CropsAndStaples__cotton_usd_lbs_96_12_12_10events__20260128T000000,0.28796354,1.1566945716420576,0.7408887731703702
CropsAndStaples__cotton_usd_lbs_96_12_12_10events,CropsAndStaples__cotton_usd_lbs_96_12_12_10events__20260213T000000,0.30545760,1.1566945716420576,0.7408887731703702
CropsAndStaples__cotton_usd_lbs_96_12_12_10events,CropsAndStaples__cotton_usd_lbs_96_12_12_10events__20260303T000000,0.28910927,1.1566945716420576,0.7408887731703702
CropsAndStaples__diammonium_usd_t_96_12_12_10events,CropsAndStaples__diammonium_usd_t_96_12_12_10events__20250804T000000,0.24725350,1.317300607478649,0.6418726434328158
CropsAndStaples__diammonium_usd_t_96_12_12_10events,CropsAndStaples__diammonium_usd_t_96_12_12_10events__20250820T000000,0.23025957,1.317300607478649,0.6418726434328158
CropsAndStaples__diammonium_usd_t_96_12_12_10events,CropsAndStaples__diammonium_usd_t_96_12_12_10events__20250908T000000,0.22927784,1.317300607478649,0.6418726434328158
CropsAndStaples__diammonium_usd_t_96_12_12_10events,CropsAndStaples__diammonium_usd_t_96_12_12_10events__20250924T000000,0.23159802,1.317300607478649,0.6418726434328158
CropsAndStaples__diammonium_usd_t_96_12_12_10events,CropsAndStaples__diammonium_usd_t_96_12_12_10events__20251010T000000,0.24319881,1.317300607478649,0.6418726434328158
CropsAndStaples__diammonium_usd_t_96_12_12_10events,CropsAndStaples__diammonium_usd_t_96_12_12_10events__20251028T000000,0.24189004,1.317300607478649,0.6418726434328158
CropsAndStaples__diammonium_usd_t_96_12_12_10events,CropsAndStaples__diammonium_usd_t_96_12_12_10events__20251113T000000,0.25479436,1.317300607478649,0.6418726434328158
CropsAndStaples__diammonium_usd_t_96_12_12_10events,CropsAndStaples__diammonium_usd_t_96_12_12_10events__20251202T000000,0.24655718,1.317300607478649,0.6418726434328158
CropsAndStaples__diammonium_usd_t_96_12_12_10events,CropsAndStaples__diammonium_usd_t_96_12_12_10events__20251218T000000,0.24531258,1.317300607478649,0.6418726434328158
CropsAndStaples__diammonium_usd_t_96_12_12_10events,CropsAndStaples__diammonium_usd_t_96_12_12_10events__20260107T000000,0.23580034,1.317300607478649,0.6418726434328158
CropsAndStaples__diammonium_usd_t_96_12_12_10events,CropsAndStaples__diammonium_usd_t_96_12_12_10events__20260126T000000,0.23789270,1.317300607478649,0.6418726434328158
CropsAndStaples__diammonium_usd_t_96_12_12_10events,CropsAndStaples__diammonium_usd_t_96_12_12_10events__20260211T000000,0.23617171,1.317300607478649,0.6418726434328158
CropsAndStaples__diammonium_usd_t_96_12_12_10events,CropsAndStaples__diammonium_usd_t_96_12_12_10events__20260302T000000,0.24412533,1.317300607478649,0.6418726434328158
CropsAndStaples__oat_usd_bu_96_12_12_10events,CropsAndStaples__oat_usd_bu_96_12_12_10events__20250805T000000,0.28985721,1.836009961497766,0.9523389699417828
CropsAndStaples__oat_usd_bu_96_12_12_10events,CropsAndStaples__oat_usd_bu_96_12_12_10events__20250821T000000,0.28200885,1.836009961497766,0.9523389699417828
CropsAndStaples__oat_usd_bu_96_12_12_10events,CropsAndStaples__oat_usd_bu_96_12_12_10events__20250908T000000,0.26600019,1.836009961497766,0.9523389699417828
CropsAndStaples__oat_usd_bu_96_12_12_10events,CropsAndStaples__oat_usd_bu_96_12_12_10events__20250924T000000,0.27272845,1.836009961497766,0.9523389699417828
CropsAndStaples__oat_usd_bu_96_12_12_10events,CropsAndStaples__oat_usd_bu_96_12_12_10events__20251010T000000,0.26038874,1.836009961497766,0.9523389699417828
CropsAndStaples__oat_usd_bu_96_12_12_10events,CropsAndStaples__oat_usd_bu_96_12_12_10events__20251028T000000,0.26599795,1.836009961497766,0.9523389699417828
CropsAndStaples__oat_usd_bu_96_12_12_10events,CropsAndStaples__oat_usd_bu_96_12_12_10events__20251113T000000,0.25928421,1.836009961497766,0.9523389699417828
CropsAndStaples__oat_usd_bu_96_12_12_10events,CropsAndStaples__oat_usd_bu_96_12_12_10events__20251202T000000,0.27300963,1.836009961497766,0.9523389699417828
CropsAndStaples__oat_usd_bu_96_12_12_10events,CropsAndStaples__oat_usd_bu_96_12_12_10events__20251218T000000,0.27655726,1.836009961497766,0.9523389699417828
CropsAndStaples__oat_usd_bu_96_12_12_10events,CropsAndStaples__oat_usd_bu_96_12_12_10events__20260105T000000,0.30387501,1.836009961497766,0.9523389699417828
CropsAndStaples__oat_usd_bu_96_12_12_10events,CropsAndStaples__oat_usd_bu_96_12_12_10events__20260121T000000,0.29323964,1.836009961497766,0.9523389699417828
CropsAndStaples__oat_usd_bu_96_12_12_10events,CropsAndStaples__oat_usd_bu_96_12_12_10events__20260206T000000,0.30471770,1.836009961497766,0.9523389699417828
CropsAndStaples__oat_usd_bu_96_12_12_10events,CropsAndStaples__oat_usd_bu_96_12_12_10events__20260224T000000,0.29631384,1.836009961497766,0.9523389699417828
CropsAndStaples__oat_usd_bu_96_12_12_10events,CropsAndStaples__oat_usd_bu_96_12_12_10events__20260312T000000,0.28815519,1.836009961497766,0.9523389699417828
CropsAndStaples__potatoes_eur_100kg_96_12_12_10events,CropsAndStaples__potatoes_eur_100kg_96_12_12_10events__20250721T000000,0.26242323,0.576875556233795,0.4749193477684622
CropsAndStaples__potatoes_eur_100kg_96_12_12_10events,CropsAndStaples__potatoes_eur_100kg_96_12_12_10events__20250806T000000,0.26981087,0.576875556233795,0.4749193477684622
CropsAndStaples__potatoes_eur_100kg_96_12_12_10events,CropsAndStaples__potatoes_eur_100kg_96_12_12_10events__20250822T000000,0.26257599,0.576875556233795,0.4749193477684622
CropsAndStaples__potatoes_eur_100kg_96_12_12_10events,CropsAndStaples__potatoes_eur_100kg_96_12_12_10events__20250909T000000,0.26673038,0.576875556233795,0.4749193477684622
CropsAndStaples__potatoes_eur_100kg_96_12_12_10events,CropsAndStaples__potatoes_eur_100kg_96_12_12_10events__20250925T000000,0.26236803,0.576875556233795,0.4749193477684622
CropsAndStaples__potatoes_eur_100kg_96_12_12_10events,CropsAndStaples__potatoes_eur_100kg_96_12_12_10events__20251013T000000,0.25011120,0.576875556233795,0.4749193477684622
CropsAndStaples__potatoes_eur_100kg_96_12_12_10events,CropsAndStaples__potatoes_eur_100kg_96_12_12_10events__20251029T000000,0.25498313,0.576875556233795,0.4749193477684622
CropsAndStaples__potatoes_eur_100kg_96_12_12_10events,CropsAndStaples__potatoes_eur_100kg_96_12_12_10events__20251114T000000,0.26588599,0.576875556233795,0.4749193477684622
CropsAndStaples__potatoes_eur_100kg_96_12_12_10events,CropsAndStaples__potatoes_eur_100kg_96_12_12_10events__20251202T000000,0.26000081,0.576875556233795,0.4749193477684622
CropsAndStaples__potatoes_eur_100kg_96_12_12_10events,CropsAndStaples__potatoes_eur_100kg_96_12_12_10events__20251218T000000,0.26620295,0.576875556233795,0.4749193477684622
CropsAndStaples__potatoes_eur_100kg_96_12_12_10events,CropsAndStaples__potatoes_eur_100kg_96_12_12_10events__20260108T000000,0.25701443,0.576875556233795,0.4749193477684622
CropsAndStaples__potatoes_eur_100kg_96_12_12_10events,CropsAndStaples__potatoes_eur_100kg_96_12_12_10events__20260126T000000,0.26244748,0.576875556233795,0.4749193477684622
CropsAndStaples__potatoes_eur_100kg_96_12_12_10events,CropsAndStaples__potatoes_eur_100kg_96_12_12_10events__20260211T000000,0.25004438,0.576875556233795,0.4749193477684622
CropsAndStaples__potatoes_eur_100kg_96_12_12_10events,CropsAndStaples__potatoes_eur_100kg_96_12_12_10events__20260227T000000,0.23664921,0.576875556233795,0.4749193477684622
CropsAndStaples__rice_usd_cwt_96_12_12_10events,CropsAndStaples__rice_usd_cwt_96_12_12_10events__20250611T000000,0.27682787,1.4136117397204324,0.89178208389025
CropsAndStaples__rice_usd_cwt_96_12_12_10events,CropsAndStaples__rice_usd_cwt_96_12_12_10events__20250630T000000,0.28211582,1.4136117397204324,0.89178208389025
CropsAndStaples__rice_usd_cwt_96_12_12_10events,CropsAndStaples__rice_usd_cwt_96_12_12_10events__20250717T000000,0.28604259,1.4136117397204324,0.89178208389025
CropsAndStaples__rice_usd_cwt_96_12_12_10events,CropsAndStaples__rice_usd_cwt_96_12_12_10events__20250804T000000,0.26936984,1.4136117397204324,0.89178208389025
CropsAndStaples__rice_usd_cwt_96_12_12_10events,CropsAndStaples__rice_usd_cwt_96_12_12_10events__20250820T000000,0.27845307,1.4136117397204324,0.89178208389025
CropsAndStaples__rice_usd_cwt_96_12_12_10events,CropsAndStaples__rice_usd_cwt_96_12_12_10events__20250908T000000,0.26585361,1.4136117397204324,0.89178208389025
CropsAndStaples__rice_usd_cwt_96_12_12_10events,CropsAndStaples__rice_usd_cwt_96_12_12_10events__20250924T000000,0.26049816,1.4136117397204324,0.89178208389025
CropsAndStaples__rice_usd_cwt_96_12_12_10events,CropsAndStaples__rice_usd_cwt_96_12_12_10events__20251010T000000,0.25824409,1.4136117397204324,0.89178208389025
CropsAndStaples__rice_usd_cwt_96_12_12_10events,CropsAndStaples__rice_usd_cwt_96_12_12_10events__20251028T000000,0.25902500,1.4136117397204324,0.89178208389025
CropsAndStaples__rice_usd_cwt_96_12_12_10events,CropsAndStaples__rice_usd_cwt_96_12_12_10events__20251113T000000,0.24885713,1.4136117397204324,0.89178208389025
CropsAndStaples__rice_usd_cwt_96_12_12_10events,CropsAndStaples__rice_usd_cwt_96_12_12_10events__20251201T000000,0.24842439,1.4136117397204324,0.89178208389025
CropsAndStaples__rice_usd_cwt_96_12_12_10events,CropsAndStaples__rice_usd_cwt_96_12_12_10events__20251217T000000,0.25528373,1.4136117397204324,0.89178208389025
CropsAndStaples__rice_usd_cwt_96_12_12_10events,CropsAndStaples__rice_usd_cwt_96_12_12_10events__20260105T000000,0.26310675,1.4136117397204324,0.89178208389025
CropsAndStaples__rice_usd_cwt_96_12_12_10events,CropsAndStaples__rice_usd_cwt_96_12_12_10events__20260122T000000,0.25766775,1.4136117397204324,0.89178208389025
CropsAndStaples__rice_usd_cwt_96_12_12_10events,CropsAndStaples__rice_usd_cwt_96_12_12_10events__20260209T000000,0.27211718,1.4136117397204324,0.89178208389025
CropsAndStaples__rice_usd_cwt_96_12_12_10events,CropsAndStaples__rice_usd_cwt_96_12_12_10events__20260226T000000,0.25831276,1.4136117397204324,0.89178208389025
CropsAndStaples__rice_usd_cwt_96_12_12_10events,CropsAndStaples__rice_usd_cwt_96_12_12_10events__20260316T000000,0.28443760,1.4136117397204324,0.89178208389025
CropsAndStaples__sugar_usd_lbs_96_12_12_10events,CropsAndStaples__sugar_usd_lbs_96_12_12_10events__20250728T000000,0.25847496,1.4882097221315047,0.8469853824771496
CropsAndStaples__sugar_usd_lbs_96_12_12_10events,CropsAndStaples__sugar_usd_lbs_96_12_12_10events__20250813T000000,0.27798296,1.4882097221315047,0.8469853824771496
CropsAndStaples__sugar_usd_lbs_96_12_12_10events,CropsAndStaples__sugar_usd_lbs_96_12_12_10events__20250829T000000,0.26776383,1.4882097221315047,0.8469853824771496
CropsAndStaples__sugar_usd_lbs_96_12_12_10events,CropsAndStaples__sugar_usd_lbs_96_12_12_10events__20250916T000000,0.28308855,1.4882097221315047,0.8469853824771496
CropsAndStaples__sugar_usd_lbs_96_12_12_10events,CropsAndStaples__sugar_usd_lbs_96_12_12_10events__20251002T000000,0.28589879,1.4882097221315047,0.8469853824771496
CropsAndStaples__sugar_usd_lbs_96_12_12_10events,CropsAndStaples__sugar_usd_lbs_96_12_12_10events__20251020T000000,0.29279595,1.4882097221315047,0.8469853824771496
CropsAndStaples__sugar_usd_lbs_96_12_12_10events,CropsAndStaples__sugar_usd_lbs_96_12_12_10events__20251105T000000,0.26850319,1.4882097221315047,0.8469853824771496
CropsAndStaples__sugar_usd_lbs_96_12_12_10events,CropsAndStaples__sugar_usd_lbs_96_12_12_10events__20251121T000000,0.26948306,1.4882097221315047,0.8469853824771496
CropsAndStaples__sugar_usd_lbs_96_12_12_10events,CropsAndStaples__sugar_usd_lbs_96_12_12_10events__20251210T000000,0.26022442,1.4882097221315047,0.8469853824771496
CropsAndStaples__sugar_usd_lbs_96_12_12_10events,CropsAndStaples__sugar_usd_lbs_96_12_12_10events__20251229T000000,0.26885663,1.4882097221315047,0.8469853824771496
CropsAndStaples__sugar_usd_lbs_96_12_12_10events,CropsAndStaples__sugar_usd_lbs_96_12_12_10events__20260115T000000,0.27195161,1.4882097221315047,0.8469853824771496
CropsAndStaples__sugar_usd_lbs_96_12_12_10events,CropsAndStaples__sugar_usd_lbs_96_12_12_10events__20260202T000000,0.27359939,1.4882097221315047,0.8469853824771496
CropsAndStaples__sugar_usd_lbs_96_12_12_10events,CropsAndStaples__sugar_usd_lbs_96_12_12_10events__20260218T000000,0.27003300,1.4882097221315047,0.8469853824771496
CropsAndStaples__sugar_usd_lbs_96_12_12_10events,CropsAndStaples__sugar_usd_lbs_96_12_12_10events__20260306T000000,0.28199994,1.4882097221315047,0.8469853824771496
CropsAndStaples__urea_usd_t_96_12_12_10events,CropsAndStaples__urea_usd_t_96_12_12_10events__20250819T000000,0.26154584,1.780463724082834,0.7627851234106467
CropsAndStaples__urea_usd_t_96_12_12_10events,CropsAndStaples__urea_usd_t_96_12_12_10events__20250905T000000,0.27140168,1.780463724082834,0.7627851234106467
CropsAndStaples__urea_usd_t_96_12_12_10events,CropsAndStaples__urea_usd_t_96_12_12_10events__20250923T000000,0.26073679,1.780463724082834,0.7627851234106467
CropsAndStaples__urea_usd_t_96_12_12_10events,CropsAndStaples__urea_usd_t_96_12_12_10events__20251009T000000,0.26828633,1.780463724082834,0.7627851234106467
CropsAndStaples__urea_usd_t_96_12_12_10events,CropsAndStaples__urea_usd_t_96_12_12_10events__20251027T000000,0.24685744,1.780463724082834,0.7627851234106467
CropsAndStaples__urea_usd_t_96_12_12_10events,CropsAndStaples__urea_usd_t_96_12_12_10events__20251112T000000,0.25034879,1.780463724082834,0.7627851234106467
CropsAndStaples__urea_usd_t_96_12_12_10events,CropsAndStaples__urea_usd_t_96_12_12_10events__20251201T000000,0.24829325,1.780463724082834,0.7627851234106467
CropsAndStaples__urea_usd_t_96_12_12_10events,CropsAndStaples__urea_usd_t_96_12_12_10events__20251217T000000,0.25642232,1.780463724082834,0.7627851234106467
CropsAndStaples__urea_usd_t_96_12_12_10events,CropsAndStaples__urea_usd_t_96_12_12_10events__20260106T000000,0.26157727,1.780463724082834,0.7627851234106467
CropsAndStaples__urea_usd_t_96_12_12_10events,CropsAndStaples__urea_usd_t_96_12_12_10events__20260123T000000,0.26815045,1.780463724082834,0.7627851234106467
CropsAndStaples__urea_usd_t_96_12_12_10events,CropsAndStaples__urea_usd_t_96_12_12_10events__20260210T000000,0.25673471,1.780463724082834,0.7627851234106467
CropsAndStaples__urea_usd_t_96_12_12_10events,CropsAndStaples__urea_usd_t_96_12_12_10events__20260227T000000,0.24190935,1.780463724082834,0.7627851234106467
CropsAndStaples__wheat_usd_bu_96_12_12_10events,CropsAndStaples__wheat_usd_bu_96_12_12_10events__20250724T000000,0.29111284,1.532625453271967,0.9796786499705034
CropsAndStaples__wheat_usd_bu_96_12_12_10events,CropsAndStaples__wheat_usd_bu_96_12_12_10events__20250811T000000,0.29226969,1.532625453271967,0.9796786499705034
CropsAndStaples__wheat_usd_bu_96_12_12_10events,CropsAndStaples__wheat_usd_bu_96_12_12_10events__20250827T000000,0.28816289,1.532625453271967,0.9796786499705034
CropsAndStaples__wheat_usd_bu_96_12_12_10events,CropsAndStaples__wheat_usd_bu_96_12_12_10events__20250912T000000,0.28005633,1.532625453271967,0.9796786499705034
CropsAndStaples__wheat_usd_bu_96_12_12_10events,CropsAndStaples__wheat_usd_bu_96_12_12_10events__20250930T000000,0.27776593,1.532625453271967,0.9796786499705034
CropsAndStaples__wheat_usd_bu_96_12_12_10events,CropsAndStaples__wheat_usd_bu_96_12_12_10events__20251016T000000,0.27446923,1.532625453271967,0.9796786499705034
CropsAndStaples__wheat_usd_bu_96_12_12_10events,CropsAndStaples__wheat_usd_bu_96_12_12_10events__20251103T000000,0.28703568,1.532625453271967,0.9796786499705034
CropsAndStaples__wheat_usd_bu_96_12_12_10events,CropsAndStaples__wheat_usd_bu_96_12_12_10events__20251119T000000,0.28489536,1.532625453271967,0.9796786499705034
CropsAndStaples__wheat_usd_bu_96_12_12_10events,CropsAndStaples__wheat_usd_bu_96_12_12_10events__20251205T000000,0.29318981,1.532625453271967,0.9796786499705034
CropsAndStaples__wheat_usd_bu_96_12_12_10events,CropsAndStaples__wheat_usd_bu_96_12_12_10events__20251223T000000,0.28878365,1.532625453271967,0.9796786499705034
CropsAndStaples__wheat_usd_bu_96_12_12_10events,CropsAndStaples__wheat_usd_bu_96_12_12_10events__20260108T000000,0.29048125,1.532625453271967,0.9796786499705034
CropsAndStaples__wheat_usd_bu_96_12_12_10events,CropsAndStaples__wheat_usd_bu_96_12_12_10events__20260126T000000,0.29167215,1.532625453271967,0.9796786499705034
CropsAndStaples__wheat_usd_bu_96_12_12_10events,CropsAndStaples__wheat_usd_bu_96_12_12_10events__20260211T000000,0.29665847,1.532625453271967,0.9796786499705034
CropsAndStaples__wheat_usd_bu_96_12_12_10events,CropsAndStaples__wheat_usd_bu_96_12_12_10events__20260227T000000,0.28045046,1.532625453271967,0.9796786499705034
Currency__usdtoaud_exchangerate_96_12_12_10events,Currency__usdtoaud_exchangerate_96_12_12_10events__20250725T000000,0.27916440,1.6251580216324402,0.9099395674715496
Currency__usdtoaud_exchangerate_96_12_12_10events,Currency__usdtoaud_exchangerate_96_12_12_10events__20250812T000000,0.26375998,1.6251580216324402,0.9099395674715496
Currency__usdtoaud_exchangerate_96_12_12_10events,Currency__usdtoaud_exchangerate_96_12_12_10events__20250828T000000,0.28756443,1.6251580216324402,0.9099395674715496
Currency__usdtoaud_exchangerate_96_12_12_10events,Currency__usdtoaud_exchangerate_96_12_12_10events__20250915T000000,0.28610048,1.6251580216324402,0.9099395674715496
Currency__usdtoaud_exchangerate_96_12_12_10events,Currency__usdtoaud_exchangerate_96_12_12_10events__20251001T000000,0.28816718,1.6251580216324402,0.9099395674715496
Currency__usdtoaud_exchangerate_96_12_12_10events,Currency__usdtoaud_exchangerate_96_12_12_10events__20251017T000000,0.29114766,1.6251580216324402,0.9099395674715496
Currency__usdtoaud_exchangerate_96_12_12_10events,Currency__usdtoaud_exchangerate_96_12_12_10events__20251104T000000,0.28667594,1.6251580216324402,0.9099395674715496
Currency__usdtoaud_exchangerate_96_12_12_10events,Currency__usdtoaud_exchangerate_96_12_12_10events__20251120T000000,0.28626069,1.6251580216324402,0.9099395674715496
Currency__usdtoaud_exchangerate_96_12_12_10events,Currency__usdtoaud_exchangerate_96_12_12_10events__20251208T000000,0.27994010,1.6251580216324402,0.9099395674715496
Currency__usdtoaud_exchangerate_96_12_12_10events,Currency__usdtoaud_exchangerate_96_12_12_10events__20251224T000000,0.27872302,1.6251580216324402,0.9099395674715496
Currency__usdtoaud_exchangerate_96_12_12_10events,Currency__usdtoaud_exchangerate_96_12_12_10events__20260114T000000,0.26938589,1.6251580216324402,0.9099395674715496
Currency__usdtoaud_exchangerate_96_12_12_10events,Currency__usdtoaud_exchangerate_96_12_12_10events__20260130T000000,0.26718952,1.6251580216324402,0.9099395674715496
Currency__usdtoaud_exchangerate_96_12_12_10events,Currency__usdtoaud_exchangerate_96_12_12_10events__20260217T000000,0.25558579,1.6251580216324402,0.9099395674715496
Currency__usdtoaud_exchangerate_96_12_12_10events,Currency__usdtoaud_exchangerate_96_12_12_10events__20260305T000000,0.25285453,1.6251580216324402,0.9099395674715496
Currency__usdtobrl_exchangerate_96_12_12_10events,Currency__usdtobrl_exchangerate_96_12_12_10events__20250725T000000,0.27087935,1.2820513623109477,0.9135227300144461
Currency__usdtobrl_exchangerate_96_12_12_10events,Currency__usdtobrl_exchangerate_96_12_12_10events__20250812T000000,0.25921389,1.2820513623109477,0.9135227300144461
Currency__usdtobrl_exchangerate_96_12_12_10events,Currency__usdtobrl_exchangerate_96_12_12_10events__20250828T000000,0.27117272,1.2820513623109477,0.9135227300144461
Currency__usdtobrl_exchangerate_96_12_12_10events,Currency__usdtobrl_exchangerate_96_12_12_10events__20250915T000000,0.25982226,1.2820513623109477,0.9135227300144461
Currency__usdtobrl_exchangerate_96_12_12_10events,Currency__usdtobrl_exchangerate_96_12_12_10events__20251001T000000,0.27123871,1.2820513623109477,0.9135227300144461
Currency__usdtobrl_exchangerate_96_12_12_10events,Currency__usdtobrl_exchangerate_96_12_12_10events__20251017T000000,0.25993169,1.2820513623109477,0.9135227300144461
Currency__usdtobrl_exchangerate_96_12_12_10events,Currency__usdtobrl_exchangerate_96_12_12_10events__20251104T000000,0.27039618,1.2820513623109477,0.9135227300144461
Currency__usdtobrl_exchangerate_96_12_12_10events,Currency__usdtobrl_exchangerate_96_12_12_10events__20251120T000000,0.26165442,1.2820513623109477,0.9135227300144461
Currency__usdtobrl_exchangerate_96_12_12_10events,Currency__usdtobrl_exchangerate_96_12_12_10events__20251208T000000,0.28028419,1.2820513623109477,0.9135227300144461
Currency__usdtobrl_exchangerate_96_12_12_10events,Currency__usdtobrl_exchangerate_96_12_12_10events__20251224T000000,0.28960075,1.2820513623109477,0.9135227300144461
Currency__usdtobrl_exchangerate_96_12_12_10events,Currency__usdtobrl_exchangerate_96_12_12_10events__20260114T000000,0.27985640,1.2820513623109477,0.9135227300144461
Currency__usdtobrl_exchangerate_96_12_12_10events,Currency__usdtobrl_exchangerate_96_12_12_10events__20260130T000000,0.28466853,1.2820513623109477,0.9135227300144461
Currency__usdtobrl_exchangerate_96_12_12_10events,Currency__usdtobrl_exchangerate_96_12_12_10events__20260217T000000,0.26763412,1.2820513623109477,0.9135227300144461
Currency__usdtobrl_exchangerate_96_12_12_10events,Currency__usdtobrl_exchangerate_96_12_12_10events__20260305T000000,0.26859636,1.2820513623109477,0.9135227300144461
Currency__usdtocad_exchangerate_96_12_12_10events,Currency__usdtocad_exchangerate_96_12_12_10events__20250725T000000,0.26555332,0.8630316821014651,0.6793589771704532
Currency__usdtocad_exchangerate_96_12_12_10events,Currency__usdtocad_exchangerate_96_12_12_10events__20250812T000000,0.26176574,0.8630316821014651,0.6793589771704532
Currency__usdtocad_exchangerate_96_12_12_10events,Currency__usdtocad_exchangerate_96_12_12_10events__20250828T000000,0.28319016,0.8630316821014651,0.6793589771704532
Currency__usdtocad_exchangerate_96_12_12_10events,Currency__usdtocad_exchangerate_96_12_12_10events__20250915T000000,0.27188408,0.8630316821014651,0.6793589771704532
Currency__usdtocad_exchangerate_96_12_12_10events,Currency__usdtocad_exchangerate_96_12_12_10events__20251001T000000,0.28471398,0.8630316821014651,0.6793589771704532
Currency__usdtocad_exchangerate_96_12_12_10events,Currency__usdtocad_exchangerate_96_12_12_10events__20251017T000000,0.26348418,0.8630316821014651,0.6793589771704532
Currency__usdtocad_exchangerate_96_12_12_10events,Currency__usdtocad_exchangerate_96_12_12_10events__20251104T000000,0.25940640,0.8630316821014651,0.6793589771704532
Currency__usdtocad_exchangerate_96_12_12_10events,Currency__usdtocad_exchangerate_96_12_12_10events__20251120T000000,0.25573062,0.8630316821014651,0.6793589771704532
Currency__usdtocad_exchangerate_96_12_12_10events,Currency__usdtocad_exchangerate_96_12_12_10events__20251208T000000,0.25617170,0.8630316821014651,0.6793589771704532
Currency__usdtocad_exchangerate_96_12_12_10events,Currency__usdtocad_exchangerate_96_12_12_10events__20251224T000000,0.26193544,0.8630316821014651,0.6793589771704532
Currency__usdtocad_exchangerate_96_12_12_10events,Currency__usdtocad_exchangerate_96_12_12_10events__20260114T000000,0.26323570,0.8630316821014651,0.6793589771704532
Currency__usdtocad_exchangerate_96_12_12_10events,Currency__usdtocad_exchangerate_96_12_12_10events__20260130T000000,0.26872745,0.8630316821014651,0.6793589771704532
Currency__usdtocad_exchangerate_96_12_12_10events,Currency__usdtocad_exchangerate_96_12_12_10events__20260217T000000,0.26350013,0.8630316821014651,0.6793589771704532
Currency__usdtocad_exchangerate_96_12_12_10events,Currency__usdtocad_exchangerate_96_12_12_10events__20260305T000000,0.26381609,0.8630316821014651,0.6793589771704532
Currency__usdtochf_exchangerate_96_12_12_10events,Currency__usdtochf_exchangerate_96_12_12_10events__20250725T000000,0.24819140,1.3676052011504545,0.740534533701143
Currency__usdtochf_exchangerate_96_12_12_10events,Currency__usdtochf_exchangerate_96_12_12_10events__20250812T000000,0.26172627,1.3676052011504545,0.740534533701143
Currency__usdtochf_exchangerate_96_12_12_10events,Currency__usdtochf_exchangerate_96_12_12_10events__20250828T000000,0.25880916,1.3676052011504545,0.740534533701143
Currency__usdtochf_exchangerate_96_12_12_10events,Currency__usdtochf_exchangerate_96_12_12_10events__20250915T000000,0.26162783,1.3676052011504545,0.740534533701143
Currency__usdtochf_exchangerate_96_12_12_10events,Currency__usdtochf_exchangerate_96_12_12_10events__20251001T000000,0.27166012,1.3676052011504545,0.740534533701143
Currency__usdtochf_exchangerate_96_12_12_10events,Currency__usdtochf_exchangerate_96_12_12_10events__20251017T000000,0.26708488,1.3676052011504545,0.740534533701143
Currency__usdtochf_exchangerate_96_12_12_10events,Currency__usdtochf_exchangerate_96_12_12_10events__20251104T000000,0.28915395,1.3676052011504545,0.740534533701143
Currency__usdtochf_exchangerate_96_12_12_10events,Currency__usdtochf_exchangerate_96_12_12_10events__20251120T000000,0.27678813,1.3676052011504545,0.740534533701143
Currency__usdtochf_exchangerate_96_12_12_10events,Currency__usdtochf_exchangerate_96_12_12_10events__20251208T000000,0.28279629,1.3676052011504545,0.740534533701143
Currency__usdtochf_exchangerate_96_12_12_10events,Currency__usdtochf_exchangerate_96_12_12_10events__20251224T000000,0.27690032,1.3676052011504545,0.740534533701143
Currency__usdtochf_exchangerate_96_12_12_10events,Currency__usdtochf_exchangerate_96_12_12_10events__20260114T000000,0.29839177,1.3676052011504545,0.740534533701143
Currency__usdtochf_exchangerate_96_12_12_10events,Currency__usdtochf_exchangerate_96_12_12_10events__20260130T000000,0.27498667,1.3676052011504545,0.740534533701143
Currency__usdtochf_exchangerate_96_12_12_10events,Currency__usdtochf_exchangerate_96_12_12_10events__20260217T000000,0.27148711,1.3676052011504545,0.740534533701143
Currency__usdtochf_exchangerate_96_12_12_10events,Currency__usdtochf_exchangerate_96_12_12_10events__20260305T000000,0.26533645,1.3676052011504545,0.740534533701143
Currency__usdtogbp_exchangerate_96_12_12_10events,Currency__usdtogbp_exchangerate_96_12_12_10events__20250605T000000,0.26596985,0.7477603673104436,0.6147290724814036
Currency__usdtogbp_exchangerate_96_12_12_10events,Currency__usdtogbp_exchangerate_96_12_12_10events__20250623T000000,0.25841028,0.7477603673104436,0.6147290724814036
Currency__usdtogbp_exchangerate_96_12_12_10events,Currency__usdtogbp_exchangerate_96_12_12_10events__20250709T000000,0.26476964,0.7477603673104436,0.6147290724814036
Currency__usdtogbp_exchangerate_96_12_12_10events,Currency__usdtogbp_exchangerate_96_12_12_10events__20250725T000000,0.26832996,0.7477603673104436,0.6147290724814036
Currency__usdtogbp_exchangerate_96_12_12_10events,Currency__usdtogbp_exchangerate_96_12_12_10events__20250812T000000,0.26585582,0.7477603673104436,0.6147290724814036
Currency__usdtogbp_exchangerate_96_12_12_10events,Currency__usdtogbp_exchangerate_96_12_12_10events__20250828T000000,0.28841355,0.7477603673104436,0.6147290724814036
Currency__usdtogbp_exchangerate_96_12_12_10events,Currency__usdtogbp_exchangerate_96_12_12_10events__20250915T000000,0.27525895,0.7477603673104436,0.6147290724814036
Currency__usdtogbp_exchangerate_96_12_12_10events,Currency__usdtogbp_exchangerate_96_12_12_10events__20251001T000000,0.29663408,0.7477603673104436,0.6147290724814036
Currency__usdtogbp_exchangerate_96_12_12_10events,Currency__usdtogbp_exchangerate_96_12_12_10events__20251017T000000,0.27917935,0.7477603673104436,0.6147290724814036
Currency__usdtogbp_exchangerate_96_12_12_10events,Currency__usdtogbp_exchangerate_96_12_12_10events__20251104T000000,0.28563664,0.7477603673104436,0.6147290724814036
Currency__usdtogbp_exchangerate_96_12_12_10events,Currency__usdtogbp_exchangerate_96_12_12_10events__20251120T000000,0.27086043,0.7477603673104436,0.6147290724814036
Currency__usdtogbp_exchangerate_96_12_12_10events,Currency__usdtogbp_exchangerate_96_12_12_10events__20251208T000000,0.26969834,0.7477603673104436,0.6147290724814036
Currency__usdtogbp_exchangerate_96_12_12_10events,Currency__usdtogbp_exchangerate_96_12_12_10events__20251224T000000,0.26105716,0.7477603673104436,0.6147290724814036
Currency__usdtogbp_exchangerate_96_12_12_10events,Currency__usdtogbp_exchangerate_96_12_12_10events__20260114T000000,0.26839364,0.7477603673104436,0.6147290724814036
Currency__usdtogbp_exchangerate_96_12_12_10events,Currency__usdtogbp_exchangerate_96_12_12_10events__20260130T000000,0.26455378,0.7477603673104436,0.6147290724814036
Currency__usdtogbp_exchangerate_96_12_12_10events,Currency__usdtogbp_exchangerate_96_12_12_10events__20260217T000000,0.26158909,0.7477603673104436,0.6147290724814036
Currency__usdtogbp_exchangerate_96_12_12_10events,Currency__usdtogbp_exchangerate_96_12_12_10events__20260305T000000,0.25939644,0.7477603673104436,0.6147290724814036
Currency__usdtohkd_exchangerate_96_12_12_10events,Currency__usdtohkd_exchangerate_96_12_12_10events__20250605T000000,0.24331694,0.42118211087013696,0.48381029866916875
Currency__usdtohkd_exchangerate_96_12_12_10events,Currency__usdtohkd_exchangerate_96_12_12_10events__20250623T000000,0.24085461,0.42118211087013696,0.48381029866916875
Currency__usdtohkd_exchangerate_96_12_12_10events,Currency__usdtohkd_exchangerate_96_12_12_10events__20250709T000000,0.21829144,0.42118211087013696,0.48381029866916875
Currency__usdtohkd_exchangerate_96_12_12_10events,Currency__usdtohkd_exchangerate_96_12_12_10events__20250725T000000,0.22175323,0.42118211087013696,0.48381029866916875
Currency__usdtohkd_exchangerate_96_12_12_10events,Currency__usdtohkd_exchangerate_96_12_12_10events__20250812T000000,0.21573508,0.42118211087013696,0.48381029866916875
Currency__usdtohkd_exchangerate_96_12_12_10events,Currency__usdtohkd_exchangerate_96_12_12_10events__20250828T000000,0.23111095,0.42118211087013696,0.48381029866916875
Currency__usdtohkd_exchangerate_96_12_12_10events,Currency__usdtohkd_exchangerate_96_12_12_10events__20250915T000000,0.22845333,0.42118211087013696,0.48381029866916875
Currency__usdtohkd_exchangerate_96_12_12_10events,Currency__usdtohkd_exchangerate_96_12_12_10events__20251001T000000,0.23560277,0.42118211087013696,0.48381029866916875
Currency__usdtohkd_exchangerate_96_12_12_10events,Currency__usdtohkd_exchangerate_96_12_12_10events__20251017T000000,0.23651292,0.42118211087013696,0.48381029866916875
Currency__usdtohkd_exchangerate_96_12_12_10events,Currency__usdtohkd_exchangerate_96_12_12_10events__20251104T000000,0.24412056,0.42118211087013696,0.48381029866916875
Currency__usdtohkd_exchangerate_96_12_12_10events,Currency__usdtohkd_exchangerate_96_12_12_10events__20251120T000000,0.24754288,0.42118211087013696,0.48381029866916875
Currency__usdtohkd_exchangerate_96_12_12_10events,Currency__usdtohkd_exchangerate_96_12_12_10events__20251208T000000,0.25288499,0.42118211087013696,0.48381029866916875
Currency__usdtohkd_exchangerate_96_12_12_10events,Currency__usdtohkd_exchangerate_96_12_12_10events__20251224T000000,0.27070495,0.42118211087013696,0.48381029866916875
Currency__usdtohkd_exchangerate_96_12_12_10events,Currency__usdtohkd_exchangerate_96_12_12_10events__20260114T000000,0.29044354,0.42118211087013696,0.48381029866916875
Currency__usdtohkd_exchangerate_96_12_12_10events,Currency__usdtohkd_exchangerate_96_12_12_10events__20260130T000000,0.26880902,0.42118211087013696,0.48381029866916875
Currency__usdtohkd_exchangerate_96_12_12_10events,Currency__usdtohkd_exchangerate_96_12_12_10events__20260217T000000,0.25957949,0.42118211087013696,0.48381029866916875
Currency__usdtohkd_exchangerate_96_12_12_10events,Currency__usdtohkd_exchangerate_96_12_12_10events__20260305T000000,0.24905488,0.42118211087013696,0.48381029866916875
Currency__usdtoinr_exchangerate_96_12_12_10events,Currency__usdtoinr_exchangerate_96_12_12_10events__20250605T000000,0.26385768,0.938260469163065,0.6750374747441695
Currency__usdtoinr_exchangerate_96_12_12_10events,Currency__usdtoinr_exchangerate_96_12_12_10events__20250623T000000,0.28787966,0.938260469163065,0.6750374747441695
Currency__usdtoinr_exchangerate_96_12_12_10events,Currency__usdtoinr_exchangerate_96_12_12_10events__20250709T000000,0.27773411,0.938260469163065,0.6750374747441695
Currency__usdtoinr_exchangerate_96_12_12_10events,Currency__usdtoinr_exchangerate_96_12_12_10events__20250725T000000,0.31403109,0.938260469163065,0.6750374747441695
Currency__usdtoinr_exchangerate_96_12_12_10events,Currency__usdtoinr_exchangerate_96_12_12_10events__20250812T000000,0.27265980,0.938260469163065,0.6750374747441695
Currency__usdtoinr_exchangerate_96_12_12_10events,Currency__usdtoinr_exchangerate_96_12_12_10events__20250828T000000,0.27419239,0.938260469163065,0.6750374747441695
Currency__usdtoinr_exchangerate_96_12_12_10events,Currency__usdtoinr_exchangerate_96_12_12_10events__20250915T000000,0.25900497,0.938260469163065,0.6750374747441695
Currency__usdtoinr_exchangerate_96_12_12_10events,Currency__usdtoinr_exchangerate_96_12_12_10events__20251001T000000,0.25267407,0.938260469163065,0.6750374747441695
Currency__usdtoinr_exchangerate_96_12_12_10events,Currency__usdtoinr_exchangerate_96_12_12_10events__20251017T000000,0.25086949,0.938260469163065,0.6750374747441695
Currency__usdtoinr_exchangerate_96_12_12_10events,Currency__usdtoinr_exchangerate_96_12_12_10events__20251104T000000,0.25025777,0.938260469163065,0.6750374747441695
Currency__usdtoinr_exchangerate_96_12_12_10events,Currency__usdtoinr_exchangerate_96_12_12_10events__20251120T000000,0.25483101,0.938260469163065,0.6750374747441695
Currency__usdtoinr_exchangerate_96_12_12_10events,Currency__usdtoinr_exchangerate_96_12_12_10events__20251208T000000,0.27241436,0.938260469163065,0.6750374747441695
Currency__usdtoinr_exchangerate_96_12_12_10events,Currency__usdtoinr_exchangerate_96_12_12_10events__20251224T000000,0.26031763,0.938260469163065,0.6750374747441695
Currency__usdtoinr_exchangerate_96_12_12_10events,Currency__usdtoinr_exchangerate_96_12_12_10events__20260114T000000,0.26308141,0.938260469163065,0.6750374747441695
Currency__usdtoinr_exchangerate_96_12_12_10events,Currency__usdtoinr_exchangerate_96_12_12_10events__20260130T000000,0.26202011,0.938260469163065,0.6750374747441695
Currency__usdtoinr_exchangerate_96_12_12_10events,Currency__usdtoinr_exchangerate_96_12_12_10events__20260217T000000,0.25384227,0.938260469163065,0.6750374747441695
Currency__usdtoinr_exchangerate_96_12_12_10events,Currency__usdtoinr_exchangerate_96_12_12_10events__20260305T000000,0.25843642,0.938260469163065,0.6750374747441695
Currency__usdtokrw_exchangerate_96_12_12_10events,Currency__usdtokrw_exchangerate_96_12_12_10events__20250725T000000,0.26906168,0.8083272708416153,0.6937516998183871
Currency__usdtokrw_exchangerate_96_12_12_10events,Currency__usdtokrw_exchangerate_96_12_12_10events__20250812T000000,0.26201776,0.8083272708416153,0.6937516998183871
Currency__usdtokrw_exchangerate_96_12_12_10events,Currency__usdtokrw_exchangerate_96_12_12_10events__20250828T000000,0.27911495,0.8083272708416153,0.6937516998183871
Currency__usdtokrw_exchangerate_96_12_12_10events,Currency__usdtokrw_exchangerate_96_12_12_10events__20250915T000000,0.28252282,0.8083272708416153,0.6937516998183871
Currency__usdtokrw_exchangerate_96_12_12_10events,Currency__usdtokrw_exchangerate_96_12_12_10events__20251001T000000,0.29487675,0.8083272708416153,0.6937516998183871
Currency__usdtokrw_exchangerate_96_12_12_10events,Currency__usdtokrw_exchangerate_96_12_12_10events__20251017T000000,0.26897666,0.8083272708416153,0.6937516998183871
Currency__usdtokrw_exchangerate_96_12_12_10events,Currency__usdtokrw_exchangerate_96_12_12_10events__20251104T000000,0.26452444,0.8083272708416153,0.6937516998183871
Currency__usdtokrw_exchangerate_96_12_12_10events,Currency__usdtokrw_exchangerate_96_12_12_10events__20251120T000000,0.25696464,0.8083272708416153,0.6937516998183871
Currency__usdtokrw_exchangerate_96_12_12_10events,Currency__usdtokrw_exchangerate_96_12_12_10events__20251208T000000,0.24775826,0.8083272708416153,0.6937516998183871
Currency__usdtokrw_exchangerate_96_12_12_10events,Currency__usdtokrw_exchangerate_96_12_12_10events__20251224T000000,0.23885604,0.8083272708416153,0.6937516998183871
Currency__usdtokrw_exchangerate_96_12_12_10events,Currency__usdtokrw_exchangerate_96_12_12_10events__20260114T000000,0.24688251,0.8083272708416153,0.6937516998183871
Currency__usdtokrw_exchangerate_96_12_12_10events,Currency__usdtokrw_exchangerate_96_12_12_10events__20260130T000000,0.25079049,0.8083272708416153,0.6937516998183871
Currency__usdtokrw_exchangerate_96_12_12_10events,Currency__usdtokrw_exchangerate_96_12_12_10events__20260217T000000,0.26136787,0.8083272708416153,0.6937516998183871
Currency__usdtokrw_exchangerate_96_12_12_10events,Currency__usdtokrw_exchangerate_96_12_12_10events__20260305T000000,0.27041740,0.8083272708416153,0.6937516998183871
Currency__usdtomxn_exchangerate_96_12_12_10events,Currency__usdtomxn_exchangerate_96_12_12_10events__20250605T000000,0.26877913,1.1870750801533194,0.722264603602267
Currency__usdtomxn_exchangerate_96_12_12_10events,Currency__usdtomxn_exchangerate_96_12_12_10events__20250623T000000,0.26143814,1.1870750801533194,0.722264603602267
Currency__usdtomxn_exchangerate_96_12_12_10events,Currency__usdtomxn_exchangerate_96_12_12_10events__20250709T000000,0.26260757,1.1870750801533194,0.722264603602267
Currency__usdtomxn_exchangerate_96_12_12_10events,Currency__usdtomxn_exchangerate_96_12_12_10events__20250725T000000,0.26382104,1.1870750801533194,0.722264603602267
Currency__usdtomxn_exchangerate_96_12_12_10events,Currency__usdtomxn_exchangerate_96_12_12_10events__20250812T000000,0.25810233,1.1870750801533194,0.722264603602267
Currency__usdtomxn_exchangerate_96_12_12_10events,Currency__usdtomxn_exchangerate_96_12_12_10events__20250828T000000,0.27231677,1.1870750801533194,0.722264603602267
Currency__usdtomxn_exchangerate_96_12_12_10events,Currency__usdtomxn_exchangerate_96_12_12_10events__20250915T000000,0.26827840,1.1870750801533194,0.722264603602267
Currency__usdtomxn_exchangerate_96_12_12_10events,Currency__usdtomxn_exchangerate_96_12_12_10events__20251001T000000,0.27272895,1.1870750801533194,0.722264603602267
Currency__usdtomxn_exchangerate_96_12_12_10events,Currency__usdtomxn_exchangerate_96_12_12_10events__20251017T000000,0.26674008,1.1870750801533194,0.722264603602267
Currency__usdtomxn_exchangerate_96_12_12_10events,Currency__usdtomxn_exchangerate_96_12_12_10events__20251104T000000,0.27877136,1.1870750801533194,0.722264603602267
Currency__usdtomxn_exchangerate_96_12_12_10events,Currency__usdtomxn_exchangerate_96_12_12_10events__20251120T000000,0.26398577,1.1870750801533194,0.722264603602267
Currency__usdtomxn_exchangerate_96_12_12_10events,Currency__usdtomxn_exchangerate_96_12_12_10events__20251208T000000,0.26873363,1.1870750801533194,0.722264603602267
Currency__usdtomxn_exchangerate_96_12_12_10events,Currency__usdtomxn_exchangerate_96_12_12_10events__20251224T000000,0.26607783,1.1870750801533194,0.722264603602267
Currency__usdtomxn_exchangerate_96_12_12_10events,Currency__usdtomxn_exchangerate_96_12_12_10events__20260114T000000,0.26847334,1.1870750801533194,0.722264603602267
Currency__usdtomxn_exchangerate_96_12_12_10events,Currency__usdtomxn_exchangerate_96_12_12_10events__20260130T000000,0.25975640,1.1870750801533194,0.722264603602267
Currency__usdtomxn_exchangerate_96_12_12_10events,Currency__usdtomxn_exchangerate_96_12_12_10events__20260217T000000,0.25467367,1.1870750801533194,0.722264603602267
Currency__usdtomxn_exchangerate_96_12_12_10events,Currency__usdtomxn_exchangerate_96_12_12_10events__20260305T000000,0.24812709,1.1870750801533194,0.722264603602267
Currency__usdtosgd_exchangerate_96_12_12_10events,Currency__usdtosgd_exchangerate_96_12_12_10events__20250623T000000,0.26382418,0.983721096516806,0.6898025114370888
Currency__usdtosgd_exchangerate_96_12_12_10events,Currency__usdtosgd_exchangerate_96_12_12_10events__20250709T000000,0.24802468,0.983721096516806,0.6898025114370888
Currency__usdtosgd_exchangerate_96_12_12_10events,Currency__usdtosgd_exchangerate_96_12_12_10events__20250725T000000,0.26115534,0.983721096516806,0.6898025114370888
Currency__usdtosgd_exchangerate_96_12_12_10events,Currency__usdtosgd_exchangerate_96_12_12_10events__20250812T000000,0.25148650,0.983721096516806,0.6898025114370888
Currency__usdtosgd_exchangerate_96_12_12_10events,Currency__usdtosgd_exchangerate_96_12_12_10events__20250828T000000,0.27619823,0.983721096516806,0.6898025114370888
Currency__usdtosgd_exchangerate_96_12_12_10events,Currency__usdtosgd_exchangerate_96_12_12_10events__20250915T000000,0.27481600,0.983721096516806,0.6898025114370888
Currency__usdtosgd_exchangerate_96_12_12_10events,Currency__usdtosgd_exchangerate_96_12_12_10events__20251001T000000,0.29180301,0.983721096516806,0.6898025114370888
Currency__usdtosgd_exchangerate_96_12_12_10events,Currency__usdtosgd_exchangerate_96_12_12_10events__20251017T000000,0.27260363,0.983721096516806,0.6898025114370888
Currency__usdtosgd_exchangerate_96_12_12_10events,Currency__usdtosgd_exchangerate_96_12_12_10events__20251104T000000,0.27725996,0.983721096516806,0.6898025114370888
Currency__usdtosgd_exchangerate_96_12_12_10events,Currency__usdtosgd_exchangerate_96_12_12_10events__20251120T000000,0.26506967,0.983721096516806,0.6898025114370888
Currency__usdtosgd_exchangerate_96_12_12_10events,Currency__usdtosgd_exchangerate_96_12_12_10events__20251208T000000,0.26672231,0.983721096516806,0.6898025114370888
Currency__usdtosgd_exchangerate_96_12_12_10events,Currency__usdtosgd_exchangerate_96_12_12_10events__20251224T000000,0.26118984,0.983721096516806,0.6898025114370888
Currency__usdtosgd_exchangerate_96_12_12_10events,Currency__usdtosgd_exchangerate_96_12_12_10events__20260114T000000,0.27127708,0.983721096516806,0.6898025114370888
Currency__usdtosgd_exchangerate_96_12_12_10events,Currency__usdtosgd_exchangerate_96_12_12_10events__20260130T000000,0.26110090,0.983721096516806,0.6898025114370888
Currency__usdtosgd_exchangerate_96_12_12_10events,Currency__usdtosgd_exchangerate_96_12_12_10events__20260217T000000,0.25905609,0.983721096516806,0.6898025114370888
Currency__usdtosgd_exchangerate_96_12_12_10events,Currency__usdtosgd_exchangerate_96_12_12_10events__20260305T000000,0.25587655,0.983721096516806,0.6898025114370888
EnergyAndFuels__bitumen_cny_t_96_12_12_10events,EnergyAndFuels__bitumen_cny_t_96_12_12_10events__20250612T000000,0.27432168,1.8723646513498347,0.9209290898323254
EnergyAndFuels__bitumen_cny_t_96_12_12_10events,EnergyAndFuels__bitumen_cny_t_96_12_12_10events__20250630T000000,0.26562268,1.8723646513498347,0.9209290898323254
EnergyAndFuels__bitumen_cny_t_96_12_12_10events,EnergyAndFuels__bitumen_cny_t_96_12_12_10events__20250717T000000,0.28142723,1.8723646513498347,0.9209290898323254
EnergyAndFuels__bitumen_cny_t_96_12_12_10events,EnergyAndFuels__bitumen_cny_t_96_12_12_10events__20250804T000000,0.26421010,1.8723646513498347,0.9209290898323254
EnergyAndFuels__bitumen_cny_t_96_12_12_10events,EnergyAndFuels__bitumen_cny_t_96_12_12_10events__20250820T000000,0.27014779,1.8723646513498347,0.9209290898323254
EnergyAndFuels__bitumen_cny_t_96_12_12_10events,EnergyAndFuels__bitumen_cny_t_96_12_12_10events__20250905T000000,0.26701360,1.8723646513498347,0.9209290898323254
EnergyAndFuels__bitumen_cny_t_96_12_12_10events,EnergyAndFuels__bitumen_cny_t_96_12_12_10events__20250923T000000,0.27385845,1.8723646513498347,0.9209290898323254
EnergyAndFuels__bitumen_cny_t_96_12_12_10events,EnergyAndFuels__bitumen_cny_t_96_12_12_10events__20251016T000000,0.26223317,1.8723646513498347,0.9209290898323254
EnergyAndFuels__bitumen_cny_t_96_12_12_10events,EnergyAndFuels__bitumen_cny_t_96_12_12_10events__20251103T000000,0.26567902,1.8723646513498347,0.9209290898323254
EnergyAndFuels__bitumen_cny_t_96_12_12_10events,EnergyAndFuels__bitumen_cny_t_96_12_12_10events__20251119T000000,0.24783447,1.8723646513498347,0.9209290898323254
EnergyAndFuels__bitumen_cny_t_96_12_12_10events,EnergyAndFuels__bitumen_cny_t_96_12_12_10events__20251205T000000,0.26246098,1.8723646513498347,0.9209290898323254
EnergyAndFuels__bitumen_cny_t_96_12_12_10events,EnergyAndFuels__bitumen_cny_t_96_12_12_10events__20251223T000000,0.24619694,1.8723646513498347,0.9209290898323254
EnergyAndFuels__bitumen_cny_t_96_12_12_10events,EnergyAndFuels__bitumen_cny_t_96_12_12_10events__20260112T000000,0.25478123,1.8723646513498347,0.9209290898323254
EnergyAndFuels__bitumen_cny_t_96_12_12_10events,EnergyAndFuels__bitumen_cny_t_96_12_12_10events__20260128T000000,0.25067422,1.8723646513498347,0.9209290898323254
EnergyAndFuels__bitumen_cny_t_96_12_12_10events,EnergyAndFuels__bitumen_cny_t_96_12_12_10events__20260213T000000,0.26286269,1.8723646513498347,0.9209290898323254
EnergyAndFuels__bitumen_cny_t_96_12_12_10events,EnergyAndFuels__bitumen_cny_t_96_12_12_10events__20260311T000000,0.26365149,1.8723646513498347,0.9209290898323254
EnergyAndFuels__brent_usd_bbl_96_12_12_10events,EnergyAndFuels__brent_usd_bbl_96_12_12_10events__20250812T000000,0.27720389,4.0786265493501075,1.160271399003796
EnergyAndFuels__brent_usd_bbl_96_12_12_10events,EnergyAndFuels__brent_usd_bbl_96_12_12_10events__20250828T000000,0.29752789,4.0786265493501075,1.160271399003796
EnergyAndFuels__brent_usd_bbl_96_12_12_10events,EnergyAndFuels__brent_usd_bbl_96_12_12_10events__20250915T000000,0.28172683,4.0786265493501075,1.160271399003796
EnergyAndFuels__brent_usd_bbl_96_12_12_10events,EnergyAndFuels__brent_usd_bbl_96_12_12_10events__20251001T000000,0.29397643,4.0786265493501075,1.160271399003796
EnergyAndFuels__brent_usd_bbl_96_12_12_10events,EnergyAndFuels__brent_usd_bbl_96_12_12_10events__20251017T000000,0.28626272,4.0786265493501075,1.160271399003796
EnergyAndFuels__brent_usd_bbl_96_12_12_10events,EnergyAndFuels__brent_usd_bbl_96_12_12_10events__20251104T000000,0.28048349,4.0786265493501075,1.160271399003796
EnergyAndFuels__brent_usd_bbl_96_12_12_10events,EnergyAndFuels__brent_usd_bbl_96_12_12_10events__20251120T000000,0.27586392,4.0786265493501075,1.160271399003796
EnergyAndFuels__brent_usd_bbl_96_12_12_10events,EnergyAndFuels__brent_usd_bbl_96_12_12_10events__20251208T000000,0.27986816,4.0786265493501075,1.160271399003796
EnergyAndFuels__brent_usd_bbl_96_12_12_10events,EnergyAndFuels__brent_usd_bbl_96_12_12_10events__20251224T000000,0.26674546,4.0786265493501075,1.160271399003796
EnergyAndFuels__brent_usd_bbl_96_12_12_10events,EnergyAndFuels__brent_usd_bbl_96_12_12_10events__20260112T000000,0.27525546,4.0786265493501075,1.160271399003796
EnergyAndFuels__brent_usd_bbl_96_12_12_10events,EnergyAndFuels__brent_usd_bbl_96_12_12_10events__20260128T000000,0.27647155,4.0786265493501075,1.160271399003796
EnergyAndFuels__brent_usd_bbl_96_12_12_10events,EnergyAndFuels__brent_usd_bbl_96_12_12_10events__20260213T000000,0.27633452,4.0786265493501075,1.160271399003796
EnergyAndFuels__brent_usd_bbl_96_12_12_10events,EnergyAndFuels__brent_usd_bbl_96_12_12_10events__20260303T000000,0.27126794,4.0786265493501075,1.160271399003796
EnergyAndFuels__coal_usd_t_96_12_12_10events,EnergyAndFuels__coal_usd_t_96_12_12_10events__20250612T000000,0.27387190,1.7387630969273196,0.739398467448145
EnergyAndFuels__coal_usd_t_96_12_12_10events,EnergyAndFuels__coal_usd_t_96_12_12_10events__20250630T000000,0.26806091,1.7387630969273196,0.739398467448145
EnergyAndFuels__coal_usd_t_96_12_12_10events,EnergyAndFuels__coal_usd_t_96_12_12_10events__20250716T000000,0.26023504,1.7387630969273196,0.739398467448145
EnergyAndFuels__coal_usd_t_96_12_12_10events,EnergyAndFuels__coal_usd_t_96_12_12_10events__20250801T000000,0.24594992,1.7387630969273196,0.739398467448145
EnergyAndFuels__coal_usd_t_96_12_12_10events,EnergyAndFuels__coal_usd_t_96_12_12_10events__20250819T000000,0.24491661,1.7387630969273196,0.739398467448145
EnergyAndFuels__coal_usd_t_96_12_12_10events,EnergyAndFuels__coal_usd_t_96_12_12_10events__20250904T000000,0.23712817,1.7387630969273196,0.739398467448145
EnergyAndFuels__coal_usd_t_96_12_12_10events,EnergyAndFuels__coal_usd_t_96_12_12_10events__20250922T000000,0.25322282,1.7387630969273196,0.739398467448145
EnergyAndFuels__coal_usd_t_96_12_12_10events,EnergyAndFuels__coal_usd_t_96_12_12_10events__20251008T000000,0.25679551,1.7387630969273196,0.739398467448145
EnergyAndFuels__coal_usd_t_96_12_12_10events,EnergyAndFuels__coal_usd_t_96_12_12_10events__20251024T000000,0.25650591,1.7387630969273196,0.739398467448145
EnergyAndFuels__coal_usd_t_96_12_12_10events,EnergyAndFuels__coal_usd_t_96_12_12_10events__20251111T000000,0.26784003,1.7387630969273196,0.739398467448145
EnergyAndFuels__coal_usd_t_96_12_12_10events,EnergyAndFuels__coal_usd_t_96_12_12_10events__20251127T000000,0.25729902,1.7387630969273196,0.739398467448145
EnergyAndFuels__coal_usd_t_96_12_12_10events,EnergyAndFuels__coal_usd_t_96_12_12_10events__20251215T000000,0.26244509,1.7387630969273196,0.739398467448145
EnergyAndFuels__coal_usd_t_96_12_12_10events,EnergyAndFuels__coal_usd_t_96_12_12_10events__20260102T000000,0.26491944,1.7387630969273196,0.739398467448145
EnergyAndFuels__coal_usd_t_96_12_12_10events,EnergyAndFuels__coal_usd_t_96_12_12_10events__20260120T000000,0.26979392,1.7387630969273196,0.739398467448145
EnergyAndFuels__coal_usd_t_96_12_12_10events,EnergyAndFuels__coal_usd_t_96_12_12_10events__20260205T000000,0.26469783,1.7387630969273196,0.739398467448145
EnergyAndFuels__coal_usd_t_96_12_12_10events,EnergyAndFuels__coal_usd_t_96_12_12_10events__20260223T000000,0.26162284,1.7387630969273196,0.739398467448145
EnergyAndFuels__coal_usd_t_96_12_12_10events,EnergyAndFuels__coal_usd_t_96_12_12_10events__20260311T000000,0.26077056,1.7387630969273196,0.739398467448145
EnergyAndFuels__ethanol_usd_gal_96_12_12_10events,EnergyAndFuels__ethanol_usd_gal_96_12_12_10events__20250717T000000,0.27827441,1.8037097167279572,0.890141341338713
EnergyAndFuels__ethanol_usd_gal_96_12_12_10events,EnergyAndFuels__ethanol_usd_gal_96_12_12_10events__20250804T000000,0.27657115,1.8037097167279572,0.890141341338713
EnergyAndFuels__ethanol_usd_gal_96_12_12_10events,EnergyAndFuels__ethanol_usd_gal_96_12_12_10events__20250820T000000,0.26614686,1.8037097167279572,0.890141341338713
EnergyAndFuels__ethanol_usd_gal_96_12_12_10events,EnergyAndFuels__ethanol_usd_gal_96_12_12_10events__20250908T000000,0.28215735,1.8037097167279572,0.890141341338713
EnergyAndFuels__ethanol_usd_gal_96_12_12_10events,EnergyAndFuels__ethanol_usd_gal_96_12_12_10events__20250924T000000,0.25431304,1.8037097167279572,0.890141341338713
EnergyAndFuels__ethanol_usd_gal_96_12_12_10events,EnergyAndFuels__ethanol_usd_gal_96_12_12_10events__20251010T000000,0.26371524,1.8037097167279572,0.890141341338713
EnergyAndFuels__ethanol_usd_gal_96_12_12_10events,EnergyAndFuels__ethanol_usd_gal_96_12_12_10events__20251028T000000,0.25801964,1.8037097167279572,0.890141341338713
EnergyAndFuels__ethanol_usd_gal_96_12_12_10events,EnergyAndFuels__ethanol_usd_gal_96_12_12_10events__20251113T000000,0.26225291,1.8037097167279572,0.890141341338713
EnergyAndFuels__ethanol_usd_gal_96_12_12_10events,EnergyAndFuels__ethanol_usd_gal_96_12_12_10events__20251202T000000,0.26197479,1.8037097167279572,0.890141341338713
EnergyAndFuels__ethanol_usd_gal_96_12_12_10events,EnergyAndFuels__ethanol_usd_gal_96_12_12_10events__20251218T000000,0.26251794,1.8037097167279572,0.890141341338713
EnergyAndFuels__ethanol_usd_gal_96_12_12_10events,EnergyAndFuels__ethanol_usd_gal_96_12_12_10events__20260107T000000,0.26273365,1.8037097167279572,0.890141341338713
EnergyAndFuels__ethanol_usd_gal_96_12_12_10events,EnergyAndFuels__ethanol_usd_gal_96_12_12_10events__20260126T000000,0.26250350,1.8037097167279572,0.890141341338713
EnergyAndFuels__ethanol_usd_gal_96_12_12_10events,EnergyAndFuels__ethanol_usd_gal_96_12_12_10events__20260211T000000,0.27405457,1.8037097167279572,0.890141341338713
EnergyAndFuels__ethanol_usd_gal_96_12_12_10events,EnergyAndFuels__ethanol_usd_gal_96_12_12_10events__20260302T000000,0.28771408,1.8037097167279572,0.890141341338713
EnergyAndFuels__gasoline_usd_gal_96_12_12_10events,EnergyAndFuels__gasoline_usd_gal_96_12_12_10events__20250715T000000,0.27894188,3.1643915532661757,1.2075228489371372
EnergyAndFuels__gasoline_usd_gal_96_12_12_10events,EnergyAndFuels__gasoline_usd_gal_96_12_12_10events__20250731T000000,0.28378180,3.1643915532661757,1.2075228489371372
EnergyAndFuels__gasoline_usd_gal_96_12_12_10events,EnergyAndFuels__gasoline_usd_gal_96_12_12_10events__20250818T000000,0.27671017,3.1643915532661757,1.2075228489371372
EnergyAndFuels__gasoline_usd_gal_96_12_12_10events,EnergyAndFuels__gasoline_usd_gal_96_12_12_10events__20250903T000000,0.29795956,3.1643915532661757,1.2075228489371372
EnergyAndFuels__gasoline_usd_gal_96_12_12_10events,EnergyAndFuels__gasoline_usd_gal_96_12_12_10events__20250919T000000,0.27825784,3.1643915532661757,1.2075228489371372
EnergyAndFuels__gasoline_usd_gal_96_12_12_10events,EnergyAndFuels__gasoline_usd_gal_96_12_12_10events__20251007T000000,0.28485246,3.1643915532661757,1.2075228489371372
EnergyAndFuels__gasoline_usd_gal_96_12_12_10events,EnergyAndFuels__gasoline_usd_gal_96_12_12_10events__20251023T000000,0.26304495,3.1643915532661757,1.2075228489371372
EnergyAndFuels__gasoline_usd_gal_96_12_12_10events,EnergyAndFuels__gasoline_usd_gal_96_12_12_10events__20251110T000000,0.27384364,3.1643915532661757,1.2075228489371372
EnergyAndFuels__gasoline_usd_gal_96_12_12_10events,EnergyAndFuels__gasoline_usd_gal_96_12_12_10events__20251126T000000,0.26659234,3.1643915532661757,1.2075228489371372
EnergyAndFuels__gasoline_usd_gal_96_12_12_10events,EnergyAndFuels__gasoline_usd_gal_96_12_12_10events__20251212T000000,0.27349493,3.1643915532661757,1.2075228489371372
EnergyAndFuels__gasoline_usd_gal_96_12_12_10events,EnergyAndFuels__gasoline_usd_gal_96_12_12_10events__20251230T000000,0.27140999,3.1643915532661757,1.2075228489371372
EnergyAndFuels__gasoline_usd_gal_96_12_12_10events,EnergyAndFuels__gasoline_usd_gal_96_12_12_10events__20260115T000000,0.26797485,3.1643915532661757,1.2075228489371372
EnergyAndFuels__gasoline_usd_gal_96_12_12_10events,EnergyAndFuels__gasoline_usd_gal_96_12_12_10events__20260202T000000,0.27492064,3.1643915532661757,1.2075228489371372
EnergyAndFuels__gasoline_usd_gal_96_12_12_10events,EnergyAndFuels__gasoline_usd_gal_96_12_12_10events__20260218T000000,0.26958948,3.1643915532661757,1.2075228489371372
EnergyAndFuels__gasoline_usd_gal_96_12_12_10events,EnergyAndFuels__gasoline_usd_gal_96_12_12_10events__20260306T000000,0.27055805,3.1643915532661757,1.2075228489371372
EnergyAndFuels__methanol_cny_t_96_12_12_10events,EnergyAndFuels__methanol_cny_t_96_12_12_10events__20250815T000000,0.28040755,2.6980057591450133,1.1140507011858125
EnergyAndFuels__methanol_cny_t_96_12_12_10events,EnergyAndFuels__methanol_cny_t_96_12_12_10events__20250902T000000,0.28661181,2.6980057591450133,1.1140507011858125
EnergyAndFuels__methanol_cny_t_96_12_12_10events,EnergyAndFuels__methanol_cny_t_96_12_12_10events__20250918T000000,0.27675706,2.6980057591450133,1.1140507011858125
EnergyAndFuels__methanol_cny_t_96_12_12_10events,EnergyAndFuels__methanol_cny_t_96_12_12_10events__20251014T000000,0.27298593,2.6980057591450133,1.1140507011858125
EnergyAndFuels__methanol_cny_t_96_12_12_10events,EnergyAndFuels__methanol_cny_t_96_12_12_10events__20251030T000000,0.26189733,2.6980057591450133,1.1140507011858125
EnergyAndFuels__methanol_cny_t_96_12_12_10events,EnergyAndFuels__methanol_cny_t_96_12_12_10events__20251117T000000,0.26805176,2.6980057591450133,1.1140507011858125
EnergyAndFuels__methanol_cny_t_96_12_12_10events,EnergyAndFuels__methanol_cny_t_96_12_12_10events__20251203T000000,0.26161691,2.6980057591450133,1.1140507011858125
EnergyAndFuels__methanol_cny_t_96_12_12_10events,EnergyAndFuels__methanol_cny_t_96_12_12_10events__20251219T000000,0.25633038,2.6980057591450133,1.1140507011858125
EnergyAndFuels__methanol_cny_t_96_12_12_10events,EnergyAndFuels__methanol_cny_t_96_12_12_10events__20260108T000000,0.27525608,2.6980057591450133,1.1140507011858125
EnergyAndFuels__methanol_cny_t_96_12_12_10events,EnergyAndFuels__methanol_cny_t_96_12_12_10events__20260126T000000,0.26260258,2.6980057591450133,1.1140507011858125
EnergyAndFuels__methanol_cny_t_96_12_12_10events,EnergyAndFuels__methanol_cny_t_96_12_12_10events__20260211T000000,0.26970975,2.6980057591450133,1.1140507011858125
EnergyAndFuels__methanol_cny_t_96_12_12_10events,EnergyAndFuels__methanol_cny_t_96_12_12_10events__20260309T000000,0.27854956,2.6980057591450133,1.1140507011858125
EnergyAndFuels__naphtha_usd_t_96_12_12_10events,EnergyAndFuels__naphtha_usd_t_96_12_12_10events__20250804T000000,0.25601805,6.886398911947615,1.4958453459448866
EnergyAndFuels__naphtha_usd_t_96_12_12_10events,EnergyAndFuels__naphtha_usd_t_96_12_12_10events__20250820T000000,0.28502213,6.886398911947615,1.4958453459448866
EnergyAndFuels__naphtha_usd_t_96_12_12_10events,EnergyAndFuels__naphtha_usd_t_96_12_12_10events__20250908T000000,0.29158399,6.886398911947615,1.4958453459448866
EnergyAndFuels__naphtha_usd_t_96_12_12_10events,EnergyAndFuels__naphtha_usd_t_96_12_12_10events__20250924T000000,0.27842790,6.886398911947615,1.4958453459448866
EnergyAndFuels__naphtha_usd_t_96_12_12_10events,EnergyAndFuels__naphtha_usd_t_96_12_12_10events__20251010T000000,0.27984282,6.886398911947615,1.4958453459448866
EnergyAndFuels__naphtha_usd_t_96_12_12_10events,EnergyAndFuels__naphtha_usd_t_96_12_12_10events__20251028T000000,0.26110490,6.886398911947615,1.4958453459448866
EnergyAndFuels__naphtha_usd_t_96_12_12_10events,EnergyAndFuels__naphtha_usd_t_96_12_12_10events__20251113T000000,0.26241791,6.886398911947615,1.4958453459448866
EnergyAndFuels__naphtha_usd_t_96_12_12_10events,EnergyAndFuels__naphtha_usd_t_96_12_12_10events__20251202T000000,0.25982721,6.886398911947615,1.4958453459448866
EnergyAndFuels__naphtha_usd_t_96_12_12_10events,EnergyAndFuels__naphtha_usd_t_96_12_12_10events__20251218T000000,0.25620481,6.886398911947615,1.4958453459448866
EnergyAndFuels__naphtha_usd_t_96_12_12_10events,EnergyAndFuels__naphtha_usd_t_96_12_12_10events__20260107T000000,0.25986882,6.886398911947615,1.4958453459448866
EnergyAndFuels__naphtha_usd_t_96_12_12_10events,EnergyAndFuels__naphtha_usd_t_96_12_12_10events__20260126T000000,0.25824278,6.886398911947615,1.4958453459448866
EnergyAndFuels__naphtha_usd_t_96_12_12_10events,EnergyAndFuels__naphtha_usd_t_96_12_12_10events__20260211T000000,0.26686106,6.886398911947615,1.4958453459448866
EnergyAndFuels__naphtha_usd_t_96_12_12_10events,EnergyAndFuels__naphtha_usd_t_96_12_12_10events__20260302T000000,0.26638331,6.886398911947615,1.4958453459448866
EnergyAndFuels__propane_usd_gal_96_12_12_10events,EnergyAndFuels__propane_usd_gal_96_12_12_10events__20250717T000000,0.26754120,1.5575786085404164,0.8936396895248632
EnergyAndFuels__propane_usd_gal_96_12_12_10events,EnergyAndFuels__propane_usd_gal_96_12_12_10events__20250804T000000,0.26589163,1.5575786085404164,0.8936396895248632
EnergyAndFuels__propane_usd_gal_96_12_12_10events,EnergyAndFuels__propane_usd_gal_96_12_12_10events__20250820T000000,0.26518100,1.5575786085404164,0.8936396895248632
EnergyAndFuels__propane_usd_gal_96_12_12_10events,EnergyAndFuels__propane_usd_gal_96_12_12_10events__20250908T000000,0.26563983,1.5575786085404164,0.8936396895248632
EnergyAndFuels__propane_usd_gal_96_12_12_10events,EnergyAndFuels__propane_usd_gal_96_12_12_10events__20250924T000000,0.25667076,1.5575786085404164,0.8936396895248632
EnergyAndFuels__propane_usd_gal_96_12_12_10events,EnergyAndFuels__propane_usd_gal_96_12_12_10events__20251010T000000,0.25909012,1.5575786085404164,0.8936396895248632
EnergyAndFuels__propane_usd_gal_96_12_12_10events,EnergyAndFuels__propane_usd_gal_96_12_12_10events__20251028T000000,0.26254874,1.5575786085404164,0.8936396895248632
EnergyAndFuels__propane_usd_gal_96_12_12_10events,EnergyAndFuels__propane_usd_gal_96_12_12_10events__20251113T000000,0.26061964,1.5575786085404164,0.8936396895248632
EnergyAndFuels__propane_usd_gal_96_12_12_10events,EnergyAndFuels__propane_usd_gal_96_12_12_10events__20251202T000000,0.27694662,1.5575786085404164,0.8936396895248632
EnergyAndFuels__propane_usd_gal_96_12_12_10events,EnergyAndFuels__propane_usd_gal_96_12_12_10events__20251218T000000,0.26662656,1.5575786085404164,0.8936396895248632
EnergyAndFuels__propane_usd_gal_96_12_12_10events,EnergyAndFuels__propane_usd_gal_96_12_12_10events__20260107T000000,0.28086691,1.5575786085404164,0.8936396895248632
EnergyAndFuels__propane_usd_gal_96_12_12_10events,EnergyAndFuels__propane_usd_gal_96_12_12_10events__20260126T000000,0.26356026,1.5575786085404164,0.8936396895248632
EnergyAndFuels__propane_usd_gal_96_12_12_10events,EnergyAndFuels__propane_usd_gal_96_12_12_10events__20260211T000000,0.28797536,1.5575786085404164,0.8936396895248632
EnergyAndFuels__propane_usd_gal_96_12_12_10events,EnergyAndFuels__propane_usd_gal_96_12_12_10events__20260302T000000,0.28521447,1.5575786085404164,0.8936396895248632
EnergyAndFuels__rapeseed_eur_t_96_12_12_10events,EnergyAndFuels__rapeseed_eur_t_96_12_12_10events__20250709T000000,0.27320442,0.959150946722913,0.6925542794353851
EnergyAndFuels__rapeseed_eur_t_96_12_12_10events,EnergyAndFuels__rapeseed_eur_t_96_12_12_10events__20250725T000000,0.28901578,0.959150946722913,0.6925542794353851
EnergyAndFuels__rapeseed_eur_t_96_12_12_10events,EnergyAndFuels__rapeseed_eur_t_96_12_12_10events__20250812T000000,0.26736727,0.959150946722913,0.6925542794353851
EnergyAndFuels__rapeseed_eur_t_96_12_12_10events,EnergyAndFuels__rapeseed_eur_t_96_12_12_10events__20250828T000000,0.29433569,0.959150946722913,0.6925542794353851
EnergyAndFuels__rapeseed_eur_t_96_12_12_10events,EnergyAndFuels__rapeseed_eur_t_96_12_12_10events__20250915T000000,0.28361339,0.959150946722913,0.6925542794353851
EnergyAndFuels__rapeseed_eur_t_96_12_12_10events,EnergyAndFuels__rapeseed_eur_t_96_12_12_10events__20251001T000000,0.29736046,0.959150946722913,0.6925542794353851
EnergyAndFuels__rapeseed_eur_t_96_12_12_10events,EnergyAndFuels__rapeseed_eur_t_96_12_12_10events__20251017T000000,0.28141674,0.959150946722913,0.6925542794353851
EnergyAndFuels__rapeseed_eur_t_96_12_12_10events,EnergyAndFuels__rapeseed_eur_t_96_12_12_10events__20251104T000000,0.31113608,0.959150946722913,0.6925542794353851
EnergyAndFuels__rapeseed_eur_t_96_12_12_10events,EnergyAndFuels__rapeseed_eur_t_96_12_12_10events__20251120T000000,0.29728816,0.959150946722913,0.6925542794353851
EnergyAndFuels__rapeseed_eur_t_96_12_12_10events,EnergyAndFuels__rapeseed_eur_t_96_12_12_10events__20251208T000000,0.28383003,0.959150946722913,0.6925542794353851
EnergyAndFuels__rapeseed_eur_t_96_12_12_10events,EnergyAndFuels__rapeseed_eur_t_96_12_12_10events__20251224T000000,0.28358863,0.959150946722913,0.6925542794353851
EnergyAndFuels__rapeseed_eur_t_96_12_12_10events,EnergyAndFuels__rapeseed_eur_t_96_12_12_10events__20260109T000000,0.27584547,0.959150946722913,0.6925542794353851
EnergyAndFuels__rapeseed_eur_t_96_12_12_10events,EnergyAndFuels__rapeseed_eur_t_96_12_12_10events__20260127T000000,0.27719328,0.959150946722913,0.6925542794353851
EnergyAndFuels__rapeseed_eur_t_96_12_12_10events,EnergyAndFuels__rapeseed_eur_t_96_12_12_10events__20260212T000000,0.27361964,0.959150946722913,0.6925542794353851
EnergyAndFuels__rapeseed_eur_t_96_12_12_10events,EnergyAndFuels__rapeseed_eur_t_96_12_12_10events__20260302T000000,0.27510126,0.959150946722913,0.6925542794353851
EnergyAndFuels__uranium_usd_lbs_96_12_12_10events,EnergyAndFuels__uranium_usd_lbs_96_12_12_10events__20251008T000000,0.26376811,1.5660388446106752,0.7558062676352655
EnergyAndFuels__uranium_usd_lbs_96_12_12_10events,EnergyAndFuels__uranium_usd_lbs_96_12_12_10events__20251024T000000,0.26016326,1.5660388446106752,0.7558062676352655
EnergyAndFuels__uranium_usd_lbs_96_12_12_10events,EnergyAndFuels__uranium_usd_lbs_96_12_12_10events__20251111T000000,0.25776361,1.5660388446106752,0.7558062676352655
EnergyAndFuels__uranium_usd_lbs_96_12_12_10events,EnergyAndFuels__uranium_usd_lbs_96_12_12_10events__20251128T000000,0.25185885,1.5660388446106752,0.7558062676352655
EnergyAndFuels__uranium_usd_lbs_96_12_12_10events,EnergyAndFuels__uranium_usd_lbs_96_12_12_10events__20251216T000000,0.26306467,1.5660388446106752,0.7558062676352655
EnergyAndFuels__uranium_usd_lbs_96_12_12_10events,EnergyAndFuels__uranium_usd_lbs_96_12_12_10events__20260105T000000,0.26273064,1.5660388446106752,0.7558062676352655
EnergyAndFuels__uranium_usd_lbs_96_12_12_10events,EnergyAndFuels__uranium_usd_lbs_96_12_12_10events__20260122T000000,0.27299902,1.5660388446106752,0.7558062676352655
EnergyAndFuels__uranium_usd_lbs_96_12_12_10events,EnergyAndFuels__uranium_usd_lbs_96_12_12_10events__20260209T000000,0.26534055,1.5660388446106752,0.7558062676352655
EnergyAndFuels__uranium_usd_lbs_96_12_12_10events,EnergyAndFuels__uranium_usd_lbs_96_12_12_10events__20260226T000000,0.25134512,1.5660388446106752,0.7558062676352655
EnergyAndFuels__uranium_usd_lbs_96_12_12_10events,EnergyAndFuels__uranium_usd_lbs_96_12_12_10events__20260316T000000,0.25713803,1.5660388446106752,0.7558062676352655
LivestockAndFoodProducts__beef_brl_kg_96_12_12_10events,LivestockAndFoodProducts__beef_brl_kg_96_12_12_10events__20250722T000000,0.26763989,0.5870286399349586,0.540074109656308
LivestockAndFoodProducts__beef_brl_kg_96_12_12_10events,LivestockAndFoodProducts__beef_brl_kg_96_12_12_10events__20250807T000000,0.26874870,0.5870286399349586,0.540074109656308
LivestockAndFoodProducts__beef_brl_kg_96_12_12_10events,LivestockAndFoodProducts__beef_brl_kg_96_12_12_10events__20250825T000000,0.26693746,0.5870286399349586,0.540074109656308
LivestockAndFoodProducts__beef_brl_kg_96_12_12_10events,LivestockAndFoodProducts__beef_brl_kg_96_12_12_10events__20250910T000000,0.27924884,0.5870286399349586,0.540074109656308
LivestockAndFoodProducts__beef_brl_kg_96_12_12_10events,LivestockAndFoodProducts__beef_brl_kg_96_12_12_10events__20250926T000000,0.27608393,0.5870286399349586,0.540074109656308
LivestockAndFoodProducts__beef_brl_kg_96_12_12_10events,LivestockAndFoodProducts__beef_brl_kg_96_12_12_10events__20251014T000000,0.27041914,0.5870286399349586,0.540074109656308
LivestockAndFoodProducts__beef_brl_kg_96_12_12_10events,LivestockAndFoodProducts__beef_brl_kg_96_12_12_10events__20251030T000000,0.27293137,0.5870286399349586,0.540074109656308
LivestockAndFoodProducts__beef_brl_kg_96_12_12_10events,LivestockAndFoodProducts__beef_brl_kg_96_12_12_10events__20251117T000000,0.26926139,0.5870286399349586,0.540074109656308
LivestockAndFoodProducts__beef_brl_kg_96_12_12_10events,LivestockAndFoodProducts__beef_brl_kg_96_12_12_10events__20251204T000000,0.24478169,0.5870286399349586,0.540074109656308
LivestockAndFoodProducts__beef_brl_kg_96_12_12_10events,LivestockAndFoodProducts__beef_brl_kg_96_12_12_10events__20251222T000000,0.24803730,0.5870286399349586,0.540074109656308
LivestockAndFoodProducts__beef_brl_kg_96_12_12_10events,LivestockAndFoodProducts__beef_brl_kg_96_12_12_10events__20260113T000000,0.24444590,0.5870286399349586,0.540074109656308
LivestockAndFoodProducts__beef_brl_kg_96_12_12_10events,LivestockAndFoodProducts__beef_brl_kg_96_12_12_10events__20260129T000000,0.24723414,0.5870286399349586,0.540074109656308
LivestockAndFoodProducts__beef_brl_kg_96_12_12_10events,LivestockAndFoodProducts__beef_brl_kg_96_12_12_10events__20260218T000000,0.25522265,0.5870286399349586,0.540074109656308
LivestockAndFoodProducts__beef_brl_kg_96_12_12_10events,LivestockAndFoodProducts__beef_brl_kg_96_12_12_10events__20260306T000000,0.24116064,0.5870286399349586,0.540074109656308
LivestockAndFoodProducts__butter_eur_t_96_12_12_10events,LivestockAndFoodProducts__butter_eur_t_96_12_12_10events__20250905T000000,0.25386019,2.046985735509977,0.8629578068449866
LivestockAndFoodProducts__butter_eur_t_96_12_12_10events,LivestockAndFoodProducts__butter_eur_t_96_12_12_10events__20250923T000000,0.24919637,2.046985735509977,0.8629578068449866
LivestockAndFoodProducts__butter_eur_t_96_12_12_10events,LivestockAndFoodProducts__butter_eur_t_96_12_12_10events__20251009T000000,0.23988356,2.046985735509977,0.8629578068449866
LivestockAndFoodProducts__butter_eur_t_96_12_12_10events,LivestockAndFoodProducts__butter_eur_t_96_12_12_10events__20251027T000000,0.24303896,2.046985735509977,0.8629578068449866
LivestockAndFoodProducts__butter_eur_t_96_12_12_10events,LivestockAndFoodProducts__butter_eur_t_96_12_12_10events__20251112T000000,0.24223958,2.046985735509977,0.8629578068449866
LivestockAndFoodProducts__butter_eur_t_96_12_12_10events,LivestockAndFoodProducts__butter_eur_t_96_12_12_10events__20251128T000000,0.25759453,2.046985735509977,0.8629578068449866
LivestockAndFoodProducts__butter_eur_t_96_12_12_10events,LivestockAndFoodProducts__butter_eur_t_96_12_12_10events__20251216T000000,0.24910308,2.046985735509977,0.8629578068449866
LivestockAndFoodProducts__butter_eur_t_96_12_12_10events,LivestockAndFoodProducts__butter_eur_t_96_12_12_10events__20260106T000000,0.25872387,2.046985735509977,0.8629578068449866
LivestockAndFoodProducts__butter_eur_t_96_12_12_10events,LivestockAndFoodProducts__butter_eur_t_96_12_12_10events__20260122T000000,0.25369009,2.046985735509977,0.8629578068449866
LivestockAndFoodProducts__butter_eur_t_96_12_12_10events,LivestockAndFoodProducts__butter_eur_t_96_12_12_10events__20260209T000000,0.25145869,2.046985735509977,0.8629578068449866
LivestockAndFoodProducts__butter_eur_t_96_12_12_10events,LivestockAndFoodProducts__butter_eur_t_96_12_12_10events__20260225T000000,0.24526589,2.046985735509977,0.8629578068449866
LivestockAndFoodProducts__butter_eur_t_96_12_12_10events,LivestockAndFoodProducts__butter_eur_t_96_12_12_10events__20260313T000000,0.26165946,2.046985735509977,0.8629578068449866
LivestockAndFoodProducts__cheese_usd_lbs_96_12_12_10events,LivestockAndFoodProducts__cheese_usd_lbs_96_12_12_10events__20250814T000000,0.25861443,5.431032685153907,1.1353015218868108
LivestockAndFoodProducts__cheese_usd_lbs_96_12_12_10events,LivestockAndFoodProducts__cheese_usd_lbs_96_12_12_10events__20250901T000000,0.26495008,5.431032685153907,1.1353015218868108
LivestockAndFoodProducts__cheese_usd_lbs_96_12_12_10events,LivestockAndFoodProducts__cheese_usd_lbs_96_12_12_10events__20250917T000000,0.25065966,5.431032685153907,1.1353015218868108
LivestockAndFoodProducts__cheese_usd_lbs_96_12_12_10events,LivestockAndFoodProducts__cheese_usd_lbs_96_12_12_10events__20251003T000000,0.26636151,5.431032685153907,1.1353015218868108
LivestockAndFoodProducts__cheese_usd_lbs_96_12_12_10events,LivestockAndFoodProducts__cheese_usd_lbs_96_12_12_10events__20251021T000000,0.25080054,5.431032685153907,1.1353015218868108
LivestockAndFoodProducts__cheese_usd_lbs_96_12_12_10events,LivestockAndFoodProducts__cheese_usd_lbs_96_12_12_10events__20251106T000000,0.27059814,5.431032685153907,1.1353015218868108
LivestockAndFoodProducts__cheese_usd_lbs_96_12_12_10events,LivestockAndFoodProducts__cheese_usd_lbs_96_12_12_10events__20251124T000000,0.26265818,5.431032685153907,1.1353015218868108
LivestockAndFoodProducts__cheese_usd_lbs_96_12_12_10events,LivestockAndFoodProducts__cheese_usd_lbs_96_12_12_10events__20251212T000000,0.25849166,5.431032685153907,1.1353015218868108
LivestockAndFoodProducts__cheese_usd_lbs_96_12_12_10events,LivestockAndFoodProducts__cheese_usd_lbs_96_12_12_10events__20251230T000000,0.24547241,5.431032685153907,1.1353015218868108
LivestockAndFoodProducts__cheese_usd_lbs_96_12_12_10events,LivestockAndFoodProducts__cheese_usd_lbs_96_12_12_10events__20260115T000000,0.24512927,5.431032685153907,1.1353015218868108
LivestockAndFoodProducts__cheese_usd_lbs_96_12_12_10events,LivestockAndFoodProducts__cheese_usd_lbs_96_12_12_10events__20260202T000000,0.24537213,5.431032685153907,1.1353015218868108
LivestockAndFoodProducts__cheese_usd_lbs_96_12_12_10events,LivestockAndFoodProducts__cheese_usd_lbs_96_12_12_10events__20260218T000000,0.24258452,5.431032685153907,1.1353015218868108
LivestockAndFoodProducts__cheese_usd_lbs_96_12_12_10events,LivestockAndFoodProducts__cheese_usd_lbs_96_12_12_10events__20260306T000000,0.25078304,5.431032685153907,1.1353015218868108
LivestockAndFoodProducts__coffee_usd_lbs_96_12_12_10events,LivestockAndFoodProducts__coffee_usd_lbs_96_12_12_10events__20250721T000000,0.25989729,0.9946659190286196,0.6699275364670304
LivestockAndFoodProducts__coffee_usd_lbs_96_12_12_10events,LivestockAndFoodProducts__coffee_usd_lbs_96_12_12_10events__20250806T000000,0.26295750,0.9946659190286196,0.6699275364670304
LivestockAndFoodProducts__coffee_usd_lbs_96_12_12_10events,LivestockAndFoodProducts__coffee_usd_lbs_96_12_12_10events__20250822T000000,0.26910819,0.9946659190286196,0.6699275364670304
LivestockAndFoodProducts__coffee_usd_lbs_96_12_12_10events,LivestockAndFoodProducts__coffee_usd_lbs_96_12_12_10events__20250909T000000,0.25356680,0.9946659190286196,0.6699275364670304
LivestockAndFoodProducts__coffee_usd_lbs_96_12_12_10events,LivestockAndFoodProducts__coffee_usd_lbs_96_12_12_10events__20250925T000000,0.27108146,0.9946659190286196,0.6699275364670304
LivestockAndFoodProducts__coffee_usd_lbs_96_12_12_10events,LivestockAndFoodProducts__coffee_usd_lbs_96_12_12_10events__20251013T000000,0.25814367,0.9946659190286196,0.6699275364670304
LivestockAndFoodProducts__coffee_usd_lbs_96_12_12_10events,LivestockAndFoodProducts__coffee_usd_lbs_96_12_12_10events__20251029T000000,0.25864441,0.9946659190286196,0.6699275364670304
LivestockAndFoodProducts__coffee_usd_lbs_96_12_12_10events,LivestockAndFoodProducts__coffee_usd_lbs_96_12_12_10events__20251114T000000,0.25213260,0.9946659190286196,0.6699275364670304
LivestockAndFoodProducts__coffee_usd_lbs_96_12_12_10events,LivestockAndFoodProducts__coffee_usd_lbs_96_12_12_10events__20251203T000000,0.25508683,0.9946659190286196,0.6699275364670304
LivestockAndFoodProducts__coffee_usd_lbs_96_12_12_10events,LivestockAndFoodProducts__coffee_usd_lbs_96_12_12_10events__20251219T000000,0.27417846,0.9946659190286196,0.6699275364670304
LivestockAndFoodProducts__coffee_usd_lbs_96_12_12_10events,LivestockAndFoodProducts__coffee_usd_lbs_96_12_12_10events__20260108T000000,0.27133626,0.9946659190286196,0.6699275364670304
LivestockAndFoodProducts__coffee_usd_lbs_96_12_12_10events,LivestockAndFoodProducts__coffee_usd_lbs_96_12_12_10events__20260126T000000,0.26847584,0.9946659190286196,0.6699275364670304
LivestockAndFoodProducts__coffee_usd_lbs_96_12_12_10events,LivestockAndFoodProducts__coffee_usd_lbs_96_12_12_10events__20260211T000000,0.25808662,0.9946659190286196,0.6699275364670304
LivestockAndFoodProducts__coffee_usd_lbs_96_12_12_10events,LivestockAndFoodProducts__coffee_usd_lbs_96_12_12_10events__20260227T000000,0.25078635,0.9946659190286196,0.6699275364670304
LivestockAndFoodProducts__corn_usd_bu_96_12_12_10events,LivestockAndFoodProducts__corn_usd_bu_96_12_12_10events__20250612T000000,0.27537365,0.8771827715323283,0.6169793371162341
LivestockAndFoodProducts__corn_usd_bu_96_12_12_10events,LivestockAndFoodProducts__corn_usd_bu_96_12_12_10events__20250630T000000,0.27948189,0.8771827715323283,0.6169793371162341
LivestockAndFoodProducts__corn_usd_bu_96_12_12_10events,LivestockAndFoodProducts__corn_usd_bu_96_12_12_10events__20250717T000000,0.26244873,0.8771827715323283,0.6169793371162341
LivestockAndFoodProducts__corn_usd_bu_96_12_12_10events,LivestockAndFoodProducts__corn_usd_bu_96_12_12_10events__20250804T000000,0.26724120,0.8771827715323283,0.6169793371162341
LivestockAndFoodProducts__corn_usd_bu_96_12_12_10events,LivestockAndFoodProducts__corn_usd_bu_96_12_12_10events__20250820T000000,0.26151322,0.8771827715323283,0.6169793371162341
LivestockAndFoodProducts__corn_usd_bu_96_12_12_10events,LivestockAndFoodProducts__corn_usd_bu_96_12_12_10events__20250905T000000,0.26734185,0.8771827715323283,0.6169793371162341
LivestockAndFoodProducts__corn_usd_bu_96_12_12_10events,LivestockAndFoodProducts__corn_usd_bu_96_12_12_10events__20250923T000000,0.25444897,0.8771827715323283,0.6169793371162341
LivestockAndFoodProducts__corn_usd_bu_96_12_12_10events,LivestockAndFoodProducts__corn_usd_bu_96_12_12_10events__20251009T000000,0.26399160,0.8771827715323283,0.6169793371162341
LivestockAndFoodProducts__corn_usd_bu_96_12_12_10events,LivestockAndFoodProducts__corn_usd_bu_96_12_12_10events__20251027T000000,0.26679120,0.8771827715323283,0.6169793371162341
LivestockAndFoodProducts__corn_usd_bu_96_12_12_10events,LivestockAndFoodProducts__corn_usd_bu_96_12_12_10events__20251112T000000,0.25297175,0.8771827715323283,0.6169793371162341
LivestockAndFoodProducts__corn_usd_bu_96_12_12_10events,LivestockAndFoodProducts__corn_usd_bu_96_12_12_10events__20251128T000000,0.25283702,0.8771827715323283,0.6169793371162341
LivestockAndFoodProducts__corn_usd_bu_96_12_12_10events,LivestockAndFoodProducts__corn_usd_bu_96_12_12_10events__20251216T000000,0.25119684,0.8771827715323283,0.6169793371162341
LivestockAndFoodProducts__corn_usd_bu_96_12_12_10events,LivestockAndFoodProducts__corn_usd_bu_96_12_12_10events__20260101T000000,0.25616099,0.8771827715323283,0.6169793371162341
LivestockAndFoodProducts__corn_usd_bu_96_12_12_10events,LivestockAndFoodProducts__corn_usd_bu_96_12_12_10events__20260119T000000,0.25724065,0.8771827715323283,0.6169793371162341
LivestockAndFoodProducts__corn_usd_bu_96_12_12_10events,LivestockAndFoodProducts__corn_usd_bu_96_12_12_10events__20260204T000000,0.27569432,0.8771827715323283,0.6169793371162341
LivestockAndFoodProducts__corn_usd_bu_96_12_12_10events,LivestockAndFoodProducts__corn_usd_bu_96_12_12_10events__20260220T000000,0.26405069,0.8771827715323283,0.6169793371162341
LivestockAndFoodProducts__corn_usd_bu_96_12_12_10events,LivestockAndFoodProducts__corn_usd_bu_96_12_12_10events__20260310T000000,0.29322530,0.8771827715323283,0.6169793371162341
LivestockAndFoodProducts__milk_usd_cwt_96_12_12_10events,LivestockAndFoodProducts__milk_usd_cwt_96_12_12_10events__20250805T000000,0.26294483,2.0341184127952183,0.8342022913778023
LivestockAndFoodProducts__milk_usd_cwt_96_12_12_10events,LivestockAndFoodProducts__milk_usd_cwt_96_12_12_10events__20250821T000000,0.24991151,2.0341184127952183,0.8342022913778023
LivestockAndFoodProducts__milk_usd_cwt_96_12_12_10events,LivestockAndFoodProducts__milk_usd_cwt_96_12_12_10events__20250909T000000,0.25385573,2.0341184127952183,0.8342022913778023
LivestockAndFoodProducts__milk_usd_cwt_96_12_12_10events,LivestockAndFoodProducts__milk_usd_cwt_96_12_12_10events__20250924T000000,0.24626453,2.0341184127952183,0.8342022913778023
LivestockAndFoodProducts__milk_usd_cwt_96_12_12_10events,LivestockAndFoodProducts__milk_usd_cwt_96_12_12_10events__20251009T000000,0.26415513,2.0341184127952183,0.8342022913778023
LivestockAndFoodProducts__milk_usd_cwt_96_12_12_10events,LivestockAndFoodProducts__milk_usd_cwt_96_12_12_10events__20251024T000000,0.26467675,2.0341184127952183,0.8342022913778023
LivestockAndFoodProducts__milk_usd_cwt_96_12_12_10events,LivestockAndFoodProducts__milk_usd_cwt_96_12_12_10events__20251110T000000,0.27721678,2.0341184127952183,0.8342022913778023
LivestockAndFoodProducts__milk_usd_cwt_96_12_12_10events,LivestockAndFoodProducts__milk_usd_cwt_96_12_12_10events__20251126T000000,0.26922383,2.0341184127952183,0.8342022913778023
LivestockAndFoodProducts__milk_usd_cwt_96_12_12_10events,LivestockAndFoodProducts__milk_usd_cwt_96_12_12_10events__20251212T000000,0.26329389,2.0341184127952183,0.8342022913778023
LivestockAndFoodProducts__milk_usd_cwt_96_12_12_10events,LivestockAndFoodProducts__milk_usd_cwt_96_12_12_10events__20251230T000000,0.25191393,2.0341184127952183,0.8342022913778023
LivestockAndFoodProducts__milk_usd_cwt_96_12_12_10events,LivestockAndFoodProducts__milk_usd_cwt_96_12_12_10events__20260114T000000,0.25980380,2.0341184127952183,0.8342022913778023
LivestockAndFoodProducts__milk_usd_cwt_96_12_12_10events,LivestockAndFoodProducts__milk_usd_cwt_96_12_12_10events__20260202T000000,0.25331454,2.0341184127952183,0.8342022913778023
LivestockAndFoodProducts__milk_usd_cwt_96_12_12_10events,LivestockAndFoodProducts__milk_usd_cwt_96_12_12_10events__20260219T000000,0.24469455,2.0341184127952183,0.8342022913778023
LivestockAndFoodProducts__milk_usd_cwt_96_12_12_10events,LivestockAndFoodProducts__milk_usd_cwt_96_12_12_10events__20260309T000000,0.25558795,2.0341184127952183,0.8342022913778023
LivestockAndFoodProducts__poultry_brl_kgs_96_12_12_10events,LivestockAndFoodProducts__poultry_brl_kgs_96_12_12_10events__20250722T000000,0.24486505,0.44311135979366884,0.49078965215920733
LivestockAndFoodProducts__poultry_brl_kgs_96_12_12_10events,LivestockAndFoodProducts__poultry_brl_kgs_96_12_12_10events__20250807T000000,0.24564489,0.44311135979366884,0.49078965215920733
LivestockAndFoodProducts__poultry_brl_kgs_96_12_12_10events,LivestockAndFoodProducts__poultry_brl_kgs_96_12_12_10events__20250825T000000,0.24209859,0.44311135979366884,0.49078965215920733
LivestockAndFoodProducts__poultry_brl_kgs_96_12_12_10events,LivestockAndFoodProducts__poultry_brl_kgs_96_12_12_10events__20250910T000000,0.25096097,0.44311135979366884,0.49078965215920733
LivestockAndFoodProducts__poultry_brl_kgs_96_12_12_10events,LivestockAndFoodProducts__poultry_brl_kgs_96_12_12_10events__20250926T000000,0.26244036,0.44311135979366884,0.49078965215920733
LivestockAndFoodProducts__poultry_brl_kgs_96_12_12_10events,LivestockAndFoodProducts__poultry_brl_kgs_96_12_12_10events__20251014T000000,0.27385583,0.44311135979366884,0.49078965215920733
LivestockAndFoodProducts__poultry_brl_kgs_96_12_12_10events,LivestockAndFoodProducts__poultry_brl_kgs_96_12_12_10events__20251030T000000,0.25335005,0.44311135979366884,0.49078965215920733
LivestockAndFoodProducts__poultry_brl_kgs_96_12_12_10events,LivestockAndFoodProducts__poultry_brl_kgs_96_12_12_10events__20251117T000000,0.25007045,0.44311135979366884,0.49078965215920733
LivestockAndFoodProducts__poultry_brl_kgs_96_12_12_10events,LivestockAndFoodProducts__poultry_brl_kgs_96_12_12_10events__20251204T000000,0.24488773,0.44311135979366884,0.49078965215920733
LivestockAndFoodProducts__poultry_brl_kgs_96_12_12_10events,LivestockAndFoodProducts__poultry_brl_kgs_96_12_12_10events__20251222T000000,0.24370972,0.44311135979366884,0.49078965215920733
LivestockAndFoodProducts__poultry_brl_kgs_96_12_12_10events,LivestockAndFoodProducts__poultry_brl_kgs_96_12_12_10events__20260113T000000,0.25104614,0.44311135979366884,0.49078965215920733
LivestockAndFoodProducts__poultry_brl_kgs_96_12_12_10events,LivestockAndFoodProducts__poultry_brl_kgs_96_12_12_10events__20260129T000000,0.25121012,0.44311135979366884,0.49078965215920733
LivestockAndFoodProducts__poultry_brl_kgs_96_12_12_10events,LivestockAndFoodProducts__poultry_brl_kgs_96_12_12_10events__20260218T000000,0.23859364,0.44311135979366884,0.49078965215920733
LivestockAndFoodProducts__poultry_brl_kgs_96_12_12_10events,LivestockAndFoodProducts__poultry_brl_kgs_96_12_12_10events__20260306T000000,0.24962796,0.44311135979366884,0.49078965215920733
LivestockAndFoodProducts__salmon_nok_kg_96_12_12_10events,LivestockAndFoodProducts__salmon_nok_kg_96_12_12_10events__20240903T000000,0.29431059,1.5901799162574954,1.0337588969024403
LivestockAndFoodProducts__salmon_nok_kg_96_12_12_10events,LivestockAndFoodProducts__salmon_nok_kg_96_12_12_10events__20240919T000000,0.29906782,1.5901799162574954,1.0337588969024403
LivestockAndFoodProducts__salmon_nok_kg_96_12_12_10events,LivestockAndFoodProducts__salmon_nok_kg_96_12_12_10events__20241007T000000,0.27767601,1.5901799162574954,1.0337588969024403
LivestockAndFoodProducts__salmon_nok_kg_96_12_12_10events,LivestockAndFoodProducts__salmon_nok_kg_96_12_12_10events__20241108T000000,0.29124366,1.5901799162574954,1.0337588969024403
LivestockAndFoodProducts__salmon_nok_kg_96_12_12_10events,LivestockAndFoodProducts__salmon_nok_kg_96_12_12_10events__20250131T000000,0.26986840,1.5901799162574954,1.0337588969024403
LivestockAndFoodProducts__salmon_nok_kg_96_12_12_10events,LivestockAndFoodProducts__salmon_nok_kg_96_12_12_10events__20250425T000000,0.28619240,1.5901799162574954,1.0337588969024403
LivestockAndFoodProducts__salmon_nok_kg_96_12_12_10events,LivestockAndFoodProducts__salmon_nok_kg_96_12_12_10events__20250718T000000,0.26721489,1.5901799162574954,1.0337588969024403
LivestockAndFoodProducts__salmon_nok_kg_96_12_12_10events,LivestockAndFoodProducts__salmon_nok_kg_96_12_12_10events__20251010T000000,0.27660346,1.5901799162574954,1.0337588969024403
LivestockAndFoodProducts__salmon_nok_kg_96_12_12_10events,LivestockAndFoodProducts__salmon_nok_kg_96_12_12_10events__20260102T000000,0.27929004,1.5901799162574954,1.0337588969024403
LivestockAndFoodProducts__soybeans_usd_bu_96_12_12_10events,LivestockAndFoodProducts__soybeans_usd_bu_96_12_12_10events__20250603T000000,0.27720271,1.174497698841824,0.7954538425920471
LivestockAndFoodProducts__soybeans_usd_bu_96_12_12_10events,LivestockAndFoodProducts__soybeans_usd_bu_96_12_12_10events__20250619T000000,0.28329657,1.174497698841824,0.7954538425920471
LivestockAndFoodProducts__soybeans_usd_bu_96_12_12_10events,LivestockAndFoodProducts__soybeans_usd_bu_96_12_12_10events__20250708T000000,0.27129748,1.174497698841824,0.7954538425920471
LivestockAndFoodProducts__soybeans_usd_bu_96_12_12_10events,LivestockAndFoodProducts__soybeans_usd_bu_96_12_12_10events__20250724T000000,0.28058473,1.174497698841824,0.7954538425920471
LivestockAndFoodProducts__soybeans_usd_bu_96_12_12_10events,LivestockAndFoodProducts__soybeans_usd_bu_96_12_12_10events__20250811T000000,0.26640839,1.174497698841824,0.7954538425920471
LivestockAndFoodProducts__soybeans_usd_bu_96_12_12_10events,LivestockAndFoodProducts__soybeans_usd_bu_96_12_12_10events__20250827T000000,0.27987783,1.174497698841824,0.7954538425920471
LivestockAndFoodProducts__soybeans_usd_bu_96_12_12_10events,LivestockAndFoodProducts__soybeans_usd_bu_96_12_12_10events__20250912T000000,0.26689272,1.174497698841824,0.7954538425920471
LivestockAndFoodProducts__soybeans_usd_bu_96_12_12_10events,LivestockAndFoodProducts__soybeans_usd_bu_96_12_12_10events__20250930T000000,0.27747033,1.174497698841824,0.7954538425920471
LivestockAndFoodProducts__soybeans_usd_bu_96_12_12_10events,LivestockAndFoodProducts__soybeans_usd_bu_96_12_12_10events__20251016T000000,0.27076065,1.174497698841824,0.7954538425920471
LivestockAndFoodProducts__soybeans_usd_bu_96_12_12_10events,LivestockAndFoodProducts__soybeans_usd_bu_96_12_12_10events__20251103T000000,0.29136308,1.174497698841824,0.7954538425920471
LivestockAndFoodProducts__soybeans_usd_bu_96_12_12_10events,LivestockAndFoodProducts__soybeans_usd_bu_96_12_12_10events__20251119T000000,0.26068989,1.174497698841824,0.7954538425920471
LivestockAndFoodProducts__soybeans_usd_bu_96_12_12_10events,LivestockAndFoodProducts__soybeans_usd_bu_96_12_12_10events__20251205T000000,0.25552986,1.174497698841824,0.7954538425920471
LivestockAndFoodProducts__soybeans_usd_bu_96_12_12_10events,LivestockAndFoodProducts__soybeans_usd_bu_96_12_12_10events__20251223T000000,0.25648284,1.174497698841824,0.7954538425920471
LivestockAndFoodProducts__soybeans_usd_bu_96_12_12_10events,LivestockAndFoodProducts__soybeans_usd_bu_96_12_12_10events__20260108T000000,0.25638849,1.174497698841824,0.7954538425920471
LivestockAndFoodProducts__soybeans_usd_bu_96_12_12_10events,LivestockAndFoodProducts__soybeans_usd_bu_96_12_12_10events__20260126T000000,0.25776922,1.174497698841824,0.7954538425920471
LivestockAndFoodProducts__soybeans_usd_bu_96_12_12_10events,LivestockAndFoodProducts__soybeans_usd_bu_96_12_12_10events__20260211T000000,0.27104401,1.174497698841824,0.7954538425920471
LivestockAndFoodProducts__soybeans_usd_bu_96_12_12_10events,LivestockAndFoodProducts__soybeans_usd_bu_96_12_12_10events__20260227T000000,0.26487405,1.174497698841824,0.7954538425920471
LivestockAndFoodProducts__wool_aud_100kg_96_12_12_10events,LivestockAndFoodProducts__wool_aud_100kg_96_12_12_10events__20250730T000000,0.26658909,1.370456908596833,0.5966924798175609
LivestockAndFoodProducts__wool_aud_100kg_96_12_12_10events,LivestockAndFoodProducts__wool_aud_100kg_96_12_12_10events__20250820T000000,0.25359807,1.370456908596833,0.5966924798175609
LivestockAndFoodProducts__wool_aud_100kg_96_12_12_10events,LivestockAndFoodProducts__wool_aud_100kg_96_12_12_10events__20250910T000000,0.29024520,1.370456908596833,0.5966924798175609
LivestockAndFoodProducts__wool_aud_100kg_96_12_12_10events,LivestockAndFoodProducts__wool_aud_100kg_96_12_12_10events__20250926T000000,0.25535306,1.370456908596833,0.5966924798175609
LivestockAndFoodProducts__wool_aud_100kg_96_12_12_10events,LivestockAndFoodProducts__wool_aud_100kg_96_12_12_10events__20251014T000000,0.23786684,1.370456908596833,0.5966924798175609
LivestockAndFoodProducts__wool_aud_100kg_96_12_12_10events,LivestockAndFoodProducts__wool_aud_100kg_96_12_12_10events__20251030T000000,0.22845990,1.370456908596833,0.5966924798175609
LivestockAndFoodProducts__wool_aud_100kg_96_12_12_10events,LivestockAndFoodProducts__wool_aud_100kg_96_12_12_10events__20251117T000000,0.24636664,1.370456908596833,0.5966924798175609
LivestockAndFoodProducts__wool_aud_100kg_96_12_12_10events,LivestockAndFoodProducts__wool_aud_100kg_96_12_12_10events__20251203T000000,0.23433243,1.370456908596833,0.5966924798175609
LivestockAndFoodProducts__wool_aud_100kg_96_12_12_10events,LivestockAndFoodProducts__wool_aud_100kg_96_12_12_10events__20251219T000000,0.24253346,1.370456908596833,0.5966924798175609
LivestockAndFoodProducts__wool_aud_100kg_96_12_12_10events,LivestockAndFoodProducts__wool_aud_100kg_96_12_12_10events__20260106T000000,0.23401966,1.370456908596833,0.5966924798175609
LivestockAndFoodProducts__wool_aud_100kg_96_12_12_10events,LivestockAndFoodProducts__wool_aud_100kg_96_12_12_10events__20260122T000000,0.24938505,1.370456908596833,0.5966924798175609
LivestockAndFoodProducts__wool_aud_100kg_96_12_12_10events,LivestockAndFoodProducts__wool_aud_100kg_96_12_12_10events__20260209T000000,0.25752263,1.370456908596833,0.5966924798175609
LivestockAndFoodProducts__wool_aud_100kg_96_12_12_10events,LivestockAndFoodProducts__wool_aud_100kg_96_12_12_10events__20260225T000000,0.24732379,1.370456908596833,0.5966924798175609
LivestockAndFoodProducts__wool_aud_100kg_96_12_12_10events,LivestockAndFoodProducts__wool_aud_100kg_96_12_12_10events__20260313T000000,0.24161983,1.370456908596833,0.5966924798175609
RawMaterialsAndConstruction__aluminum_usd_t_96_12_12_10events,RawMaterialsAndConstruction__aluminum_usd_t_96_12_12_10events__20250918T000000,0.26288016,0.6348258503904703,0.611504093847181
RawMaterialsAndConstruction__aluminum_usd_t_96_12_12_10events,RawMaterialsAndConstruction__aluminum_usd_t_96_12_12_10events__20251006T000000,0.25620161,0.6348258503904703,0.611504093847181
RawMaterialsAndConstruction__aluminum_usd_t_96_12_12_10events,RawMaterialsAndConstruction__aluminum_usd_t_96_12_12_10events__20251022T000000,0.27280309,0.6348258503904703,0.611504093847181
RawMaterialsAndConstruction__aluminum_usd_t_96_12_12_10events,RawMaterialsAndConstruction__aluminum_usd_t_96_12_12_10events__20251107T000000,0.25113416,0.6348258503904703,0.611504093847181
RawMaterialsAndConstruction__aluminum_usd_t_96_12_12_10events,RawMaterialsAndConstruction__aluminum_usd_t_96_12_12_10events__20251125T000000,0.24741003,0.6348258503904703,0.611504093847181
RawMaterialsAndConstruction__aluminum_usd_t_96_12_12_10events,RawMaterialsAndConstruction__aluminum_usd_t_96_12_12_10events__20251211T000000,0.24546846,0.6348258503904703,0.611504093847181
RawMaterialsAndConstruction__aluminum_usd_t_96_12_12_10events,RawMaterialsAndConstruction__aluminum_usd_t_96_12_12_10events__20251231T000000,0.24775555,0.6348258503904703,0.611504093847181
RawMaterialsAndConstruction__aluminum_usd_t_96_12_12_10events,RawMaterialsAndConstruction__aluminum_usd_t_96_12_12_10events__20260119T000000,0.25277361,0.6348258503904703,0.611504093847181
RawMaterialsAndConstruction__aluminum_usd_t_96_12_12_10events,RawMaterialsAndConstruction__aluminum_usd_t_96_12_12_10events__20260204T000000,0.24739367,0.6348258503904703,0.611504093847181
RawMaterialsAndConstruction__aluminum_usd_t_96_12_12_10events,RawMaterialsAndConstruction__aluminum_usd_t_96_12_12_10events__20260220T000000,0.25391339,0.6348258503904703,0.611504093847181
RawMaterialsAndConstruction__aluminum_usd_t_96_12_12_10events,RawMaterialsAndConstruction__aluminum_usd_t_96_12_12_10events__20260310T000000,0.26150458,0.6348258503904703,0.611504093847181
RawMaterialsAndConstruction__copper_usd_lbs_96_12_12_10events,RawMaterialsAndConstruction__copper_usd_lbs_96_12_12_10events__20250728T000000,0.26104864,0.8715388815673261,0.49978998695118854
RawMaterialsAndConstruction__copper_usd_lbs_96_12_12_10events,RawMaterialsAndConstruction__copper_usd_lbs_96_12_12_10events__20250813T000000,0.27656178,0.8715388815673261,0.49978998695118854
RawMaterialsAndConstruction__copper_usd_lbs_96_12_12_10events,RawMaterialsAndConstruction__copper_usd_lbs_96_12_12_10events__20250829T000000,0.25884371,0.8715388815673261,0.49978998695118854
RawMaterialsAndConstruction__copper_usd_lbs_96_12_12_10events,RawMaterialsAndConstruction__copper_usd_lbs_96_12_12_10events__20250916T000000,0.25994297,0.8715388815673261,0.49978998695118854
RawMaterialsAndConstruction__copper_usd_lbs_96_12_12_10events,RawMaterialsAndConstruction__copper_usd_lbs_96_12_12_10events__20251002T000000,0.26387518,0.8715388815673261,0.49978998695118854
RawMaterialsAndConstruction__copper_usd_lbs_96_12_12_10events,RawMaterialsAndConstruction__copper_usd_lbs_96_12_12_10events__20251020T000000,0.26425171,0.8715388815673261,0.49978998695118854
RawMaterialsAndConstruction__copper_usd_lbs_96_12_12_10events,RawMaterialsAndConstruction__copper_usd_lbs_96_12_12_10events__20251105T000000,0.26074033,0.8715388815673261,0.49978998695118854
RawMaterialsAndConstruction__copper_usd_lbs_96_12_12_10events,RawMaterialsAndConstruction__copper_usd_lbs_96_12_12_10events__20251121T000000,0.25527769,0.8715388815673261,0.49978998695118854
RawMaterialsAndConstruction__copper_usd_lbs_96_12_12_10events,RawMaterialsAndConstruction__copper_usd_lbs_96_12_12_10events__20251209T000000,0.27043093,0.8715388815673261,0.49978998695118854
RawMaterialsAndConstruction__copper_usd_lbs_96_12_12_10events,RawMaterialsAndConstruction__copper_usd_lbs_96_12_12_10events__20251225T000000,0.25203377,0.8715388815673261,0.49978998695118854
RawMaterialsAndConstruction__copper_usd_lbs_96_12_12_10events,RawMaterialsAndConstruction__copper_usd_lbs_96_12_12_10events__20260112T000000,0.25450835,0.8715388815673261,0.49978998695118854
RawMaterialsAndConstruction__copper_usd_lbs_96_12_12_10events,RawMaterialsAndConstruction__copper_usd_lbs_96_12_12_10events__20260128T000000,0.25434094,0.8715388815673261,0.49978998695118854
RawMaterialsAndConstruction__copper_usd_lbs_96_12_12_10events,RawMaterialsAndConstruction__copper_usd_lbs_96_12_12_10events__20260213T000000,0.24420347,0.8715388815673261,0.49978998695118854
RawMaterialsAndConstruction__copper_usd_lbs_96_12_12_10events,RawMaterialsAndConstruction__copper_usd_lbs_96_12_12_10events__20260303T000000,0.24947442,0.8715388815673261,0.49978998695118854
RawMaterialsAndConstruction__lead_usd_t_96_12_12_10events,RawMaterialsAndConstruction__lead_usd_t_96_12_12_10events__20250612T000000,0.26354174,0.9621366421869442,0.7445575421732756
RawMaterialsAndConstruction__lead_usd_t_96_12_12_10events,RawMaterialsAndConstruction__lead_usd_t_96_12_12_10events__20250630T000000,0.27370557,0.9621366421869442,0.7445575421732756
RawMaterialsAndConstruction__lead_usd_t_96_12_12_10events,RawMaterialsAndConstruction__lead_usd_t_96_12_12_10events__20250716T000000,0.27315529,0.9621366421869442,0.7445575421732756
RawMaterialsAndConstruction__lead_usd_t_96_12_12_10events,RawMaterialsAndConstruction__lead_usd_t_96_12_12_10events__20250801T000000,0.26803830,0.9621366421869442,0.7445575421732756
RawMaterialsAndConstruction__lead_usd_t_96_12_12_10events,RawMaterialsAndConstruction__lead_usd_t_96_12_12_10events__20250819T000000,0.27080198,0.9621366421869442,0.7445575421732756
RawMaterialsAndConstruction__lead_usd_t_96_12_12_10events,RawMaterialsAndConstruction__lead_usd_t_96_12_12_10events__20250905T000000,0.27421690,0.9621366421869442,0.7445575421732756
RawMaterialsAndConstruction__lead_usd_t_96_12_12_10events,RawMaterialsAndConstruction__lead_usd_t_96_12_12_10events__20250923T000000,0.27863764,0.9621366421869442,0.7445575421732756
RawMaterialsAndConstruction__lead_usd_t_96_12_12_10events,RawMaterialsAndConstruction__lead_usd_t_96_12_12_10events__20251009T000000,0.28376706,0.9621366421869442,0.7445575421732756
RawMaterialsAndConstruction__lead_usd_t_96_12_12_10events,RawMaterialsAndConstruction__lead_usd_t_96_12_12_10events__20251027T000000,0.28570647,0.9621366421869442,0.7445575421732756
RawMaterialsAndConstruction__lead_usd_t_96_12_12_10events,RawMaterialsAndConstruction__lead_usd_t_96_12_12_10events__20251112T000000,0.28864515,0.9621366421869442,0.7445575421732756
RawMaterialsAndConstruction__lead_usd_t_96_12_12_10events,RawMaterialsAndConstruction__lead_usd_t_96_12_12_10events__20251128T000000,0.27677688,0.9621366421869442,0.7445575421732756
RawMaterialsAndConstruction__lead_usd_t_96_12_12_10events,RawMaterialsAndConstruction__lead_usd_t_96_12_12_10events__20251216T000000,0.28737669,0.9621366421869442,0.7445575421732756
RawMaterialsAndConstruction__lead_usd_t_96_12_12_10events,RawMaterialsAndConstruction__lead_usd_t_96_12_12_10events__20260106T000000,0.27930995,0.9621366421869442,0.7445575421732756
RawMaterialsAndConstruction__lead_usd_t_96_12_12_10events,RawMaterialsAndConstruction__lead_usd_t_96_12_12_10events__20260122T000000,0.29518352,0.9621366421869442,0.7445575421732756
RawMaterialsAndConstruction__lead_usd_t_96_12_12_10events,RawMaterialsAndConstruction__lead_usd_t_96_12_12_10events__20260209T000000,0.27861865,0.9621366421869442,0.7445575421732756
RawMaterialsAndConstruction__lead_usd_t_96_12_12_10events,RawMaterialsAndConstruction__lead_usd_t_96_12_12_10events__20260225T000000,0.29393804,0.9621366421869442,0.7445575421732756
RawMaterialsAndConstruction__lead_usd_t_96_12_12_10events,RawMaterialsAndConstruction__lead_usd_t_96_12_12_10events__20260313T000000,0.26870155,0.9621366421869442,0.7445575421732756
RawMaterialsAndConstruction__lumber_usd_1000_board_feet_96_12_12_10events,RawMaterialsAndConstruction__lumber_usd_1000_board_feet_96_12_12_10events__20250722T000000,0.26456556,1.033667432931181,0.7262382838473026
RawMaterialsAndConstruction__lumber_usd_1000_board_feet_96_12_12_10events,RawMaterialsAndConstruction__lumber_usd_1000_board_feet_96_12_12_10events__20250807T000000,0.26627068,1.033667432931181,0.7262382838473026
RawMaterialsAndConstruction__lumber_usd_1000_board_feet_96_12_12_10events,RawMaterialsAndConstruction__lumber_usd_1000_board_feet_96_12_12_10events__20250825T000000,0.26506720,1.033667432931181,0.7262382838473026
RawMaterialsAndConstruction__lumber_usd_1000_board_feet_96_12_12_10events,RawMaterialsAndConstruction__lumber_usd_1000_board_feet_96_12_12_10events__20250911T000000,0.26626466,1.033667432931181,0.7262382838473026
RawMaterialsAndConstruction__lumber_usd_1000_board_feet_96_12_12_10events,RawMaterialsAndConstruction__lumber_usd_1000_board_feet_96_12_12_10events__20250929T000000,0.27352052,1.033667432931181,0.7262382838473026
RawMaterialsAndConstruction__lumber_usd_1000_board_feet_96_12_12_10events,RawMaterialsAndConstruction__lumber_usd_1000_board_feet_96_12_12_10events__20251015T000000,0.25842614,1.033667432931181,0.7262382838473026
RawMaterialsAndConstruction__lumber_usd_1000_board_feet_96_12_12_10events,RawMaterialsAndConstruction__lumber_usd_1000_board_feet_96_12_12_10events__20251031T000000,0.26484826,1.033667432931181,0.7262382838473026
RawMaterialsAndConstruction__lumber_usd_1000_board_feet_96_12_12_10events,RawMaterialsAndConstruction__lumber_usd_1000_board_feet_96_12_12_10events__20251118T000000,0.27320402,1.033667432931181,0.7262382838473026
RawMaterialsAndConstruction__lumber_usd_1000_board_feet_96_12_12_10events,RawMaterialsAndConstruction__lumber_usd_1000_board_feet_96_12_12_10events__20251205T000000,0.26148750,1.033667432931181,0.7262382838473026
RawMaterialsAndConstruction__lumber_usd_1000_board_feet_96_12_12_10events,RawMaterialsAndConstruction__lumber_usd_1000_board_feet_96_12_12_10events__20251223T000000,0.28062798,1.033667432931181,0.7262382838473026
RawMaterialsAndConstruction__lumber_usd_1000_board_feet_96_12_12_10events,RawMaterialsAndConstruction__lumber_usd_1000_board_feet_96_12_12_10events__20260109T000000,0.26691950,1.033667432931181,0.7262382838473026
RawMaterialsAndConstruction__lumber_usd_1000_board_feet_96_12_12_10events,RawMaterialsAndConstruction__lumber_usd_1000_board_feet_96_12_12_10events__20260128T000000,0.27614970,1.033667432931181,0.7262382838473026
RawMaterialsAndConstruction__lumber_usd_1000_board_feet_96_12_12_10events,RawMaterialsAndConstruction__lumber_usd_1000_board_feet_96_12_12_10events__20260213T000000,0.26380634,1.033667432931181,0.7262382838473026
RawMaterialsAndConstruction__lumber_usd_1000_board_feet_96_12_12_10events,RawMaterialsAndConstruction__lumber_usd_1000_board_feet_96_12_12_10events__20260304T000000,0.27868881,1.033667432931181,0.7262382838473026
RawMaterialsAndConstruction__polyethylene_cny_t_96_12_12_10events,RawMaterialsAndConstruction__polyethylene_cny_t_96_12_12_10events__20250828T000000,0.31491920,4.429065978510928,1.3262206479874523
RawMaterialsAndConstruction__polyethylene_cny_t_96_12_12_10events,RawMaterialsAndConstruction__polyethylene_cny_t_96_12_12_10events__20250915T000000,0.28893123,4.429065978510928,1.3262206479874523
RawMaterialsAndConstruction__polyethylene_cny_t_96_12_12_10events,RawMaterialsAndConstruction__polyethylene_cny_t_96_12_12_10events__20251009T000000,0.30308016,4.429065978510928,1.3262206479874523
RawMaterialsAndConstruction__polyethylene_cny_t_96_12_12_10events,RawMaterialsAndConstruction__polyethylene_cny_t_96_12_12_10events__20251027T000000,0.26523416,4.429065978510928,1.3262206479874523
RawMaterialsAndConstruction__polyethylene_cny_t_96_12_12_10events,RawMaterialsAndConstruction__polyethylene_cny_t_96_12_12_10events__20251112T000000,0.27306620,4.429065978510928,1.3262206479874523
RawMaterialsAndConstruction__polyethylene_cny_t_96_12_12_10events,RawMaterialsAndConstruction__polyethylene_cny_t_96_12_12_10events__20251128T000000,0.26066912,4.429065978510928,1.3262206479874523
RawMaterialsAndConstruction__polyethylene_cny_t_96_12_12_10events,RawMaterialsAndConstruction__polyethylene_cny_t_96_12_12_10events__20251216T000000,0.26312047,4.429065978510928,1.3262206479874523
RawMaterialsAndConstruction__polyethylene_cny_t_96_12_12_10events,RawMaterialsAndConstruction__polyethylene_cny_t_96_12_12_10events__20260105T000000,0.26402945,4.429065978510928,1.3262206479874523
RawMaterialsAndConstruction__polyethylene_cny_t_96_12_12_10events,RawMaterialsAndConstruction__polyethylene_cny_t_96_12_12_10events__20260121T000000,0.25499918,4.429065978510928,1.3262206479874523
RawMaterialsAndConstruction__polyethylene_cny_t_96_12_12_10events,RawMaterialsAndConstruction__polyethylene_cny_t_96_12_12_10events__20260206T000000,0.25840838,4.429065978510928,1.3262206479874523
RawMaterialsAndConstruction__polyethylene_cny_t_96_12_12_10events,RawMaterialsAndConstruction__polyethylene_cny_t_96_12_12_10events__20260304T000000,0.26514351,4.429065978510928,1.3262206479874523
RawMaterialsAndConstruction__polypropylene_cny_t_96_12_12_10events,RawMaterialsAndConstruction__polypropylene_cny_t_96_12_12_10events__20250806T000000,0.28186158,3.809942024527662,1.0925606260205432
RawMaterialsAndConstruction__polypropylene_cny_t_96_12_12_10events,RawMaterialsAndConstruction__polypropylene_cny_t_96_12_12_10events__20250822T000000,0.29025511,3.809942024527662,1.0925606260205432
RawMaterialsAndConstruction__polypropylene_cny_t_96_12_12_10events,RawMaterialsAndConstruction__polypropylene_cny_t_96_12_12_10events__20250909T000000,0.28735727,3.809942024527662,1.0925606260205432
RawMaterialsAndConstruction__polypropylene_cny_t_96_12_12_10events,RawMaterialsAndConstruction__polypropylene_cny_t_96_12_12_10events__20250925T000000,0.28306169,3.809942024527662,1.0925606260205432
RawMaterialsAndConstruction__polypropylene_cny_t_96_12_12_10events,RawMaterialsAndConstruction__polypropylene_cny_t_96_12_12_10events__20251021T000000,0.26240542,3.809942024527662,1.0925606260205432
RawMaterialsAndConstruction__polypropylene_cny_t_96_12_12_10events,RawMaterialsAndConstruction__polypropylene_cny_t_96_12_12_10events__20251106T000000,0.27074472,3.809942024527662,1.0925606260205432
RawMaterialsAndConstruction__polypropylene_cny_t_96_12_12_10events,RawMaterialsAndConstruction__polypropylene_cny_t_96_12_12_10events__20251124T000000,0.26272836,3.809942024527662,1.0925606260205432
RawMaterialsAndConstruction__polypropylene_cny_t_96_12_12_10events,RawMaterialsAndConstruction__polypropylene_cny_t_96_12_12_10events__20251210T000000,0.26028472,3.809942024527662,1.0925606260205432
RawMaterialsAndConstruction__polypropylene_cny_t_96_12_12_10events,RawMaterialsAndConstruction__polypropylene_cny_t_96_12_12_10events__20251226T000000,0.26260791,3.809942024527662,1.0925606260205432
RawMaterialsAndConstruction__polypropylene_cny_t_96_12_12_10events,RawMaterialsAndConstruction__polypropylene_cny_t_96_12_12_10events__20260115T000000,0.25870008,3.809942024527662,1.0925606260205432
RawMaterialsAndConstruction__polypropylene_cny_t_96_12_12_10events,RawMaterialsAndConstruction__polypropylene_cny_t_96_12_12_10events__20260202T000000,0.25819409,3.809942024527662,1.0925606260205432
RawMaterialsAndConstruction__polypropylene_cny_t_96_12_12_10events,RawMaterialsAndConstruction__polypropylene_cny_t_96_12_12_10events__20260226T000000,0.26806984,3.809942024527662,1.0925606260205432
RawMaterialsAndConstruction__polypropylene_cny_t_96_12_12_10events,RawMaterialsAndConstruction__polypropylene_cny_t_96_12_12_10events__20260316T000000,0.26806657,3.809942024527662,1.0925606260205432
RawMaterialsAndConstruction__rubber_usd_cents_kg_96_12_12_10events,RawMaterialsAndConstruction__rubber_usd_cents_kg_96_12_12_10events__20250814T000000,0.27233027,1.6721577743179938,0.8771249462007613
RawMaterialsAndConstruction__rubber_usd_cents_kg_96_12_12_10events,RawMaterialsAndConstruction__rubber_usd_cents_kg_96_12_12_10events__20250901T000000,0.28500211,1.6721577743179938,0.8771249462007613
RawMaterialsAndConstruction__rubber_usd_cents_kg_96_12_12_10events,RawMaterialsAndConstruction__rubber_usd_cents_kg_96_12_12_10events__20250917T000000,0.26349189,1.6721577743179938,0.8771249462007613
RawMaterialsAndConstruction__rubber_usd_cents_kg_96_12_12_10events,RawMaterialsAndConstruction__rubber_usd_cents_kg_96_12_12_10events__20251003T000000,0.27275032,1.6721577743179938,0.8771249462007613
RawMaterialsAndConstruction__rubber_usd_cents_kg_96_12_12_10events,RawMaterialsAndConstruction__rubber_usd_cents_kg_96_12_12_10events__20251022T000000,0.26176220,1.6721577743179938,0.8771249462007613
RawMaterialsAndConstruction__rubber_usd_cents_kg_96_12_12_10events,RawMaterialsAndConstruction__rubber_usd_cents_kg_96_12_12_10events__20251107T000000,0.27265061,1.6721577743179938,0.8771249462007613
RawMaterialsAndConstruction__rubber_usd_cents_kg_96_12_12_10events,RawMaterialsAndConstruction__rubber_usd_cents_kg_96_12_12_10events__20251125T000000,0.28247702,1.6721577743179938,0.8771249462007613
RawMaterialsAndConstruction__rubber_usd_cents_kg_96_12_12_10events,RawMaterialsAndConstruction__rubber_usd_cents_kg_96_12_12_10events__20251211T000000,0.28630979,1.6721577743179938,0.8771249462007613
RawMaterialsAndConstruction__rubber_usd_cents_kg_96_12_12_10events,RawMaterialsAndConstruction__rubber_usd_cents_kg_96_12_12_10events__20251230T000000,0.30467366,1.6721577743179938,0.8771249462007613
RawMaterialsAndConstruction__rubber_usd_cents_kg_96_12_12_10events,RawMaterialsAndConstruction__rubber_usd_cents_kg_96_12_12_10events__20260119T000000,0.26986170,1.6721577743179938,0.8771249462007613
RawMaterialsAndConstruction__rubber_usd_cents_kg_96_12_12_10events,RawMaterialsAndConstruction__rubber_usd_cents_kg_96_12_12_10events__20260204T000000,0.27188453,1.6721577743179938,0.8771249462007613
RawMaterialsAndConstruction__rubber_usd_cents_kg_96_12_12_10events,RawMaterialsAndConstruction__rubber_usd_cents_kg_96_12_12_10events__20260226T000000,0.25975272,1.6721577743179938,0.8771249462007613
RawMaterialsAndConstruction__rubber_usd_cents_kg_96_12_12_10events,RawMaterialsAndConstruction__rubber_usd_cents_kg_96_12_12_10events__20260316T000000,0.24861381,1.6721577743179938,0.8771249462007613
RawMaterialsAndConstruction__steel_cny_t_96_12_12_10events,RawMaterialsAndConstruction__steel_cny_t_96_12_12_10events__20250801T000000,0.26516395,0.6684726853083338,0.6477276495261568
RawMaterialsAndConstruction__steel_cny_t_96_12_12_10events,RawMaterialsAndConstruction__steel_cny_t_96_12_12_10events__20250819T000000,0.26026926,0.6684726853083338,0.6477276495261568
RawMaterialsAndConstruction__steel_cny_t_96_12_12_10events,RawMaterialsAndConstruction__steel_cny_t_96_12_12_10events__20250904T000000,0.26372916,0.6684726853083338,0.6477276495261568
RawMaterialsAndConstruction__steel_cny_t_96_12_12_10events,RawMaterialsAndConstruction__steel_cny_t_96_12_12_10events__20250922T000000,0.26261162,0.6684726853083338,0.6477276495261568
RawMaterialsAndConstruction__steel_cny_t_96_12_12_10events,RawMaterialsAndConstruction__steel_cny_t_96_12_12_10events__20251016T000000,0.26597304,0.6684726853083338,0.6477276495261568
RawMaterialsAndConstruction__steel_cny_t_96_12_12_10events,RawMaterialsAndConstruction__steel_cny_t_96_12_12_10events__20251103T000000,0.26282168,0.6684726853083338,0.6477276495261568
RawMaterialsAndConstruction__steel_cny_t_96_12_12_10events,RawMaterialsAndConstruction__steel_cny_t_96_12_12_10events__20251119T000000,0.27349042,0.6684726853083338,0.6477276495261568
RawMaterialsAndConstruction__steel_cny_t_96_12_12_10events,RawMaterialsAndConstruction__steel_cny_t_96_12_12_10events__20251205T000000,0.27324297,0.6684726853083338,0.6477276495261568
RawMaterialsAndConstruction__steel_cny_t_96_12_12_10events,RawMaterialsAndConstruction__steel_cny_t_96_12_12_10events__20251223T000000,0.27662901,0.6684726853083338,0.6477276495261568
RawMaterialsAndConstruction__steel_cny_t_96_12_12_10events,RawMaterialsAndConstruction__steel_cny_t_96_12_12_10events__20260112T000000,0.31944902,0.6684726853083338,0.6477276495261568
RawMaterialsAndConstruction__steel_cny_t_96_12_12_10events,RawMaterialsAndConstruction__steel_cny_t_96_12_12_10events__20260128T000000,0.29259054,0.6684726853083338,0.6477276495261568
RawMaterialsAndConstruction__steel_cny_t_96_12_12_10events,RawMaterialsAndConstruction__steel_cny_t_96_12_12_10events__20260213T000000,0.29614958,0.6684726853083338,0.6477276495261568
RawMaterialsAndConstruction__steel_cny_t_96_12_12_10events,RawMaterialsAndConstruction__steel_cny_t_96_12_12_10events__20260311T000000,0.29005889,0.6684726853083338,0.6477276495261568
RawMaterialsAndConstruction__tin_usd_t_96_12_12_10events,RawMaterialsAndConstruction__tin_usd_t_96_12_12_10events__20250804T000000,0.26516849,1.171524939376187,0.7966508370695019
RawMaterialsAndConstruction__tin_usd_t_96_12_12_10events,RawMaterialsAndConstruction__tin_usd_t_96_12_12_10events__20250820T000000,0.27840275,1.171524939376187,0.7966508370695019
RawMaterialsAndConstruction__tin_usd_t_96_12_12_10events,RawMaterialsAndConstruction__tin_usd_t_96_12_12_10events__20250908T000000,0.27115109,1.171524939376187,0.7966508370695019
RawMaterialsAndConstruction__tin_usd_t_96_12_12_10events,RawMaterialsAndConstruction__tin_usd_t_96_12_12_10events__20250924T000000,0.26827175,1.171524939376187,0.7966508370695019
RawMaterialsAndConstruction__tin_usd_t_96_12_12_10events,RawMaterialsAndConstruction__tin_usd_t_96_12_12_10events__20251010T000000,0.27443296,1.171524939376187,0.7966508370695019
RawMaterialsAndConstruction__tin_usd_t_96_12_12_10events,RawMaterialsAndConstruction__tin_usd_t_96_12_12_10events__20251028T000000,0.26250251,1.171524939376187,0.7966508370695019
RawMaterialsAndConstruction__tin_usd_t_96_12_12_10events,RawMaterialsAndConstruction__tin_usd_t_96_12_12_10events__20251113T000000,0.28178524,1.171524939376187,0.7966508370695019
RawMaterialsAndConstruction__tin_usd_t_96_12_12_10events,RawMaterialsAndConstruction__tin_usd_t_96_12_12_10events__20251201T000000,0.26892407,1.171524939376187,0.7966508370695019
RawMaterialsAndConstruction__tin_usd_t_96_12_12_10events,RawMaterialsAndConstruction__tin_usd_t_96_12_12_10events__20251217T000000,0.26455479,1.171524939376187,0.7966508370695019
RawMaterialsAndConstruction__tin_usd_t_96_12_12_10events,RawMaterialsAndConstruction__tin_usd_t_96_12_12_10events__20260107T000000,0.25568154,1.171524939376187,0.7966508370695019
RawMaterialsAndConstruction__tin_usd_t_96_12_12_10events,RawMaterialsAndConstruction__tin_usd_t_96_12_12_10events__20260123T000000,0.25306705,1.171524939376187,0.7966508370695019
RawMaterialsAndConstruction__tin_usd_t_96_12_12_10events,RawMaterialsAndConstruction__tin_usd_t_96_12_12_10events__20260210T000000,0.24565448,1.171524939376187,0.7966508370695019
RawMaterialsAndConstruction__tin_usd_t_96_12_12_10events,RawMaterialsAndConstruction__tin_usd_t_96_12_12_10events__20260226T000000,0.26001121,1.171524939376187,0.7966508370695019
RawMaterialsAndConstruction__tin_usd_t_96_12_12_10events,RawMaterialsAndConstruction__tin_usd_t_96_12_12_10events__20260316T000000,0.25309579,1.171524939376187,0.7966508370695019
RawMaterialsAndConstruction__zinc_usd_t_96_12_12_10events,RawMaterialsAndConstruction__zinc_usd_t_96_12_12_10events__20250814T000000,0.27273739,0.5983404006991314,0.5806008875715228
RawMaterialsAndConstruction__zinc_usd_t_96_12_12_10events,RawMaterialsAndConstruction__zinc_usd_t_96_12_12_10events__20250902T000000,0.27728021,0.5983404006991314,0.5806008875715228
RawMaterialsAndConstruction__zinc_usd_t_96_12_12_10events,RawMaterialsAndConstruction__zinc_usd_t_96_12_12_10events__20250918T000000,0.27072551,0.5983404006991314,0.5806008875715228
RawMaterialsAndConstruction__zinc_usd_t_96_12_12_10events,RawMaterialsAndConstruction__zinc_usd_t_96_12_12_10events__20251006T000000,0.26518817,0.5983404006991314,0.5806008875715228
RawMaterialsAndConstruction__zinc_usd_t_96_12_12_10events,RawMaterialsAndConstruction__zinc_usd_t_96_12_12_10events__20251022T000000,0.26131704,0.5983404006991314,0.5806008875715228
RawMaterialsAndConstruction__zinc_usd_t_96_12_12_10events,RawMaterialsAndConstruction__zinc_usd_t_96_12_12_10events__20251107T000000,0.26124194,0.5983404006991314,0.5806008875715228
RawMaterialsAndConstruction__zinc_usd_t_96_12_12_10events,RawMaterialsAndConstruction__zinc_usd_t_96_12_12_10events__20251125T000000,0.26159348,0.5983404006991314,0.5806008875715228
RawMaterialsAndConstruction__zinc_usd_t_96_12_12_10events,RawMaterialsAndConstruction__zinc_usd_t_96_12_12_10events__20251211T000000,0.26050593,0.5983404006991314,0.5806008875715228
RawMaterialsAndConstruction__zinc_usd_t_96_12_12_10events,RawMaterialsAndConstruction__zinc_usd_t_96_12_12_10events__20251231T000000,0.26490482,0.5983404006991314,0.5806008875715228
RawMaterialsAndConstruction__zinc_usd_t_96_12_12_10events,RawMaterialsAndConstruction__zinc_usd_t_96_12_12_10events__20260119T000000,0.28012073,0.5983404006991314,0.5806008875715228
RawMaterialsAndConstruction__zinc_usd_t_96_12_12_10events,RawMaterialsAndConstruction__zinc_usd_t_96_12_12_10events__20260204T000000,0.26227927,0.5983404006991314,0.5806008875715228
RawMaterialsAndConstruction__zinc_usd_t_96_12_12_10events,RawMaterialsAndConstruction__zinc_usd_t_96_12_12_10events__20260220T000000,0.26067915,0.5983404006991314,0.5806008875715228
RawMaterialsAndConstruction__zinc_usd_t_96_12_12_10events,RawMaterialsAndConstruction__zinc_usd_t_96_12_12_10events__20260310T000000,0.25556273,0.5983404006991314,0.5806008875715228
SpecialtyAndAdvancedMaterials__gallium_cny_kg_96_12_12_10events,SpecialtyAndAdvancedMaterials__gallium_cny_kg_96_12_12_10events__20250905T000000,0.23508724,1.3639184973030476,0.5911425604388455
SpecialtyAndAdvancedMaterials__gallium_cny_kg_96_12_12_10events,SpecialtyAndAdvancedMaterials__gallium_cny_kg_96_12_12_10events__20250923T000000,0.25036883,1.3639184973030476,0.5911425604388455
SpecialtyAndAdvancedMaterials__gallium_cny_kg_96_12_12_10events,SpecialtyAndAdvancedMaterials__gallium_cny_kg_96_12_12_10events__20251017T000000,0.22711423,1.3639184973030476,0.5911425604388455
SpecialtyAndAdvancedMaterials__gallium_cny_kg_96_12_12_10events,SpecialtyAndAdvancedMaterials__gallium_cny_kg_96_12_12_10events__20251104T000000,0.25373502,1.3639184973030476,0.5911425604388455
SpecialtyAndAdvancedMaterials__gallium_cny_kg_96_12_12_10events,SpecialtyAndAdvancedMaterials__gallium_cny_kg_96_12_12_10events__20251120T000000,0.24669400,1.3639184973030476,0.5911425604388455
SpecialtyAndAdvancedMaterials__gallium_cny_kg_96_12_12_10events,SpecialtyAndAdvancedMaterials__gallium_cny_kg_96_12_12_10events__20251208T000000,0.26136626,1.3639184973030476,0.5911425604388455
SpecialtyAndAdvancedMaterials__gallium_cny_kg_96_12_12_10events,SpecialtyAndAdvancedMaterials__gallium_cny_kg_96_12_12_10events__20251224T000000,0.24363250,1.3639184973030476,0.5911425604388455
SpecialtyAndAdvancedMaterials__gallium_cny_kg_96_12_12_10events,SpecialtyAndAdvancedMaterials__gallium_cny_kg_96_12_12_10events__20260113T000000,0.24561894,1.3639184973030476,0.5911425604388455
SpecialtyAndAdvancedMaterials__gallium_cny_kg_96_12_12_10events,SpecialtyAndAdvancedMaterials__gallium_cny_kg_96_12_12_10events__20260129T000000,0.26598354,1.3639184973030476,0.5911425604388455
SpecialtyAndAdvancedMaterials__gallium_cny_kg_96_12_12_10events,SpecialtyAndAdvancedMaterials__gallium_cny_kg_96_12_12_10events__20260224T000000,0.23536227,1.3639184973030476,0.5911425604388455
SpecialtyAndAdvancedMaterials__gallium_cny_kg_96_12_12_10events,SpecialtyAndAdvancedMaterials__gallium_cny_kg_96_12_12_10events__20260312T000000,0.25027005,1.3639184973030476,0.5911425604388455
SpecialtyAndAdvancedMaterials__germanium_cny_kg_96_12_12_10events,SpecialtyAndAdvancedMaterials__germanium_cny_kg_96_12_12_10events__20250804T000000,0.24979539,0.9622373601263582,0.7131729223747563
SpecialtyAndAdvancedMaterials__germanium_cny_kg_96_12_12_10events,SpecialtyAndAdvancedMaterials__germanium_cny_kg_96_12_12_10events__20250820T000000,0.24842031,0.9622373601263582,0.7131729223747563
SpecialtyAndAdvancedMaterials__germanium_cny_kg_96_12_12_10events,SpecialtyAndAdvancedMaterials__germanium_cny_kg_96_12_12_10events__20250908T000000,0.24654107,0.9622373601263582,0.7131729223747563
SpecialtyAndAdvancedMaterials__germanium_cny_kg_96_12_12_10events,SpecialtyAndAdvancedMaterials__germanium_cny_kg_96_12_12_10events__20250924T000000,0.26336178,0.9622373601263582,0.7131729223747563
SpecialtyAndAdvancedMaterials__germanium_cny_kg_96_12_12_10events,SpecialtyAndAdvancedMaterials__germanium_cny_kg_96_12_12_10events__20251020T000000,0.24513507,0.9622373601263582,0.7131729223747563
SpecialtyAndAdvancedMaterials__germanium_cny_kg_96_12_12_10events,SpecialtyAndAdvancedMaterials__germanium_cny_kg_96_12_12_10events__20251105T000000,0.26100760,0.9622373601263582,0.7131729223747563
SpecialtyAndAdvancedMaterials__germanium_cny_kg_96_12_12_10events,SpecialtyAndAdvancedMaterials__germanium_cny_kg_96_12_12_10events__20251121T000000,0.23937131,0.9622373601263582,0.7131729223747563
SpecialtyAndAdvancedMaterials__germanium_cny_kg_96_12_12_10events,SpecialtyAndAdvancedMaterials__germanium_cny_kg_96_12_12_10events__20251209T000000,0.25981923,0.9622373601263582,0.7131729223747563
SpecialtyAndAdvancedMaterials__germanium_cny_kg_96_12_12_10events,SpecialtyAndAdvancedMaterials__germanium_cny_kg_96_12_12_10events__20251225T000000,0.26866971,0.9622373601263582,0.7131729223747563
SpecialtyAndAdvancedMaterials__germanium_cny_kg_96_12_12_10events,SpecialtyAndAdvancedMaterials__germanium_cny_kg_96_12_12_10events__20260114T000000,0.25119663,0.9622373601263582,0.7131729223747563
SpecialtyAndAdvancedMaterials__germanium_cny_kg_96_12_12_10events,SpecialtyAndAdvancedMaterials__germanium_cny_kg_96_12_12_10events__20260130T000000,0.25889847,0.9622373601263582,0.7131729223747563
SpecialtyAndAdvancedMaterials__germanium_cny_kg_96_12_12_10events,SpecialtyAndAdvancedMaterials__germanium_cny_kg_96_12_12_10events__20260225T000000,0.24719827,0.9622373601263582,0.7131729223747563
SpecialtyAndAdvancedMaterials__germanium_cny_kg_96_12_12_10events,SpecialtyAndAdvancedMaterials__germanium_cny_kg_96_12_12_10events__20260313T000000,0.25369473,0.9622373601263582,0.7131729223747563
SpecialtyAndAdvancedMaterials__indium_cny_kg_96_12_12_10events,SpecialtyAndAdvancedMaterials__indium_cny_kg_96_12_12_10events__20250717T000000,0.23918427,9.149023874212265,1.074360108524313
SpecialtyAndAdvancedMaterials__indium_cny_kg_96_12_12_10events,SpecialtyAndAdvancedMaterials__indium_cny_kg_96_12_12_10events__20250804T000000,0.24875767,9.149023874212265,1.074360108524313
SpecialtyAndAdvancedMaterials__indium_cny_kg_96_12_12_10events,SpecialtyAndAdvancedMaterials__indium_cny_kg_96_12_12_10events__20250820T000000,0.24802404,9.149023874212265,1.074360108524313
SpecialtyAndAdvancedMaterials__indium_cny_kg_96_12_12_10events,SpecialtyAndAdvancedMaterials__indium_cny_kg_96_12_12_10events__20250905T000000,0.26060052,9.149023874212265,1.074360108524313
SpecialtyAndAdvancedMaterials__indium_cny_kg_96_12_12_10events,SpecialtyAndAdvancedMaterials__indium_cny_kg_96_12_12_10events__20250923T000000,0.24896581,9.149023874212265,1.074360108524313
SpecialtyAndAdvancedMaterials__indium_cny_kg_96_12_12_10events,SpecialtyAndAdvancedMaterials__indium_cny_kg_96_12_12_10events__20251017T000000,0.24830349,9.149023874212265,1.074360108524313
SpecialtyAndAdvancedMaterials__indium_cny_kg_96_12_12_10events,SpecialtyAndAdvancedMaterials__indium_cny_kg_96_12_12_10events__20251104T000000,0.24252529,9.149023874212265,1.074360108524313
SpecialtyAndAdvancedMaterials__indium_cny_kg_96_12_12_10events,SpecialtyAndAdvancedMaterials__indium_cny_kg_96_12_12_10events__20251120T000000,0.25048056,9.149023874212265,1.074360108524313
SpecialtyAndAdvancedMaterials__indium_cny_kg_96_12_12_10events,SpecialtyAndAdvancedMaterials__indium_cny_kg_96_12_12_10events__20251208T000000,0.24726543,9.149023874212265,1.074360108524313
SpecialtyAndAdvancedMaterials__indium_cny_kg_96_12_12_10events,SpecialtyAndAdvancedMaterials__indium_cny_kg_96_12_12_10events__20251224T000000,0.24554561,9.149023874212265,1.074360108524313
SpecialtyAndAdvancedMaterials__indium_cny_kg_96_12_12_10events,SpecialtyAndAdvancedMaterials__indium_cny_kg_96_12_12_10events__20260113T000000,0.25103693,9.149023874212265,1.074360108524313
SpecialtyAndAdvancedMaterials__indium_cny_kg_96_12_12_10events,SpecialtyAndAdvancedMaterials__indium_cny_kg_96_12_12_10events__20260129T000000,0.21807100,9.149023874212265,1.074360108524313
SpecialtyAndAdvancedMaterials__indium_cny_kg_96_12_12_10events,SpecialtyAndAdvancedMaterials__indium_cny_kg_96_12_12_10events__20260224T000000,0.21793641,9.149023874212265,1.074360108524313
SpecialtyAndAdvancedMaterials__indium_cny_kg_96_12_12_10events,SpecialtyAndAdvancedMaterials__indium_cny_kg_96_12_12_10events__20260312T000000,0.21559549,9.149023874212265,1.074360108524313
SpecialtyAndAdvancedMaterials__magnesium_cny_t_96_12_12_10events,SpecialtyAndAdvancedMaterials__magnesium_cny_t_96_12_12_10events__20250820T000000,0.25688247,0.47143690978009417,0.537722090816889
SpecialtyAndAdvancedMaterials__magnesium_cny_t_96_12_12_10events,SpecialtyAndAdvancedMaterials__magnesium_cny_t_96_12_12_10events__20250905T000000,0.26008591,0.47143690978009417,0.537722090816889
SpecialtyAndAdvancedMaterials__magnesium_cny_t_96_12_12_10events,SpecialtyAndAdvancedMaterials__magnesium_cny_t_96_12_12_10events__20250923T000000,0.25212840,0.47143690978009417,0.537722090816889
SpecialtyAndAdvancedMaterials__magnesium_cny_t_96_12_12_10events,SpecialtyAndAdvancedMaterials__magnesium_cny_t_96_12_12_10events__20251017T000000,0.26763398,0.47143690978009417,0.537722090816889
SpecialtyAndAdvancedMaterials__magnesium_cny_t_96_12_12_10events,SpecialtyAndAdvancedMaterials__magnesium_cny_t_96_12_12_10events__20251104T000000,0.24814057,0.47143690978009417,0.537722090816889
SpecialtyAndAdvancedMaterials__magnesium_cny_t_96_12_12_10events,SpecialtyAndAdvancedMaterials__magnesium_cny_t_96_12_12_10events__20251120T000000,0.24979708,0.47143690978009417,0.537722090816889
SpecialtyAndAdvancedMaterials__magnesium_cny_t_96_12_12_10events,SpecialtyAndAdvancedMaterials__magnesium_cny_t_96_12_12_10events__20251208T000000,0.25597513,0.47143690978009417,0.537722090816889
SpecialtyAndAdvancedMaterials__magnesium_cny_t_96_12_12_10events,SpecialtyAndAdvancedMaterials__magnesium_cny_t_96_12_12_10events__20251224T000000,0.24954095,0.47143690978009417,0.537722090816889
SpecialtyAndAdvancedMaterials__magnesium_cny_t_96_12_12_10events,SpecialtyAndAdvancedMaterials__magnesium_cny_t_96_12_12_10events__20260113T000000,0.26561126,0.47143690978009417,0.537722090816889
SpecialtyAndAdvancedMaterials__magnesium_cny_t_96_12_12_10events,SpecialtyAndAdvancedMaterials__magnesium_cny_t_96_12_12_10events__20260129T000000,0.26216235,0.47143690978009417,0.537722090816889
SpecialtyAndAdvancedMaterials__magnesium_cny_t_96_12_12_10events,SpecialtyAndAdvancedMaterials__magnesium_cny_t_96_12_12_10events__20260224T000000,0.28005528,0.47143690978009417,0.537722090816889
SpecialtyAndAdvancedMaterials__magnesium_cny_t_96_12_12_10events,SpecialtyAndAdvancedMaterials__magnesium_cny_t_96_12_12_10events__20260312T000000,0.25738333,0.47143690978009417,0.537722090816889
SpecialtyAndAdvancedMaterials__molybdenum_cny_kg_96_12_12_10events,SpecialtyAndAdvancedMaterials__molybdenum_cny_kg_96_12_12_10events__20251024T000000,0.25161606,0.7650825260171265,0.5971697129982063
SpecialtyAndAdvancedMaterials__molybdenum_cny_kg_96_12_12_10events,SpecialtyAndAdvancedMaterials__molybdenum_cny_kg_96_12_12_10events__20251111T000000,0.26161420,0.7650825260171265,0.5971697129982063
SpecialtyAndAdvancedMaterials__molybdenum_cny_kg_96_12_12_10events,SpecialtyAndAdvancedMaterials__molybdenum_cny_kg_96_12_12_10events__20251127T000000,0.26585347,0.7650825260171265,0.5971697129982063
SpecialtyAndAdvancedMaterials__molybdenum_cny_kg_96_12_12_10events,SpecialtyAndAdvancedMaterials__molybdenum_cny_kg_96_12_12_10events__20251215T000000,0.24831184,0.7650825260171265,0.5971697129982063
SpecialtyAndAdvancedMaterials__molybdenum_cny_kg_96_12_12_10events,SpecialtyAndAdvancedMaterials__molybdenum_cny_kg_96_12_12_10events__20251231T000000,0.24868074,0.7650825260171265,0.5971697129982063
SpecialtyAndAdvancedMaterials__molybdenum_cny_kg_96_12_12_10events,SpecialtyAndAdvancedMaterials__molybdenum_cny_kg_96_12_12_10events__20260120T000000,0.24289075,0.7650825260171265,0.5971697129982063
SpecialtyAndAdvancedMaterials__molybdenum_cny_kg_96_12_12_10events,SpecialtyAndAdvancedMaterials__molybdenum_cny_kg_96_12_12_10events__20260205T000000,0.24571532,0.7650825260171265,0.5971697129982063
SpecialtyAndAdvancedMaterials__molybdenum_cny_kg_96_12_12_10events,SpecialtyAndAdvancedMaterials__molybdenum_cny_kg_96_12_12_10events__20260303T000000,0.24973121,0.7650825260171265,0.5971697129982063
SpecialtyAndAdvancedMaterials__polyvinyl_cny_t_96_12_12_10events,SpecialtyAndAdvancedMaterials__polyvinyl_cny_t_96_12_12_10events__20250729T000000,0.27059203,2.2536711476417692,1.0032342249807231
SpecialtyAndAdvancedMaterials__polyvinyl_cny_t_96_12_12_10events,SpecialtyAndAdvancedMaterials__polyvinyl_cny_t_96_12_12_10events__20250814T000000,0.26879638,2.2536711476417692,1.0032342249807231
SpecialtyAndAdvancedMaterials__polyvinyl_cny_t_96_12_12_10events,SpecialtyAndAdvancedMaterials__polyvinyl_cny_t_96_12_12_10events__20250901T000000,0.27894126,2.2536711476417692,1.0032342249807231
SpecialtyAndAdvancedMaterials__polyvinyl_cny_t_96_12_12_10events,SpecialtyAndAdvancedMaterials__polyvinyl_cny_t_96_12_12_10events__20250917T000000,0.27188579,2.2536711476417692,1.0032342249807231
SpecialtyAndAdvancedMaterials__polyvinyl_cny_t_96_12_12_10events,SpecialtyAndAdvancedMaterials__polyvinyl_cny_t_96_12_12_10events__20251013T000000,0.27547813,2.2536711476417692,1.0032342249807231
SpecialtyAndAdvancedMaterials__polyvinyl_cny_t_96_12_12_10events,SpecialtyAndAdvancedMaterials__polyvinyl_cny_t_96_12_12_10events__20251029T000000,0.26665422,2.2536711476417692,1.0032342249807231
SpecialtyAndAdvancedMaterials__polyvinyl_cny_t_96_12_12_10events,SpecialtyAndAdvancedMaterials__polyvinyl_cny_t_96_12_12_10events__20251114T000000,0.26031884,2.2536711476417692,1.0032342249807231
SpecialtyAndAdvancedMaterials__polyvinyl_cny_t_96_12_12_10events,SpecialtyAndAdvancedMaterials__polyvinyl_cny_t_96_12_12_10events__20251202T000000,0.26915074,2.2536711476417692,1.0032342249807231
SpecialtyAndAdvancedMaterials__polyvinyl_cny_t_96_12_12_10events,SpecialtyAndAdvancedMaterials__polyvinyl_cny_t_96_12_12_10events__20251218T000000,0.27073907,2.2536711476417692,1.0032342249807231
SpecialtyAndAdvancedMaterials__polyvinyl_cny_t_96_12_12_10events,SpecialtyAndAdvancedMaterials__polyvinyl_cny_t_96_12_12_10events__20260107T000000,0.29410889,2.2536711476417692,1.0032342249807231
SpecialtyAndAdvancedMaterials__polyvinyl_cny_t_96_12_12_10events,SpecialtyAndAdvancedMaterials__polyvinyl_cny_t_96_12_12_10events__20260123T000000,0.27164082,2.2536711476417692,1.0032342249807231
SpecialtyAndAdvancedMaterials__polyvinyl_cny_t_96_12_12_10events,SpecialtyAndAdvancedMaterials__polyvinyl_cny_t_96_12_12_10events__20260210T000000,0.30051329,2.2536711476417692,1.0032342249807231
SpecialtyAndAdvancedMaterials__polyvinyl_cny_t_96_12_12_10events,SpecialtyAndAdvancedMaterials__polyvinyl_cny_t_96_12_12_10events__20260306T000000,0.27172892,2.2536711476417692,1.0032342249807231
SpecialtyAndAdvancedMaterials__tellurium_cny_kg_96_12_12_10events,SpecialtyAndAdvancedMaterials__tellurium_cny_kg_96_12_12_10events__20250804T000000,0.22975034,0.19416387735089996,0.3042353176138742
SpecialtyAndAdvancedMaterials__tellurium_cny_kg_96_12_12_10events,SpecialtyAndAdvancedMaterials__tellurium_cny_kg_96_12_12_10events__20250820T000000,0.22607107,0.19416387735089996,0.3042353176138742
SpecialtyAndAdvancedMaterials__tellurium_cny_kg_96_12_12_10events,SpecialtyAndAdvancedMaterials__tellurium_cny_kg_96_12_12_10events__20250908T000000,0.24198511,0.19416387735089996,0.3042353176138742
SpecialtyAndAdvancedMaterials__tellurium_cny_kg_96_12_12_10events,SpecialtyAndAdvancedMaterials__tellurium_cny_kg_96_12_12_10events__20250924T000000,0.24131155,0.19416387735089996,0.3042353176138742
SpecialtyAndAdvancedMaterials__tellurium_cny_kg_96_12_12_10events,SpecialtyAndAdvancedMaterials__tellurium_cny_kg_96_12_12_10events__20251020T000000,0.25229537,0.19416387735089996,0.3042353176138742
SpecialtyAndAdvancedMaterials__tellurium_cny_kg_96_12_12_10events,SpecialtyAndAdvancedMaterials__tellurium_cny_kg_96_12_12_10events__20251105T000000,0.26673186,0.19416387735089996,0.3042353176138742
SpecialtyAndAdvancedMaterials__tellurium_cny_kg_96_12_12_10events,SpecialtyAndAdvancedMaterials__tellurium_cny_kg_96_12_12_10events__20251121T000000,0.25226930,0.19416387735089996,0.3042353176138742
SpecialtyAndAdvancedMaterials__tellurium_cny_kg_96_12_12_10events,SpecialtyAndAdvancedMaterials__tellurium_cny_kg_96_12_12_10events__20251209T000000,0.22188527,0.19416387735089996,0.3042353176138742
SpecialtyAndAdvancedMaterials__tellurium_cny_kg_96_12_12_10events,SpecialtyAndAdvancedMaterials__tellurium_cny_kg_96_12_12_10events__20251225T000000,0.22681278,0.19416387735089996,0.3042353176138742
SpecialtyAndAdvancedMaterials__tellurium_cny_kg_96_12_12_10events,SpecialtyAndAdvancedMaterials__tellurium_cny_kg_96_12_12_10events__20260114T000000,0.22329521,0.19416387735089996,0.3042353176138742
SpecialtyAndAdvancedMaterials__tellurium_cny_kg_96_12_12_10events,SpecialtyAndAdvancedMaterials__tellurium_cny_kg_96_12_12_10events__20260130T000000,0.23035785,0.19416387735089996,0.3042353176138742
SpecialtyAndAdvancedMaterials__tellurium_cny_kg_96_12_12_10events,SpecialtyAndAdvancedMaterials__tellurium_cny_kg_96_12_12_10events__20260225T000000,0.22609629,0.19416387735089996,0.3042353176138742
SpecialtyAndAdvancedMaterials__tellurium_cny_kg_96_12_12_10events,SpecialtyAndAdvancedMaterials__tellurium_cny_kg_96_12_12_10events__20260313T000000,0.23416587,0.19416387735089996,0.3042353176138742
SpecialtyAndAdvancedMaterials__titanium_cny_kg_96_12_12_10events,SpecialtyAndAdvancedMaterials__titanium_cny_kg_96_12_12_10events__20251027T000000,0.23869166,0.48190960456376014,0.47043937913963035
SpecialtyAndAdvancedMaterials__titanium_cny_kg_96_12_12_10events,SpecialtyAndAdvancedMaterials__titanium_cny_kg_96_12_12_10events__20251112T000000,0.24082288,0.48190960456376014,0.47043937913963035
SpecialtyAndAdvancedMaterials__titanium_cny_kg_96_12_12_10events,SpecialtyAndAdvancedMaterials__titanium_cny_kg_96_12_12_10events__20251128T000000,0.24106904,0.48190960456376014,0.47043937913963035
SpecialtyAndAdvancedMaterials__titanium_cny_kg_96_12_12_10events,SpecialtyAndAdvancedMaterials__titanium_cny_kg_96_12_12_10events__20251216T000000,0.25205386,0.48190960456376014,0.47043937913963035
SpecialtyAndAdvancedMaterials__titanium_cny_kg_96_12_12_10events,SpecialtyAndAdvancedMaterials__titanium_cny_kg_96_12_12_10events__20260105T000000,0.22354559,0.48190960456376014,0.47043937913963035
SpecialtyAndAdvancedMaterials__titanium_cny_kg_96_12_12_10events,SpecialtyAndAdvancedMaterials__titanium_cny_kg_96_12_12_10events__20260121T000000,0.24628390,0.48190960456376014,0.47043937913963035
SpecialtyAndAdvancedMaterials__titanium_cny_kg_96_12_12_10events,SpecialtyAndAdvancedMaterials__titanium_cny_kg_96_12_12_10events__20260206T000000,0.24077296,0.48190960456376014,0.47043937913963035
SpecialtyAndAdvancedMaterials__titanium_cny_kg_96_12_12_10events,SpecialtyAndAdvancedMaterials__titanium_cny_kg_96_12_12_10events__20260304T000000,0.26085461,0.48190960456376014,0.47043937913963035
StrategicAndHighValueMaterials__cobalt_usd_t_96_12_12_10events,StrategicAndHighValueMaterials__cobalt_usd_t_96_12_12_10events__20250704T000000,0.22257361,14.932618378661552,1.0926449818176003
StrategicAndHighValueMaterials__cobalt_usd_t_96_12_12_10events,StrategicAndHighValueMaterials__cobalt_usd_t_96_12_12_10events__20250722T000000,0.23672768,14.932618378661552,1.0926449818176003
StrategicAndHighValueMaterials__cobalt_usd_t_96_12_12_10events,StrategicAndHighValueMaterials__cobalt_usd_t_96_12_12_10events__20250807T000000,0.27859725,14.932618378661552,1.0926449818176003
StrategicAndHighValueMaterials__cobalt_usd_t_96_12_12_10events,StrategicAndHighValueMaterials__cobalt_usd_t_96_12_12_10events__20250826T000000,0.23071360,14.932618378661552,1.0926449818176003
StrategicAndHighValueMaterials__cobalt_usd_t_96_12_12_10events,StrategicAndHighValueMaterials__cobalt_usd_t_96_12_12_10events__20250911T000000,0.23799483,14.932618378661552,1.0926449818176003
StrategicAndHighValueMaterials__cobalt_usd_t_96_12_12_10events,StrategicAndHighValueMaterials__cobalt_usd_t_96_12_12_10events__20250929T000000,0.25130628,14.932618378661552,1.0926449818176003
StrategicAndHighValueMaterials__cobalt_usd_t_96_12_12_10events,StrategicAndHighValueMaterials__cobalt_usd_t_96_12_12_10events__20251015T000000,0.23272381,14.932618378661552,1.0926449818176003
StrategicAndHighValueMaterials__cobalt_usd_t_96_12_12_10events,StrategicAndHighValueMaterials__cobalt_usd_t_96_12_12_10events__20251031T000000,0.22033059,14.932618378661552,1.0926449818176003
StrategicAndHighValueMaterials__cobalt_usd_t_96_12_12_10events,StrategicAndHighValueMaterials__cobalt_usd_t_96_12_12_10events__20251118T000000,0.21706488,14.932618378661552,1.0926449818176003
StrategicAndHighValueMaterials__cobalt_usd_t_96_12_12_10events,StrategicAndHighValueMaterials__cobalt_usd_t_96_12_12_10events__20251204T000000,0.22040149,14.932618378661552,1.0926449818176003
StrategicAndHighValueMaterials__cobalt_usd_t_96_12_12_10events,StrategicAndHighValueMaterials__cobalt_usd_t_96_12_12_10events__20251222T000000,0.22059036,14.932618378661552,1.0926449818176003
StrategicAndHighValueMaterials__cobalt_usd_t_96_12_12_10events,StrategicAndHighValueMaterials__cobalt_usd_t_96_12_12_10events__20260112T000000,0.22616235,14.932618378661552,1.0926449818176003
StrategicAndHighValueMaterials__cobalt_usd_t_96_12_12_10events,StrategicAndHighValueMaterials__cobalt_usd_t_96_12_12_10events__20260128T000000,0.22590977,14.932618378661552,1.0926449818176003
StrategicAndHighValueMaterials__cobalt_usd_t_96_12_12_10events,StrategicAndHighValueMaterials__cobalt_usd_t_96_12_12_10events__20260213T000000,0.22520903,14.932618378661552,1.0926449818176003
StrategicAndHighValueMaterials__cobalt_usd_t_96_12_12_10events,StrategicAndHighValueMaterials__cobalt_usd_t_96_12_12_10events__20260303T000000,0.22513960,14.932618378661552,1.0926449818176003
StrategicAndHighValueMaterials__gold_usd_t_oz_96_12_12_10events,StrategicAndHighValueMaterials__gold_usd_t_oz_96_12_12_10events__20250804T000000,0.27104089,1.2665348293767063,0.7771649364053917
StrategicAndHighValueMaterials__gold_usd_t_oz_96_12_12_10events,StrategicAndHighValueMaterials__gold_usd_t_oz_96_12_12_10events__20250820T000000,0.27102981,1.2665348293767063,0.7771649364053917
StrategicAndHighValueMaterials__gold_usd_t_oz_96_12_12_10events,StrategicAndHighValueMaterials__gold_usd_t_oz_96_12_12_10events__20250905T000000,0.30059729,1.2665348293767063,0.7771649364053917
StrategicAndHighValueMaterials__gold_usd_t_oz_96_12_12_10events,StrategicAndHighValueMaterials__gold_usd_t_oz_96_12_12_10events__20250923T000000,0.25984783,1.2665348293767063,0.7771649364053917
StrategicAndHighValueMaterials__gold_usd_t_oz_96_12_12_10events,StrategicAndHighValueMaterials__gold_usd_t_oz_96_12_12_10events__20251009T000000,0.26165813,1.2665348293767063,0.7771649364053917
StrategicAndHighValueMaterials__gold_usd_t_oz_96_12_12_10events,StrategicAndHighValueMaterials__gold_usd_t_oz_96_12_12_10events__20251027T000000,0.24272243,1.2665348293767063,0.7771649364053917
StrategicAndHighValueMaterials__gold_usd_t_oz_96_12_12_10events,StrategicAndHighValueMaterials__gold_usd_t_oz_96_12_12_10events__20251112T000000,0.24775579,1.2665348293767063,0.7771649364053917
StrategicAndHighValueMaterials__gold_usd_t_oz_96_12_12_10events,StrategicAndHighValueMaterials__gold_usd_t_oz_96_12_12_10events__20251128T000000,0.24241950,1.2665348293767063,0.7771649364053917
StrategicAndHighValueMaterials__gold_usd_t_oz_96_12_12_10events,StrategicAndHighValueMaterials__gold_usd_t_oz_96_12_12_10events__20251216T000000,0.24496785,1.2665348293767063,0.7771649364053917
StrategicAndHighValueMaterials__gold_usd_t_oz_96_12_12_10events,StrategicAndHighValueMaterials__gold_usd_t_oz_96_12_12_10events__20260105T000000,0.25360991,1.2665348293767063,0.7771649364053917
StrategicAndHighValueMaterials__gold_usd_t_oz_96_12_12_10events,StrategicAndHighValueMaterials__gold_usd_t_oz_96_12_12_10events__20260121T000000,0.25631334,1.2665348293767063,0.7771649364053917
StrategicAndHighValueMaterials__gold_usd_t_oz_96_12_12_10events,StrategicAndHighValueMaterials__gold_usd_t_oz_96_12_12_10events__20260206T000000,0.26728614,1.2665348293767063,0.7771649364053917
StrategicAndHighValueMaterials__gold_usd_t_oz_96_12_12_10events,StrategicAndHighValueMaterials__gold_usd_t_oz_96_12_12_10events__20260224T000000,0.25411116,1.2665348293767063,0.7771649364053917
StrategicAndHighValueMaterials__gold_usd_t_oz_96_12_12_10events,StrategicAndHighValueMaterials__gold_usd_t_oz_96_12_12_10events__20260312T000000,0.24792754,1.2665348293767063,0.7771649364053917
StrategicAndHighValueMaterials__lithium_cny_t_96_12_12_10events,StrategicAndHighValueMaterials__lithium_cny_t_96_12_12_10events__20250616T000000,0.25192485,1.4077940934893196,0.6763296851745323
StrategicAndHighValueMaterials__lithium_cny_t_96_12_12_10events,StrategicAndHighValueMaterials__lithium_cny_t_96_12_12_10events__20250702T000000,0.24820619,1.4077940934893196,0.6763296851745323
StrategicAndHighValueMaterials__lithium_cny_t_96_12_12_10events,StrategicAndHighValueMaterials__lithium_cny_t_96_12_12_10events__20250718T000000,0.24833240,1.4077940934893196,0.6763296851745323
StrategicAndHighValueMaterials__lithium_cny_t_96_12_12_10events,StrategicAndHighValueMaterials__lithium_cny_t_96_12_12_10events__20250805T000000,0.25069226,1.4077940934893196,0.6763296851745323
StrategicAndHighValueMaterials__lithium_cny_t_96_12_12_10events,StrategicAndHighValueMaterials__lithium_cny_t_96_12_12_10events__20250821T000000,0.25765218,1.4077940934893196,0.6763296851745323
StrategicAndHighValueMaterials__lithium_cny_t_96_12_12_10events,StrategicAndHighValueMaterials__lithium_cny_t_96_12_12_10events__20250909T000000,0.25392346,1.4077940934893196,0.6763296851745323
StrategicAndHighValueMaterials__lithium_cny_t_96_12_12_10events,StrategicAndHighValueMaterials__lithium_cny_t_96_12_12_10events__20250925T000000,0.25457282,1.4077940934893196,0.6763296851745323
StrategicAndHighValueMaterials__lithium_cny_t_96_12_12_10events,StrategicAndHighValueMaterials__lithium_cny_t_96_12_12_10events__20251021T000000,0.24293571,1.4077940934893196,0.6763296851745323
StrategicAndHighValueMaterials__lithium_cny_t_96_12_12_10events,StrategicAndHighValueMaterials__lithium_cny_t_96_12_12_10events__20251106T000000,0.25735045,1.4077940934893196,0.6763296851745323
StrategicAndHighValueMaterials__lithium_cny_t_96_12_12_10events,StrategicAndHighValueMaterials__lithium_cny_t_96_12_12_10events__20251124T000000,0.26198605,1.4077940934893196,0.6763296851745323
StrategicAndHighValueMaterials__lithium_cny_t_96_12_12_10events,StrategicAndHighValueMaterials__lithium_cny_t_96_12_12_10events__20251210T000000,0.26089813,1.4077940934893196,0.6763296851745323
StrategicAndHighValueMaterials__lithium_cny_t_96_12_12_10events,StrategicAndHighValueMaterials__lithium_cny_t_96_12_12_10events__20251226T000000,0.26252832,1.4077940934893196,0.6763296851745323
StrategicAndHighValueMaterials__lithium_cny_t_96_12_12_10events,StrategicAndHighValueMaterials__lithium_cny_t_96_12_12_10events__20260115T000000,0.25341300,1.4077940934893196,0.6763296851745323
StrategicAndHighValueMaterials__lithium_cny_t_96_12_12_10events,StrategicAndHighValueMaterials__lithium_cny_t_96_12_12_10events__20260202T000000,0.22458707,1.4077940934893196,0.6763296851745323
StrategicAndHighValueMaterials__lithium_cny_t_96_12_12_10events,StrategicAndHighValueMaterials__lithium_cny_t_96_12_12_10events__20260226T000000,0.23552574,1.4077940934893196,0.6763296851745323
StrategicAndHighValueMaterials__lithium_cny_t_96_12_12_10events,StrategicAndHighValueMaterials__lithium_cny_t_96_12_12_10events__20260316T000000,0.22915876,1.4077940934893196,0.6763296851745323
StrategicAndHighValueMaterials__manganese_cny_mtu_96_12_12_10events,StrategicAndHighValueMaterials__manganese_cny_mtu_96_12_12_10events__20250814T000000,0.25098100,2.6771261611829718,0.8806092232279012
StrategicAndHighValueMaterials__manganese_cny_mtu_96_12_12_10events,StrategicAndHighValueMaterials__manganese_cny_mtu_96_12_12_10events__20250902T000000,0.24981531,2.6771261611829718,0.8806092232279012
StrategicAndHighValueMaterials__manganese_cny_mtu_96_12_12_10events,StrategicAndHighValueMaterials__manganese_cny_mtu_96_12_12_10events__20250918T000000,0.26064247,2.6771261611829718,0.8806092232279012
StrategicAndHighValueMaterials__manganese_cny_mtu_96_12_12_10events,StrategicAndHighValueMaterials__manganese_cny_mtu_96_12_12_10events__20251014T000000,0.25240459,2.6771261611829718,0.8806092232279012
StrategicAndHighValueMaterials__manganese_cny_mtu_96_12_12_10events,StrategicAndHighValueMaterials__manganese_cny_mtu_96_12_12_10events__20251030T000000,0.26327733,2.6771261611829718,0.8806092232279012
StrategicAndHighValueMaterials__manganese_cny_mtu_96_12_12_10events,StrategicAndHighValueMaterials__manganese_cny_mtu_96_12_12_10events__20251117T000000,0.25369383,2.6771261611829718,0.8806092232279012
StrategicAndHighValueMaterials__manganese_cny_mtu_96_12_12_10events,StrategicAndHighValueMaterials__manganese_cny_mtu_96_12_12_10events__20251203T000000,0.25364636,2.6771261611829718,0.8806092232279012
StrategicAndHighValueMaterials__manganese_cny_mtu_96_12_12_10events,StrategicAndHighValueMaterials__manganese_cny_mtu_96_12_12_10events__20251219T000000,0.26628620,2.6771261611829718,0.8806092232279012
StrategicAndHighValueMaterials__manganese_cny_mtu_96_12_12_10events,StrategicAndHighValueMaterials__manganese_cny_mtu_96_12_12_10events__20260108T000000,0.26133355,2.6771261611829718,0.8806092232279012
StrategicAndHighValueMaterials__manganese_cny_mtu_96_12_12_10events,StrategicAndHighValueMaterials__manganese_cny_mtu_96_12_12_10events__20260126T000000,0.24849463,2.6771261611829718,0.8806092232279012
StrategicAndHighValueMaterials__manganese_cny_mtu_96_12_12_10events,StrategicAndHighValueMaterials__manganese_cny_mtu_96_12_12_10events__20260211T000000,0.23007139,2.6771261611829718,0.8806092232279012
StrategicAndHighValueMaterials__manganese_cny_mtu_96_12_12_10events,StrategicAndHighValueMaterials__manganese_cny_mtu_96_12_12_10events__20260309T000000,0.24321830,2.6771261611829718,0.8806092232279012
StrategicAndHighValueMaterials__neodymium_cny_t_96_12_12_10events,StrategicAndHighValueMaterials__neodymium_cny_t_96_12_12_10events__20250527T000000,0.25344560,1.7199475886680715,0.7378292563987345
StrategicAndHighValueMaterials__neodymium_cny_t_96_12_12_10events,StrategicAndHighValueMaterials__neodymium_cny_t_96_12_12_10events__20250613T000000,0.25343194,1.7199475886680715,0.7378292563987345
StrategicAndHighValueMaterials__neodymium_cny_t_96_12_12_10events,StrategicAndHighValueMaterials__neodymium_cny_t_96_12_12_10events__20250701T000000,0.26928676,1.7199475886680715,0.7378292563987345
StrategicAndHighValueMaterials__neodymium_cny_t_96_12_12_10events,StrategicAndHighValueMaterials__neodymium_cny_t_96_12_12_10events__20250717T000000,0.26893531,1.7199475886680715,0.7378292563987345
StrategicAndHighValueMaterials__neodymium_cny_t_96_12_12_10events,StrategicAndHighValueMaterials__neodymium_cny_t_96_12_12_10events__20250804T000000,0.25509136,1.7199475886680715,0.7378292563987345
StrategicAndHighValueMaterials__neodymium_cny_t_96_12_12_10events,StrategicAndHighValueMaterials__neodymium_cny_t_96_12_12_10events__20250820T000000,0.25576393,1.7199475886680715,0.7378292563987345
StrategicAndHighValueMaterials__neodymium_cny_t_96_12_12_10events,StrategicAndHighValueMaterials__neodymium_cny_t_96_12_12_10events__20250908T000000,0.23750366,1.7199475886680715,0.7378292563987345
StrategicAndHighValueMaterials__neodymium_cny_t_96_12_12_10events,StrategicAndHighValueMaterials__neodymium_cny_t_96_12_12_10events__20250924T000000,0.22841056,1.7199475886680715,0.7378292563987345
StrategicAndHighValueMaterials__neodymium_cny_t_96_12_12_10events,StrategicAndHighValueMaterials__neodymium_cny_t_96_12_12_10events__20251020T000000,0.22245649,1.7199475886680715,0.7378292563987345
StrategicAndHighValueMaterials__neodymium_cny_t_96_12_12_10events,StrategicAndHighValueMaterials__neodymium_cny_t_96_12_12_10events__20251105T000000,0.23392791,1.7199475886680715,0.7378292563987345
StrategicAndHighValueMaterials__neodymium_cny_t_96_12_12_10events,StrategicAndHighValueMaterials__neodymium_cny_t_96_12_12_10events__20251121T000000,0.23527061,1.7199475886680715,0.7378292563987345
StrategicAndHighValueMaterials__neodymium_cny_t_96_12_12_10events,StrategicAndHighValueMaterials__neodymium_cny_t_96_12_12_10events__20251209T000000,0.23841894,1.7199475886680715,0.7378292563987345
StrategicAndHighValueMaterials__neodymium_cny_t_96_12_12_10events,StrategicAndHighValueMaterials__neodymium_cny_t_96_12_12_10events__20251225T000000,0.25280918,1.7199475886680715,0.7378292563987345
StrategicAndHighValueMaterials__neodymium_cny_t_96_12_12_10events,StrategicAndHighValueMaterials__neodymium_cny_t_96_12_12_10events__20260114T000000,0.24660358,1.7199475886680715,0.7378292563987345
StrategicAndHighValueMaterials__neodymium_cny_t_96_12_12_10events,StrategicAndHighValueMaterials__neodymium_cny_t_96_12_12_10events__20260130T000000,0.25302615,1.7199475886680715,0.7378292563987345
StrategicAndHighValueMaterials__neodymium_cny_t_96_12_12_10events,StrategicAndHighValueMaterials__neodymium_cny_t_96_12_12_10events__20260225T000000,0.24758290,1.7199475886680715,0.7378292563987345
StrategicAndHighValueMaterials__neodymium_cny_t_96_12_12_10events,StrategicAndHighValueMaterials__neodymium_cny_t_96_12_12_10events__20260313T000000,0.23325758,1.7199475886680715,0.7378292563987345
StrategicAndHighValueMaterials__nickel_usd_t_96_12_12_10events,StrategicAndHighValueMaterials__nickel_usd_t_96_12_12_10events__20250804T000000,0.28022190,3.4744984089505975,1.1442712014758813
StrategicAndHighValueMaterials__nickel_usd_t_96_12_12_10events,StrategicAndHighValueMaterials__nickel_usd_t_96_12_12_10events__20250820T000000,0.27632335,3.4744984089505975,1.1442712014758813
StrategicAndHighValueMaterials__nickel_usd_t_96_12_12_10events,StrategicAndHighValueMaterials__nickel_usd_t_96_12_12_10events__20250905T000000,0.28644402,3.4744984089505975,1.1442712014758813
StrategicAndHighValueMaterials__nickel_usd_t_96_12_12_10events,StrategicAndHighValueMaterials__nickel_usd_t_96_12_12_10events__20250923T000000,0.29062997,3.4744984089505975,1.1442712014758813
StrategicAndHighValueMaterials__nickel_usd_t_96_12_12_10events,StrategicAndHighValueMaterials__nickel_usd_t_96_12_12_10events__20251009T000000,0.29608256,3.4744984089505975,1.1442712014758813
StrategicAndHighValueMaterials__nickel_usd_t_96_12_12_10events,StrategicAndHighValueMaterials__nickel_usd_t_96_12_12_10events__20251027T000000,0.29375307,3.4744984089505975,1.1442712014758813
StrategicAndHighValueMaterials__nickel_usd_t_96_12_12_10events,StrategicAndHighValueMaterials__nickel_usd_t_96_12_12_10events__20251112T000000,0.28342204,3.4744984089505975,1.1442712014758813
StrategicAndHighValueMaterials__nickel_usd_t_96_12_12_10events,StrategicAndHighValueMaterials__nickel_usd_t_96_12_12_10events__20251128T000000,0.27846777,3.4744984089505975,1.1442712014758813
StrategicAndHighValueMaterials__nickel_usd_t_96_12_12_10events,StrategicAndHighValueMaterials__nickel_usd_t_96_12_12_10events__20251216T000000,0.26683672,3.4744984089505975,1.1442712014758813
StrategicAndHighValueMaterials__nickel_usd_t_96_12_12_10events,StrategicAndHighValueMaterials__nickel_usd_t_96_12_12_10events__20260101T000000,0.28436789,3.4744984089505975,1.1442712014758813
StrategicAndHighValueMaterials__nickel_usd_t_96_12_12_10events,StrategicAndHighValueMaterials__nickel_usd_t_96_12_12_10events__20260119T000000,0.25150878,3.4744984089505975,1.1442712014758813
StrategicAndHighValueMaterials__nickel_usd_t_96_12_12_10events,StrategicAndHighValueMaterials__nickel_usd_t_96_12_12_10events__20260204T000000,0.24488176,3.4744984089505975,1.1442712014758813
StrategicAndHighValueMaterials__nickel_usd_t_96_12_12_10events,StrategicAndHighValueMaterials__nickel_usd_t_96_12_12_10events__20260220T000000,0.25169876,3.4744984089505975,1.1442712014758813
StrategicAndHighValueMaterials__nickel_usd_t_96_12_12_10events,StrategicAndHighValueMaterials__nickel_usd_t_96_12_12_10events__20260310T000000,0.24708057,3.4744984089505975,1.1442712014758813
StrategicAndHighValueMaterials__palladium_usd_t_oz_96_12_12_10events,StrategicAndHighValueMaterials__palladium_usd_t_oz_96_12_12_10events__20250722T000000,0.26225336,0.40230518404315385,0.4761321630129544
StrategicAndHighValueMaterials__palladium_usd_t_oz_96_12_12_10events,StrategicAndHighValueMaterials__palladium_usd_t_oz_96_12_12_10events__20250807T000000,0.25448918,0.40230518404315385,0.4761321630129544
StrategicAndHighValueMaterials__palladium_usd_t_oz_96_12_12_10events,StrategicAndHighValueMaterials__palladium_usd_t_oz_96_12_12_10events__20250825T000000,0.25862887,0.40230518404315385,0.4761321630129544
StrategicAndHighValueMaterials__palladium_usd_t_oz_96_12_12_10events,StrategicAndHighValueMaterials__palladium_usd_t_oz_96_12_12_10events__20250910T000000,0.25728503,0.40230518404315385,0.4761321630129544
StrategicAndHighValueMaterials__palladium_usd_t_oz_96_12_12_10events,StrategicAndHighValueMaterials__palladium_usd_t_oz_96_12_12_10events__20250926T000000,0.27317476,0.40230518404315385,0.4761321630129544
StrategicAndHighValueMaterials__palladium_usd_t_oz_96_12_12_10events,StrategicAndHighValueMaterials__palladium_usd_t_oz_96_12_12_10events__20251014T000000,0.27332862,0.40230518404315385,0.4761321630129544
StrategicAndHighValueMaterials__palladium_usd_t_oz_96_12_12_10events,StrategicAndHighValueMaterials__palladium_usd_t_oz_96_12_12_10events__20251030T000000,0.26403382,0.40230518404315385,0.4761321630129544
StrategicAndHighValueMaterials__palladium_usd_t_oz_96_12_12_10events,StrategicAndHighValueMaterials__palladium_usd_t_oz_96_12_12_10events__20251117T000000,0.26326241,0.40230518404315385,0.4761321630129544
StrategicAndHighValueMaterials__palladium_usd_t_oz_96_12_12_10events,StrategicAndHighValueMaterials__palladium_usd_t_oz_96_12_12_10events__20251203T000000,0.25703799,0.40230518404315385,0.4761321630129544
StrategicAndHighValueMaterials__palladium_usd_t_oz_96_12_12_10events,StrategicAndHighValueMaterials__palladium_usd_t_oz_96_12_12_10events__20251219T000000,0.27097011,0.40230518404315385,0.4761321630129544
StrategicAndHighValueMaterials__palladium_usd_t_oz_96_12_12_10events,StrategicAndHighValueMaterials__palladium_usd_t_oz_96_12_12_10events__20260108T000000,0.25295341,0.40230518404315385,0.4761321630129544
StrategicAndHighValueMaterials__palladium_usd_t_oz_96_12_12_10events,StrategicAndHighValueMaterials__palladium_usd_t_oz_96_12_12_10events__20260126T000000,0.26085852,0.40230518404315385,0.4761321630129544
StrategicAndHighValueMaterials__palladium_usd_t_oz_96_12_12_10events,StrategicAndHighValueMaterials__palladium_usd_t_oz_96_12_12_10events__20260211T000000,0.25713992,0.40230518404315385,0.4761321630129544
StrategicAndHighValueMaterials__palladium_usd_t_oz_96_12_12_10events,StrategicAndHighValueMaterials__palladium_usd_t_oz_96_12_12_10events__20260227T000000,0.27499139,0.40230518404315385,0.4761321630129544
StrategicAndHighValueMaterials__platinum_usd_t_oz_96_12_12_10events,StrategicAndHighValueMaterials__platinum_usd_t_oz_96_12_12_10events__20250617T000000,0.26565124,1.0580785541429203,0.667500591024943
StrategicAndHighValueMaterials__platinum_usd_t_oz_96_12_12_10events,StrategicAndHighValueMaterials__platinum_usd_t_oz_96_12_12_10events__20250703T000000,0.24766906,1.0580785541429203,0.667500591024943
StrategicAndHighValueMaterials__platinum_usd_t_oz_96_12_12_10events,StrategicAndHighValueMaterials__platinum_usd_t_oz_96_12_12_10events__20250721T000000,0.24560154,1.0580785541429203,0.667500591024943
StrategicAndHighValueMaterials__platinum_usd_t_oz_96_12_12_10events,StrategicAndHighValueMaterials__platinum_usd_t_oz_96_12_12_10events__20250806T000000,0.24203054,1.0580785541429203,0.667500591024943
StrategicAndHighValueMaterials__platinum_usd_t_oz_96_12_12_10events,StrategicAndHighValueMaterials__platinum_usd_t_oz_96_12_12_10events__20250822T000000,0.23602556,1.0580785541429203,0.667500591024943
StrategicAndHighValueMaterials__platinum_usd_t_oz_96_12_12_10events,StrategicAndHighValueMaterials__platinum_usd_t_oz_96_12_12_10events__20250909T000000,0.24460844,1.0580785541429203,0.667500591024943
StrategicAndHighValueMaterials__platinum_usd_t_oz_96_12_12_10events,StrategicAndHighValueMaterials__platinum_usd_t_oz_96_12_12_10events__20250925T000000,0.25462190,1.0580785541429203,0.667500591024943
StrategicAndHighValueMaterials__platinum_usd_t_oz_96_12_12_10events,StrategicAndHighValueMaterials__platinum_usd_t_oz_96_12_12_10events__20251013T000000,0.26224048,1.0580785541429203,0.667500591024943
StrategicAndHighValueMaterials__platinum_usd_t_oz_96_12_12_10events,StrategicAndHighValueMaterials__platinum_usd_t_oz_96_12_12_10events__20251029T000000,0.25178730,1.0580785541429203,0.667500591024943
StrategicAndHighValueMaterials__platinum_usd_t_oz_96_12_12_10events,StrategicAndHighValueMaterials__platinum_usd_t_oz_96_12_12_10events__20251114T000000,0.25732478,1.0580785541429203,0.667500591024943
StrategicAndHighValueMaterials__platinum_usd_t_oz_96_12_12_10events,StrategicAndHighValueMaterials__platinum_usd_t_oz_96_12_12_10events__20251202T000000,0.26213434,1.0580785541429203,0.667500591024943
StrategicAndHighValueMaterials__platinum_usd_t_oz_96_12_12_10events,StrategicAndHighValueMaterials__platinum_usd_t_oz_96_12_12_10events__20251218T000000,0.27164571,1.0580785541429203,0.667500591024943
StrategicAndHighValueMaterials__platinum_usd_t_oz_96_12_12_10events,StrategicAndHighValueMaterials__platinum_usd_t_oz_96_12_12_10events__20260107T000000,0.25646380,1.0580785541429203,0.667500591024943
StrategicAndHighValueMaterials__platinum_usd_t_oz_96_12_12_10events,StrategicAndHighValueMaterials__platinum_usd_t_oz_96_12_12_10events__20260123T000000,0.24962649,1.0580785541429203,0.667500591024943
StrategicAndHighValueMaterials__platinum_usd_t_oz_96_12_12_10events,StrategicAndHighValueMaterials__platinum_usd_t_oz_96_12_12_10events__20260210T000000,0.25231005,1.0580785541429203,0.667500591024943
StrategicAndHighValueMaterials__platinum_usd_t_oz_96_12_12_10events,StrategicAndHighValueMaterials__platinum_usd_t_oz_96_12_12_10events__20260226T000000,0.26637815,1.0580785541429203,0.667500591024943
StrategicAndHighValueMaterials__platinum_usd_t_oz_96_12_12_10events,StrategicAndHighValueMaterials__platinum_usd_t_oz_96_12_12_10events__20260316T000000,0.25882139,1.0580785541429203,0.667500591024943
StrategicAndHighValueMaterials__rhodium_usd_t_oz_96_12_12_10events,StrategicAndHighValueMaterials__rhodium_usd_t_oz_96_12_12_10events__20250805T000000,0.26996741,0.6038775678549256,0.4373745699175339
StrategicAndHighValueMaterials__rhodium_usd_t_oz_96_12_12_10events,StrategicAndHighValueMaterials__rhodium_usd_t_oz_96_12_12_10events__20250821T000000,0.24441954,0.6038775678549256,0.4373745699175339
StrategicAndHighValueMaterials__rhodium_usd_t_oz_96_12_12_10events,StrategicAndHighValueMaterials__rhodium_usd_t_oz_96_12_12_10events__20250908T000000,0.24373670,0.6038775678549256,0.4373745699175339
StrategicAndHighValueMaterials__rhodium_usd_t_oz_96_12_12_10events,StrategicAndHighValueMaterials__rhodium_usd_t_oz_96_12_12_10events__20250924T000000,0.23631694,0.6038775678549256,0.4373745699175339
StrategicAndHighValueMaterials__rhodium_usd_t_oz_96_12_12_10events,StrategicAndHighValueMaterials__rhodium_usd_t_oz_96_12_12_10events__20251010T000000,0.23746278,0.6038775678549256,0.4373745699175339
StrategicAndHighValueMaterials__rhodium_usd_t_oz_96_12_12_10events,StrategicAndHighValueMaterials__rhodium_usd_t_oz_96_12_12_10events__20251028T000000,0.23965621,0.6038775678549256,0.4373745699175339
StrategicAndHighValueMaterials__rhodium_usd_t_oz_96_12_12_10events,StrategicAndHighValueMaterials__rhodium_usd_t_oz_96_12_12_10events__20251113T000000,0.24461291,0.6038775678549256,0.4373745699175339
StrategicAndHighValueMaterials__rhodium_usd_t_oz_96_12_12_10events,StrategicAndHighValueMaterials__rhodium_usd_t_oz_96_12_12_10events__20251201T000000,0.24876187,0.6038775678549256,0.4373745699175339
StrategicAndHighValueMaterials__rhodium_usd_t_oz_96_12_12_10events,StrategicAndHighValueMaterials__rhodium_usd_t_oz_96_12_12_10events__20251217T000000,0.24713810,0.6038775678549256,0.4373745699175339
StrategicAndHighValueMaterials__rhodium_usd_t_oz_96_12_12_10events,StrategicAndHighValueMaterials__rhodium_usd_t_oz_96_12_12_10events__20260106T000000,0.26668858,0.6038775678549256,0.4373745699175339
StrategicAndHighValueMaterials__rhodium_usd_t_oz_96_12_12_10events,StrategicAndHighValueMaterials__rhodium_usd_t_oz_96_12_12_10events__20260122T000000,0.23104456,0.6038775678549256,0.4373745699175339
StrategicAndHighValueMaterials__rhodium_usd_t_oz_96_12_12_10events,StrategicAndHighValueMaterials__rhodium_usd_t_oz_96_12_12_10events__20260209T000000,0.24281670,0.6038775678549256,0.4373745699175339
StrategicAndHighValueMaterials__rhodium_usd_t_oz_96_12_12_10events,StrategicAndHighValueMaterials__rhodium_usd_t_oz_96_12_12_10events__20260225T000000,0.23898451,0.6038775678549256,0.4373745699175339
StrategicAndHighValueMaterials__rhodium_usd_t_oz_96_12_12_10events,StrategicAndHighValueMaterials__rhodium_usd_t_oz_96_12_12_10events__20260313T000000,0.23062534,0.6038775678549256,0.4373745699175339
StrategicAndHighValueMaterials__silver_usd_t_oz_96_12_12_10events,StrategicAndHighValueMaterials__silver_usd_t_oz_96_12_12_10events__20250801T000000,0.25958408,0.8060251209329928,0.6876803371899258
StrategicAndHighValueMaterials__silver_usd_t_oz_96_12_12_10events,StrategicAndHighValueMaterials__silver_usd_t_oz_96_12_12_10events__20250819T000000,0.25151447,0.8060251209329928,0.6876803371899258
StrategicAndHighValueMaterials__silver_usd_t_oz_96_12_12_10events,StrategicAndHighValueMaterials__silver_usd_t_oz_96_12_12_10events__20250904T000000,0.25419524,0.8060251209329928,0.6876803371899258
StrategicAndHighValueMaterials__silver_usd_t_oz_96_12_12_10events,StrategicAndHighValueMaterials__silver_usd_t_oz_96_12_12_10events__20250922T000000,0.25724409,0.8060251209329928,0.6876803371899258
StrategicAndHighValueMaterials__silver_usd_t_oz_96_12_12_10events,StrategicAndHighValueMaterials__silver_usd_t_oz_96_12_12_10events__20251008T000000,0.25400343,0.8060251209329928,0.6876803371899258
StrategicAndHighValueMaterials__silver_usd_t_oz_96_12_12_10events,StrategicAndHighValueMaterials__silver_usd_t_oz_96_12_12_10events__20251024T000000,0.24620587,0.8060251209329928,0.6876803371899258
StrategicAndHighValueMaterials__silver_usd_t_oz_96_12_12_10events,StrategicAndHighValueMaterials__silver_usd_t_oz_96_12_12_10events__20251111T000000,0.24580951,0.8060251209329928,0.6876803371899258
StrategicAndHighValueMaterials__silver_usd_t_oz_96_12_12_10events,StrategicAndHighValueMaterials__silver_usd_t_oz_96_12_12_10events__20251127T000000,0.24490562,0.8060251209329928,0.6876803371899258
StrategicAndHighValueMaterials__silver_usd_t_oz_96_12_12_10events,StrategicAndHighValueMaterials__silver_usd_t_oz_96_12_12_10events__20251215T000000,0.25101012,0.8060251209329928,0.6876803371899258
StrategicAndHighValueMaterials__silver_usd_t_oz_96_12_12_10events,StrategicAndHighValueMaterials__silver_usd_t_oz_96_12_12_10events__20251231T000000,0.24414836,0.8060251209329928,0.6876803371899258
StrategicAndHighValueMaterials__silver_usd_t_oz_96_12_12_10events,StrategicAndHighValueMaterials__silver_usd_t_oz_96_12_12_10events__20260116T000000,0.24395933,0.8060251209329928,0.6876803371899258
StrategicAndHighValueMaterials__silver_usd_t_oz_96_12_12_10events,StrategicAndHighValueMaterials__silver_usd_t_oz_96_12_12_10events__20260203T000000,0.25129915,0.8060251209329928,0.6876803371899258
StrategicAndHighValueMaterials__silver_usd_t_oz_96_12_12_10events,StrategicAndHighValueMaterials__silver_usd_t_oz_96_12_12_10events__20260219T000000,0.24780942,0.8060251209329928,0.6876803371899258
StrategicAndHighValueMaterials__silver_usd_t_oz_96_12_12_10events,StrategicAndHighValueMaterials__silver_usd_t_oz_96_12_12_10events__20260309T000000,0.25057970,0.8060251209329928,0.6876803371899258
arts__art_exhibitions_96_12_4_10events,arts__art_exhibitions_96_12_4_10events__20250803T000000,0.29143273,7.927700297853529,2.100801623531402
arts__art_exhibitions_96_12_4_10events,arts__art_exhibitions_96_12_4_10events__20250831T000000,0.27151857,7.927700297853529,2.100801623531402
arts__art_exhibitions_96_12_4_10events,arts__art_exhibitions_96_12_4_10events__20250928T000000,0.28077175,7.927700297853529,2.100801623531402
arts__art_exhibitions_96_12_4_10events,arts__art_exhibitions_96_12_4_10events__20251026T000000,0.27791295,7.927700297853529,2.100801623531402
arts__art_exhibitions_96_12_4_10events,arts__art_exhibitions_96_12_4_10events__20251123T000000,0.27233630,7.927700297853529,2.100801623531402
arts__art_exhibitions_96_12_4_10events,arts__art_exhibitions_96_12_4_10events__20251221T000000,0.28014752,7.927700297853529,2.100801623531402
arts__broadway_shows_96_12_4_10events,arts__broadway_shows_96_12_4_10events__20250803T000000,0.30131895,0.5996018267784162,0.5935850608302976
arts__broadway_shows_96_12_4_10events,arts__broadway_shows_96_12_4_10events__20250831T000000,0.29338858,0.5996018267784162,0.5935850608302976
arts__broadway_shows_96_12_4_10events,arts__broadway_shows_96_12_4_10events__20250928T000000,0.28395148,0.5996018267784162,0.5935850608302976
arts__broadway_shows_96_12_4_10events,arts__broadway_shows_96_12_4_10events__20251026T000000,0.29900405,0.5996018267784162,0.5935850608302976
arts__broadway_shows_96_12_4_10events,arts__broadway_shows_96_12_4_10events__20251123T000000,0.30513810,0.5996018267784162,0.5935850608302976
arts__broadway_shows_96_12_4_10events,arts__broadway_shows_96_12_4_10events__20251221T000000,0.30029024,0.5996018267784162,0.5935850608302976
arts__comic_con_96_12_4_10events,arts__comic_con_96_12_4_10events__20250803T000000,0.30053375,0.22732390029063002,0.355834536463691
arts__comic_con_96_12_4_10events,arts__comic_con_96_12_4_10events__20250831T000000,0.29451233,0.22732390029063002,0.355834536463691
arts__comic_con_96_12_4_10events,arts__comic_con_96_12_4_10events__20250928T000000,0.28780696,0.22732390029063002,0.355834536463691
arts__comic_con_96_12_4_10events,arts__comic_con_96_12_4_10events__20251026T000000,0.28702761,0.22732390029063002,0.355834536463691
arts__comic_con_96_12_4_10events,arts__comic_con_96_12_4_10events__20251123T000000,0.28481748,0.22732390029063002,0.355834536463691
arts__comic_con_96_12_4_10events,arts__comic_con_96_12_4_10events__20251221T000000,0.30418507,0.22732390029063002,0.355834536463691
arts__esports_96_12_4_10events,arts__esports_96_12_4_10events__20250803T000000,0.32293892,2.5335548334983975,1.2492228492964415
arts__esports_96_12_4_10events,arts__esports_96_12_4_10events__20250831T000000,0.29739761,2.5335548334983975,1.2492228492964415
arts__esports_96_12_4_10events,arts__esports_96_12_4_10events__20250928T000000,0.28914279,2.5335548334983975,1.2492228492964415
arts__esports_96_12_4_10events,arts__esports_96_12_4_10events__20251026T000000,0.30325317,2.5335548334983975,1.2492228492964415
arts__esports_96_12_4_10events,arts__esports_96_12_4_10events__20251123T000000,0.28280104,2.5335548334983975,1.2492228492964415
arts__esports_96_12_4_10events,arts__esports_96_12_4_10events__20251221T000000,0.29644047,2.5335548334983975,1.2492228492964415
arts__film_festivals_96_12_4_10events,arts__film_festivals_96_12_4_10events__20250803T000000,0.32166613,8.983148813925501,2.2298107288160893
arts__film_festivals_96_12_4_10events,arts__film_festivals_96_12_4_10events__20250831T000000,0.30033519,8.983148813925501,2.2298107288160893
arts__film_festivals_96_12_4_10events,arts__film_festivals_96_12_4_10events__20250928T000000,0.29182676,8.983148813925501,2.2298107288160893
arts__film_festivals_96_12_4_10events,arts__film_festivals_96_12_4_10events__20251026T000000,0.29884611,8.983148813925501,2.2298107288160893
arts__film_festivals_96_12_4_10events,arts__film_festivals_96_12_4_10events__20251123T000000,0.28600993,8.983148813925501,2.2298107288160893
arts__film_festivals_96_12_4_10events,arts__film_festivals_96_12_4_10events__20251221T000000,0.28692733,8.983148813925501,2.2298107288160893
arts__food_wine_festivals_96_12_4_10events,arts__food_wine_festivals_96_12_4_10events__20250119T000000,0.30761126,1.2402009579100237,0.9832877982604465
arts__food_wine_festivals_96_12_4_10events,arts__food_wine_festivals_96_12_4_10events__20250216T000000,0.30653970,1.2402009579100237,0.9832877982604465
arts__food_wine_festivals_96_12_4_10events,arts__food_wine_festivals_96_12_4_10events__20250316T000000,0.29981944,1.2402009579100237,0.9832877982604465
arts__food_wine_festivals_96_12_4_10events,arts__food_wine_festivals_96_12_4_10events__20250413T000000,0.30387811,1.2402009579100237,0.9832877982604465
arts__major_league_baseball_96_12_4_10events,arts__major_league_baseball_96_12_4_10events__20250803T000000,0.27677760,0.6227414289332117,0.6206664436849495
arts__major_league_baseball_96_12_4_10events,arts__major_league_baseball_96_12_4_10events__20250831T000000,0.27456393,0.6227414289332117,0.6206664436849495
arts__major_league_baseball_96_12_4_10events,arts__major_league_baseball_96_12_4_10events__20250928T000000,0.27736871,0.6227414289332117,0.6206664436849495
arts__major_league_baseball_96_12_4_10events,arts__major_league_baseball_96_12_4_10events__20251026T000000,0.27839078,0.6227414289332117,0.6206664436849495
arts__major_league_baseball_96_12_4_10events,arts__major_league_baseball_96_12_4_10events__20251123T000000,0.27911829,0.6227414289332117,0.6206664436849495
arts__major_league_baseball_96_12_4_10events,arts__major_league_baseball_96_12_4_10events__20251221T000000,0.27499687,0.6227414289332117,0.6206664436849495
arts__music_festivals_96_12_4_10events,arts__music_festivals_96_12_4_10events__20250803T000000,0.27460828,0.6241051533418004,0.6451128494406014
arts__music_festivals_96_12_4_10events,arts__music_festivals_96_12_4_10events__20250831T000000,0.28536971,0.6241051533418004,0.6451128494406014
arts__music_festivals_96_12_4_10events,arts__music_festivals_96_12_4_10events__20250928T000000,0.27827183,0.6241051533418004,0.6451128494406014
arts__music_festivals_96_12_4_10events,arts__music_festivals_96_12_4_10events__20251026T000000,0.27846704,0.6241051533418004,0.6451128494406014
arts__music_festivals_96_12_4_10events,arts__music_festivals_96_12_4_10events__20251123T000000,0.28387819,0.6241051533418004,0.6451128494406014
arts__music_festivals_96_12_4_10events,arts__music_festivals_96_12_4_10events__20251221T000000,0.28554298,0.6241051533418004,0.6451128494406014
arts__national_basketball_association_96_12_4_10events,arts__national_basketball_association_96_12_4_10events__20250803T000000,0.30472990,4.407800420788836,1.4443286488875662
arts__national_basketball_association_96_12_4_10events,arts__national_basketball_association_96_12_4_10events__20250831T000000,0.29953544,4.407800420788836,1.4443286488875662
arts__national_basketball_association_96_12_4_10events,arts__national_basketball_association_96_12_4_10events__20250928T000000,0.29998399,4.407800420788836,1.4443286488875662
arts__national_basketball_association_96_12_4_10events,arts__national_basketball_association_96_12_4_10events__20251026T000000,0.30101872,4.407800420788836,1.4443286488875662
arts__national_basketball_association_96_12_4_10events,arts__national_basketball_association_96_12_4_10events__20251123T000000,0.28901884,4.407800420788836,1.4443286488875662
arts__national_basketball_association_96_12_4_10events,arts__national_basketball_association_96_12_4_10events__20251221T000000,0.29552116,4.407800420788836,1.4443286488875662
arts__national_football_league_96_12_4_10events,arts__national_football_league_96_12_4_10events__20250803T000000,0.29190525,0.16521766663240853,0.3385229625318941
arts__national_football_league_96_12_4_10events,arts__national_football_league_96_12_4_10events__20250831T000000,0.30395943,0.16521766663240853,0.3385229625318941
arts__national_football_league_96_12_4_10events,arts__national_football_league_96_12_4_10events__20250928T000000,0.30780514,0.16521766663240853,0.3385229625318941
arts__national_football_league_96_12_4_10events,arts__national_football_league_96_12_4_10events__20251026T000000,0.30491594,0.16521766663240853,0.3385229625318941
arts__national_football_league_96_12_4_10events,arts__national_football_league_96_12_4_10events__20251123T000000,0.30528178,0.16521766663240853,0.3385229625318941
arts__national_football_league_96_12_4_10events,arts__national_football_league_96_12_4_10events__20251221T000000,0.29652379,0.16521766663240853,0.3385229625318941
climate__deforestation_96_12_4_10events,climate__deforestation_96_12_4_10events__20250803T000000,0.29937674,0.6741013024540018,0.6397646585744149
climate__deforestation_96_12_4_10events,climate__deforestation_96_12_4_10events__20250831T000000,0.30144974,0.6741013024540018,0.6397646585744149
climate__deforestation_96_12_4_10events,climate__deforestation_96_12_4_10events__20250928T000000,0.31327576,0.6741013024540018,0.6397646585744149
climate__deforestation_96_12_4_10events,climate__deforestation_96_12_4_10events__20251026T000000,0.30890935,0.6741013024540018,0.6397646585744149
climate__deforestation_96_12_4_10events,climate__deforestation_96_12_4_10events__20251123T000000,0.28419724,0.6741013024540018,0.6397646585744149
climate__deforestation_96_12_4_10events,climate__deforestation_96_12_4_10events__20251221T000000,0.29391566,0.6741013024540018,0.6397646585744149
climate__drought_96_12_4_10events,climate__drought_96_12_4_10events__20250803T000000,0.29585453,2.31807510160975,1.0811145993628728
climate__drought_96_12_4_10events,climate__drought_96_12_4_10events__20250831T000000,0.29926400,2.31807510160975,1.0811145993628728
climate__drought_96_12_4_10events,climate__drought_96_12_4_10events__20250928T000000,0.31313756,2.31807510160975,1.0811145993628728
climate__drought_96_12_4_10events,climate__drought_96_12_4_10events__20251026T000000,0.32035988,2.31807510160975,1.0811145993628728
climate__drought_96_12_4_10events,climate__drought_96_12_4_10events__20251123T000000,0.29287792,2.31807510160975,1.0811145993628728
climate__drought_96_12_4_10events,climate__drought_96_12_4_10events__20251221T000000,0.29658172,2.31807510160975,1.0811145993628728
climate__endangered_species_96_12_4_10events,climate__endangered_species_96_12_4_10events__20250803T000000,0.29446239,1.6553957322381778,0.8159979957882443
climate__endangered_species_96_12_4_10events,climate__endangered_species_96_12_4_10events__20250831T000000,0.30058320,1.6553957322381778,0.8159979957882443
climate__endangered_species_96_12_4_10events,climate__endangered_species_96_12_4_10events__20250928T000000,0.31500713,1.6553957322381778,0.8159979957882443
climate__endangered_species_96_12_4_10events,climate__endangered_species_96_12_4_10events__20251026T000000,0.30500148,1.6553957322381778,0.8159979957882443
climate__endangered_species_96_12_4_10events,climate__endangered_species_96_12_4_10events__20251123T000000,0.28529270,1.6553957322381778,0.8159979957882443
climate__endangered_species_96_12_4_10events,climate__endangered_species_96_12_4_10events__20251221T000000,0.29206039,1.6553957322381778,0.8159979957882443
climate__flooding_96_12_4_10events,climate__flooding_96_12_4_10events__20250803T000000,0.28471858,0.13504250651719105,0.3214431809113972
climate__flooding_96_12_4_10events,climate__flooding_96_12_4_10events__20250831T000000,0.28490603,0.13504250651719105,0.3214431809113972
climate__flooding_96_12_4_10events,climate__flooding_96_12_4_10events__20250928T000000,0.28959238,0.13504250651719105,0.3214431809113972
climate__flooding_96_12_4_10events,climate__flooding_96_12_4_10events__20251026T000000,0.28990562,0.13504250651719105,0.3214431809113972
climate__flooding_96_12_4_10events,climate__flooding_96_12_4_10events__20251123T000000,0.27364148,0.13504250651719105,0.3214431809113972
climate__flooding_96_12_4_10events,climate__flooding_96_12_4_10events__20251221T000000,0.30768295,0.13504250651719105,0.3214431809113972
climate__global_warming_96_12_4_10events,climate__global_warming_96_12_4_10events__20250803T000000,0.29072888,0.6067291028279167,0.6581298303474266
climate__global_warming_96_12_4_10events,climate__global_warming_96_12_4_10events__20250831T000000,0.29222052,0.6067291028279167,0.6581298303474266
climate__global_warming_96_12_4_10events,climate__global_warming_96_12_4_10events__20250928T000000,0.30719641,0.6067291028279167,0.6581298303474266
climate__global_warming_96_12_4_10events,climate__global_warming_96_12_4_10events__20251026T000000,0.29113783,0.6067291028279167,0.6581298303474266
climate__global_warming_96_12_4_10events,climate__global_warming_96_12_4_10events__20251123T000000,0.27892857,0.6067291028279167,0.6581298303474266
climate__global_warming_96_12_4_10events,climate__global_warming_96_12_4_10events__20251221T000000,0.28894408,0.6067291028279167,0.6581298303474266
climate__heatwave_96_12_4_10events,climate__heatwave_96_12_4_10events__20250803T000000,0.26780005,0.4251176227136737,0.48672996177690653
climate__heatwave_96_12_4_10events,climate__heatwave_96_12_4_10events__20250831T000000,0.27926465,0.4251176227136737,0.48672996177690653
climate__heatwave_96_12_4_10events,climate__heatwave_96_12_4_10events__20250928T000000,0.27333291,0.4251176227136737,0.48672996177690653
climate__heatwave_96_12_4_10events,climate__heatwave_96_12_4_10events__20251026T000000,0.26815807,0.4251176227136737,0.48672996177690653
climate__heatwave_96_12_4_10events,climate__heatwave_96_12_4_10events__20251123T000000,0.29391711,0.4251176227136737,0.48672996177690653
climate__heatwave_96_12_4_10events,climate__heatwave_96_12_4_10events__20251221T000000,0.29096426,0.4251176227136737,0.48672996177690653
climate__heavy_rainfall_96_12_4_10events,climate__heavy_rainfall_96_12_4_10events__20250803T000000,0.30483193,3.8477578443548026,1.627224544923547
climate__heavy_rainfall_96_12_4_10events,climate__heavy_rainfall_96_12_4_10events__20250831T000000,0.29691371,3.8477578443548026,1.627224544923547
climate__heavy_rainfall_96_12_4_10events,climate__heavy_rainfall_96_12_4_10events__20250928T000000,0.29956864,3.8477578443548026,1.627224544923547
climate__heavy_rainfall_96_12_4_10events,climate__heavy_rainfall_96_12_4_10events__20251026T000000,0.29551745,3.8477578443548026,1.627224544923547
climate__heavy_rainfall_96_12_4_10events,climate__heavy_rainfall_96_12_4_10events__20251123T000000,0.28435404,3.8477578443548026,1.627224544923547
climate__heavy_rainfall_96_12_4_10events,climate__heavy_rainfall_96_12_4_10events__20251221T000000,0.28446168,3.8477578443548026,1.627224544923547
climate__marine_pollution_96_12_4_10events,climate__marine_pollution_96_12_4_10events__20250803T000000,0.29470422,1.008453825889905,0.7525766161977989
climate__marine_pollution_96_12_4_10events,climate__marine_pollution_96_12_4_10events__20250831T000000,0.30662941,1.008453825889905,0.7525766161977989
climate__marine_pollution_96_12_4_10events,climate__marine_pollution_96_12_4_10events__20250928T000000,0.31108966,1.008453825889905,0.7525766161977989
climate__marine_pollution_96_12_4_10events,climate__marine_pollution_96_12_4_10events__20251026T000000,0.30944240,1.008453825889905,0.7525766161977989
climate__marine_pollution_96_12_4_10events,climate__marine_pollution_96_12_4_10events__20251123T000000,0.29459693,1.008453825889905,0.7525766161977989
climate__marine_pollution_96_12_4_10events,climate__marine_pollution_96_12_4_10events__20251221T000000,0.28975448,1.008453825889905,0.7525766161977989
climate__sustainable_fashion_96_12_4_10events,climate__sustainable_fashion_96_12_4_10events__20250803T000000,0.30976878,47.8731098336489,4.296275860244876
climate__sustainable_fashion_96_12_4_10events,climate__sustainable_fashion_96_12_4_10events__20250831T000000,0.30505423,47.8731098336489,4.296275860244876
climate__sustainable_fashion_96_12_4_10events,climate__sustainable_fashion_96_12_4_10events__20250928T000000,0.30086266,47.8731098336489,4.296275860244876
climate__sustainable_fashion_96_12_4_10events,climate__sustainable_fashion_96_12_4_10events__20251026T000000,0.28446841,47.8731098336489,4.296275860244876
climate__sustainable_fashion_96_12_4_10events,climate__sustainable_fashion_96_12_4_10events__20251123T000000,0.27953010,47.8731098336489,4.296275860244876
climate__sustainable_fashion_96_12_4_10events,climate__sustainable_fashion_96_12_4_10events__20251221T000000,0.26551453,47.8731098336489,4.296275860244876
climate__water_scarcity_96_12_4_10events,climate__water_scarcity_96_12_4_10events__20250803T000000,0.30008797,3.683734583547738,1.3852608796455588
climate__water_scarcity_96_12_4_10events,climate__water_scarcity_96_12_4_10events__20250831T000000,0.31039682,3.683734583547738,1.3852608796455588
climate__water_scarcity_96_12_4_10events,climate__water_scarcity_96_12_4_10events__20250928T000000,0.30551398,3.683734583547738,1.3852608796455588
climate__water_scarcity_96_12_4_10events,climate__water_scarcity_96_12_4_10events__20251026T000000,0.29962911,3.683734583547738,1.3852608796455588
climate__water_scarcity_96_12_4_10events,climate__water_scarcity_96_12_4_10events__20251123T000000,0.28498950,3.683734583547738,1.3852608796455588
climate__water_scarcity_96_12_4_10events,climate__water_scarcity_96_12_4_10events__20251221T000000,0.29018132,3.683734583547738,1.3852608796455588
economy__cost_of_living_96_12_4_10events,economy__cost_of_living_96_12_4_10events__20250803T000000,0.31134382,10.120676482851707,2.681004230070847
economy__cost_of_living_96_12_4_10events,economy__cost_of_living_96_12_4_10events__20250831T000000,0.29195793,10.120676482851707,2.681004230070847
economy__cost_of_living_96_12_4_10events,economy__cost_of_living_96_12_4_10events__20250928T000000,0.28690159,10.120676482851707,2.681004230070847
economy__cost_of_living_96_12_4_10events,economy__cost_of_living_96_12_4_10events__20251026T000000,0.29858654,10.120676482851707,2.681004230070847
economy__cost_of_living_96_12_4_10events,economy__cost_of_living_96_12_4_10events__20251123T000000,0.27677641,10.120676482851707,2.681004230070847
economy__cost_of_living_96_12_4_10events,economy__cost_of_living_96_12_4_10events__20251221T000000,0.27543972,10.120676482851707,2.681004230070847
economy__federal_budget_deficit_96_12_4_10events,economy__federal_budget_deficit_96_12_4_10events__20250803T000000,0.30708125,0.9059296923305342,0.7790295727336454
economy__federal_budget_deficit_96_12_4_10events,economy__federal_budget_deficit_96_12_4_10events__20250831T000000,0.30224857,0.9059296923305342,0.7790295727336454
economy__federal_budget_deficit_96_12_4_10events,economy__federal_budget_deficit_96_12_4_10events__20250928T000000,0.30881732,0.9059296923305342,0.7790295727336454
economy__federal_budget_deficit_96_12_4_10events,economy__federal_budget_deficit_96_12_4_10events__20251026T000000,0.29174199,0.9059296923305342,0.7790295727336454
economy__federal_budget_deficit_96_12_4_10events,economy__federal_budget_deficit_96_12_4_10events__20251123T000000,0.29917381,0.9059296923305342,0.7790295727336454
economy__federal_budget_deficit_96_12_4_10events,economy__federal_budget_deficit_96_12_4_10events__20251221T000000,0.29506538,0.9059296923305342,0.7790295727336454
economy__government_spending_96_12_4_10events,economy__government_spending_96_12_4_10events__20250803T000000,0.30564354,0.6154685454172991,0.6460592636260146
economy__government_spending_96_12_4_10events,economy__government_spending_96_12_4_10events__20250831T000000,0.30557782,0.6154685454172991,0.6460592636260146
economy__government_spending_96_12_4_10events,economy__government_spending_96_12_4_10events__20250928T000000,0.30600779,0.6154685454172991,0.6460592636260146
economy__government_spending_96_12_4_10events,economy__government_spending_96_12_4_10events__20251026T000000,0.28835624,0.6154685454172991,0.6460592636260146
economy__government_spending_96_12_4_10events,economy__government_spending_96_12_4_10events__20251123T000000,0.29784661,0.6154685454172991,0.6460592636260146
economy__government_spending_96_12_4_10events,economy__government_spending_96_12_4_10events__20251221T000000,0.28542313,0.6154685454172991,0.6460592636260146
economy__healthcare_costs_96_12_4_10events,economy__healthcare_costs_96_12_4_10events__20250803T000000,0.30034863,2.8941546767511515,1.3378233893501958
economy__healthcare_costs_96_12_4_10events,economy__healthcare_costs_96_12_4_10events__20250831T000000,0.29762444,2.8941546767511515,1.3378233893501958
economy__healthcare_costs_96_12_4_10events,economy__healthcare_costs_96_12_4_10events__20250928T000000,0.30384403,2.8941546767511515,1.3378233893501958
economy__healthcare_costs_96_12_4_10events,economy__healthcare_costs_96_12_4_10events__20251026T000000,0.28454695,2.8941546767511515,1.3378233893501958
economy__healthcare_costs_96_12_4_10events,economy__healthcare_costs_96_12_4_10events__20251123T000000,0.28030595,2.8941546767511515,1.3378233893501958
economy__healthcare_costs_96_12_4_10events,economy__healthcare_costs_96_12_4_10events__20251221T000000,0.26681036,2.8941546767511515,1.3378233893501958
economy__inflation_96_12_4_10events,economy__inflation_96_12_4_10events__20250803T000000,0.32721356,3.684413345704663,1.5694826907967734
economy__inflation_96_12_4_10events,economy__inflation_96_12_4_10events__20250831T000000,0.32034755,3.684413345704663,1.5694826907967734
economy__inflation_96_12_4_10events,economy__inflation_96_12_4_10events__20250928T000000,0.31109690,3.684413345704663,1.5694826907967734
economy__inflation_96_12_4_10events,economy__inflation_96_12_4_10events__20251026T000000,0.32052532,3.684413345704663,1.5694826907967734
economy__inflation_96_12_4_10events,economy__inflation_96_12_4_10events__20251123T000000,0.30269838,3.684413345704663,1.5694826907967734
economy__inflation_96_12_4_10events,economy__inflation_96_12_4_10events__20251221T000000,0.28714341,3.684413345704663,1.5694826907967734
economy__international_trade_96_12_4_10events,economy__international_trade_96_12_4_10events__20250803T000000,0.31010859,4.300492318037698,1.627459003507834
economy__international_trade_96_12_4_10events,economy__international_trade_96_12_4_10events__20250831T000000,0.29846173,4.300492318037698,1.627459003507834
economy__international_trade_96_12_4_10events,economy__international_trade_96_12_4_10events__20250928T000000,0.29955982,4.300492318037698,1.627459003507834
economy__international_trade_96_12_4_10events,economy__international_trade_96_12_4_10events__20251026T000000,0.28832673,4.300492318037698,1.627459003507834
economy__international_trade_96_12_4_10events,economy__international_trade_96_12_4_10events__20251123T000000,0.27220257,4.300492318037698,1.627459003507834
economy__international_trade_96_12_4_10events,economy__international_trade_96_12_4_10events__20251221T000000,0.28687604,4.300492318037698,1.627459003507834
economy__minimum_wage_96_12_4_10events,economy__minimum_wage_96_12_4_10events__20250803T000000,0.30509942,1.8842582505363528,0.8606709414728315
economy__minimum_wage_96_12_4_10events,economy__minimum_wage_96_12_4_10events__20250831T000000,0.28621884,1.8842582505363528,0.8606709414728315
economy__minimum_wage_96_12_4_10events,economy__minimum_wage_96_12_4_10events__20250928T000000,0.29585617,1.8842582505363528,0.8606709414728315
economy__minimum_wage_96_12_4_10events,economy__minimum_wage_96_12_4_10events__20251026T000000,0.29452224,1.8842582505363528,0.8606709414728315
economy__minimum_wage_96_12_4_10events,economy__minimum_wage_96_12_4_10events__20251123T000000,0.27976826,1.8842582505363528,0.8606709414728315
economy__minimum_wage_96_12_4_10events,economy__minimum_wage_96_12_4_10events__20251221T000000,0.31276569,1.8842582505363528,0.8606709414728315
economy__student_loans_96_12_4_10events,economy__student_loans_96_12_4_10events__20250803T000000,0.30209337,0.4905133617003837,0.5720500720529471
economy__student_loans_96_12_4_10events,economy__student_loans_96_12_4_10events__20250831T000000,0.30146303,0.4905133617003837,0.5720500720529471
economy__student_loans_96_12_4_10events,economy__student_loans_96_12_4_10events__20250928T000000,0.27783027,0.4905133617003837,0.5720500720529471
economy__student_loans_96_12_4_10events,economy__student_loans_96_12_4_10events__20251026T000000,0.29221081,0.4905133617003837,0.5720500720529471
economy__student_loans_96_12_4_10events,economy__student_loans_96_12_4_10events__20251123T000000,0.28351036,0.4905133617003837,0.5720500720529471
economy__student_loans_96_12_4_10events,economy__student_loans_96_12_4_10events__20251221T000000,0.29360451,0.4905133617003837,0.5720500720529471
economy__taxes_96_12_4_10events,economy__taxes_96_12_4_10events__20250803T000000,0.30362599,0.23167242083681075,0.31772217538626646
economy__taxes_96_12_4_10events,economy__taxes_96_12_4_10events__20250831T000000,0.28690281,0.23167242083681075,0.31772217538626646
economy__taxes_96_12_4_10events,economy__taxes_96_12_4_10events__20250928T000000,0.27860790,0.23167242083681075,0.31772217538626646
economy__taxes_96_12_4_10events,economy__taxes_96_12_4_10events__20251026T000000,0.27346564,0.23167242083681075,0.31772217538626646
economy__taxes_96_12_4_10events,economy__taxes_96_12_4_10events__20251123T000000,0.27551081,0.23167242083681075,0.31772217538626646
economy__taxes_96_12_4_10events,economy__taxes_96_12_4_10events__20251221T000000,0.28467750,0.23167242083681075,0.31772217538626646
economy__unemployment_rate_96_12_4_10events,economy__unemployment_rate_96_12_4_10events__20250803T000000,0.32260509,5.661070481459863,1.8172831683283883
economy__unemployment_rate_96_12_4_10events,economy__unemployment_rate_96_12_4_10events__20250831T000000,0.31731886,5.661070481459863,1.8172831683283883
economy__unemployment_rate_96_12_4_10events,economy__unemployment_rate_96_12_4_10events__20250928T000000,0.31317049,5.661070481459863,1.8172831683283883
economy__unemployment_rate_96_12_4_10events,economy__unemployment_rate_96_12_4_10events__20251026T000000,0.30988854,5.661070481459863,1.8172831683283883
economy__unemployment_rate_96_12_4_10events,economy__unemployment_rate_96_12_4_10events__20251123T000000,0.29297255,5.661070481459863,1.8172831683283883
economy__unemployment_rate_96_12_4_10events,economy__unemployment_rate_96_12_4_10events__20251221T000000,0.30109986,5.661070481459863,1.8172831683283883
electronic_technology__alphabet_96_12_4_10events,electronic_technology__alphabet_96_12_4_10events__20250803T000000,0.31775162,1.4542893311168565,0.9116331996749074
electronic_technology__alphabet_96_12_4_10events,electronic_technology__alphabet_96_12_4_10events__20250831T000000,0.31819360,1.4542893311168565,0.9116331996749074
electronic_technology__alphabet_96_12_4_10events,electronic_technology__alphabet_96_12_4_10events__20250928T000000,0.30937788,1.4542893311168565,0.9116331996749074
electronic_technology__alphabet_96_12_4_10events,electronic_technology__alphabet_96_12_4_10events__20251026T000000,0.29677509,1.4542893311168565,0.9116331996749074
electronic_technology__alphabet_96_12_4_10events,electronic_technology__alphabet_96_12_4_10events__20251123T000000,0.29341046,1.4542893311168565,0.9116331996749074
electronic_technology__alphabet_96_12_4_10events,electronic_technology__alphabet_96_12_4_10events__20251221T000000,0.29452834,1.4542893311168565,0.9116331996749074
electronic_technology__amazon_96_12_4_10events,electronic_technology__amazon_96_12_4_10events__20250803T000000,0.28722484,0.8023584745378997,0.7153895267949557
electronic_technology__amazon_96_12_4_10events,electronic_technology__amazon_96_12_4_10events__20250831T000000,0.27852928,0.8023584745378997,0.7153895267949557
electronic_technology__amazon_96_12_4_10events,electronic_technology__amazon_96_12_4_10events__20250928T000000,0.28578343,0.8023584745378997,0.7153895267949557
electronic_technology__amazon_96_12_4_10events,electronic_technology__amazon_96_12_4_10events__20251026T000000,0.30356942,0.8023584745378997,0.7153895267949557
electronic_technology__amazon_96_12_4_10events,electronic_technology__amazon_96_12_4_10events__20251123T000000,0.31038121,0.8023584745378997,0.7153895267949557
electronic_technology__amazon_96_12_4_10events,electronic_technology__amazon_96_12_4_10events__20251221T000000,0.31346939,0.8023584745378997,0.7153895267949557
electronic_technology__apple_inc_96_12_4_10events,electronic_technology__apple_inc_96_12_4_10events__20250803T000000,0.28428498,16.572297423488116,2.0515373225474485
electronic_technology__apple_inc_96_12_4_10events,electronic_technology__apple_inc_96_12_4_10events__20250831T000000,0.27209691,16.572297423488116,2.0515373225474485
electronic_technology__apple_inc_96_12_4_10events,electronic_technology__apple_inc_96_12_4_10events__20250928T000000,0.26728387,16.572297423488116,2.0515373225474485
electronic_technology__apple_inc_96_12_4_10events,electronic_technology__apple_inc_96_12_4_10events__20251026T000000,0.27081541,16.572297423488116,2.0515373225474485
electronic_technology__apple_inc_96_12_4_10events,electronic_technology__apple_inc_96_12_4_10events__20251123T000000,0.26908884,16.572297423488116,2.0515373225474485
electronic_technology__apple_inc_96_12_4_10events,electronic_technology__apple_inc_96_12_4_10events__20251221T000000,0.26551073,16.572297423488116,2.0515373225474485
electronic_technology__artificial_intelligence_96_12_4_10events,electronic_technology__artificial_intelligence_96_12_4_10events__20250803T000000,0.26907104,4.343184000260068,1.5461725704868474
electronic_technology__artificial_intelligence_96_12_4_10events,electronic_technology__artificial_intelligence_96_12_4_10events__20250831T000000,0.26282003,4.343184000260068,1.5461725704868474
electronic_technology__artificial_intelligence_96_12_4_10events,electronic_technology__artificial_intelligence_96_12_4_10events__20250928T000000,0.26342086,4.343184000260068,1.5461725704868474
electronic_technology__artificial_intelligence_96_12_4_10events,electronic_technology__artificial_intelligence_96_12_4_10events__20251026T000000,0.26011393,4.343184000260068,1.5461725704868474
electronic_technology__artificial_intelligence_96_12_4_10events,electronic_technology__artificial_intelligence_96_12_4_10events__20251123T000000,0.25711327,4.343184000260068,1.5461725704868474
electronic_technology__artificial_intelligence_96_12_4_10events,electronic_technology__artificial_intelligence_96_12_4_10events__20251221T000000,0.25728681,4.343184000260068,1.5461725704868474
electronic_technology__consumer_electronics_96_12_4_10events,electronic_technology__consumer_electronics_96_12_4_10events__20250803T000000,0.30876862,5.572287399936133,1.6131878032691935
electronic_technology__consumer_electronics_96_12_4_10events,electronic_technology__consumer_electronics_96_12_4_10events__20250831T000000,0.28576132,5.572287399936133,1.6131878032691935
electronic_technology__consumer_electronics_96_12_4_10events,electronic_technology__consumer_electronics_96_12_4_10events__20250928T000000,0.28395511,5.572287399936133,1.6131878032691935
electronic_technology__consumer_electronics_96_12_4_10events,electronic_technology__consumer_electronics_96_12_4_10events__20251026T000000,0.26773651,5.572287399936133,1.6131878032691935
electronic_technology__consumer_electronics_96_12_4_10events,electronic_technology__consumer_electronics_96_12_4_10events__20251123T000000,0.25847096,5.572287399936133,1.6131878032691935
electronic_technology__consumer_electronics_96_12_4_10events,electronic_technology__consumer_electronics_96_12_4_10events__20251221T000000,0.25145861,5.572287399936133,1.6131878032691935
electronic_technology__drones_96_12_4_10events,electronic_technology__drones_96_12_4_10events__20250803T000000,0.26284956,0.014645513684180675,0.09171515236223103
electronic_technology__drones_96_12_4_10events,electronic_technology__drones_96_12_4_10events__20250831T000000,0.27023066,0.014645513684180675,0.09171515236223103
electronic_technology__drones_96_12_4_10events,electronic_technology__drones_96_12_4_10events__20250928T000000,0.27877642,0.014645513684180675,0.09171515236223103
electronic_technology__drones_96_12_4_10events,electronic_technology__drones_96_12_4_10events__20251026T000000,0.26916629,0.014645513684180675,0.09171515236223103
electronic_technology__drones_96_12_4_10events,electronic_technology__drones_96_12_4_10events__20251123T000000,0.27719670,0.014645513684180675,0.09171515236223103
electronic_technology__drones_96_12_4_10events,electronic_technology__drones_96_12_4_10events__20251221T000000,0.26481815,0.014645513684180675,0.09171515236223103
electronic_technology__meta_platforms_96_12_4_10events,electronic_technology__meta_platforms_96_12_4_10events__20250803T000000,0.28052411,1.9845097979364645,1.1740869713182647
electronic_technology__meta_platforms_96_12_4_10events,electronic_technology__meta_platforms_96_12_4_10events__20250831T000000,0.26618604,1.9845097979364645,1.1740869713182647
electronic_technology__meta_platforms_96_12_4_10events,electronic_technology__meta_platforms_96_12_4_10events__20250928T000000,0.27608729,1.9845097979364645,1.1740869713182647
electronic_technology__meta_platforms_96_12_4_10events,electronic_technology__meta_platforms_96_12_4_10events__20251026T000000,0.26848858,1.9845097979364645,1.1740869713182647
electronic_technology__meta_platforms_96_12_4_10events,electronic_technology__meta_platforms_96_12_4_10events__20251123T000000,0.25339688,1.9845097979364645,1.1740869713182647
electronic_technology__meta_platforms_96_12_4_10events,electronic_technology__meta_platforms_96_12_4_10events__20251221T000000,0.27213901,1.9845097979364645,1.1740869713182647
electronic_technology__microsoft_96_12_4_10events,electronic_technology__microsoft_96_12_4_10events__20250803T000000,0.30474714,1.1950626446306565,0.8497110379722522
electronic_technology__microsoft_96_12_4_10events,electronic_technology__microsoft_96_12_4_10events__20250831T000000,0.28002043,1.1950626446306565,0.8497110379722522
electronic_technology__microsoft_96_12_4_10events,electronic_technology__microsoft_96_12_4_10events__20250928T000000,0.29134463,1.1950626446306565,0.8497110379722522
electronic_technology__microsoft_96_12_4_10events,electronic_technology__microsoft_96_12_4_10events__20251026T000000,0.29284037,1.1950626446306565,0.8497110379722522
electronic_technology__microsoft_96_12_4_10events,electronic_technology__microsoft_96_12_4_10events__20251123T000000,0.27990795,1.1950626446306565,0.8497110379722522
electronic_technology__microsoft_96_12_4_10events,electronic_technology__microsoft_96_12_4_10events__20251221T000000,0.30390273,1.1950626446306565,0.8497110379722522
electronic_technology__nvidia_96_12_4_10events,electronic_technology__nvidia_96_12_4_10events__20250803T000000,0.30728925,0.970372210620892,0.6450540183058838
electronic_technology__nvidia_96_12_4_10events,electronic_technology__nvidia_96_12_4_10events__20250831T000000,0.28839729,0.970372210620892,0.6450540183058838
electronic_technology__nvidia_96_12_4_10events,electronic_technology__nvidia_96_12_4_10events__20250928T000000,0.28602836,0.970372210620892,0.6450540183058838
electronic_technology__nvidia_96_12_4_10events,electronic_technology__nvidia_96_12_4_10events__20251026T000000,0.31123440,0.970372210620892,0.6450540183058838
electronic_technology__nvidia_96_12_4_10events,electronic_technology__nvidia_96_12_4_10events__20251123T000000,0.31053037,0.970372210620892,0.6450540183058838
electronic_technology__nvidia_96_12_4_10events,electronic_technology__nvidia_96_12_4_10events__20251221T000000,0.29356328,0.970372210620892,0.6450540183058838
electronic_technology__robotics_96_12_4_10events,electronic_technology__robotics_96_12_4_10events__20250803T000000,0.31761494,4.031491098300044,1.7206378393002473
electronic_technology__robotics_96_12_4_10events,electronic_technology__robotics_96_12_4_10events__20250831T000000,0.30616481,4.031491098300044,1.7206378393002473
electronic_technology__robotics_96_12_4_10events,electronic_technology__robotics_96_12_4_10events__20250928T000000,0.30049743,4.031491098300044,1.7206378393002473
electronic_technology__robotics_96_12_4_10events,electronic_technology__robotics_96_12_4_10events__20251026T000000,0.28584595,4.031491098300044,1.7206378393002473
electronic_technology__robotics_96_12_4_10events,electronic_technology__robotics_96_12_4_10events__20251123T000000,0.26519553,4.031491098300044,1.7206378393002473
electronic_technology__robotics_96_12_4_10events,electronic_technology__robotics_96_12_4_10events__20251221T000000,0.27340661,4.031491098300044,1.7206378393002473
finance__asset_management_96_12_4_10events,finance__asset_management_96_12_4_10events__20250803T000000,0.29258613,1.8571173028143624,1.0627730823396542
finance__asset_management_96_12_4_10events,finance__asset_management_96_12_4_10events__20250831T000000,0.28526874,1.8571173028143624,1.0627730823396542
finance__asset_management_96_12_4_10events,finance__asset_management_96_12_4_10events__20250928T000000,0.26616907,1.8571173028143624,1.0627730823396542
finance__asset_management_96_12_4_10events,finance__asset_management_96_12_4_10events__20251026T000000,0.27009634,1.8571173028143624,1.0627730823396542
finance__asset_management_96_12_4_10events,finance__asset_management_96_12_4_10events__20251123T000000,0.26104456,1.8571173028143624,1.0627730823396542
finance__asset_management_96_12_4_10events,finance__asset_management_96_12_4_10events__20251221T000000,0.26381158,1.8571173028143624,1.0627730823396542
finance__cryptocurrency_96_12_4_10events,finance__cryptocurrency_96_12_4_10events__20250803T000000,0.28549323,1.3805429582448447,0.8096329707142561
finance__cryptocurrency_96_12_4_10events,finance__cryptocurrency_96_12_4_10events__20250831T000000,0.26747078,1.3805429582448447,0.8096329707142561
finance__cryptocurrency_96_12_4_10events,finance__cryptocurrency_96_12_4_10events__20250928T000000,0.27680039,1.3805429582448447,0.8096329707142561
finance__cryptocurrency_96_12_4_10events,finance__cryptocurrency_96_12_4_10events__20251026T000000,0.27562671,1.3805429582448447,0.8096329707142561
finance__cryptocurrency_96_12_4_10events,finance__cryptocurrency_96_12_4_10events__20251123T000000,0.27451403,1.3805429582448447,0.8096329707142561
finance__cryptocurrency_96_12_4_10events,finance__cryptocurrency_96_12_4_10events__20251221T000000,0.28214368,1.3805429582448447,0.8096329707142561
finance__financial_regulation_96_12_4_10events,finance__financial_regulation_96_12_4_10events__20250803T000000,0.30424540,10.787604114749533,2.595873837320749
finance__financial_regulation_96_12_4_10events,finance__financial_regulation_96_12_4_10events__20250831T000000,0.29985041,10.787604114749533,2.595873837320749
finance__financial_regulation_96_12_4_10events,finance__financial_regulation_96_12_4_10events__20250928T000000,0.29650111,10.787604114749533,2.595873837320749
finance__financial_regulation_96_12_4_10events,finance__financial_regulation_96_12_4_10events__20251026T000000,0.27426520,10.787604114749533,2.595873837320749
finance__financial_regulation_96_12_4_10events,finance__financial_regulation_96_12_4_10events__20251123T000000,0.26636933,10.787604114749533,2.595873837320749
finance__financial_regulation_96_12_4_10events,finance__financial_regulation_96_12_4_10events__20251221T000000,0.25733748,10.787604114749533,2.595873837320749
finance__goldman_sachs_96_12_4_10events,finance__goldman_sachs_96_12_4_10events__20250803T000000,0.31751724,9.314283649665363,1.985920623408531
finance__goldman_sachs_96_12_4_10events,finance__goldman_sachs_96_12_4_10events__20250831T000000,0.31073894,9.314283649665363,1.985920623408531
finance__goldman_sachs_96_12_4_10events,finance__goldman_sachs_96_12_4_10events__20250928T000000,0.30738284,9.314283649665363,1.985920623408531
finance__goldman_sachs_96_12_4_10events,finance__goldman_sachs_96_12_4_10events__20251026T000000,0.30491841,9.314283649665363,1.985920623408531
finance__goldman_sachs_96_12_4_10events,finance__goldman_sachs_96_12_4_10events__20251123T000000,0.30302510,9.314283649665363,1.985920623408531
finance__goldman_sachs_96_12_4_10events,finance__goldman_sachs_96_12_4_10events__20251221T000000,0.29695068,9.314283649665363,1.985920623408531
finance__hedge_funds_96_12_4_10events,finance__hedge_funds_96_12_4_10events__20250803T000000,0.31135861,2.519119697040427,1.114063314211705
finance__hedge_funds_96_12_4_10events,finance__hedge_funds_96_12_4_10events__20250831T000000,0.29221959,2.519119697040427,1.114063314211705
finance__hedge_funds_96_12_4_10events,finance__hedge_funds_96_12_4_10events__20250928T000000,0.29349224,2.519119697040427,1.114063314211705
finance__hedge_funds_96_12_4_10events,finance__hedge_funds_96_12_4_10events__20251026T000000,0.27903569,2.519119697040427,1.114063314211705
finance__hedge_funds_96_12_4_10events,finance__hedge_funds_96_12_4_10events__20251123T000000,0.28025781,2.519119697040427,1.114063314211705
finance__hedge_funds_96_12_4_10events,finance__hedge_funds_96_12_4_10events__20251221T000000,0.27762785,2.519119697040427,1.114063314211705
finance__investment_banking_96_12_4_10events,finance__investment_banking_96_12_4_10events__20250803T000000,0.32527808,2.975768201098605,1.3860560884904292
finance__investment_banking_96_12_4_10events,finance__investment_banking_96_12_4_10events__20250831T000000,0.30145909,2.975768201098605,1.3860560884904292
finance__investment_banking_96_12_4_10events,finance__investment_banking_96_12_4_10events__20250928T000000,0.28967686,2.975768201098605,1.3860560884904292
finance__investment_banking_96_12_4_10events,finance__investment_banking_96_12_4_10events__20251026T000000,0.29458716,2.975768201098605,1.3860560884904292
finance__investment_banking_96_12_4_10events,finance__investment_banking_96_12_4_10events__20251123T000000,0.27048785,2.975768201098605,1.3860560884904292
finance__investment_banking_96_12_4_10events,finance__investment_banking_96_12_4_10events__20251221T000000,0.28436018,2.975768201098605,1.3860560884904292
finance__mortgage_rates_96_12_4_10events,finance__mortgage_rates_96_12_4_10events__20250803T000000,0.29747663,1.5823333394953725,0.7735444596900264
finance__mortgage_rates_96_12_4_10events,finance__mortgage_rates_96_12_4_10events__20250831T000000,0.29999375,1.5823333394953725,0.7735444596900264
finance__mortgage_rates_96_12_4_10events,finance__mortgage_rates_96_12_4_10events__20250928T000000,0.30176554,1.5823333394953725,0.7735444596900264
finance__mortgage_rates_96_12_4_10events,finance__mortgage_rates_96_12_4_10events__20251026T000000,0.30784460,1.5823333394953725,0.7735444596900264
finance__mortgage_rates_96_12_4_10events,finance__mortgage_rates_96_12_4_10events__20251123T000000,0.29412016,1.5823333394953725,0.7735444596900264
finance__mortgage_rates_96_12_4_10events,finance__mortgage_rates_96_12_4_10events__20251221T000000,0.28848706,1.5823333394953725,0.7735444596900264
finance__private_equity_96_12_4_10events,finance__private_equity_96_12_4_10events__20250803T000000,0.28980727,3.012228070779443,1.3810900607818386
finance__private_equity_96_12_4_10events,finance__private_equity_96_12_4_10events__20250831T000000,0.27577359,3.012228070779443,1.3810900607818386
finance__private_equity_96_12_4_10events,finance__private_equity_96_12_4_10events__20250928T000000,0.26259974,3.012228070779443,1.3810900607818386
finance__private_equity_96_12_4_10events,finance__private_equity_96_12_4_10events__20251026T000000,0.26699001,3.012228070779443,1.3810900607818386
finance__private_equity_96_12_4_10events,finance__private_equity_96_12_4_10events__20251123T000000,0.26722506,3.012228070779443,1.3810900607818386
finance__private_equity_96_12_4_10events,finance__private_equity_96_12_4_10events__20251221T000000,0.26741552,3.012228070779443,1.3810900607818386
finance__stock_market_96_12_4_10events,finance__stock_market_96_12_4_10events__20250803T000000,0.27774660,0.42119731523477943,0.4864313368099013
finance__stock_market_96_12_4_10events,finance__stock_market_96_12_4_10events__20250831T000000,0.27159108,0.42119731523477943,0.4864313368099013
finance__stock_market_96_12_4_10events,finance__stock_market_96_12_4_10events__20250928T000000,0.28642198,0.42119731523477943,0.4864313368099013
finance__stock_market_96_12_4_10events,finance__stock_market_96_12_4_10events__20251026T000000,0.28174201,0.42119731523477943,0.4864313368099013
finance__stock_market_96_12_4_10events,finance__stock_market_96_12_4_10events__20251123T000000,0.27058025,0.42119731523477943,0.4864313368099013
finance__stock_market_96_12_4_10events,finance__stock_market_96_12_4_10events__20251221T000000,0.28251774,0.42119731523477943,0.4864313368099013
finance__venture_capital_96_12_4_10events,finance__venture_capital_96_12_4_10events__20250803T000000,0.28672257,3.6976579374363054,1.5037654842411932
finance__venture_capital_96_12_4_10events,finance__venture_capital_96_12_4_10events__20250831T000000,0.27454127,3.6976579374363054,1.5037654842411932
finance__venture_capital_96_12_4_10events,finance__venture_capital_96_12_4_10events__20250928T000000,0.27347180,3.6976579374363054,1.5037654842411932
finance__venture_capital_96_12_4_10events,finance__venture_capital_96_12_4_10events__20251026T000000,0.26979063,3.6976579374363054,1.5037654842411932
finance__venture_capital_96_12_4_10events,finance__venture_capital_96_12_4_10events__20251123T000000,0.27566398,3.6976579374363054,1.5037654842411932
finance__venture_capital_96_12_4_10events,finance__venture_capital_96_12_4_10events__20251221T000000,0.28296875,3.6976579374363054,1.5037654842411932
pets__animal_migration_96_12_4_10events,pets__animal_migration_96_12_4_10events__20250803T000000,0.30450376,3.2313544599099395,1.323382797648611
pets__animal_migration_96_12_4_10events,pets__animal_migration_96_12_4_10events__20250831T000000,0.30497108,3.2313544599099395,1.323382797648611
pets__animal_migration_96_12_4_10events,pets__animal_migration_96_12_4_10events__20250928T000000,0.31234202,3.2313544599099395,1.323382797648611
pets__animal_migration_96_12_4_10events,pets__animal_migration_96_12_4_10events__20251026T000000,0.30104677,3.2313544599099395,1.323382797648611
pets__animal_migration_96_12_4_10events,pets__animal_migration_96_12_4_10events__20251123T000000,0.28952462,3.2313544599099395,1.323382797648611
pets__animal_migration_96_12_4_10events,pets__animal_migration_96_12_4_10events__20251221T000000,0.29259647,3.2313544599099395,1.323382797648611
pets__animal_rescue_96_12_4_10events,pets__animal_rescue_96_12_4_10events__20250803T000000,0.29755733,3.220607803063482,1.403442071064844
pets__animal_rescue_96_12_4_10events,pets__animal_rescue_96_12_4_10events__20250831T000000,0.29795813,3.220607803063482,1.403442071064844
pets__animal_rescue_96_12_4_10events,pets__animal_rescue_96_12_4_10events__20250928T000000,0.29993238,3.220607803063482,1.403442071064844
pets__animal_rescue_96_12_4_10events,pets__animal_rescue_96_12_4_10events__20251026T000000,0.30096472,3.220607803063482,1.403442071064844
pets__animal_rescue_96_12_4_10events,pets__animal_rescue_96_12_4_10events__20251123T000000,0.30123127,3.220607803063482,1.403442071064844
pets__animal_rescue_96_12_4_10events,pets__animal_rescue_96_12_4_10events__20251221T000000,0.31499597,3.220607803063482,1.403442071064844
pets__animal_welfare_96_12_4_10events,pets__animal_welfare_96_12_4_10events__20250803T000000,0.33010482,12.089373461663415,2.6069099571255605
pets__animal_welfare_96_12_4_10events,pets__animal_welfare_96_12_4_10events__20250831T000000,0.31816954,12.089373461663415,2.6069099571255605
pets__animal_welfare_96_12_4_10events,pets__animal_welfare_96_12_4_10events__20250928T000000,0.30229295,12.089373461663415,2.6069099571255605
pets__animal_welfare_96_12_4_10events,pets__animal_welfare_96_12_4_10events__20251026T000000,0.30692623,12.089373461663415,2.6069099571255605
pets__animal_welfare_96_12_4_10events,pets__animal_welfare_96_12_4_10events__20251123T000000,0.29284440,12.089373461663415,2.6069099571255605
pets__animal_welfare_96_12_4_10events,pets__animal_welfare_96_12_4_10events__20251221T000000,0.27686397,12.089373461663415,2.6069099571255605
pets__beekeeping_96_12_4_10events,pets__beekeeping_96_12_4_10events__20250803T000000,0.27798580,3.004632283148679,1.203161840608415
pets__beekeeping_96_12_4_10events,pets__beekeeping_96_12_4_10events__20250831T000000,0.28186234,3.004632283148679,1.203161840608415
pets__beekeeping_96_12_4_10events,pets__beekeeping_96_12_4_10events__20250928T000000,0.29251773,3.004632283148679,1.203161840608415
pets__beekeeping_96_12_4_10events,pets__beekeeping_96_12_4_10events__20251026T000000,0.28728776,3.004632283148679,1.203161840608415
pets__beekeeping_96_12_4_10events,pets__beekeeping_96_12_4_10events__20251123T000000,0.28319559,3.004632283148679,1.203161840608415
pets__beekeeping_96_12_4_10events,pets__beekeeping_96_12_4_10events__20251221T000000,0.28330305,3.004632283148679,1.203161840608415
pets__biodiversity_96_12_4_10events,pets__biodiversity_96_12_4_10events__20250803T000000,0.30445006,1.342948242255977,0.9318830421582286
pets__biodiversity_96_12_4_10events,pets__biodiversity_96_12_4_10events__20250831T000000,0.31154448,1.342948242255977,0.9318830421582286
pets__biodiversity_96_12_4_10events,pets__biodiversity_96_12_4_10events__20250928T000000,0.31639552,1.342948242255977,0.9318830421582286
pets__biodiversity_96_12_4_10events,pets__biodiversity_96_12_4_10events__20251026T000000,0.30858235,1.342948242255977,0.9318830421582286
pets__biodiversity_96_12_4_10events,pets__biodiversity_96_12_4_10events__20251123T000000,0.30140830,1.342948242255977,0.9318830421582286
pets__biodiversity_96_12_4_10events,pets__biodiversity_96_12_4_10events__20251221T000000,0.29295874,1.342948242255977,0.9318830421582286
pets__invasive_species_96_12_4_10events,pets__invasive_species_96_12_4_10events__20250803T000000,0.30347559,0.8855545125234077,0.6782123619986599
pets__invasive_species_96_12_4_10events,pets__invasive_species_96_12_4_10events__20250831T000000,0.31080143,0.8855545125234077,0.6782123619986599
pets__invasive_species_96_12_4_10events,pets__invasive_species_96_12_4_10events__20250928T000000,0.32062010,0.8855545125234077,0.6782123619986599
pets__invasive_species_96_12_4_10events,pets__invasive_species_96_12_4_10events__20251026T000000,0.32270921,0.8855545125234077,0.6782123619986599
pets__invasive_species_96_12_4_10events,pets__invasive_species_96_12_4_10events__20251123T000000,0.29859447,0.8855545125234077,0.6782123619986599
pets__invasive_species_96_12_4_10events,pets__invasive_species_96_12_4_10events__20251221T000000,0.29901377,0.8855545125234077,0.6782123619986599
pets__marine_life_96_12_4_10events,pets__marine_life_96_12_4_10events__20250803T000000,0.30197785,3.872076993722338,1.3931069866356136
pets__marine_life_96_12_4_10events,pets__marine_life_96_12_4_10events__20250831T000000,0.29946776,3.872076993722338,1.3931069866356136
pets__marine_life_96_12_4_10events,pets__marine_life_96_12_4_10events__20250928T000000,0.30951122,3.872076993722338,1.3931069866356136
pets__marine_life_96_12_4_10events,pets__marine_life_96_12_4_10events__20251026T000000,0.28697247,3.872076993722338,1.3931069866356136
pets__marine_life_96_12_4_10events,pets__marine_life_96_12_4_10events__20251123T000000,0.28074587,3.872076993722338,1.3931069866356136
pets__marine_life_96_12_4_10events,pets__marine_life_96_12_4_10events__20251221T000000,0.29417249,3.872076993722338,1.3931069866356136
pets__pest_control_96_12_4_10events,pets__pest_control_96_12_4_10events__20250803T000000,0.26359759,0.39563098911530187,0.4550409624977066
pets__pest_control_96_12_4_10events,pets__pest_control_96_12_4_10events__20250831T000000,0.25928264,0.39563098911530187,0.4550409624977066
pets__pest_control_96_12_4_10events,pets__pest_control_96_12_4_10events__20250928T000000,0.25499663,0.39563098911530187,0.4550409624977066
pets__pest_control_96_12_4_10events,pets__pest_control_96_12_4_10events__20251026T000000,0.25742930,0.39563098911530187,0.4550409624977066
pets__pest_control_96_12_4_10events,pets__pest_control_96_12_4_10events__20251123T000000,0.26583559,0.39563098911530187,0.4550409624977066
pets__pest_control_96_12_4_10events,pets__pest_control_96_12_4_10events__20251221T000000,0.27157256,0.39563098911530187,0.4550409624977066
pets__pet_adoption_96_12_4_10events,pets__pet_adoption_96_12_4_10events__20250803T000000,0.26168734,6.275535231456781,1.6321115391164736
pets__pet_adoption_96_12_4_10events,pets__pet_adoption_96_12_4_10events__20250831T000000,0.27924063,6.275535231456781,1.6321115391164736
pets__pet_adoption_96_12_4_10events,pets__pet_adoption_96_12_4_10events__20250928T000000,0.28282088,6.275535231456781,1.6321115391164736
pets__pet_adoption_96_12_4_10events,pets__pet_adoption_96_12_4_10events__20251026T000000,0.25878557,6.275535231456781,1.6321115391164736
pets__pet_adoption_96_12_4_10events,pets__pet_adoption_96_12_4_10events__20251123T000000,0.29188473,6.275535231456781,1.6321115391164736
pets__pet_adoption_96_12_4_10events,pets__pet_adoption_96_12_4_10events__20251221T000000,0.29557712,6.275535231456781,1.6321115391164736
pets__pet_health_96_12_4_10events,pets__pet_health_96_12_4_10events__20250803T000000,0.27249651,7.134006789286733,2.1661822634704127
pets__pet_health_96_12_4_10events,pets__pet_health_96_12_4_10events__20250831T000000,0.26032889,7.134006789286733,2.1661822634704127
pets__pet_health_96_12_4_10events,pets__pet_health_96_12_4_10events__20250928T000000,0.25028925,7.134006789286733,2.1661822634704127
pets__pet_health_96_12_4_10events,pets__pet_health_96_12_4_10events__20251026T000000,0.25456630,7.134006789286733,2.1661822634704127
pets__pet_health_96_12_4_10events,pets__pet_health_96_12_4_10events__20251123T000000,0.25475340,7.134006789286733,2.1661822634704127
pets__pet_health_96_12_4_10events,pets__pet_health_96_12_4_10events__20251221T000000,0.25085626,7.134006789286733,2.1661822634704127
public_health__air_pollution_96_12_4_10events,public_health__air_pollution_96_12_4_10events__20250803T000000,0.29946730,0.9325635087843417,0.783868378494868
public_health__air_pollution_96_12_4_10events,public_health__air_pollution_96_12_4_10events__20250831T000000,0.30498765,0.9325635087843417,0.783868378494868
public_health__air_pollution_96_12_4_10events,public_health__air_pollution_96_12_4_10events__20250928T000000,0.30887129,0.9325635087843417,0.783868378494868
public_health__air_pollution_96_12_4_10events,public_health__air_pollution_96_12_4_10events__20251026T000000,0.30025469,0.9325635087843417,0.783868378494868
public_health__air_pollution_96_12_4_10events,public_health__air_pollution_96_12_4_10events__20251123T000000,0.28677864,0.9325635087843417,0.783868378494868
public_health__air_pollution_96_12_4_10events,public_health__air_pollution_96_12_4_10events__20251221T000000,0.29134205,0.9325635087843417,0.783868378494868
public_health__climate_change_96_12_4_10events,public_health__climate_change_96_12_4_10events__20250803T000000,0.27381516,0.09767526031359758,0.254208740367574
public_health__climate_change_96_12_4_10events,public_health__climate_change_96_12_4_10events__20250831T000000,0.25475304,0.09767526031359758,0.254208740367574
public_health__climate_change_96_12_4_10events,public_health__climate_change_96_12_4_10events__20250928T000000,0.27979228,0.09767526031359758,0.254208740367574
public_health__climate_change_96_12_4_10events,public_health__climate_change_96_12_4_10events__20251026T000000,0.26005065,0.09767526031359758,0.254208740367574
public_health__climate_change_96_12_4_10events,public_health__climate_change_96_12_4_10events__20251123T000000,0.24680587,0.09767526031359758,0.254208740367574
public_health__climate_change_96_12_4_10events,public_health__climate_change_96_12_4_10events__20251221T000000,0.26538126,0.09767526031359758,0.254208740367574
public_health__diabetes_96_12_4_10events,public_health__diabetes_96_12_4_10events__20250803T000000,0.31055557,2.701180813001521,1.3790542716322625
public_health__diabetes_96_12_4_10events,public_health__diabetes_96_12_4_10events__20250831T000000,0.30254831,2.701180813001521,1.3790542716322625
public_health__diabetes_96_12_4_10events,public_health__diabetes_96_12_4_10events__20250928T000000,0.30213745,2.701180813001521,1.3790542716322625
public_health__diabetes_96_12_4_10events,public_health__diabetes_96_12_4_10events__20251026T000000,0.30072269,2.701180813001521,1.3790542716322625
public_health__diabetes_96_12_4_10events,public_health__diabetes_96_12_4_10events__20251123T000000,0.28641463,2.701180813001521,1.3790542716322625
public_health__diabetes_96_12_4_10events,public_health__diabetes_96_12_4_10events__20251221T000000,0.29283499,2.701180813001521,1.3790542716322625
public_health__drug_overdose_96_12_4_10events,public_health__drug_overdose_96_12_4_10events__20250803T000000,0.31468671,4.668143880893006,1.7448076396582597
public_health__drug_overdose_96_12_4_10events,public_health__drug_overdose_96_12_4_10events__20250831T000000,0.31503180,4.668143880893006,1.7448076396582597
public_health__drug_overdose_96_12_4_10events,public_health__drug_overdose_96_12_4_10events__20250928T000000,0.31310621,4.668143880893006,1.7448076396582597
public_health__drug_overdose_96_12_4_10events,public_health__drug_overdose_96_12_4_10events__20251026T000000,0.30116077,4.668143880893006,1.7448076396582597
public_health__drug_overdose_96_12_4_10events,public_health__drug_overdose_96_12_4_10events__20251123T000000,0.29652039,4.668143880893006,1.7448076396582597
public_health__drug_overdose_96_12_4_10events,public_health__drug_overdose_96_12_4_10events__20251221T000000,0.29075465,4.668143880893006,1.7448076396582597
public_health__food_safety_96_12_4_10events,public_health__food_safety_96_12_4_10events__20250803T000000,0.31425566,6.606005617116853,2.157988335109933
public_health__food_safety_96_12_4_10events,public_health__food_safety_96_12_4_10events__20250831T000000,0.29863881,6.606005617116853,2.157988335109933
public_health__food_safety_96_12_4_10events,public_health__food_safety_96_12_4_10events__20250928T000000,0.28012392,6.606005617116853,2.157988335109933
public_health__food_safety_96_12_4_10events,public_health__food_safety_96_12_4_10events__20251026T000000,0.27784253,6.606005617116853,2.157988335109933
public_health__food_safety_96_12_4_10events,public_health__food_safety_96_12_4_10events__20251123T000000,0.26348778,6.606005617116853,2.157988335109933
public_health__food_safety_96_12_4_10events,public_health__food_safety_96_12_4_10events__20251221T000000,0.25857383,6.606005617116853,2.157988335109933
public_health__hiv_aids_96_12_4_10events,public_health__hiv_aids_96_12_4_10events__20250803T000000,0.29460424,1.367896690892586,0.9246449409531493
public_health__hiv_aids_96_12_4_10events,public_health__hiv_aids_96_12_4_10events__20250831T000000,0.28449839,1.367896690892586,0.9246449409531493
public_health__hiv_aids_96_12_4_10events,public_health__hiv_aids_96_12_4_10events__20250928T000000,0.29940455,1.367896690892586,0.9246449409531493
public_health__hiv_aids_96_12_4_10events,public_health__hiv_aids_96_12_4_10events__20251026T000000,0.29936811,1.367896690892586,0.9246449409531493
public_health__hiv_aids_96_12_4_10events,public_health__hiv_aids_96_12_4_10events__20251123T000000,0.28564901,1.367896690892586,0.9246449409531493
public_health__hiv_aids_96_12_4_10events,public_health__hiv_aids_96_12_4_10events__20251221T000000,0.29598478,1.367896690892586,0.9246449409531493
public_health__infectious_disease_96_12_4_10events,public_health__infectious_disease_96_12_4_10events__20250803T000000,0.30879842,1.5166295806576173,0.9243184166264581
public_health__infectious_disease_96_12_4_10events,public_health__infectious_disease_96_12_4_10events__20250831T000000,0.31776723,1.5166295806576173,0.9243184166264581
public_health__infectious_disease_96_12_4_10events,public_health__infectious_disease_96_12_4_10events__20250928T000000,0.31322292,1.5166295806576173,0.9243184166264581
public_health__infectious_disease_96_12_4_10events,public_health__infectious_disease_96_12_4_10events__20251026T000000,0.30395757,1.5166295806576173,0.9243184166264581
public_health__infectious_disease_96_12_4_10events,public_health__infectious_disease_96_12_4_10events__20251123T000000,0.29962125,1.5166295806576173,0.9243184166264581
public_health__infectious_disease_96_12_4_10events,public_health__infectious_disease_96_12_4_10events__20251221T000000,0.29325149,1.5166295806576173,0.9243184166264581
public_health__mental_health_96_12_4_10events,public_health__mental_health_96_12_4_10events__20250803T000000,0.31582460,2.1896866118084652,1.1664523064839147
public_health__mental_health_96_12_4_10events,public_health__mental_health_96_12_4_10events__20250831T000000,0.30571643,2.1896866118084652,1.1664523064839147
public_health__mental_health_96_12_4_10events,public_health__mental_health_96_12_4_10events__20250928T000000,0.31213217,2.1896866118084652,1.1664523064839147
public_health__mental_health_96_12_4_10events,public_health__mental_health_96_12_4_10events__20251026T000000,0.30520951,2.1896866118084652,1.1664523064839147
public_health__mental_health_96_12_4_10events,public_health__mental_health_96_12_4_10events__20251123T000000,0.29631323,2.1896866118084652,1.1664523064839147
public_health__mental_health_96_12_4_10events,public_health__mental_health_96_12_4_10events__20251221T000000,0.29270611,2.1896866118084652,1.1664523064839147
public_health__obesity_96_12_4_10events,public_health__obesity_96_12_4_10events__20250803T000000,0.31423605,11.78662246164918,2.437492843059602
public_health__obesity_96_12_4_10events,public_health__obesity_96_12_4_10events__20250831T000000,0.30396391,11.78662246164918,2.437492843059602
public_health__obesity_96_12_4_10events,public_health__obesity_96_12_4_10events__20250928T000000,0.30562388,11.78662246164918,2.437492843059602
public_health__obesity_96_12_4_10events,public_health__obesity_96_12_4_10events__20251026T000000,0.32096763,11.78662246164918,2.437492843059602
public_health__obesity_96_12_4_10events,public_health__obesity_96_12_4_10events__20251123T000000,0.29503522,11.78662246164918,2.437492843059602
public_health__obesity_96_12_4_10events,public_health__obesity_96_12_4_10events__20251221T000000,0.28865539,11.78662246164918,2.437492843059602
public_health__opioid_crisis_96_12_4_10events,public_health__opioid_crisis_96_12_4_10events__20250803T000000,0.29845857,1.0606541282191104,0.8463246928325638
public_health__opioid_crisis_96_12_4_10events,public_health__opioid_crisis_96_12_4_10events__20250831T000000,0.30283564,1.0606541282191104,0.8463246928325638
public_health__opioid_crisis_96_12_4_10events,public_health__opioid_crisis_96_12_4_10events__20250928T000000,0.31393642,1.0606541282191104,0.8463246928325638
public_health__opioid_crisis_96_12_4_10events,public_health__opioid_crisis_96_12_4_10events__20251026T000000,0.30612388,1.0606541282191104,0.8463246928325638
public_health__opioid_crisis_96_12_4_10events,public_health__opioid_crisis_96_12_4_10events__20251123T000000,0.29705397,1.0606541282191104,0.8463246928325638
public_health__opioid_crisis_96_12_4_10events,public_health__opioid_crisis_96_12_4_10events__20251221T000000,0.30214689,1.0606541282191104,0.8463246928325638
public_policy__carbon_emissions_96_12_4_10events,public_policy__carbon_emissions_96_12_4_10events__20250803T000000,0.28643343,2.200870848409091,1.1333716511560843
public_policy__carbon_emissions_96_12_4_10events,public_policy__carbon_emissions_96_12_4_10events__20250831T000000,0.28920337,2.200870848409091,1.1333716511560843
public_policy__carbon_emissions_96_12_4_10events,public_policy__carbon_emissions_96_12_4_10events__20250928T000000,0.30257834,2.200870848409091,1.1333716511560843
public_policy__carbon_emissions_96_12_4_10events,public_policy__carbon_emissions_96_12_4_10events__20251026T000000,0.28737706,2.200870848409091,1.1333716511560843
public_policy__carbon_emissions_96_12_4_10events,public_policy__carbon_emissions_96_12_4_10events__20251123T000000,0.28013487,2.200870848409091,1.1333716511560843
public_policy__carbon_emissions_96_12_4_10events,public_policy__carbon_emissions_96_12_4_10events__20251221T000000,0.29166525,2.200870848409091,1.1333716511560843
public_policy__federal_reserve_96_12_4_10events,public_policy__federal_reserve_96_12_4_10events__20250803T000000,0.30528730,4.776554582546271,1.7500550936585446
public_policy__federal_reserve_96_12_4_10events,public_policy__federal_reserve_96_12_4_10events__20250831T000000,0.30780636,4.776554582546271,1.7500550936585446
public_policy__federal_reserve_96_12_4_10events,public_policy__federal_reserve_96_12_4_10events__20250928T000000,0.29449670,4.776554582546271,1.7500550936585446
public_policy__federal_reserve_96_12_4_10events,public_policy__federal_reserve_96_12_4_10events__20251026T000000,0.29570333,4.776554582546271,1.7500550936585446
public_policy__federal_reserve_96_12_4_10events,public_policy__federal_reserve_96_12_4_10events__20251123T000000,0.28321494,4.776554582546271,1.7500550936585446
public_policy__federal_reserve_96_12_4_10events,public_policy__federal_reserve_96_12_4_10events__20251221T000000,0.27287247,4.776554582546271,1.7500550936585446
public_policy__healthcare_policy_96_12_4_10events,public_policy__healthcare_policy_96_12_4_10events__20250803T000000,0.29734710,5.721684333175511,1.9000270755426172
public_policy__healthcare_policy_96_12_4_10events,public_policy__healthcare_policy_96_12_4_10events__20250831T000000,0.27867380,5.721684333175511,1.9000270755426172
public_policy__healthcare_policy_96_12_4_10events,public_policy__healthcare_policy_96_12_4_10events__20250928T000000,0.28073796,5.721684333175511,1.9000270755426172
public_policy__healthcare_policy_96_12_4_10events,public_policy__healthcare_policy_96_12_4_10events__20251026T000000,0.26774405,5.721684333175511,1.9000270755426172
public_policy__healthcare_policy_96_12_4_10events,public_policy__healthcare_policy_96_12_4_10events__20251123T000000,0.26360772,5.721684333175511,1.9000270755426172
public_policy__healthcare_policy_96_12_4_10events,public_policy__healthcare_policy_96_12_4_10events__20251221T000000,0.26000248,5.721684333175511,1.9000270755426172
public_policy__human_rights_96_12_4_10events,public_policy__human_rights_96_12_4_10events__20250803T000000,0.30747416,8.113171372744722,2.0686237902690223
public_policy__human_rights_96_12_4_10events,public_policy__human_rights_96_12_4_10events__20250831T000000,0.32255164,8.113171372744722,2.0686237902690223
public_policy__human_rights_96_12_4_10events,public_policy__human_rights_96_12_4_10events__20250928T000000,0.29979379,8.113171372744722,2.0686237902690223
public_policy__human_rights_96_12_4_10events,public_policy__human_rights_96_12_4_10events__20251026T000000,0.29504758,8.113171372744722,2.0686237902690223
public_policy__human_rights_96_12_4_10events,public_policy__human_rights_96_12_4_10events__20251123T000000,0.29454133,8.113171372744722,2.0686237902690223
public_policy__human_rights_96_12_4_10events,public_policy__human_rights_96_12_4_10events__20251221T000000,0.28540504,8.113171372744722,2.0686237902690223
public_policy__immigration_reform_96_12_4_10events,public_policy__immigration_reform_96_12_4_10events__20250803T000000,0.29157626,1.596291066949375,0.9787283282735447
public_policy__immigration_reform_96_12_4_10events,public_policy__immigration_reform_96_12_4_10events__20250831T000000,0.29430037,1.596291066949375,0.9787283282735447
public_policy__immigration_reform_96_12_4_10events,public_policy__immigration_reform_96_12_4_10events__20250928T000000,0.29279627,1.596291066949375,0.9787283282735447
public_policy__immigration_reform_96_12_4_10events,public_policy__immigration_reform_96_12_4_10events__20251026T000000,0.29604868,1.596291066949375,0.9787283282735447
public_policy__immigration_reform_96_12_4_10events,public_policy__immigration_reform_96_12_4_10events__20251123T000000,0.29924234,1.596291066949375,0.9787283282735447
public_policy__immigration_reform_96_12_4_10events,public_policy__immigration_reform_96_12_4_10events__20251221T000000,0.30050774,1.596291066949375,0.9787283282735447
public_policy__national_debt_96_12_4_10events,public_policy__national_debt_96_12_4_10events__20250803T000000,0.32126722,1.2314265275303071,0.9475607827340138
public_policy__national_debt_96_12_4_10events,public_policy__national_debt_96_12_4_10events__20250831T000000,0.30897692,1.2314265275303071,0.9475607827340138
public_policy__national_debt_96_12_4_10events,public_policy__national_debt_96_12_4_10events__20250928T000000,0.29315878,1.2314265275303071,0.9475607827340138
public_policy__national_debt_96_12_4_10events,public_policy__national_debt_96_12_4_10events__20251026T000000,0.29837076,1.2314265275303071,0.9475607827340138
public_policy__national_debt_96_12_4_10events,public_policy__national_debt_96_12_4_10events__20251123T000000,0.29169455,1.2314265275303071,0.9475607827340138
public_policy__national_debt_96_12_4_10events,public_policy__national_debt_96_12_4_10events__20251221T000000,0.30545693,1.2314265275303071,0.9475607827340138
public_policy__presidential_election_96_12_4_10events,public_policy__presidential_election_96_12_4_10events__20250803T000000,0.28302091,0.3787038068000506,0.38342401734111764
public_policy__presidential_election_96_12_4_10events,public_policy__presidential_election_96_12_4_10events__20250831T000000,0.28652859,0.3787038068000506,0.38342401734111764
public_policy__presidential_election_96_12_4_10events,public_policy__presidential_election_96_12_4_10events__20250928T000000,0.25145165,0.3787038068000506,0.38342401734111764
public_policy__presidential_election_96_12_4_10events,public_policy__presidential_election_96_12_4_10events__20251026T000000,0.30102012,0.3787038068000506,0.38342401734111764
public_policy__presidential_election_96_12_4_10events,public_policy__presidential_election_96_12_4_10events__20251123T000000,0.27327362,0.3787038068000506,0.38342401734111764
public_policy__presidential_election_96_12_4_10events,public_policy__presidential_election_96_12_4_10events__20251221T000000,0.25258220,0.3787038068000506,0.38342401734111764
public_policy__refugee_support_96_12_4_10events,public_policy__refugee_support_96_12_4_10events__20250803T000000,0.31388955,6.941526918200876,2.1948616325446535
public_policy__refugee_support_96_12_4_10events,public_policy__refugee_support_96_12_4_10events__20250831T000000,0.30653548,6.941526918200876,2.1948616325446535
public_policy__refugee_support_96_12_4_10events,public_policy__refugee_support_96_12_4_10events__20250928T000000,0.30063980,6.941526918200876,2.1948616325446535
public_policy__refugee_support_96_12_4_10events,public_policy__refugee_support_96_12_4_10events__20251026T000000,0.29995669,6.941526918200876,2.1948616325446535
public_policy__refugee_support_96_12_4_10events,public_policy__refugee_support_96_12_4_10events__20251123T000000,0.28129208,6.941526918200876,2.1948616325446535
public_policy__refugee_support_96_12_4_10events,public_policy__refugee_support_96_12_4_10events__20251221T000000,0.28083821,6.941526918200876,2.1948616325446535
public_policy__renewable_energy_96_12_4_10events,public_policy__renewable_energy_96_12_4_10events__20250803T000000,0.30334926,3.296908615039712,1.45585909063617
public_policy__renewable_energy_96_12_4_10events,public_policy__renewable_energy_96_12_4_10events__20250831T000000,0.29939220,3.296908615039712,1.45585909063617
public_policy__renewable_energy_96_12_4_10events,public_policy__renewable_energy_96_12_4_10events__20250928T000000,0.30664995,3.296908615039712,1.45585909063617
public_policy__renewable_energy_96_12_4_10events,public_policy__renewable_energy_96_12_4_10events__20251026T000000,0.28668425,3.296908615039712,1.45585909063617
public_policy__renewable_energy_96_12_4_10events,public_policy__renewable_energy_96_12_4_10events__20251123T000000,0.28197534,3.296908615039712,1.45585909063617
public_policy__renewable_energy_96_12_4_10events,public_policy__renewable_energy_96_12_4_10events__20251221T000000,0.28521945,3.296908615039712,1.45585909063617
public_policy__space_exploration_96_12_4_10events,public_policy__space_exploration_96_12_4_10events__20250803T000000,0.30286164,4.503854678315974,1.452214931139781
public_policy__space_exploration_96_12_4_10events,public_policy__space_exploration_96_12_4_10events__20250831T000000,0.30200497,4.503854678315974,1.452214931139781
public_policy__space_exploration_96_12_4_10events,public_policy__space_exploration_96_12_4_10events__20250928T000000,0.30758842,4.503854678315974,1.452214931139781
public_policy__space_exploration_96_12_4_10events,public_policy__space_exploration_96_12_4_10events__20251026T000000,0.29172062,4.503854678315974,1.452214931139781
public_policy__space_exploration_96_12_4_10events,public_policy__space_exploration_96_12_4_10events__20251123T000000,0.28645846,4.503854678315974,1.452214931139781
public_policy__space_exploration_96_12_4_10events,public_policy__space_exploration_96_12_4_10events__20251221T000000,0.28994556,4.503854678315974,1.452214931139781
public_policy__wildlife_conservation_96_12_4_10events,public_policy__wildlife_conservation_96_12_4_10events__20250803T000000,0.29958461,6.868168899205659,1.8728878621546612
public_policy__wildlife_conservation_96_12_4_10events,public_policy__wildlife_conservation_96_12_4_10events__20250831T000000,0.30463532,6.868168899205659,1.8728878621546612
public_policy__wildlife_conservation_96_12_4_10events,public_policy__wildlife_conservation_96_12_4_10events__20250928T000000,0.30820585,6.868168899205659,1.8728878621546612
public_policy__wildlife_conservation_96_12_4_10events,public_policy__wildlife_conservation_96_12_4_10events__20251026T000000,0.28778934,6.868168899205659,1.8728878621546612
public_policy__wildlife_conservation_96_12_4_10events,public_policy__wildlife_conservation_96_12_4_10events__20251123T000000,0.28358619,6.868168899205659,1.8728878621546612
public_policy__wildlife_conservation_96_12_4_10events,public_policy__wildlife_conservation_96_12_4_10events__20251221T000000,0.27908955,6.868168899205659,1.8728878621546612
science__cancer_research_96_12_4_10events,science__cancer_research_96_12_4_10events__20250803T000000,0.29001399,1.045738213213095,0.8304198748588684
science__cancer_research_96_12_4_10events,science__cancer_research_96_12_4_10events__20250831T000000,0.27163932,1.045738213213095,0.8304198748588684
science__cancer_research_96_12_4_10events,science__cancer_research_96_12_4_10events__20250928T000000,0.27145958,1.045738213213095,0.8304198748588684
science__cancer_research_96_12_4_10events,science__cancer_research_96_12_4_10events__20251026T000000,0.27193392,1.045738213213095,0.8304198748588684
science__cancer_research_96_12_4_10events,science__cancer_research_96_12_4_10events__20251123T000000,0.25961607,1.045738213213095,0.8304198748588684
science__cancer_research_96_12_4_10events,science__cancer_research_96_12_4_10events__20251221T000000,0.27161933,1.045738213213095,0.8304198748588684
science__data_breach_96_12_4_10events,science__data_breach_96_12_4_10events__20250803T000000,0.30453716,1.1569683718517365,0.8290662255033198
science__data_breach_96_12_4_10events,science__data_breach_96_12_4_10events__20250831T000000,0.29944327,1.1569683718517365,0.8290662255033198
science__data_breach_96_12_4_10events,science__data_breach_96_12_4_10events__20250928T000000,0.31383568,1.1569683718517365,0.8290662255033198
science__data_breach_96_12_4_10events,science__data_breach_96_12_4_10events__20251026T000000,0.30668243,1.1569683718517365,0.8290662255033198
science__data_breach_96_12_4_10events,science__data_breach_96_12_4_10events__20251123T000000,0.28448210,1.1569683718517365,0.8290662255033198
science__data_breach_96_12_4_10events,science__data_breach_96_12_4_10events__20251221T000000,0.32059834,1.1569683718517365,0.8290662255033198
science__earthquake_96_12_4_10events,science__earthquake_96_12_4_10events__20250803T000000,0.30742095,0.07517335808523279,0.24036012950787256
science__earthquake_96_12_4_10events,science__earthquake_96_12_4_10events__20250831T000000,0.28831078,0.07517335808523279,0.24036012950787256
science__earthquake_96_12_4_10events,science__earthquake_96_12_4_10events__20250928T000000,0.30307314,0.07517335808523279,0.24036012950787256
science__earthquake_96_12_4_10events,science__earthquake_96_12_4_10events__20251026T000000,0.30508204,0.07517335808523279,0.24036012950787256
science__earthquake_96_12_4_10events,science__earthquake_96_12_4_10events__20251123T000000,0.27478845,0.07517335808523279,0.24036012950787256
science__earthquake_96_12_4_10events,science__earthquake_96_12_4_10events__20251221T000000,0.30129226,0.07517335808523279,0.24036012950787256
science__food_recall_96_12_4_10events,science__food_recall_96_12_4_10events__20250803T000000,0.28946763,0.678716369862017,0.646350453271911
science__food_recall_96_12_4_10events,science__food_recall_96_12_4_10events__20250831T000000,0.28122439,0.678716369862017,0.646350453271911
science__food_recall_96_12_4_10events,science__food_recall_96_12_4_10events__20250928T000000,0.28779117,0.678716369862017,0.646350453271911
science__food_recall_96_12_4_10events,science__food_recall_96_12_4_10events__20251026T000000,0.30016491,0.678716369862017,0.646350453271911
science__food_recall_96_12_4_10events,science__food_recall_96_12_4_10events__20251123T000000,0.30750904,0.678716369862017,0.646350453271911
science__food_recall_96_12_4_10events,science__food_recall_96_12_4_10events__20251221T000000,0.30259335,0.678716369862017,0.646350453271911
science__gene_editing_96_12_4_10events,science__gene_editing_96_12_4_10events__20250803T000000,0.30223850,2.006739559238735,1.182165563815645
science__gene_editing_96_12_4_10events,science__gene_editing_96_12_4_10events__20250831T000000,0.29596867,2.006739559238735,1.182165563815645
science__gene_editing_96_12_4_10events,science__gene_editing_96_12_4_10events__20250928T000000,0.29271832,2.006739559238735,1.182165563815645
science__gene_editing_96_12_4_10events,science__gene_editing_96_12_4_10events__20251026T000000,0.28973265,2.006739559238735,1.182165563815645
science__gene_editing_96_12_4_10events,science__gene_editing_96_12_4_10events__20251123T000000,0.29150847,2.006739559238735,1.182165563815645
science__gene_editing_96_12_4_10events,science__gene_editing_96_12_4_10events__20251221T000000,0.28302938,2.006739559238735,1.182165563815645
science__meteor_shower_96_12_4_10events,science__meteor_shower_96_12_4_10events__20250803T000000,0.30025210,0.987799092003057,0.5374650296530751
science__meteor_shower_96_12_4_10events,science__meteor_shower_96_12_4_10events__20250831T000000,0.30632806,0.987799092003057,0.5374650296530751
science__meteor_shower_96_12_4_10events,science__meteor_shower_96_12_4_10events__20250928T000000,0.29596268,0.987799092003057,0.5374650296530751
science__meteor_shower_96_12_4_10events,science__meteor_shower_96_12_4_10events__20251026T000000,0.28138284,0.987799092003057,0.5374650296530751
science__meteor_shower_96_12_4_10events,science__meteor_shower_96_12_4_10events__20251123T000000,0.30042162,0.987799092003057,0.5374650296530751
science__meteor_shower_96_12_4_10events,science__meteor_shower_96_12_4_10events__20251221T000000,0.28718678,0.987799092003057,0.5374650296530751
science__nobel_prize_96_12_4_10events,science__nobel_prize_96_12_4_10events__20250803T000000,0.30590810,57.72898003695292,2.3592538645589762
science__nobel_prize_96_12_4_10events,science__nobel_prize_96_12_4_10events__20250831T000000,0.28368746,57.72898003695292,2.3592538645589762
science__nobel_prize_96_12_4_10events,science__nobel_prize_96_12_4_10events__20250928T000000,0.30266059,57.72898003695292,2.3592538645589762
science__nobel_prize_96_12_4_10events,science__nobel_prize_96_12_4_10events__20251026T000000,0.27250366,57.72898003695292,2.3592538645589762
science__nobel_prize_96_12_4_10events,science__nobel_prize_96_12_4_10events__20251123T000000,0.26073516,57.72898003695292,2.3592538645589762
science__nobel_prize_96_12_4_10events,science__nobel_prize_96_12_4_10events__20251221T000000,0.25732898,57.72898003695292,2.3592538645589762
science__quantum_computing_96_12_4_10events,science__quantum_computing_96_12_4_10events__20250803T000000,0.27288311,10.879427001628784,1.8624219665810007
science__quantum_computing_96_12_4_10events,science__quantum_computing_96_12_4_10events__20250831T000000,0.27376921,10.879427001628784,1.8624219665810007
science__quantum_computing_96_12_4_10events,science__quantum_computing_96_12_4_10events__20250928T000000,0.26445565,10.879427001628784,1.8624219665810007
science__quantum_computing_96_12_4_10events,science__quantum_computing_96_12_4_10events__20251026T000000,0.25299441,10.879427001628784,1.8624219665810007
science__quantum_computing_96_12_4_10events,science__quantum_computing_96_12_4_10events__20251123T000000,0.30727604,10.879427001628784,1.8624219665810007
science__quantum_computing_96_12_4_10events,science__quantum_computing_96_12_4_10events__20251221T000000,0.28157384,10.879427001628784,1.8624219665810007
science__vaccine_research_96_12_4_10events,science__vaccine_research_96_12_4_10events__20250803T000000,0.29849902,2.7767434006822445,1.4081607772540012
science__vaccine_research_96_12_4_10events,science__vaccine_research_96_12_4_10events__20250831T000000,0.28218518,2.7767434006822445,1.4081607772540012
science__vaccine_research_96_12_4_10events,science__vaccine_research_96_12_4_10events__20250928T000000,0.27207771,2.7767434006822445,1.4081607772540012
science__vaccine_research_96_12_4_10events,science__vaccine_research_96_12_4_10events__20251026T000000,0.26229228,2.7767434006822445,1.4081607772540012
science__vaccine_research_96_12_4_10events,science__vaccine_research_96_12_4_10events__20251123T000000,0.26158199,2.7767434006822445,1.4081607772540012
science__vaccine_research_96_12_4_10events,science__vaccine_research_96_12_4_10events__20251221T000000,0.25462056,2.7767434006822445,1.4081607772540012
science__volcanic_eruption_96_12_4_10events,science__volcanic_eruption_96_12_4_10events__20250803T000000,0.29560592,1.4562421215918124,0.7719313412413294
science__volcanic_eruption_96_12_4_10events,science__volcanic_eruption_96_12_4_10events__20250831T000000,0.29974608,1.4562421215918124,0.7719313412413294
science__volcanic_eruption_96_12_4_10events,science__volcanic_eruption_96_12_4_10events__20250928T000000,0.30106082,1.4562421215918124,0.7719313412413294
science__volcanic_eruption_96_12_4_10events,science__volcanic_eruption_96_12_4_10events__20251026T000000,0.28148782,1.4562421215918124,0.7719313412413294
science__volcanic_eruption_96_12_4_10events,science__volcanic_eruption_96_12_4_10events__20251123T000000,0.28351695,1.4562421215918124,0.7719313412413294
science__volcanic_eruption_96_12_4_10events,science__volcanic_eruption_96_12_4_10events__20251221T000000,0.29531841,1.4562421215918124,0.7719313412413294
shopping__air_conditioner_96_12_4_10events,shopping__air_conditioner_96_12_4_10events__20250803T000000,0.26960034,0.0892691153617476,0.1944530586644193
shopping__air_conditioner_96_12_4_10events,shopping__air_conditioner_96_12_4_10events__20250831T000000,0.26885752,0.0892691153617476,0.1944530586644193
shopping__air_conditioner_96_12_4_10events,shopping__air_conditioner_96_12_4_10events__20250928T000000,0.26557623,0.0892691153617476,0.1944530586644193
shopping__air_conditioner_96_12_4_10events,shopping__air_conditioner_96_12_4_10events__20251026T000000,0.27953232,0.0892691153617476,0.1944530586644193
shopping__air_conditioner_96_12_4_10events,shopping__air_conditioner_96_12_4_10events__20251123T000000,0.30732953,0.0892691153617476,0.1944530586644193
shopping__air_conditioner_96_12_4_10events,shopping__air_conditioner_96_12_4_10events__20251221T000000,0.28858817,0.0892691153617476,0.1944530586644193
shopping__back_to_school_96_12_4_10events,shopping__back_to_school_96_12_4_10events__20250803T000000,0.29471734,0.11456403800883935,0.21045720877024568
shopping__back_to_school_96_12_4_10events,shopping__back_to_school_96_12_4_10events__20250831T000000,0.27033694,0.11456403800883935,0.21045720877024568
shopping__back_to_school_96_12_4_10events,shopping__back_to_school_96_12_4_10events__20250928T000000,0.27123713,0.11456403800883935,0.21045720877024568
shopping__back_to_school_96_12_4_10events,shopping__back_to_school_96_12_4_10events__20251026T000000,0.27595243,0.11456403800883935,0.21045720877024568
shopping__back_to_school_96_12_4_10events,shopping__back_to_school_96_12_4_10events__20251123T000000,0.27265310,0.11456403800883935,0.21045720877024568
shopping__back_to_school_96_12_4_10events,shopping__back_to_school_96_12_4_10events__20251221T000000,0.30232283,0.11456403800883935,0.21045720877024568
shopping__black_friday_deals_96_12_4_10events,shopping__black_friday_deals_96_12_4_10events__20250803T000000,0.29242252,2.3323834725157684,0.6814027252158782
shopping__black_friday_deals_96_12_4_10events,shopping__black_friday_deals_96_12_4_10events__20250831T000000,0.30293445,2.3323834725157684,0.6814027252158782
shopping__black_friday_deals_96_12_4_10events,shopping__black_friday_deals_96_12_4_10events__20250928T000000,0.26360921,2.3323834725157684,0.6814027252158782
shopping__black_friday_deals_96_12_4_10events,shopping__black_friday_deals_96_12_4_10events__20251026T000000,0.28632736,2.3323834725157684,0.6814027252158782
shopping__black_friday_deals_96_12_4_10events,shopping__black_friday_deals_96_12_4_10events__20251123T000000,0.29454791,2.3323834725157684,0.6814027252158782
shopping__black_friday_deals_96_12_4_10events,shopping__black_friday_deals_96_12_4_10events__20251221T000000,0.28303587,2.3323834725157684,0.6814027252158782
shopping__christmas_gifts_96_12_4_10events,shopping__christmas_gifts_96_12_4_10events__20250803T000000,0.28776958,1.2381119477587637,0.7998207150859699
shopping__christmas_gifts_96_12_4_10events,shopping__christmas_gifts_96_12_4_10events__20250831T000000,0.28161681,1.2381119477587637,0.7998207150859699
shopping__christmas_gifts_96_12_4_10events,shopping__christmas_gifts_96_12_4_10events__20250928T000000,0.29311755,1.2381119477587637,0.7998207150859699
shopping__christmas_gifts_96_12_4_10events,shopping__christmas_gifts_96_12_4_10events__20251026T000000,0.29960747,1.2381119477587637,0.7998207150859699
shopping__christmas_gifts_96_12_4_10events,shopping__christmas_gifts_96_12_4_10events__20251123T000000,0.30026011,1.2381119477587637,0.7998207150859699
shopping__christmas_gifts_96_12_4_10events,shopping__christmas_gifts_96_12_4_10events__20251221T000000,0.27138791,1.2381119477587637,0.7998207150859699
shopping__fashion_week_96_12_4_10events,shopping__fashion_week_96_12_4_10events__20250803T000000,0.32654994,1.7827273088398023,0.9834508045516573
shopping__fashion_week_96_12_4_10events,shopping__fashion_week_96_12_4_10events__20250831T000000,0.31258687,1.7827273088398023,0.9834508045516573
shopping__fashion_week_96_12_4_10events,shopping__fashion_week_96_12_4_10events__20250928T000000,0.30976543,1.7827273088398023,0.9834508045516573
shopping__fashion_week_96_12_4_10events,shopping__fashion_week_96_12_4_10events__20251026T000000,0.29765577,1.7827273088398023,0.9834508045516573
shopping__fashion_week_96_12_4_10events,shopping__fashion_week_96_12_4_10events__20251123T000000,0.28681365,1.7827273088398023,0.9834508045516573
shopping__fashion_week_96_12_4_10events,shopping__fashion_week_96_12_4_10events__20251221T000000,0.30004870,1.7827273088398023,0.9834508045516573
shopping__flu_shot_96_12_4_10events,shopping__flu_shot_96_12_4_10events__20250803T000000,0.29070880,0.6684432782919831,0.667397402706416
shopping__flu_shot_96_12_4_10events,shopping__flu_shot_96_12_4_10events__20250831T000000,0.30689277,0.6684432782919831,0.667397402706416
shopping__flu_shot_96_12_4_10events,shopping__flu_shot_96_12_4_10events__20250928T000000,0.29369371,0.6684432782919831,0.667397402706416
shopping__flu_shot_96_12_4_10events,shopping__flu_shot_96_12_4_10events__20251026T000000,0.27696321,0.6684432782919831,0.667397402706416
shopping__flu_shot_96_12_4_10events,shopping__flu_shot_96_12_4_10events__20251123T000000,0.26845176,0.6684432782919831,0.667397402706416
shopping__flu_shot_96_12_4_10events,shopping__flu_shot_96_12_4_10events__20251221T000000,0.26815230,0.6684432782919831,0.667397402706416
shopping__halloween_costumes_96_12_4_10events,shopping__halloween_costumes_96_12_4_10events__20250803T000000,0.29331008,1.5677044823222668,0.7795912646028876
shopping__halloween_costumes_96_12_4_10events,shopping__halloween_costumes_96_12_4_10events__20250831T000000,0.31011300,1.5677044823222668,0.7795912646028876
shopping__halloween_costumes_96_12_4_10events,shopping__halloween_costumes_96_12_4_10events__20250928T000000,0.30644260,1.5677044823222668,0.7795912646028876
shopping__halloween_costumes_96_12_4_10events,shopping__halloween_costumes_96_12_4_10events__20251026T000000,0.27400017,1.5677044823222668,0.7795912646028876
shopping__halloween_costumes_96_12_4_10events,shopping__halloween_costumes_96_12_4_10events__20251123T000000,0.28165660,1.5677044823222668,0.7795912646028876
shopping__halloween_costumes_96_12_4_10events,shopping__halloween_costumes_96_12_4_10events__20251221T000000,0.28067475,1.5677044823222668,0.7795912646028876
shopping__organic_food_96_12_4_10events,shopping__organic_food_96_12_4_10events__20250803T000000,0.31292958,2.9487538811906053,1.3018186873620627
shopping__organic_food_96_12_4_10events,shopping__organic_food_96_12_4_10events__20250831T000000,0.30708374,2.9487538811906053,1.3018186873620627
shopping__organic_food_96_12_4_10events,shopping__organic_food_96_12_4_10events__20250928T000000,0.30501665,2.9487538811906053,1.3018186873620627
shopping__organic_food_96_12_4_10events,shopping__organic_food_96_12_4_10events__20251026T000000,0.30446574,2.9487538811906053,1.3018186873620627
shopping__organic_food_96_12_4_10events,shopping__organic_food_96_12_4_10events__20251123T000000,0.27819378,2.9487538811906053,1.3018186873620627
shopping__organic_food_96_12_4_10events,shopping__organic_food_96_12_4_10events__20251221T000000,0.28831658,2.9487538811906053,1.3018186873620627
shopping__ski_gear_96_12_4_10events,shopping__ski_gear_96_12_4_10events__20250803T000000,0.28069492,0.31496150563213104,0.3899346447192354
shopping__ski_gear_96_12_4_10events,shopping__ski_gear_96_12_4_10events__20250831T000000,0.26661267,0.31496150563213104,0.3899346447192354
shopping__ski_gear_96_12_4_10events,shopping__ski_gear_96_12_4_10events__20250928T000000,0.26976342,0.31496150563213104,0.3899346447192354
shopping__ski_gear_96_12_4_10events,shopping__ski_gear_96_12_4_10events__20251026T000000,0.28539285,0.31496150563213104,0.3899346447192354
shopping__ski_gear_96_12_4_10events,shopping__ski_gear_96_12_4_10events__20251123T000000,0.30901858,0.31496150563213104,0.3899346447192354
shopping__ski_gear_96_12_4_10events,shopping__ski_gear_96_12_4_10events__20251221T000000,0.30554002,0.31496150563213104,0.3899346447192354
shopping__tax_software_96_12_4_10events,shopping__tax_software_96_12_4_10events__20250803T000000,0.30222980,3.172787053009704,1.3131544870818355
shopping__tax_software_96_12_4_10events,shopping__tax_software_96_12_4_10events__20250831T000000,0.28225505,3.172787053009704,1.3131544870818355
shopping__tax_software_96_12_4_10events,shopping__tax_software_96_12_4_10events__20250928T000000,0.27606316,3.172787053009704,1.3131544870818355
shopping__tax_software_96_12_4_10events,shopping__tax_software_96_12_4_10events__20251026T000000,0.27030497,3.172787053009704,1.3131544870818355
shopping__tax_software_96_12_4_10events,shopping__tax_software_96_12_4_10events__20251123T000000,0.26373224,3.172787053009704,1.3131544870818355
shopping__tax_software_96_12_4_10events,shopping__tax_software_96_12_4_10events__20251221T000000,0.26595171,3.172787053009704,1.3131544870818355
society__affordable_housing_96_12_4_10events,society__affordable_housing_96_12_4_10events__20250803T000000,0.32200003,1.9173698217778332,1.1583703539293915
society__affordable_housing_96_12_4_10events,society__affordable_housing_96_12_4_10events__20250831T000000,0.31219562,1.9173698217778332,1.1583703539293915
society__affordable_housing_96_12_4_10events,society__affordable_housing_96_12_4_10events__20250928T000000,0.30133621,1.9173698217778332,1.1583703539293915
society__affordable_housing_96_12_4_10events,society__affordable_housing_96_12_4_10events__20251026T000000,0.31892209,1.9173698217778332,1.1583703539293915
society__affordable_housing_96_12_4_10events,society__affordable_housing_96_12_4_10events__20251123T000000,0.28887709,1.9173698217778332,1.1583703539293915
society__affordable_housing_96_12_4_10events,society__affordable_housing_96_12_4_10events__20251221T000000,0.29254859,1.9173698217778332,1.1583703539293915
society__cybersecurity_96_12_4_10events,society__cybersecurity_96_12_4_10events__20250803T000000,0.27983451,0.7160144244920876,0.6666170914474232
society__cybersecurity_96_12_4_10events,society__cybersecurity_96_12_4_10events__20250831T000000,0.26639928,0.7160144244920876,0.6666170914474232
society__cybersecurity_96_12_4_10events,society__cybersecurity_96_12_4_10events__20250928T000000,0.26224463,0.7160144244920876,0.6666170914474232
society__cybersecurity_96_12_4_10events,society__cybersecurity_96_12_4_10events__20251026T000000,0.25613363,0.7160144244920876,0.6666170914474232
society__cybersecurity_96_12_4_10events,society__cybersecurity_96_12_4_10events__20251123T000000,0.25294301,0.7160144244920876,0.6666170914474232
society__cybersecurity_96_12_4_10events,society__cybersecurity_96_12_4_10events__20251221T000000,0.25557929,0.7160144244920876,0.6666170914474232
society__data_privacy_96_12_4_10events,society__data_privacy_96_12_4_10events__20250803T000000,0.29593047,4.4393336590440855,1.7242729643194081
society__data_privacy_96_12_4_10events,society__data_privacy_96_12_4_10events__20250831T000000,0.27182029,4.4393336590440855,1.7242729643194081
society__data_privacy_96_12_4_10events,society__data_privacy_96_12_4_10events__20250928T000000,0.26511874,4.4393336590440855,1.7242729643194081
society__data_privacy_96_12_4_10events,society__data_privacy_96_12_4_10events__20251026T000000,0.26465168,4.4393336590440855,1.7242729643194081
society__data_privacy_96_12_4_10events,society__data_privacy_96_12_4_10events__20251123T000000,0.25525041,4.4393336590440855,1.7242729643194081
society__data_privacy_96_12_4_10events,society__data_privacy_96_12_4_10events__20251221T000000,0.25439168,4.4393336590440855,1.7242729643194081
society__domestic_violence_96_12_4_10events,society__domestic_violence_96_12_4_10events__20250803T000000,0.31660096,3.247472109163972,1.5342784711848576
society__domestic_violence_96_12_4_10events,society__domestic_violence_96_12_4_10events__20250831T000000,0.30446237,3.247472109163972,1.5342784711848576
society__domestic_violence_96_12_4_10events,society__domestic_violence_96_12_4_10events__20250928T000000,0.32054105,3.247472109163972,1.5342784711848576
society__domestic_violence_96_12_4_10events,society__domestic_violence_96_12_4_10events__20251026T000000,0.29127793,3.247472109163972,1.5342784711848576
society__domestic_violence_96_12_4_10events,society__domestic_violence_96_12_4_10events__20251123T000000,0.27366819,3.247472109163972,1.5342784711848576
society__domestic_violence_96_12_4_10events,society__domestic_violence_96_12_4_10events__20251221T000000,0.27859351,3.247472109163972,1.5342784711848576
society__gender_equality_96_12_4_10events,society__gender_equality_96_12_4_10events__20250803T000000,0.30922810,6.95068597942057,1.7965045050437742
society__gender_equality_96_12_4_10events,society__gender_equality_96_12_4_10events__20250831T000000,0.31011266,6.95068597942057,1.7965045050437742
society__gender_equality_96_12_4_10events,society__gender_equality_96_12_4_10events__20250928T000000,0.30899023,6.95068597942057,1.7965045050437742
society__gender_equality_96_12_4_10events,society__gender_equality_96_12_4_10events__20251026T000000,0.29142209,6.95068597942057,1.7965045050437742
society__gender_equality_96_12_4_10events,society__gender_equality_96_12_4_10events__20251123T000000,0.29390229,6.95068597942057,1.7965045050437742
society__gender_equality_96_12_4_10events,society__gender_equality_96_12_4_10events__20251221T000000,0.28939695,6.95068597942057,1.7965045050437742
society__homelessness_96_12_4_10events,society__homelessness_96_12_4_10events__20250803T000000,0.30710151,3.328902726097993,1.3523265175579733
society__homelessness_96_12_4_10events,society__homelessness_96_12_4_10events__20250831T000000,0.31325715,3.328902726097993,1.3523265175579733
society__homelessness_96_12_4_10events,society__homelessness_96_12_4_10events__20250928T000000,0.31446911,3.328902726097993,1.3523265175579733
society__homelessness_96_12_4_10events,society__homelessness_96_12_4_10events__20251026T000000,0.29910338,3.328902726097993,1.3523265175579733
society__homelessness_96_12_4_10events,society__homelessness_96_12_4_10events__20251123T000000,0.29588702,3.328902726097993,1.3523265175579733
society__homelessness_96_12_4_10events,society__homelessness_96_12_4_10events__20251221T000000,0.29867833,3.328902726097993,1.3523265175579733
society__income_inequality_96_12_4_10events,society__income_inequality_96_12_4_10events__20250803T000000,0.30146367,3.0262529952378423,1.349965305292742
society__income_inequality_96_12_4_10events,society__income_inequality_96_12_4_10events__20250831T000000,0.30725688,3.0262529952378423,1.349965305292742
society__income_inequality_96_12_4_10events,society__income_inequality_96_12_4_10events__20250928T000000,0.31319849,3.0262529952378423,1.349965305292742
society__income_inequality_96_12_4_10events,society__income_inequality_96_12_4_10events__20251026T000000,0.29943242,3.0262529952378423,1.349965305292742
society__income_inequality_96_12_4_10events,society__income_inequality_96_12_4_10events__20251123T000000,0.29685851,3.0262529952378423,1.349965305292742
society__income_inequality_96_12_4_10events,society__income_inequality_96_12_4_10events__20251221T000000,0.28752688,3.0262529952378423,1.349965305292742
society__infrastructure_spending_96_12_4_10events,society__infrastructure_spending_96_12_4_10events__20250803T000000,0.31101361,5.791462697410622,1.7342810204051375
society__infrastructure_spending_96_12_4_10events,society__infrastructure_spending_96_12_4_10events__20250831T000000,0.30007266,5.791462697410622,1.7342810204051375
society__infrastructure_spending_96_12_4_10events,society__infrastructure_spending_96_12_4_10events__20250928T000000,0.27963434,5.791462697410622,1.7342810204051375
society__infrastructure_spending_96_12_4_10events,society__infrastructure_spending_96_12_4_10events__20251026T000000,0.27728223,5.791462697410622,1.7342810204051375
society__infrastructure_spending_96_12_4_10events,society__infrastructure_spending_96_12_4_10events__20251123T000000,0.27547657,5.791462697410622,1.7342810204051375
society__infrastructure_spending_96_12_4_10events,society__infrastructure_spending_96_12_4_10events__20251221T000000,0.26041056,5.791462697410622,1.7342810204051375
society__protest_96_12_4_10events,society__protest_96_12_4_10events__20250803T000000,0.25575752,1.498507723982524,0.6409228062592901
society__protest_96_12_4_10events,society__protest_96_12_4_10events__20250831T000000,0.27777879,1.498507723982524,0.6409228062592901
society__protest_96_12_4_10events,society__protest_96_12_4_10events__20250928T000000,0.27661489,1.498507723982524,0.6409228062592901
society__protest_96_12_4_10events,society__protest_96_12_4_10events__20251026T000000,0.26019728,1.498507723982524,0.6409228062592901
society__protest_96_12_4_10events,society__protest_96_12_4_10events__20251123T000000,0.28344447,1.498507723982524,0.6409228062592901
society__protest_96_12_4_10events,society__protest_96_12_4_10events__20251221T000000,0.28891557,1.498507723982524,0.6409228062592901
society__wildfires_96_12_4_10events,society__wildfires_96_12_4_10events__20250803T000000,0.28385491,0.1151810939635468,0.2910977502882886
society__wildfires_96_12_4_10events,society__wildfires_96_12_4_10events__20250831T000000,0.29145626,0.1151810939635468,0.2910977502882886
society__wildfires_96_12_4_10events,society__wildfires_96_12_4_10events__20250928T000000,0.27771307,0.1151810939635468,0.2910977502882886
society__wildfires_96_12_4_10events,society__wildfires_96_12_4_10events__20251026T000000,0.28753461,0.1151810939635468,0.2910977502882886
society__wildfires_96_12_4_10events,society__wildfires_96_12_4_10events__20251123T000000,0.28944636,0.1151810939635468,0.2910977502882886
society__wildfires_96_12_4_10events,society__wildfires_96_12_4_10events__20251221T000000,0.29890287,0.1151810939635468,0.2910977502882886
traffic__air_travel_96_12_4_10events,traffic__air_travel_96_12_4_10events__20250803T000000,0.28328950,7.16917457083628,2.222648344351866
traffic__air_travel_96_12_4_10events,traffic__air_travel_96_12_4_10events__20250831T000000,0.26126039,7.16917457083628,2.222648344351866
traffic__air_travel_96_12_4_10events,traffic__air_travel_96_12_4_10events__20250928T000000,0.27413088,7.16917457083628,2.222648344351866
traffic__air_travel_96_12_4_10events,traffic__air_travel_96_12_4_10events__20251026T000000,0.26739870,7.16917457083628,2.222648344351866
traffic__air_travel_96_12_4_10events,traffic__air_travel_96_12_4_10events__20251123T000000,0.26496522,7.16917457083628,2.222648344351866
traffic__air_travel_96_12_4_10events,traffic__air_travel_96_12_4_10events__20251221T000000,0.25793060,7.16917457083628,2.222648344351866
traffic__autonomous_driving_96_12_4_10events,traffic__autonomous_driving_96_12_4_10events__20250803T000000,0.27453263,5.74928739600503,2.046264938337123
traffic__autonomous_driving_96_12_4_10events,traffic__autonomous_driving_96_12_4_10events__20250831T000000,0.26397215,5.74928739600503,2.046264938337123
traffic__autonomous_driving_96_12_4_10events,traffic__autonomous_driving_96_12_4_10events__20250928T000000,0.25939186,5.74928739600503,2.046264938337123
traffic__autonomous_driving_96_12_4_10events,traffic__autonomous_driving_96_12_4_10events__20251026T000000,0.26350945,5.74928739600503,2.046264938337123
traffic__autonomous_driving_96_12_4_10events,traffic__autonomous_driving_96_12_4_10events__20251123T000000,0.25681650,5.74928739600503,2.046264938337123
traffic__autonomous_driving_96_12_4_10events,traffic__autonomous_driving_96_12_4_10events__20251221T000000,0.26158113,5.74928739600503,2.046264938337123
traffic__electric_vehicle_96_12_4_10events,traffic__electric_vehicle_96_12_4_10events__20250803T000000,0.29660738,2.6275792718484325,1.284419723900326
traffic__electric_vehicle_96_12_4_10events,traffic__electric_vehicle_96_12_4_10events__20250831T000000,0.27033807,2.6275792718484325,1.284419723900326
traffic__electric_vehicle_96_12_4_10events,traffic__electric_vehicle_96_12_4_10events__20250928T000000,0.27542666,2.6275792718484325,1.284419723900326
traffic__electric_vehicle_96_12_4_10events,traffic__electric_vehicle_96_12_4_10events__20251026T000000,0.27914310,2.6275792718484325,1.284419723900326
traffic__electric_vehicle_96_12_4_10events,traffic__electric_vehicle_96_12_4_10events__20251123T000000,0.26019591,2.6275792718484325,1.284419723900326
traffic__electric_vehicle_96_12_4_10events,traffic__electric_vehicle_96_12_4_10events__20251221T000000,0.28306955,2.6275792718484325,1.284419723900326
traffic__formula_1_96_12_4_10events,traffic__formula_1_96_12_4_10events__20250803T000000,0.30212030,1.375044810699668,0.8642776895517342
traffic__formula_1_96_12_4_10events,traffic__formula_1_96_12_4_10events__20250831T000000,0.29879024,1.375044810699668,0.8642776895517342
traffic__formula_1_96_12_4_10events,traffic__formula_1_96_12_4_10events__20250928T000000,0.31737769,1.375044810699668,0.8642776895517342
traffic__formula_1_96_12_4_10events,traffic__formula_1_96_12_4_10events__20251026T000000,0.30812295,1.375044810699668,0.8642776895517342
traffic__formula_1_96_12_4_10events,traffic__formula_1_96_12_4_10events__20251123T000000,0.30649404,1.375044810699668,0.8642776895517342
traffic__formula_1_96_12_4_10events,traffic__formula_1_96_12_4_10events__20251221T000000,0.30029137,1.375044810699668,0.8642776895517342
traffic__gas_prices_96_12_4_10events,traffic__gas_prices_96_12_4_10events__20250803T000000,0.29582965,23.958146953251788,1.5126029344009444
traffic__gas_prices_96_12_4_10events,traffic__gas_prices_96_12_4_10events__20250831T000000,0.30027691,23.958146953251788,1.5126029344009444
traffic__gas_prices_96_12_4_10events,traffic__gas_prices_96_12_4_10events__20250928T000000,0.30420615,23.958146953251788,1.5126029344009444
traffic__gas_prices_96_12_4_10events,traffic__gas_prices_96_12_4_10events__20251026T000000,0.30905391,23.958146953251788,1.5126029344009444
traffic__gas_prices_96_12_4_10events,traffic__gas_prices_96_12_4_10events__20251123T000000,0.30126809,23.958146953251788,1.5126029344009444
traffic__gas_prices_96_12_4_10events,traffic__gas_prices_96_12_4_10events__20251221T000000,0.29958326,23.958146953251788,1.5126029344009444
traffic__rocket_launch_96_12_4_10events,traffic__rocket_launch_96_12_4_10events__20250803T000000,0.29949694,1.096983482174815,0.859421434355661
traffic__rocket_launch_96_12_4_10events,traffic__rocket_launch_96_12_4_10events__20250831T000000,0.34023466,1.096983482174815,0.859421434355661
traffic__rocket_launch_96_12_4_10events,traffic__rocket_launch_96_12_4_10events__20250928T000000,0.30050901,1.096983482174815,0.859421434355661
traffic__rocket_launch_96_12_4_10events,traffic__rocket_launch_96_12_4_10events__20251026T000000,0.31232290,1.096983482174815,0.859421434355661
traffic__rocket_launch_96_12_4_10events,traffic__rocket_launch_96_12_4_10events__20251123T000000,0.30912261,1.096983482174815,0.859421434355661
traffic__rocket_launch_96_12_4_10events,traffic__rocket_launch_96_12_4_10events__20251221T000000,0.29055035,1.096983482174815,0.859421434355661
traffic__tesla_96_12_4_10events,traffic__tesla_96_12_4_10events__20250803T000000,0.26462915,1.1164047506391528,0.8476901861928147
traffic__tesla_96_12_4_10events,traffic__tesla_96_12_4_10events__20250831T000000,0.29062186,1.1164047506391528,0.8476901861928147
traffic__tesla_96_12_4_10events,traffic__tesla_96_12_4_10events__20250928T000000,0.29395756,1.1164047506391528,0.8476901861928147
traffic__tesla_96_12_4_10events,traffic__tesla_96_12_4_10events__20251026T000000,0.29098602,1.1164047506391528,0.8476901861928147
traffic__tesla_96_12_4_10events,traffic__tesla_96_12_4_10events__20251123T000000,0.28008264,1.1164047506391528,0.8476901861928147
traffic__tesla_96_12_4_10events,traffic__tesla_96_12_4_10events__20251221T000000,0.28079751,1.1164047506391528,0.8476901861928147
traffic__tour_de_france_96_12_4_10events,traffic__tour_de_france_96_12_4_10events__20250803T000000,0.27902124,0.009757389279950316,0.0565184886643476
traffic__tour_de_france_96_12_4_10events,traffic__tour_de_france_96_12_4_10events__20250831T000000,0.28673083,0.009757389279950316,0.0565184886643476
traffic__tour_de_france_96_12_4_10events,traffic__tour_de_france_96_12_4_10events__20250928T000000,0.28135271,0.009757389279950316,0.0565184886643476
traffic__tour_de_france_96_12_4_10events,traffic__tour_de_france_96_12_4_10events__20251026T000000,0.28021790,0.009757389279950316,0.0565184886643476
traffic__tour_de_france_96_12_4_10events,traffic__tour_de_france_96_12_4_10events__20251123T000000,0.29864690,0.009757389279950316,0.0565184886643476
traffic__tour_de_france_96_12_4_10events,traffic__tour_de_france_96_12_4_10events__20251221T000000,0.29397212,0.009757389279950316,0.0565184886643476
traffic__traffic_insurance_96_12_4_10events,traffic__traffic_insurance_96_12_4_10events__20250803T000000,0.27902454,4.74985539130978,1.7870189526312794
traffic__traffic_insurance_96_12_4_10events,traffic__traffic_insurance_96_12_4_10events__20250831T000000,0.26398049,4.74985539130978,1.7870189526312794
traffic__traffic_insurance_96_12_4_10events,traffic__traffic_insurance_96_12_4_10events__20250928T000000,0.25729818,4.74985539130978,1.7870189526312794
traffic__traffic_insurance_96_12_4_10events,traffic__traffic_insurance_96_12_4_10events__20251026T000000,0.26105085,4.74985539130978,1.7870189526312794
traffic__traffic_insurance_96_12_4_10events,traffic__traffic_insurance_96_12_4_10events__20251123T000000,0.25485982,4.74985539130978,1.7870189526312794
traffic__traffic_insurance_96_12_4_10events,traffic__traffic_insurance_96_12_4_10events__20251221T000000,0.25480976,4.74985539130978,1.7870189526312794
traffic__used_car_96_12_4_10events,traffic__used_car_96_12_4_10events__20250803T000000,0.31059412,4.014953623511301,1.5876030098026985
traffic__used_car_96_12_4_10events,traffic__used_car_96_12_4_10events__20250831T000000,0.29906198,4.014953623511301,1.5876030098026985
traffic__used_car_96_12_4_10events,traffic__used_car_96_12_4_10events__20250928T000000,0.28097377,4.014953623511301,1.5876030098026985
traffic__used_car_96_12_4_10events,traffic__used_car_96_12_4_10events__20251026T000000,0.29062520,4.014953623511301,1.5876030098026985
traffic__used_car_96_12_4_10events,traffic__used_car_96_12_4_10events__20251123T000000,0.28031017,4.014953623511301,1.5876030098026985
traffic__used_car_96_12_4_10events,traffic__used_car_96_12_4_10events__20251221T000000,0.28584545,4.014953623511301,1.5876030098026985
